ISO-10303-21;
HEADER;
/* Generated by software containing ST-Developer
 * from STEP Tools, Inc. (www.steptools.com) 
 */
/* OPTION: using custom schema-name function */

FILE_DESCRIPTION(
/* description */ (''),
/* implementation_level */ '2;1');

FILE_NAME(
/* name */ 'cube_2x4',
/* time_stamp */ '2026-09-06T14:16:14+03:00',
/* author */ (''),
/* organization */ (''),
/* preprocessor_version */ 'ST-DEVELOPER v19.2',
/* originating_system */ 'Rhino 8.34',
/* authorisation */ '');

FILE_SCHEMA (('CONFIG_CONTROL_DESIGN'));
ENDSEC;

DATA;
#10=SHAPE_REPRESENTATION_RELATIONSHIP('','',#1413,#1241);
#11=SHAPE_REPRESENTATION_RELATIONSHIP('','',#1413,#31);
#12=FACE_BOUND('',#220,.T.);
#13=FACE_BOUND('',#221,.T.);
#14=FACE_BOUND('',#222,.T.);
#15=FACE_BOUND('',#223,.T.);
#16=FACE_BOUND('',#224,.T.);
#17=FACE_BOUND('',#225,.T.);
#18=FACE_BOUND('',#226,.T.);
#19=FACE_BOUND('',#227,.T.);
#20=FACE_BOUND('',#275,.T.);
#21=FACE_BOUND('',#276,.T.);
#22=FACE_BOUND('',#277,.T.);
#23=FACE_BOUND('',#278,.T.);
#24=FACE_BOUND('',#279,.T.);
#25=FACE_BOUND('',#280,.T.);
#26=FACE_BOUND('',#281,.T.);
#27=FACE_BOUND('',#282,.T.);
#28=MANIFOLD_SOLID_BREP('brep_1',#32);
#29=MANIFOLD_SOLID_BREP('brep_2',#33);
#30=MANIFOLD_SOLID_BREP('brep_3',#34);
#31=ADVANCED_BREP_SHAPE_REPRESENTATION('brep_rep_0',(#28,#29,#30,#1568),
#1412);
#32=CLOSED_SHELL('',(#35,#36,#37,#38,#39,#40,#41,#42,#43,#44,#45,#46,#47,
#48,#49,#50));
#33=CLOSED_SHELL('',(#51,#52,#53,#54,#55,#56,#57,#58,#59,#60,#61,#62,#63,
#64,#65,#66,#67,#68,#69,#70,#71,#72,#73,#74,#75,#76,#77,#78,#79,#80,#81,
#82,#83,#84,#85,#86,#87,#88));
#34=CLOSED_SHELL('',(#89,#90,#91,#92,#93,#94,#95,#96,#97,#98,#99,#100,#101,
#102,#103,#104,#105,#106,#107,#108,#109,#110,#111,#112,#113,#114,#115,#116,
#117,#118));
#35=ADVANCED_FACE('',(#119),#1190,.T.);
#36=ADVANCED_FACE('',(#120),#1191,.T.);
#37=ADVANCED_FACE('',(#121),#1192,.T.);
#38=ADVANCED_FACE('',(#122),#1193,.T.);
#39=ADVANCED_FACE('',(#123),#1194,.T.);
#40=ADVANCED_FACE('',(#124),#1195,.T.);
#41=ADVANCED_FACE('',(#125),#1196,.T.);
#42=ADVANCED_FACE('',(#126),#1197,.T.);
#43=ADVANCED_FACE('',(#127),#1198,.T.);
#44=ADVANCED_FACE('',(#128),#1199,.T.);
#45=ADVANCED_FACE('',(#129),#1200,.T.);
#46=ADVANCED_FACE('',(#130),#1156,.F.);
#47=ADVANCED_FACE('',(#131),#1201,.T.);
#48=ADVANCED_FACE('',(#132),#1202,.T.);
#49=ADVANCED_FACE('',(#133),#1157,.F.);
#50=ADVANCED_FACE('',(#134),#1203,.T.);
#51=ADVANCED_FACE('',(#135,#12,#13,#14,#15,#16,#17,#18,#19),#1204,.T.);
#52=ADVANCED_FACE('',(#136),#1158,.F.);
#53=ADVANCED_FACE('',(#137),#1159,.F.);
#54=ADVANCED_FACE('',(#138),#1160,.F.);
#55=ADVANCED_FACE('',(#139),#1161,.F.);
#56=ADVANCED_FACE('',(#140),#1162,.F.);
#57=ADVANCED_FACE('',(#141),#1163,.F.);
#58=ADVANCED_FACE('',(#142),#1164,.F.);
#59=ADVANCED_FACE('',(#143),#1165,.F.);
#60=ADVANCED_FACE('',(#144),#1205,.T.);
#61=ADVANCED_FACE('',(#145),#1206,.T.);
#62=ADVANCED_FACE('',(#146),#1207,.T.);
#63=ADVANCED_FACE('',(#147),#1208,.T.);
#64=ADVANCED_FACE('',(#148),#1209,.T.);
#65=ADVANCED_FACE('',(#149),#1210,.T.);
#66=ADVANCED_FACE('',(#150),#1211,.T.);
#67=ADVANCED_FACE('',(#151),#1212,.T.);
#68=ADVANCED_FACE('',(#152),#1213,.T.);
#69=ADVANCED_FACE('',(#153),#1214,.T.);
#70=ADVANCED_FACE('',(#154),#1215,.T.);
#71=ADVANCED_FACE('',(#155),#1216,.T.);
#72=ADVANCED_FACE('',(#156),#1217,.T.);
#73=ADVANCED_FACE('',(#157),#1218,.T.);
#74=ADVANCED_FACE('',(#158),#1219,.T.);
#75=ADVANCED_FACE('',(#159),#1220,.T.);
#76=ADVANCED_FACE('',(#160),#1221,.T.);
#77=ADVANCED_FACE('',(#161),#1222,.T.);
#78=ADVANCED_FACE('',(#162),#1223,.T.);
#79=ADVANCED_FACE('',(#163),#1224,.T.);
#80=ADVANCED_FACE('',(#164),#1225,.T.);
#81=ADVANCED_FACE('',(#165),#1166,.F.);
#82=ADVANCED_FACE('',(#166),#1167,.F.);
#83=ADVANCED_FACE('',(#167),#1168,.F.);
#84=ADVANCED_FACE('',(#168),#1169,.F.);
#85=ADVANCED_FACE('',(#169),#1170,.F.);
#86=ADVANCED_FACE('',(#170),#1171,.F.);
#87=ADVANCED_FACE('',(#171),#1172,.F.);
#88=ADVANCED_FACE('',(#172),#1173,.F.);
#89=ADVANCED_FACE('',(#173),#1174,.T.);
#90=ADVANCED_FACE('',(#174),#1175,.T.);
#91=ADVANCED_FACE('',(#175),#1176,.T.);
#92=ADVANCED_FACE('',(#176),#1177,.T.);
#93=ADVANCED_FACE('',(#177),#1178,.T.);
#94=ADVANCED_FACE('',(#178),#1179,.T.);
#95=ADVANCED_FACE('',(#179),#1180,.T.);
#96=ADVANCED_FACE('',(#180),#1181,.T.);
#97=ADVANCED_FACE('',(#181),#1226,.T.);
#98=ADVANCED_FACE('',(#182,#20,#21,#22,#23,#24,#25,#26,#27),#1227,.T.);
#99=ADVANCED_FACE('',(#183),#1228,.T.);
#100=ADVANCED_FACE('',(#184),#1229,.T.);
#101=ADVANCED_FACE('',(#185),#1230,.T.);
#102=ADVANCED_FACE('',(#186),#1231,.T.);
#103=ADVANCED_FACE('',(#187),#1232,.T.);
#104=ADVANCED_FACE('',(#188),#1233,.T.);
#105=ADVANCED_FACE('',(#189),#1234,.T.);
#106=ADVANCED_FACE('',(#190),#1235,.T.);
#107=ADVANCED_FACE('',(#191),#1236,.T.);
#108=ADVANCED_FACE('',(#192),#1237,.T.);
#109=ADVANCED_FACE('',(#193),#1238,.T.);
#110=ADVANCED_FACE('',(#194),#1239,.T.);
#111=ADVANCED_FACE('',(#195),#1182,.T.);
#112=ADVANCED_FACE('',(#196),#1183,.T.);
#113=ADVANCED_FACE('',(#197),#1184,.T.);
#114=ADVANCED_FACE('',(#198),#1185,.T.);
#115=ADVANCED_FACE('',(#199),#1186,.T.);
#116=ADVANCED_FACE('',(#200),#1187,.T.);
#117=ADVANCED_FACE('',(#201),#1188,.T.);
#118=ADVANCED_FACE('',(#202),#1189,.T.);
#119=FACE_OUTER_BOUND('',#203,.T.);
#120=FACE_OUTER_BOUND('',#204,.T.);
#121=FACE_OUTER_BOUND('',#205,.T.);
#122=FACE_OUTER_BOUND('',#206,.T.);
#123=FACE_OUTER_BOUND('',#207,.T.);
#124=FACE_OUTER_BOUND('',#208,.T.);
#125=FACE_OUTER_BOUND('',#209,.T.);
#126=FACE_OUTER_BOUND('',#210,.T.);
#127=FACE_OUTER_BOUND('',#211,.T.);
#128=FACE_OUTER_BOUND('',#212,.T.);
#129=FACE_OUTER_BOUND('',#213,.T.);
#130=FACE_OUTER_BOUND('',#214,.T.);
#131=FACE_OUTER_BOUND('',#215,.T.);
#132=FACE_OUTER_BOUND('',#216,.T.);
#133=FACE_OUTER_BOUND('',#217,.T.);
#134=FACE_OUTER_BOUND('',#218,.T.);
#135=FACE_OUTER_BOUND('',#219,.T.);
#136=FACE_OUTER_BOUND('',#228,.T.);
#137=FACE_OUTER_BOUND('',#229,.T.);
#138=FACE_OUTER_BOUND('',#230,.T.);
#139=FACE_OUTER_BOUND('',#231,.T.);
#140=FACE_OUTER_BOUND('',#232,.T.);
#141=FACE_OUTER_BOUND('',#233,.T.);
#142=FACE_OUTER_BOUND('',#234,.T.);
#143=FACE_OUTER_BOUND('',#235,.T.);
#144=FACE_OUTER_BOUND('',#236,.T.);
#145=FACE_OUTER_BOUND('',#237,.T.);
#146=FACE_OUTER_BOUND('',#238,.T.);
#147=FACE_OUTER_BOUND('',#239,.T.);
#148=FACE_OUTER_BOUND('',#240,.T.);
#149=FACE_OUTER_BOUND('',#241,.T.);
#150=FACE_OUTER_BOUND('',#242,.T.);
#151=FACE_OUTER_BOUND('',#243,.T.);
#152=FACE_OUTER_BOUND('',#244,.T.);
#153=FACE_OUTER_BOUND('',#245,.T.);
#154=FACE_OUTER_BOUND('',#246,.T.);
#155=FACE_OUTER_BOUND('',#247,.T.);
#156=FACE_OUTER_BOUND('',#248,.T.);
#157=FACE_OUTER_BOUND('',#249,.T.);
#158=FACE_OUTER_BOUND('',#250,.T.);
#159=FACE_OUTER_BOUND('',#251,.T.);
#160=FACE_OUTER_BOUND('',#252,.T.);
#161=FACE_OUTER_BOUND('',#253,.T.);
#162=FACE_OUTER_BOUND('',#254,.T.);
#163=FACE_OUTER_BOUND('',#255,.T.);
#164=FACE_OUTER_BOUND('',#256,.T.);
#165=FACE_OUTER_BOUND('',#257,.T.);
#166=FACE_OUTER_BOUND('',#258,.T.);
#167=FACE_OUTER_BOUND('',#259,.T.);
#168=FACE_OUTER_BOUND('',#260,.T.);
#169=FACE_OUTER_BOUND('',#261,.T.);
#170=FACE_OUTER_BOUND('',#262,.T.);
#171=FACE_OUTER_BOUND('',#263,.T.);
#172=FACE_OUTER_BOUND('',#264,.T.);
#173=FACE_OUTER_BOUND('',#265,.T.);
#174=FACE_OUTER_BOUND('',#266,.T.);
#175=FACE_OUTER_BOUND('',#267,.T.);
#176=FACE_OUTER_BOUND('',#268,.T.);
#177=FACE_OUTER_BOUND('',#269,.T.);
#178=FACE_OUTER_BOUND('',#270,.T.);
#179=FACE_OUTER_BOUND('',#271,.T.);
#180=FACE_OUTER_BOUND('',#272,.T.);
#181=FACE_OUTER_BOUND('',#273,.T.);
#182=FACE_OUTER_BOUND('',#274,.T.);
#183=FACE_OUTER_BOUND('',#283,.T.);
#184=FACE_OUTER_BOUND('',#284,.T.);
#185=FACE_OUTER_BOUND('',#285,.T.);
#186=FACE_OUTER_BOUND('',#286,.T.);
#187=FACE_OUTER_BOUND('',#287,.T.);
#188=FACE_OUTER_BOUND('',#288,.T.);
#189=FACE_OUTER_BOUND('',#289,.T.);
#190=FACE_OUTER_BOUND('',#290,.T.);
#191=FACE_OUTER_BOUND('',#291,.T.);
#192=FACE_OUTER_BOUND('',#292,.T.);
#193=FACE_OUTER_BOUND('',#293,.T.);
#194=FACE_OUTER_BOUND('',#294,.T.);
#195=FACE_OUTER_BOUND('',#295,.T.);
#196=FACE_OUTER_BOUND('',#296,.T.);
#197=FACE_OUTER_BOUND('',#297,.T.);
#198=FACE_OUTER_BOUND('',#298,.T.);
#199=FACE_OUTER_BOUND('',#299,.T.);
#200=FACE_OUTER_BOUND('',#300,.T.);
#201=FACE_OUTER_BOUND('',#301,.T.);
#202=FACE_OUTER_BOUND('',#302,.T.);
#203=EDGE_LOOP('',(#303,#304,#305,#306,#307,#308,#309,#310,#311,#312));
#204=EDGE_LOOP('',(#313,#314,#315,#316));
#205=EDGE_LOOP('',(#317,#318,#319,#320));
#206=EDGE_LOOP('',(#321,#322,#323,#324));
#207=EDGE_LOOP('',(#325,#326,#327,#328));
#208=EDGE_LOOP('',(#329,#330,#331,#332,#333,#334,#335,#336,#337,#338,#339,
#340));
#209=EDGE_LOOP('',(#341,#342,#343,#344,#345,#346,#347,#348,#349,#350));
#210=EDGE_LOOP('',(#351,#352,#353,#354));
#211=EDGE_LOOP('',(#355,#356,#357,#358));
#212=EDGE_LOOP('',(#359,#360,#361,#362));
#213=EDGE_LOOP('',(#363,#364,#365,#366));
#214=EDGE_LOOP('',(#367,#368,#369,#370));
#215=EDGE_LOOP('',(#371,#372,#373,#374));
#216=EDGE_LOOP('',(#375,#376,#377,#378));
#217=EDGE_LOOP('',(#379,#380,#381,#382));
#218=EDGE_LOOP('',(#383,#384,#385,#386));
#219=EDGE_LOOP('',(#387,#388,#389,#390));
#220=EDGE_LOOP('',(#391,#392));
#221=EDGE_LOOP('',(#393,#394));
#222=EDGE_LOOP('',(#395,#396));
#223=EDGE_LOOP('',(#397,#398));
#224=EDGE_LOOP('',(#399,#400));
#225=EDGE_LOOP('',(#401,#402));
#226=EDGE_LOOP('',(#403,#404));
#227=EDGE_LOOP('',(#405,#406));
#228=EDGE_LOOP('',(#407,#408,#409,#410));
#229=EDGE_LOOP('',(#411,#412,#413,#414));
#230=EDGE_LOOP('',(#415,#416,#417,#418));
#231=EDGE_LOOP('',(#419,#420,#421,#422));
#232=EDGE_LOOP('',(#423,#424,#425,#426));
#233=EDGE_LOOP('',(#427,#428,#429,#430));
#234=EDGE_LOOP('',(#431,#432,#433,#434));
#235=EDGE_LOOP('',(#435,#436,#437,#438));
#236=EDGE_LOOP('',(#439,#440,#441,#442));
#237=EDGE_LOOP('',(#443,#444,#445,#446));
#238=EDGE_LOOP('',(#447,#448,#449,#450));
#239=EDGE_LOOP('',(#451,#452,#453,#454));
#240=EDGE_LOOP('',(#455,#456,#457,#458,#459,#460,#461,#462));
#241=EDGE_LOOP('',(#463,#464,#465,#466));
#242=EDGE_LOOP('',(#467,#468,#469,#470));
#243=EDGE_LOOP('',(#471,#472,#473,#474));
#244=EDGE_LOOP('',(#475,#476,#477,#478,#479,#480,#481,#482));
#245=EDGE_LOOP('',(#483,#484));
#246=EDGE_LOOP('',(#485,#486));
#247=EDGE_LOOP('',(#487,#488));
#248=EDGE_LOOP('',(#489,#490));
#249=EDGE_LOOP('',(#491,#492));
#250=EDGE_LOOP('',(#493,#494));
#251=EDGE_LOOP('',(#495,#496));
#252=EDGE_LOOP('',(#497,#498));
#253=EDGE_LOOP('',(#499,#500,#501,#502));
#254=EDGE_LOOP('',(#503,#504,#505,#506,#507,#508,#509,#510,#511,#512,#513,
#514));
#255=EDGE_LOOP('',(#515,#516,#517,#518));
#256=EDGE_LOOP('',(#519,#520,#521,#522));
#257=EDGE_LOOP('',(#523,#524,#525,#526));
#258=EDGE_LOOP('',(#527,#528,#529,#530));
#259=EDGE_LOOP('',(#531,#532,#533,#534));
#260=EDGE_LOOP('',(#535,#536,#537,#538));
#261=EDGE_LOOP('',(#539,#540,#541,#542));
#262=EDGE_LOOP('',(#543,#544,#545,#546));
#263=EDGE_LOOP('',(#547,#548,#549,#550));
#264=EDGE_LOOP('',(#551,#552,#553,#554));
#265=EDGE_LOOP('',(#555,#556,#557,#558));
#266=EDGE_LOOP('',(#559,#560,#561,#562));
#267=EDGE_LOOP('',(#563,#564,#565,#566));
#268=EDGE_LOOP('',(#567,#568,#569,#570));
#269=EDGE_LOOP('',(#571,#572,#573,#574));
#270=EDGE_LOOP('',(#575,#576,#577,#578));
#271=EDGE_LOOP('',(#579,#580,#581,#582));
#272=EDGE_LOOP('',(#583,#584,#585,#586));
#273=EDGE_LOOP('',(#587,#588,#589,#590));
#274=EDGE_LOOP('',(#591,#592,#593,#594));
#275=EDGE_LOOP('',(#595,#596));
#276=EDGE_LOOP('',(#597,#598));
#277=EDGE_LOOP('',(#599,#600));
#278=EDGE_LOOP('',(#601,#602));
#279=EDGE_LOOP('',(#603,#604));
#280=EDGE_LOOP('',(#605,#606));
#281=EDGE_LOOP('',(#607,#608));
#282=EDGE_LOOP('',(#609,#610));
#283=EDGE_LOOP('',(#611,#612,#613,#614));
#284=EDGE_LOOP('',(#615,#616,#617,#618));
#285=EDGE_LOOP('',(#619,#620,#621,#622));
#286=EDGE_LOOP('',(#623,#624,#625,#626));
#287=EDGE_LOOP('',(#627,#628));
#288=EDGE_LOOP('',(#629,#630));
#289=EDGE_LOOP('',(#631,#632));
#290=EDGE_LOOP('',(#633,#634));
#291=EDGE_LOOP('',(#635,#636));
#292=EDGE_LOOP('',(#637,#638));
#293=EDGE_LOOP('',(#639,#640));
#294=EDGE_LOOP('',(#641,#642));
#295=EDGE_LOOP('',(#643,#644,#645,#646));
#296=EDGE_LOOP('',(#647,#648,#649,#650));
#297=EDGE_LOOP('',(#651,#652,#653,#654));
#298=EDGE_LOOP('',(#655,#656,#657,#658));
#299=EDGE_LOOP('',(#659,#660,#661,#662));
#300=EDGE_LOOP('',(#663,#664,#665,#666));
#301=EDGE_LOOP('',(#667,#668,#669,#670));
#302=EDGE_LOOP('',(#671,#672,#673,#674));
#303=ORIENTED_EDGE('',*,*,#707,.T.);
#304=ORIENTED_EDGE('',*,*,#677,.F.);
#305=ORIENTED_EDGE('',*,*,#678,.F.);
#306=ORIENTED_EDGE('',*,*,#675,.T.);
#307=ORIENTED_EDGE('',*,*,#676,.T.);
#308=ORIENTED_EDGE('',*,*,#715,.F.);
#309=ORIENTED_EDGE('',*,*,#708,.T.);
#310=ORIENTED_EDGE('',*,*,#704,.T.);
#311=ORIENTED_EDGE('',*,*,#709,.T.);
#312=ORIENTED_EDGE('',*,*,#699,.T.);
#313=ORIENTED_EDGE('',*,*,#679,.T.);
#314=ORIENTED_EDGE('',*,*,#680,.T.);
#315=ORIENTED_EDGE('',*,*,#681,.F.);
#316=ORIENTED_EDGE('',*,*,#676,.F.);
#317=ORIENTED_EDGE('',*,*,#682,.T.);
#318=ORIENTED_EDGE('',*,*,#683,.T.);
#319=ORIENTED_EDGE('',*,*,#684,.F.);
#320=ORIENTED_EDGE('',*,*,#680,.F.);
#321=ORIENTED_EDGE('',*,*,#685,.T.);
#322=ORIENTED_EDGE('',*,*,#678,.T.);
#323=ORIENTED_EDGE('',*,*,#686,.F.);
#324=ORIENTED_EDGE('',*,*,#683,.F.);
#325=ORIENTED_EDGE('',*,*,#685,.F.);
#326=ORIENTED_EDGE('',*,*,#682,.F.);
#327=ORIENTED_EDGE('',*,*,#679,.F.);
#328=ORIENTED_EDGE('',*,*,#675,.F.);
#329=ORIENTED_EDGE('',*,*,#710,.T.);
#330=ORIENTED_EDGE('',*,*,#695,.F.);
#331=ORIENTED_EDGE('',*,*,#698,.F.);
#332=ORIENTED_EDGE('',*,*,#697,.F.);
#333=ORIENTED_EDGE('',*,*,#696,.F.);
#334=ORIENTED_EDGE('',*,*,#716,.F.);
#335=ORIENTED_EDGE('',*,*,#711,.T.);
#336=ORIENTED_EDGE('',*,*,#715,.T.);
#337=ORIENTED_EDGE('',*,*,#681,.T.);
#338=ORIENTED_EDGE('',*,*,#684,.T.);
#339=ORIENTED_EDGE('',*,*,#686,.T.);
#340=ORIENTED_EDGE('',*,*,#677,.T.);
#341=ORIENTED_EDGE('',*,*,#714,.F.);
#342=ORIENTED_EDGE('',*,*,#706,.F.);
#343=ORIENTED_EDGE('',*,*,#713,.F.);
#344=ORIENTED_EDGE('',*,*,#716,.T.);
#345=ORIENTED_EDGE('',*,*,#688,.F.);
#346=ORIENTED_EDGE('',*,*,#687,.F.);
#347=ORIENTED_EDGE('',*,*,#689,.T.);
#348=ORIENTED_EDGE('',*,*,#695,.T.);
#349=ORIENTED_EDGE('',*,*,#712,.F.);
#350=ORIENTED_EDGE('',*,*,#701,.F.);
#351=ORIENTED_EDGE('',*,*,#688,.T.);
#352=ORIENTED_EDGE('',*,*,#696,.T.);
#353=ORIENTED_EDGE('',*,*,#691,.F.);
#354=ORIENTED_EDGE('',*,*,#690,.F.);
#355=ORIENTED_EDGE('',*,*,#691,.T.);
#356=ORIENTED_EDGE('',*,*,#697,.T.);
#357=ORIENTED_EDGE('',*,*,#693,.F.);
#358=ORIENTED_EDGE('',*,*,#692,.F.);
#359=ORIENTED_EDGE('',*,*,#693,.T.);
#360=ORIENTED_EDGE('',*,*,#698,.T.);
#361=ORIENTED_EDGE('',*,*,#689,.F.);
#362=ORIENTED_EDGE('',*,*,#694,.F.);
#363=ORIENTED_EDGE('',*,*,#687,.T.);
#364=ORIENTED_EDGE('',*,*,#690,.T.);
#365=ORIENTED_EDGE('',*,*,#692,.T.);
#366=ORIENTED_EDGE('',*,*,#694,.T.);
#367=ORIENTED_EDGE('',*,*,#702,.T.);
#368=ORIENTED_EDGE('',*,*,#701,.T.);
#369=ORIENTED_EDGE('',*,*,#700,.F.);
#370=ORIENTED_EDGE('',*,*,#699,.F.);
#371=ORIENTED_EDGE('',*,*,#707,.F.);
#372=ORIENTED_EDGE('',*,*,#700,.T.);
#373=ORIENTED_EDGE('',*,*,#712,.T.);
#374=ORIENTED_EDGE('',*,*,#710,.F.);
#375=ORIENTED_EDGE('',*,*,#713,.T.);
#376=ORIENTED_EDGE('',*,*,#703,.F.);
#377=ORIENTED_EDGE('',*,*,#708,.F.);
#378=ORIENTED_EDGE('',*,*,#711,.F.);
#379=ORIENTED_EDGE('',*,*,#703,.T.);
#380=ORIENTED_EDGE('',*,*,#706,.T.);
#381=ORIENTED_EDGE('',*,*,#705,.F.);
#382=ORIENTED_EDGE('',*,*,#704,.F.);
#383=ORIENTED_EDGE('',*,*,#705,.T.);
#384=ORIENTED_EDGE('',*,*,#714,.T.);
#385=ORIENTED_EDGE('',*,*,#702,.F.);
#386=ORIENTED_EDGE('',*,*,#709,.F.);
#387=ORIENTED_EDGE('',*,*,#717,.T.);
#388=ORIENTED_EDGE('',*,*,#719,.F.);
#389=ORIENTED_EDGE('',*,*,#718,.F.);
#390=ORIENTED_EDGE('',*,*,#720,.T.);
#391=ORIENTED_EDGE('',*,*,#779,.F.);
#392=ORIENTED_EDGE('',*,*,#723,.F.);
#393=ORIENTED_EDGE('',*,*,#782,.F.);
#394=ORIENTED_EDGE('',*,*,#726,.F.);
#395=ORIENTED_EDGE('',*,*,#785,.F.);
#396=ORIENTED_EDGE('',*,*,#729,.F.);
#397=ORIENTED_EDGE('',*,*,#788,.F.);
#398=ORIENTED_EDGE('',*,*,#732,.F.);
#399=ORIENTED_EDGE('',*,*,#791,.F.);
#400=ORIENTED_EDGE('',*,*,#735,.F.);
#401=ORIENTED_EDGE('',*,*,#794,.F.);
#402=ORIENTED_EDGE('',*,*,#738,.F.);
#403=ORIENTED_EDGE('',*,*,#797,.F.);
#404=ORIENTED_EDGE('',*,*,#741,.F.);
#405=ORIENTED_EDGE('',*,*,#800,.F.);
#406=ORIENTED_EDGE('',*,*,#744,.F.);
#407=ORIENTED_EDGE('',*,*,#721,.F.);
#408=ORIENTED_EDGE('',*,*,#722,.T.);
#409=ORIENTED_EDGE('',*,*,#723,.T.);
#410=ORIENTED_EDGE('',*,*,#777,.F.);
#411=ORIENTED_EDGE('',*,*,#724,.F.);
#412=ORIENTED_EDGE('',*,*,#725,.T.);
#413=ORIENTED_EDGE('',*,*,#726,.T.);
#414=ORIENTED_EDGE('',*,*,#780,.F.);
#415=ORIENTED_EDGE('',*,*,#727,.F.);
#416=ORIENTED_EDGE('',*,*,#728,.T.);
#417=ORIENTED_EDGE('',*,*,#729,.T.);
#418=ORIENTED_EDGE('',*,*,#783,.F.);
#419=ORIENTED_EDGE('',*,*,#730,.F.);
#420=ORIENTED_EDGE('',*,*,#731,.T.);
#421=ORIENTED_EDGE('',*,*,#732,.T.);
#422=ORIENTED_EDGE('',*,*,#786,.F.);
#423=ORIENTED_EDGE('',*,*,#733,.F.);
#424=ORIENTED_EDGE('',*,*,#734,.T.);
#425=ORIENTED_EDGE('',*,*,#735,.T.);
#426=ORIENTED_EDGE('',*,*,#789,.F.);
#427=ORIENTED_EDGE('',*,*,#736,.F.);
#428=ORIENTED_EDGE('',*,*,#737,.T.);
#429=ORIENTED_EDGE('',*,*,#738,.T.);
#430=ORIENTED_EDGE('',*,*,#792,.F.);
#431=ORIENTED_EDGE('',*,*,#739,.F.);
#432=ORIENTED_EDGE('',*,*,#740,.T.);
#433=ORIENTED_EDGE('',*,*,#741,.T.);
#434=ORIENTED_EDGE('',*,*,#795,.F.);
#435=ORIENTED_EDGE('',*,*,#742,.F.);
#436=ORIENTED_EDGE('',*,*,#743,.T.);
#437=ORIENTED_EDGE('',*,*,#744,.T.);
#438=ORIENTED_EDGE('',*,*,#798,.F.);
#439=ORIENTED_EDGE('',*,*,#752,.T.);
#440=ORIENTED_EDGE('',*,*,#749,.F.);
#441=ORIENTED_EDGE('',*,*,#750,.F.);
#442=ORIENTED_EDGE('',*,*,#751,.F.);
#443=ORIENTED_EDGE('',*,*,#770,.T.);
#444=ORIENTED_EDGE('',*,*,#762,.T.);
#445=ORIENTED_EDGE('',*,*,#758,.F.);
#446=ORIENTED_EDGE('',*,*,#757,.F.);
#447=ORIENTED_EDGE('',*,*,#758,.T.);
#448=ORIENTED_EDGE('',*,*,#763,.T.);
#449=ORIENTED_EDGE('',*,*,#760,.F.);
#450=ORIENTED_EDGE('',*,*,#759,.F.);
#451=ORIENTED_EDGE('',*,*,#760,.T.);
#452=ORIENTED_EDGE('',*,*,#764,.T.);
#453=ORIENTED_EDGE('',*,*,#771,.F.);
#454=ORIENTED_EDGE('',*,*,#761,.F.);
#455=ORIENTED_EDGE('',*,*,#772,.T.);
#456=ORIENTED_EDGE('',*,*,#746,.T.);
#457=ORIENTED_EDGE('',*,*,#747,.T.);
#458=ORIENTED_EDGE('',*,*,#748,.T.);
#459=ORIENTED_EDGE('',*,*,#745,.T.);
#460=ORIENTED_EDGE('',*,*,#764,.F.);
#461=ORIENTED_EDGE('',*,*,#763,.F.);
#462=ORIENTED_EDGE('',*,*,#762,.F.);
#463=ORIENTED_EDGE('',*,*,#765,.T.);
#464=ORIENTED_EDGE('',*,*,#753,.F.);
#465=ORIENTED_EDGE('',*,*,#749,.T.);
#466=ORIENTED_EDGE('',*,*,#755,.T.);
#467=ORIENTED_EDGE('',*,*,#766,.T.);
#468=ORIENTED_EDGE('',*,*,#754,.F.);
#469=ORIENTED_EDGE('',*,*,#750,.T.);
#470=ORIENTED_EDGE('',*,*,#753,.T.);
#471=ORIENTED_EDGE('',*,*,#767,.T.);
#472=ORIENTED_EDGE('',*,*,#756,.F.);
#473=ORIENTED_EDGE('',*,*,#751,.T.);
#474=ORIENTED_EDGE('',*,*,#754,.T.);
#475=ORIENTED_EDGE('',*,*,#766,.F.);
#476=ORIENTED_EDGE('',*,*,#765,.F.);
#477=ORIENTED_EDGE('',*,*,#769,.T.);
#478=ORIENTED_EDGE('',*,*,#757,.T.);
#479=ORIENTED_EDGE('',*,*,#759,.T.);
#480=ORIENTED_EDGE('',*,*,#761,.T.);
#481=ORIENTED_EDGE('',*,*,#768,.T.);
#482=ORIENTED_EDGE('',*,*,#767,.F.);
#483=ORIENTED_EDGE('',*,*,#724,.T.);
#484=ORIENTED_EDGE('',*,*,#781,.T.);
#485=ORIENTED_EDGE('',*,*,#727,.T.);
#486=ORIENTED_EDGE('',*,*,#784,.T.);
#487=ORIENTED_EDGE('',*,*,#730,.T.);
#488=ORIENTED_EDGE('',*,*,#787,.T.);
#489=ORIENTED_EDGE('',*,*,#733,.T.);
#490=ORIENTED_EDGE('',*,*,#790,.T.);
#491=ORIENTED_EDGE('',*,*,#736,.T.);
#492=ORIENTED_EDGE('',*,*,#793,.T.);
#493=ORIENTED_EDGE('',*,*,#739,.T.);
#494=ORIENTED_EDGE('',*,*,#796,.T.);
#495=ORIENTED_EDGE('',*,*,#742,.T.);
#496=ORIENTED_EDGE('',*,*,#799,.T.);
#497=ORIENTED_EDGE('',*,*,#721,.T.);
#498=ORIENTED_EDGE('',*,*,#778,.T.);
#499=ORIENTED_EDGE('',*,*,#773,.T.);
#500=ORIENTED_EDGE('',*,*,#748,.F.);
#501=ORIENTED_EDGE('',*,*,#775,.F.);
#502=ORIENTED_EDGE('',*,*,#717,.F.);
#503=ORIENTED_EDGE('',*,*,#720,.F.);
#504=ORIENTED_EDGE('',*,*,#774,.F.);
#505=ORIENTED_EDGE('',*,*,#772,.F.);
#506=ORIENTED_EDGE('',*,*,#770,.F.);
#507=ORIENTED_EDGE('',*,*,#769,.F.);
#508=ORIENTED_EDGE('',*,*,#755,.F.);
#509=ORIENTED_EDGE('',*,*,#752,.F.);
#510=ORIENTED_EDGE('',*,*,#756,.T.);
#511=ORIENTED_EDGE('',*,*,#768,.F.);
#512=ORIENTED_EDGE('',*,*,#771,.T.);
#513=ORIENTED_EDGE('',*,*,#745,.F.);
#514=ORIENTED_EDGE('',*,*,#773,.F.);
#515=ORIENTED_EDGE('',*,*,#774,.T.);
#516=ORIENTED_EDGE('',*,*,#718,.T.);
#517=ORIENTED_EDGE('',*,*,#776,.T.);
#518=ORIENTED_EDGE('',*,*,#746,.F.);
#519=ORIENTED_EDGE('',*,*,#775,.T.);
#520=ORIENTED_EDGE('',*,*,#747,.F.);
#521=ORIENTED_EDGE('',*,*,#776,.F.);
#522=ORIENTED_EDGE('',*,*,#719,.T.);
#523=ORIENTED_EDGE('',*,*,#777,.T.);
#524=ORIENTED_EDGE('',*,*,#779,.T.);
#525=ORIENTED_EDGE('',*,*,#722,.F.);
#526=ORIENTED_EDGE('',*,*,#778,.F.);
#527=ORIENTED_EDGE('',*,*,#780,.T.);
#528=ORIENTED_EDGE('',*,*,#782,.T.);
#529=ORIENTED_EDGE('',*,*,#725,.F.);
#530=ORIENTED_EDGE('',*,*,#781,.F.);
#531=ORIENTED_EDGE('',*,*,#783,.T.);
#532=ORIENTED_EDGE('',*,*,#785,.T.);
#533=ORIENTED_EDGE('',*,*,#728,.F.);
#534=ORIENTED_EDGE('',*,*,#784,.F.);
#535=ORIENTED_EDGE('',*,*,#786,.T.);
#536=ORIENTED_EDGE('',*,*,#788,.T.);
#537=ORIENTED_EDGE('',*,*,#731,.F.);
#538=ORIENTED_EDGE('',*,*,#787,.F.);
#539=ORIENTED_EDGE('',*,*,#789,.T.);
#540=ORIENTED_EDGE('',*,*,#791,.T.);
#541=ORIENTED_EDGE('',*,*,#734,.F.);
#542=ORIENTED_EDGE('',*,*,#790,.F.);
#543=ORIENTED_EDGE('',*,*,#792,.T.);
#544=ORIENTED_EDGE('',*,*,#794,.T.);
#545=ORIENTED_EDGE('',*,*,#737,.F.);
#546=ORIENTED_EDGE('',*,*,#793,.F.);
#547=ORIENTED_EDGE('',*,*,#795,.T.);
#548=ORIENTED_EDGE('',*,*,#797,.T.);
#549=ORIENTED_EDGE('',*,*,#740,.F.);
#550=ORIENTED_EDGE('',*,*,#796,.F.);
#551=ORIENTED_EDGE('',*,*,#798,.T.);
#552=ORIENTED_EDGE('',*,*,#800,.T.);
#553=ORIENTED_EDGE('',*,*,#743,.F.);
#554=ORIENTED_EDGE('',*,*,#799,.F.);
#555=ORIENTED_EDGE('',*,*,#837,.T.);
#556=ORIENTED_EDGE('',*,*,#839,.T.);
#557=ORIENTED_EDGE('',*,*,#816,.F.);
#558=ORIENTED_EDGE('',*,*,#815,.T.);
#559=ORIENTED_EDGE('',*,*,#840,.T.);
#560=ORIENTED_EDGE('',*,*,#842,.T.);
#561=ORIENTED_EDGE('',*,*,#814,.F.);
#562=ORIENTED_EDGE('',*,*,#813,.T.);
#563=ORIENTED_EDGE('',*,*,#843,.T.);
#564=ORIENTED_EDGE('',*,*,#845,.T.);
#565=ORIENTED_EDGE('',*,*,#812,.F.);
#566=ORIENTED_EDGE('',*,*,#811,.T.);
#567=ORIENTED_EDGE('',*,*,#846,.T.);
#568=ORIENTED_EDGE('',*,*,#848,.T.);
#569=ORIENTED_EDGE('',*,*,#810,.F.);
#570=ORIENTED_EDGE('',*,*,#809,.T.);
#571=ORIENTED_EDGE('',*,*,#849,.T.);
#572=ORIENTED_EDGE('',*,*,#851,.T.);
#573=ORIENTED_EDGE('',*,*,#808,.F.);
#574=ORIENTED_EDGE('',*,*,#807,.T.);
#575=ORIENTED_EDGE('',*,*,#852,.T.);
#576=ORIENTED_EDGE('',*,*,#854,.T.);
#577=ORIENTED_EDGE('',*,*,#806,.F.);
#578=ORIENTED_EDGE('',*,*,#805,.T.);
#579=ORIENTED_EDGE('',*,*,#855,.T.);
#580=ORIENTED_EDGE('',*,*,#857,.T.);
#581=ORIENTED_EDGE('',*,*,#804,.F.);
#582=ORIENTED_EDGE('',*,*,#803,.T.);
#583=ORIENTED_EDGE('',*,*,#858,.T.);
#584=ORIENTED_EDGE('',*,*,#860,.T.);
#585=ORIENTED_EDGE('',*,*,#802,.F.);
#586=ORIENTED_EDGE('',*,*,#801,.T.);
#587=ORIENTED_EDGE('',*,*,#823,.F.);
#588=ORIENTED_EDGE('',*,*,#822,.F.);
#589=ORIENTED_EDGE('',*,*,#821,.F.);
#590=ORIENTED_EDGE('',*,*,#828,.F.);
#591=ORIENTED_EDGE('',*,*,#824,.T.);
#592=ORIENTED_EDGE('',*,*,#825,.T.);
#593=ORIENTED_EDGE('',*,*,#826,.T.);
#594=ORIENTED_EDGE('',*,*,#827,.T.);
#595=ORIENTED_EDGE('',*,*,#859,.F.);
#596=ORIENTED_EDGE('',*,*,#801,.F.);
#597=ORIENTED_EDGE('',*,*,#856,.F.);
#598=ORIENTED_EDGE('',*,*,#803,.F.);
#599=ORIENTED_EDGE('',*,*,#853,.F.);
#600=ORIENTED_EDGE('',*,*,#805,.F.);
#601=ORIENTED_EDGE('',*,*,#850,.F.);
#602=ORIENTED_EDGE('',*,*,#807,.F.);
#603=ORIENTED_EDGE('',*,*,#847,.F.);
#604=ORIENTED_EDGE('',*,*,#809,.F.);
#605=ORIENTED_EDGE('',*,*,#844,.F.);
#606=ORIENTED_EDGE('',*,*,#811,.F.);
#607=ORIENTED_EDGE('',*,*,#841,.F.);
#608=ORIENTED_EDGE('',*,*,#813,.F.);
#609=ORIENTED_EDGE('',*,*,#838,.F.);
#610=ORIENTED_EDGE('',*,*,#815,.F.);
#611=ORIENTED_EDGE('',*,*,#821,.T.);
#612=ORIENTED_EDGE('',*,*,#817,.T.);
#613=ORIENTED_EDGE('',*,*,#824,.F.);
#614=ORIENTED_EDGE('',*,*,#819,.F.);
#615=ORIENTED_EDGE('',*,*,#822,.T.);
#616=ORIENTED_EDGE('',*,*,#818,.T.);
#617=ORIENTED_EDGE('',*,*,#825,.F.);
#618=ORIENTED_EDGE('',*,*,#817,.F.);
#619=ORIENTED_EDGE('',*,*,#823,.T.);
#620=ORIENTED_EDGE('',*,*,#820,.T.);
#621=ORIENTED_EDGE('',*,*,#826,.F.);
#622=ORIENTED_EDGE('',*,*,#818,.F.);
#623=ORIENTED_EDGE('',*,*,#819,.T.);
#624=ORIENTED_EDGE('',*,*,#827,.F.);
#625=ORIENTED_EDGE('',*,*,#820,.F.);
#626=ORIENTED_EDGE('',*,*,#828,.T.);
#627=ORIENTED_EDGE('',*,*,#860,.F.);
#628=ORIENTED_EDGE('',*,*,#836,.F.);
#629=ORIENTED_EDGE('',*,*,#842,.F.);
#630=ORIENTED_EDGE('',*,*,#829,.F.);
#631=ORIENTED_EDGE('',*,*,#845,.F.);
#632=ORIENTED_EDGE('',*,*,#830,.F.);
#633=ORIENTED_EDGE('',*,*,#848,.F.);
#634=ORIENTED_EDGE('',*,*,#831,.F.);
#635=ORIENTED_EDGE('',*,*,#851,.F.);
#636=ORIENTED_EDGE('',*,*,#832,.F.);
#637=ORIENTED_EDGE('',*,*,#854,.F.);
#638=ORIENTED_EDGE('',*,*,#833,.F.);
#639=ORIENTED_EDGE('',*,*,#857,.F.);
#640=ORIENTED_EDGE('',*,*,#834,.F.);
#641=ORIENTED_EDGE('',*,*,#839,.F.);
#642=ORIENTED_EDGE('',*,*,#835,.F.);
#643=ORIENTED_EDGE('',*,*,#838,.T.);
#644=ORIENTED_EDGE('',*,*,#816,.T.);
#645=ORIENTED_EDGE('',*,*,#835,.T.);
#646=ORIENTED_EDGE('',*,*,#837,.F.);
#647=ORIENTED_EDGE('',*,*,#841,.T.);
#648=ORIENTED_EDGE('',*,*,#814,.T.);
#649=ORIENTED_EDGE('',*,*,#829,.T.);
#650=ORIENTED_EDGE('',*,*,#840,.F.);
#651=ORIENTED_EDGE('',*,*,#844,.T.);
#652=ORIENTED_EDGE('',*,*,#812,.T.);
#653=ORIENTED_EDGE('',*,*,#830,.T.);
#654=ORIENTED_EDGE('',*,*,#843,.F.);
#655=ORIENTED_EDGE('',*,*,#847,.T.);
#656=ORIENTED_EDGE('',*,*,#810,.T.);
#657=ORIENTED_EDGE('',*,*,#831,.T.);
#658=ORIENTED_EDGE('',*,*,#846,.F.);
#659=ORIENTED_EDGE('',*,*,#850,.T.);
#660=ORIENTED_EDGE('',*,*,#808,.T.);
#661=ORIENTED_EDGE('',*,*,#832,.T.);
#662=ORIENTED_EDGE('',*,*,#849,.F.);
#663=ORIENTED_EDGE('',*,*,#853,.T.);
#664=ORIENTED_EDGE('',*,*,#806,.T.);
#665=ORIENTED_EDGE('',*,*,#833,.T.);
#666=ORIENTED_EDGE('',*,*,#852,.F.);
#667=ORIENTED_EDGE('',*,*,#856,.T.);
#668=ORIENTED_EDGE('',*,*,#804,.T.);
#669=ORIENTED_EDGE('',*,*,#834,.T.);
#670=ORIENTED_EDGE('',*,*,#855,.F.);
#671=ORIENTED_EDGE('',*,*,#859,.T.);
#672=ORIENTED_EDGE('',*,*,#802,.T.);
#673=ORIENTED_EDGE('',*,*,#836,.T.);
#674=ORIENTED_EDGE('',*,*,#858,.F.);
#675=EDGE_CURVE('',#1032,#1033,#1244,.T.);
#676=EDGE_CURVE('',#1033,#1034,#1245,.T.);
#677=EDGE_CURVE('',#1035,#1050,#1246,.T.);
#678=EDGE_CURVE('',#1032,#1035,#1247,.T.);
#679=EDGE_CURVE('',#1033,#1036,#1248,.T.);
#680=EDGE_CURVE('',#1036,#1037,#1249,.T.);
#681=EDGE_CURVE('',#1034,#1037,#1250,.T.);
#682=EDGE_CURVE('',#1036,#1038,#1251,.T.);
#683=EDGE_CURVE('',#1038,#1039,#1252,.T.);
#684=EDGE_CURVE('',#1037,#1039,#1253,.T.);
#685=EDGE_CURVE('',#1038,#1032,#1254,.T.);
#686=EDGE_CURVE('',#1039,#1035,#1255,.T.);
#687=EDGE_CURVE('',#1040,#1041,#1256,.T.);
#688=EDGE_CURVE('',#1041,#1045,#1257,.T.);
#689=EDGE_CURVE('',#1040,#1044,#1258,.T.);
#690=EDGE_CURVE('',#1041,#1042,#1259,.T.);
#691=EDGE_CURVE('',#1042,#1046,#1260,.T.);
#692=EDGE_CURVE('',#1042,#1043,#1261,.T.);
#693=EDGE_CURVE('',#1043,#1047,#1262,.T.);
#694=EDGE_CURVE('',#1043,#1040,#1263,.T.);
#695=EDGE_CURVE('',#1044,#1054,#1264,.T.);
#696=EDGE_CURVE('',#1045,#1046,#1265,.T.);
#697=EDGE_CURVE('',#1046,#1047,#1266,.T.);
#698=EDGE_CURVE('',#1047,#1044,#1267,.T.);
#699=EDGE_CURVE('',#1048,#1049,#896,.T.);
#700=EDGE_CURVE('',#1049,#1057,#861,.T.);
#701=EDGE_CURVE('',#1056,#1057,#897,.T.);
#702=EDGE_CURVE('',#1048,#1056,#862,.T.);
#703=EDGE_CURVE('',#1052,#1058,#1268,.T.);
#704=EDGE_CURVE('',#1052,#1053,#898,.T.);
#705=EDGE_CURVE('',#1053,#1059,#863,.T.);
#706=EDGE_CURVE('',#1058,#1059,#899,.T.);
#707=EDGE_CURVE('',#1049,#1050,#1269,.T.);
#708=EDGE_CURVE('',#1051,#1052,#1270,.T.);
#709=EDGE_CURVE('',#1053,#1048,#1271,.T.);
#710=EDGE_CURVE('',#1050,#1054,#1272,.T.);
#711=EDGE_CURVE('',#1055,#1051,#1273,.T.);
#712=EDGE_CURVE('',#1057,#1054,#1274,.T.);
#713=EDGE_CURVE('',#1055,#1058,#1275,.T.);
#714=EDGE_CURVE('',#1059,#1056,#1276,.T.);
#715=EDGE_CURVE('',#1051,#1034,#1277,.T.);
#716=EDGE_CURVE('',#1055,#1045,#1278,.T.);
#717=EDGE_CURVE('',#1060,#1061,#1279,.T.);
#718=EDGE_CURVE('',#1062,#1063,#1280,.T.);
#719=EDGE_CURVE('',#1063,#1061,#1281,.T.);
#720=EDGE_CURVE('',#1062,#1060,#1282,.T.);
#721=EDGE_CURVE('',#1064,#1100,#900,.T.);
#722=EDGE_CURVE('',#1064,#1065,#864,.T.);
#723=EDGE_CURVE('',#1065,#1101,#901,.T.);
#724=EDGE_CURVE('',#1066,#1102,#902,.T.);
#725=EDGE_CURVE('',#1066,#1067,#865,.T.);
#726=EDGE_CURVE('',#1067,#1103,#903,.T.);
#727=EDGE_CURVE('',#1068,#1104,#904,.T.);
#728=EDGE_CURVE('',#1068,#1069,#866,.T.);
#729=EDGE_CURVE('',#1069,#1105,#905,.T.);
#730=EDGE_CURVE('',#1070,#1106,#906,.T.);
#731=EDGE_CURVE('',#1070,#1071,#867,.T.);
#732=EDGE_CURVE('',#1071,#1107,#907,.T.);
#733=EDGE_CURVE('',#1072,#1108,#908,.T.);
#734=EDGE_CURVE('',#1072,#1073,#868,.T.);
#735=EDGE_CURVE('',#1073,#1109,#909,.T.);
#736=EDGE_CURVE('',#1074,#1110,#910,.T.);
#737=EDGE_CURVE('',#1074,#1075,#869,.T.);
#738=EDGE_CURVE('',#1075,#1111,#911,.T.);
#739=EDGE_CURVE('',#1076,#1112,#912,.T.);
#740=EDGE_CURVE('',#1076,#1077,#870,.T.);
#741=EDGE_CURVE('',#1077,#1113,#913,.T.);
#742=EDGE_CURVE('',#1078,#1114,#914,.T.);
#743=EDGE_CURVE('',#1078,#1079,#871,.T.);
#744=EDGE_CURVE('',#1079,#1115,#915,.T.);
#745=EDGE_CURVE('',#1081,#1090,#1283,.T.);
#746=EDGE_CURVE('',#1080,#1082,#1284,.T.);
#747=EDGE_CURVE('',#1082,#1083,#1285,.T.);
#748=EDGE_CURVE('',#1083,#1081,#1286,.T.);
#749=EDGE_CURVE('',#1086,#1085,#1287,.T.);
#750=EDGE_CURVE('',#1087,#1086,#1288,.T.);
#751=EDGE_CURVE('',#1084,#1087,#1289,.T.);
#752=EDGE_CURVE('',#1084,#1085,#1290,.T.);
#753=EDGE_CURVE('',#1086,#1095,#1291,.T.);
#754=EDGE_CURVE('',#1087,#1096,#1292,.T.);
#755=EDGE_CURVE('',#1085,#1094,#1293,.T.);
#756=EDGE_CURVE('',#1084,#1097,#1294,.T.);
#757=EDGE_CURVE('',#1099,#1088,#1295,.T.);
#758=EDGE_CURVE('',#1088,#1092,#1296,.T.);
#759=EDGE_CURVE('',#1088,#1089,#1297,.T.);
#760=EDGE_CURVE('',#1089,#1093,#1298,.T.);
#761=EDGE_CURVE('',#1089,#1098,#1299,.T.);
#762=EDGE_CURVE('',#1091,#1092,#1300,.T.);
#763=EDGE_CURVE('',#1092,#1093,#1301,.T.);
#764=EDGE_CURVE('',#1093,#1090,#1302,.T.);
#765=EDGE_CURVE('',#1094,#1095,#1303,.T.);
#766=EDGE_CURVE('',#1095,#1096,#1304,.T.);
#767=EDGE_CURVE('',#1096,#1097,#1305,.T.);
#768=EDGE_CURVE('',#1098,#1097,#1306,.T.);
#769=EDGE_CURVE('',#1094,#1099,#1307,.T.);
#770=EDGE_CURVE('',#1099,#1091,#1308,.T.);
#771=EDGE_CURVE('',#1098,#1090,#1309,.T.);
#772=EDGE_CURVE('',#1091,#1080,#1310,.T.);
#773=EDGE_CURVE('',#1060,#1081,#1311,.T.);
#774=EDGE_CURVE('',#1080,#1062,#1312,.T.);
#775=EDGE_CURVE('',#1061,#1083,#1313,.T.);
#776=EDGE_CURVE('',#1063,#1082,#1314,.T.);
#777=EDGE_CURVE('',#1100,#1101,#872,.T.);
#778=EDGE_CURVE('',#1100,#1064,#916,.T.);
#779=EDGE_CURVE('',#1101,#1065,#917,.T.);
#780=EDGE_CURVE('',#1102,#1103,#873,.T.);
#781=EDGE_CURVE('',#1102,#1066,#918,.T.);
#782=EDGE_CURVE('',#1103,#1067,#919,.T.);
#783=EDGE_CURVE('',#1104,#1105,#874,.T.);
#784=EDGE_CURVE('',#1104,#1068,#920,.T.);
#785=EDGE_CURVE('',#1105,#1069,#921,.T.);
#786=EDGE_CURVE('',#1106,#1107,#875,.T.);
#787=EDGE_CURVE('',#1106,#1070,#922,.T.);
#788=EDGE_CURVE('',#1107,#1071,#923,.T.);
#789=EDGE_CURVE('',#1108,#1109,#876,.T.);
#790=EDGE_CURVE('',#1108,#1072,#924,.T.);
#791=EDGE_CURVE('',#1109,#1073,#925,.T.);
#792=EDGE_CURVE('',#1110,#1111,#877,.T.);
#793=EDGE_CURVE('',#1110,#1074,#926,.T.);
#794=EDGE_CURVE('',#1111,#1075,#927,.T.);
#795=EDGE_CURVE('',#1112,#1113,#878,.T.);
#796=EDGE_CURVE('',#1112,#1076,#928,.T.);
#797=EDGE_CURVE('',#1113,#1077,#929,.T.);
#798=EDGE_CURVE('',#1114,#1115,#879,.T.);
#799=EDGE_CURVE('',#1114,#1078,#930,.T.);
#800=EDGE_CURVE('',#1115,#1079,#931,.T.);
#801=EDGE_CURVE('',#1116,#1154,#932,.T.);
#802=EDGE_CURVE('',#1116,#1139,#880,.T.);
#803=EDGE_CURVE('',#1117,#1152,#933,.T.);
#804=EDGE_CURVE('',#1117,#1138,#881,.T.);
#805=EDGE_CURVE('',#1118,#1150,#934,.T.);
#806=EDGE_CURVE('',#1118,#1137,#882,.T.);
#807=EDGE_CURVE('',#1119,#1148,#935,.T.);
#808=EDGE_CURVE('',#1119,#1136,#883,.T.);
#809=EDGE_CURVE('',#1120,#1146,#936,.T.);
#810=EDGE_CURVE('',#1120,#1135,#884,.T.);
#811=EDGE_CURVE('',#1121,#1144,#937,.T.);
#812=EDGE_CURVE('',#1121,#1134,#885,.T.);
#813=EDGE_CURVE('',#1122,#1142,#938,.T.);
#814=EDGE_CURVE('',#1122,#1133,#886,.T.);
#815=EDGE_CURVE('',#1123,#1140,#939,.T.);
#816=EDGE_CURVE('',#1123,#1132,#887,.T.);
#817=EDGE_CURVE('',#1128,#1130,#1315,.T.);
#818=EDGE_CURVE('',#1129,#1131,#1316,.T.);
#819=EDGE_CURVE('',#1124,#1125,#1317,.T.);
#820=EDGE_CURVE('',#1126,#1127,#1318,.T.);
#821=EDGE_CURVE('',#1124,#1128,#1319,.T.);
#822=EDGE_CURVE('',#1128,#1129,#1320,.T.);
#823=EDGE_CURVE('',#1129,#1126,#1321,.T.);
#824=EDGE_CURVE('',#1125,#1130,#1322,.T.);
#825=EDGE_CURVE('',#1130,#1131,#1323,.T.);
#826=EDGE_CURVE('',#1131,#1127,#1324,.T.);
#827=EDGE_CURVE('',#1127,#1125,#1325,.T.);
#828=EDGE_CURVE('',#1126,#1124,#1326,.T.);
#829=EDGE_CURVE('',#1133,#1143,#940,.T.);
#830=EDGE_CURVE('',#1134,#1145,#941,.T.);
#831=EDGE_CURVE('',#1135,#1147,#942,.T.);
#832=EDGE_CURVE('',#1136,#1149,#943,.T.);
#833=EDGE_CURVE('',#1137,#1151,#944,.T.);
#834=EDGE_CURVE('',#1138,#1153,#945,.T.);
#835=EDGE_CURVE('',#1132,#1141,#946,.T.);
#836=EDGE_CURVE('',#1139,#1155,#947,.T.);
#837=EDGE_CURVE('',#1140,#1141,#888,.T.);
#838=EDGE_CURVE('',#1140,#1123,#948,.T.);
#839=EDGE_CURVE('',#1141,#1132,#949,.T.);
#840=EDGE_CURVE('',#1142,#1143,#889,.T.);
#841=EDGE_CURVE('',#1142,#1122,#950,.T.);
#842=EDGE_CURVE('',#1143,#1133,#951,.T.);
#843=EDGE_CURVE('',#1144,#1145,#890,.T.);
#844=EDGE_CURVE('',#1144,#1121,#952,.T.);
#845=EDGE_CURVE('',#1145,#1134,#953,.T.);
#846=EDGE_CURVE('',#1146,#1147,#891,.T.);
#847=EDGE_CURVE('',#1146,#1120,#954,.T.);
#848=EDGE_CURVE('',#1147,#1135,#955,.T.);
#849=EDGE_CURVE('',#1148,#1149,#892,.T.);
#850=EDGE_CURVE('',#1148,#1119,#956,.T.);
#851=EDGE_CURVE('',#1149,#1136,#957,.T.);
#852=EDGE_CURVE('',#1150,#1151,#893,.T.);
#853=EDGE_CURVE('',#1150,#1118,#958,.T.);
#854=EDGE_CURVE('',#1151,#1137,#959,.T.);
#855=EDGE_CURVE('',#1152,#1153,#894,.T.);
#856=EDGE_CURVE('',#1152,#1117,#960,.T.);
#857=EDGE_CURVE('',#1153,#1138,#961,.T.);
#858=EDGE_CURVE('',#1154,#1155,#895,.T.);
#859=EDGE_CURVE('',#1154,#1116,#962,.T.);
#860=EDGE_CURVE('',#1155,#1139,#963,.T.);
#861=(
BOUNDED_CURVE()
B_SPLINE_CURVE(1,(#1901,#1902),.UNSPECIFIED.,.F.,.F.)
B_SPLINE_CURVE_WITH_KNOTS((2,2),(0.,2.),.UNSPECIFIED.)
CURVE()
GEOMETRIC_REPRESENTATION_ITEM()
RATIONAL_B_SPLINE_CURVE((1.,1.))
REPRESENTATION_ITEM('')
);
#862=(
BOUNDED_CURVE()
B_SPLINE_CURVE(1,(#1906,#1907),.UNSPECIFIED.,.F.,.F.)
B_SPLINE_CURVE_WITH_KNOTS((2,2),(0.,2.),.UNSPECIFIED.)
CURVE()
GEOMETRIC_REPRESENTATION_ITEM()
RATIONAL_B_SPLINE_CURVE((1.,1.))
REPRESENTATION_ITEM('')
);
#863=(
BOUNDED_CURVE()
B_SPLINE_CURVE(1,(#1913,#1914),.UNSPECIFIED.,.F.,.F.)
B_SPLINE_CURVE_WITH_KNOTS((2,2),(0.,2.),.UNSPECIFIED.)
CURVE()
GEOMETRIC_REPRESENTATION_ITEM()
RATIONAL_B_SPLINE_CURVE((1.,1.))
REPRESENTATION_ITEM('')
);
#864=(
BOUNDED_CURVE()
B_SPLINE_CURVE(1,(#2045,#2046),.UNSPECIFIED.,.F.,.F.)
B_SPLINE_CURVE_WITH_KNOTS((2,2),(0.,2.),.UNSPECIFIED.)
CURVE()
GEOMETRIC_REPRESENTATION_ITEM()
RATIONAL_B_SPLINE_CURVE((1.,1.))
REPRESENTATION_ITEM('')
);
#865=(
BOUNDED_CURVE()
B_SPLINE_CURVE(1,(#2053,#2054),.UNSPECIFIED.,.F.,.F.)
B_SPLINE_CURVE_WITH_KNOTS((2,2),(0.,2.),.UNSPECIFIED.)
CURVE()
GEOMETRIC_REPRESENTATION_ITEM()
RATIONAL_B_SPLINE_CURVE((1.,1.))
REPRESENTATION_ITEM('')
);
#866=(
BOUNDED_CURVE()
B_SPLINE_CURVE(1,(#2061,#2062),.UNSPECIFIED.,.F.,.F.)
B_SPLINE_CURVE_WITH_KNOTS((2,2),(0.,2.),.UNSPECIFIED.)
CURVE()
GEOMETRIC_REPRESENTATION_ITEM()
RATIONAL_B_SPLINE_CURVE((1.,1.))
REPRESENTATION_ITEM('')
);
#867=(
BOUNDED_CURVE()
B_SPLINE_CURVE(1,(#2069,#2070),.UNSPECIFIED.,.F.,.F.)
B_SPLINE_CURVE_WITH_KNOTS((2,2),(0.,2.),.UNSPECIFIED.)
CURVE()
GEOMETRIC_REPRESENTATION_ITEM()
RATIONAL_B_SPLINE_CURVE((1.,1.))
REPRESENTATION_ITEM('')
);
#868=(
BOUNDED_CURVE()
B_SPLINE_CURVE(1,(#2077,#2078),.UNSPECIFIED.,.F.,.F.)
B_SPLINE_CURVE_WITH_KNOTS((2,2),(0.,2.),.UNSPECIFIED.)
CURVE()
GEOMETRIC_REPRESENTATION_ITEM()
RATIONAL_B_SPLINE_CURVE((1.,1.))
REPRESENTATION_ITEM('')
);
#869=(
BOUNDED_CURVE()
B_SPLINE_CURVE(1,(#2085,#2086),.UNSPECIFIED.,.F.,.F.)
B_SPLINE_CURVE_WITH_KNOTS((2,2),(0.,2.),.UNSPECIFIED.)
CURVE()
GEOMETRIC_REPRESENTATION_ITEM()
RATIONAL_B_SPLINE_CURVE((1.,1.))
REPRESENTATION_ITEM('')
);
#870=(
BOUNDED_CURVE()
B_SPLINE_CURVE(1,(#2093,#2094),.UNSPECIFIED.,.F.,.F.)
B_SPLINE_CURVE_WITH_KNOTS((2,2),(0.,2.),.UNSPECIFIED.)
CURVE()
GEOMETRIC_REPRESENTATION_ITEM()
RATIONAL_B_SPLINE_CURVE((1.,1.))
REPRESENTATION_ITEM('')
);
#871=(
BOUNDED_CURVE()
B_SPLINE_CURVE(1,(#2101,#2102),.UNSPECIFIED.,.F.,.F.)
B_SPLINE_CURVE_WITH_KNOTS((2,2),(0.,2.),.UNSPECIFIED.)
CURVE()
GEOMETRIC_REPRESENTATION_ITEM()
RATIONAL_B_SPLINE_CURVE((1.,1.))
REPRESENTATION_ITEM('')
);
#872=(
BOUNDED_CURVE()
B_SPLINE_CURVE(1,(#2170,#2171),.UNSPECIFIED.,.F.,.F.)
B_SPLINE_CURVE_WITH_KNOTS((2,2),(0.,2.),.UNSPECIFIED.)
CURVE()
GEOMETRIC_REPRESENTATION_ITEM()
RATIONAL_B_SPLINE_CURVE((1.,1.))
REPRESENTATION_ITEM('')
);
#873=(
BOUNDED_CURVE()
B_SPLINE_CURVE(1,(#2178,#2179),.UNSPECIFIED.,.F.,.F.)
B_SPLINE_CURVE_WITH_KNOTS((2,2),(0.,2.),.UNSPECIFIED.)
CURVE()
GEOMETRIC_REPRESENTATION_ITEM()
RATIONAL_B_SPLINE_CURVE((1.,1.))
REPRESENTATION_ITEM('')
);
#874=(
BOUNDED_CURVE()
B_SPLINE_CURVE(1,(#2186,#2187),.UNSPECIFIED.,.F.,.F.)
B_SPLINE_CURVE_WITH_KNOTS((2,2),(0.,2.),.UNSPECIFIED.)
CURVE()
GEOMETRIC_REPRESENTATION_ITEM()
RATIONAL_B_SPLINE_CURVE((1.,1.))
REPRESENTATION_ITEM('')
);
#875=(
BOUNDED_CURVE()
B_SPLINE_CURVE(1,(#2194,#2195),.UNSPECIFIED.,.F.,.F.)
B_SPLINE_CURVE_WITH_KNOTS((2,2),(0.,2.),.UNSPECIFIED.)
CURVE()
GEOMETRIC_REPRESENTATION_ITEM()
RATIONAL_B_SPLINE_CURVE((1.,1.))
REPRESENTATION_ITEM('')
);
#876=(
BOUNDED_CURVE()
B_SPLINE_CURVE(1,(#2202,#2203),.UNSPECIFIED.,.F.,.F.)
B_SPLINE_CURVE_WITH_KNOTS((2,2),(0.,2.),.UNSPECIFIED.)
CURVE()
GEOMETRIC_REPRESENTATION_ITEM()
RATIONAL_B_SPLINE_CURVE((1.,1.))
REPRESENTATION_ITEM('')
);
#877=(
BOUNDED_CURVE()
B_SPLINE_CURVE(1,(#2210,#2211),.UNSPECIFIED.,.F.,.F.)
B_SPLINE_CURVE_WITH_KNOTS((2,2),(0.,2.),.UNSPECIFIED.)
CURVE()
GEOMETRIC_REPRESENTATION_ITEM()
RATIONAL_B_SPLINE_CURVE((1.,1.))
REPRESENTATION_ITEM('')
);
#878=(
BOUNDED_CURVE()
B_SPLINE_CURVE(1,(#2218,#2219),.UNSPECIFIED.,.F.,.F.)
B_SPLINE_CURVE_WITH_KNOTS((2,2),(0.,2.),.UNSPECIFIED.)
CURVE()
GEOMETRIC_REPRESENTATION_ITEM()
RATIONAL_B_SPLINE_CURVE((1.,1.))
REPRESENTATION_ITEM('')
);
#879=(
BOUNDED_CURVE()
B_SPLINE_CURVE(1,(#2226,#2227),.UNSPECIFIED.,.F.,.F.)
B_SPLINE_CURVE_WITH_KNOTS((2,2),(0.,2.),.UNSPECIFIED.)
CURVE()
GEOMETRIC_REPRESENTATION_ITEM()
RATIONAL_B_SPLINE_CURVE((1.,1.))
REPRESENTATION_ITEM('')
);
#880=(
BOUNDED_CURVE()
B_SPLINE_CURVE(1,(#2307,#2308),.UNSPECIFIED.,.F.,.F.)
B_SPLINE_CURVE_WITH_KNOTS((2,2),(2.,3.8),.UNSPECIFIED.)
CURVE()
GEOMETRIC_REPRESENTATION_ITEM()
RATIONAL_B_SPLINE_CURVE((1.,1.))
REPRESENTATION_ITEM('')
);
#881=(
BOUNDED_CURVE()
B_SPLINE_CURVE(1,(#2312,#2313),.UNSPECIFIED.,.F.,.F.)
B_SPLINE_CURVE_WITH_KNOTS((2,2),(2.,3.8),.UNSPECIFIED.)
CURVE()
GEOMETRIC_REPRESENTATION_ITEM()
RATIONAL_B_SPLINE_CURVE((1.,1.))
REPRESENTATION_ITEM('')
);
#882=(
BOUNDED_CURVE()
B_SPLINE_CURVE(1,(#2317,#2318),.UNSPECIFIED.,.F.,.F.)
B_SPLINE_CURVE_WITH_KNOTS((2,2),(2.,3.8),.UNSPECIFIED.)
CURVE()
GEOMETRIC_REPRESENTATION_ITEM()
RATIONAL_B_SPLINE_CURVE((1.,1.))
REPRESENTATION_ITEM('')
);
#883=(
BOUNDED_CURVE()
B_SPLINE_CURVE(1,(#2322,#2323),.UNSPECIFIED.,.F.,.F.)
B_SPLINE_CURVE_WITH_KNOTS((2,2),(2.,3.8),.UNSPECIFIED.)
CURVE()
GEOMETRIC_REPRESENTATION_ITEM()
RATIONAL_B_SPLINE_CURVE((1.,1.))
REPRESENTATION_ITEM('')
);
#884=(
BOUNDED_CURVE()
B_SPLINE_CURVE(1,(#2327,#2328),.UNSPECIFIED.,.F.,.F.)
B_SPLINE_CURVE_WITH_KNOTS((2,2),(2.,3.8),.UNSPECIFIED.)
CURVE()
GEOMETRIC_REPRESENTATION_ITEM()
RATIONAL_B_SPLINE_CURVE((1.,1.))
REPRESENTATION_ITEM('')
);
#885=(
BOUNDED_CURVE()
B_SPLINE_CURVE(1,(#2332,#2333),.UNSPECIFIED.,.F.,.F.)
B_SPLINE_CURVE_WITH_KNOTS((2,2),(2.,3.8),.UNSPECIFIED.)
CURVE()
GEOMETRIC_REPRESENTATION_ITEM()
RATIONAL_B_SPLINE_CURVE((1.,1.))
REPRESENTATION_ITEM('')
);
#886=(
BOUNDED_CURVE()
B_SPLINE_CURVE(1,(#2337,#2338),.UNSPECIFIED.,.F.,.F.)
B_SPLINE_CURVE_WITH_KNOTS((2,2),(2.,3.8),.UNSPECIFIED.)
CURVE()
GEOMETRIC_REPRESENTATION_ITEM()
RATIONAL_B_SPLINE_CURVE((1.,1.))
REPRESENTATION_ITEM('')
);
#887=(
BOUNDED_CURVE()
B_SPLINE_CURVE(1,(#2342,#2343),.UNSPECIFIED.,.F.,.F.)
B_SPLINE_CURVE_WITH_KNOTS((2,2),(2.,3.8),.UNSPECIFIED.)
CURVE()
GEOMETRIC_REPRESENTATION_ITEM()
RATIONAL_B_SPLINE_CURVE((1.,1.))
REPRESENTATION_ITEM('')
);
#888=(
BOUNDED_CURVE()
B_SPLINE_CURVE(1,(#2394,#2395),.UNSPECIFIED.,.F.,.F.)
B_SPLINE_CURVE_WITH_KNOTS((2,2),(2.,3.8),.UNSPECIFIED.)
CURVE()
GEOMETRIC_REPRESENTATION_ITEM()
RATIONAL_B_SPLINE_CURVE((1.,1.))
REPRESENTATION_ITEM('')
);
#889=(
BOUNDED_CURVE()
B_SPLINE_CURVE(1,(#2402,#2403),.UNSPECIFIED.,.F.,.F.)
B_SPLINE_CURVE_WITH_KNOTS((2,2),(2.,3.8),.UNSPECIFIED.)
CURVE()
GEOMETRIC_REPRESENTATION_ITEM()
RATIONAL_B_SPLINE_CURVE((1.,1.))
REPRESENTATION_ITEM('')
);
#890=(
BOUNDED_CURVE()
B_SPLINE_CURVE(1,(#2410,#2411),.UNSPECIFIED.,.F.,.F.)
B_SPLINE_CURVE_WITH_KNOTS((2,2),(2.,3.8),.UNSPECIFIED.)
CURVE()
GEOMETRIC_REPRESENTATION_ITEM()
RATIONAL_B_SPLINE_CURVE((1.,1.))
REPRESENTATION_ITEM('')
);
#891=(
BOUNDED_CURVE()
B_SPLINE_CURVE(1,(#2418,#2419),.UNSPECIFIED.,.F.,.F.)
B_SPLINE_CURVE_WITH_KNOTS((2,2),(2.,3.8),.UNSPECIFIED.)
CURVE()
GEOMETRIC_REPRESENTATION_ITEM()
RATIONAL_B_SPLINE_CURVE((1.,1.))
REPRESENTATION_ITEM('')
);
#892=(
BOUNDED_CURVE()
B_SPLINE_CURVE(1,(#2426,#2427),.UNSPECIFIED.,.F.,.F.)
B_SPLINE_CURVE_WITH_KNOTS((2,2),(2.,3.8),.UNSPECIFIED.)
CURVE()
GEOMETRIC_REPRESENTATION_ITEM()
RATIONAL_B_SPLINE_CURVE((1.,1.))
REPRESENTATION_ITEM('')
);
#893=(
BOUNDED_CURVE()
B_SPLINE_CURVE(1,(#2434,#2435),.UNSPECIFIED.,.F.,.F.)
B_SPLINE_CURVE_WITH_KNOTS((2,2),(2.,3.8),.UNSPECIFIED.)
CURVE()
GEOMETRIC_REPRESENTATION_ITEM()
RATIONAL_B_SPLINE_CURVE((1.,1.))
REPRESENTATION_ITEM('')
);
#894=(
BOUNDED_CURVE()
B_SPLINE_CURVE(1,(#2442,#2443),.UNSPECIFIED.,.F.,.F.)
B_SPLINE_CURVE_WITH_KNOTS((2,2),(2.,3.8),.UNSPECIFIED.)
CURVE()
GEOMETRIC_REPRESENTATION_ITEM()
RATIONAL_B_SPLINE_CURVE((1.,1.))
REPRESENTATION_ITEM('')
);
#895=(
BOUNDED_CURVE()
B_SPLINE_CURVE(1,(#2450,#2451),.UNSPECIFIED.,.F.,.F.)
B_SPLINE_CURVE_WITH_KNOTS((2,2),(2.,3.8),.UNSPECIFIED.)
CURVE()
GEOMETRIC_REPRESENTATION_ITEM()
RATIONAL_B_SPLINE_CURVE((1.,1.))
REPRESENTATION_ITEM('')
);
#896=TRIMMED_CURVE($,#964,(#1899),(#1900),.T.,.CARTESIAN.);
#897=TRIMMED_CURVE($,#965,(#1904),(#1905),.T.,.CARTESIAN.);
#898=TRIMMED_CURVE($,#966,(#1911),(#1912),.T.,.CARTESIAN.);
#899=TRIMMED_CURVE($,#967,(#1916),(#1917),.T.,.CARTESIAN.);
#900=TRIMMED_CURVE($,#968,(#2043),(#2044),.T.,.CARTESIAN.);
#901=TRIMMED_CURVE($,#969,(#2048),(#2049),.T.,.CARTESIAN.);
#902=TRIMMED_CURVE($,#970,(#2051),(#2052),.T.,.CARTESIAN.);
#903=TRIMMED_CURVE($,#971,(#2056),(#2057),.T.,.CARTESIAN.);
#904=TRIMMED_CURVE($,#972,(#2059),(#2060),.T.,.CARTESIAN.);
#905=TRIMMED_CURVE($,#973,(#2064),(#2065),.T.,.CARTESIAN.);
#906=TRIMMED_CURVE($,#974,(#2067),(#2068),.T.,.CARTESIAN.);
#907=TRIMMED_CURVE($,#975,(#2072),(#2073),.T.,.CARTESIAN.);
#908=TRIMMED_CURVE($,#976,(#2075),(#2076),.T.,.CARTESIAN.);
#909=TRIMMED_CURVE($,#977,(#2080),(#2081),.T.,.CARTESIAN.);
#910=TRIMMED_CURVE($,#978,(#2083),(#2084),.T.,.CARTESIAN.);
#911=TRIMMED_CURVE($,#979,(#2088),(#2089),.T.,.CARTESIAN.);
#912=TRIMMED_CURVE($,#980,(#2091),(#2092),.T.,.CARTESIAN.);
#913=TRIMMED_CURVE($,#981,(#2096),(#2097),.T.,.CARTESIAN.);
#914=TRIMMED_CURVE($,#982,(#2099),(#2100),.T.,.CARTESIAN.);
#915=TRIMMED_CURVE($,#983,(#2104),(#2105),.T.,.CARTESIAN.);
#916=TRIMMED_CURVE($,#984,(#2173),(#2174),.T.,.CARTESIAN.);
#917=TRIMMED_CURVE($,#985,(#2176),(#2177),.T.,.CARTESIAN.);
#918=TRIMMED_CURVE($,#986,(#2181),(#2182),.T.,.CARTESIAN.);
#919=TRIMMED_CURVE($,#987,(#2184),(#2185),.T.,.CARTESIAN.);
#920=TRIMMED_CURVE($,#988,(#2189),(#2190),.T.,.CARTESIAN.);
#921=TRIMMED_CURVE($,#989,(#2192),(#2193),.T.,.CARTESIAN.);
#922=TRIMMED_CURVE($,#990,(#2197),(#2198),.T.,.CARTESIAN.);
#923=TRIMMED_CURVE($,#991,(#2200),(#2201),.T.,.CARTESIAN.);
#924=TRIMMED_CURVE($,#992,(#2205),(#2206),.T.,.CARTESIAN.);
#925=TRIMMED_CURVE($,#993,(#2208),(#2209),.T.,.CARTESIAN.);
#926=TRIMMED_CURVE($,#994,(#2213),(#2214),.T.,.CARTESIAN.);
#927=TRIMMED_CURVE($,#995,(#2216),(#2217),.T.,.CARTESIAN.);
#928=TRIMMED_CURVE($,#996,(#2221),(#2222),.T.,.CARTESIAN.);
#929=TRIMMED_CURVE($,#997,(#2224),(#2225),.T.,.CARTESIAN.);
#930=TRIMMED_CURVE($,#998,(#2229),(#2230),.T.,.CARTESIAN.);
#931=TRIMMED_CURVE($,#999,(#2232),(#2233),.T.,.CARTESIAN.);
#932=TRIMMED_CURVE($,#1000,(#2305),(#2306),.T.,.CARTESIAN.);
#933=TRIMMED_CURVE($,#1001,(#2310),(#2311),.T.,.CARTESIAN.);
#934=TRIMMED_CURVE($,#1002,(#2315),(#2316),.T.,.CARTESIAN.);
#935=TRIMMED_CURVE($,#1003,(#2320),(#2321),.T.,.CARTESIAN.);
#936=TRIMMED_CURVE($,#1004,(#2325),(#2326),.T.,.CARTESIAN.);
#937=TRIMMED_CURVE($,#1005,(#2330),(#2331),.T.,.CARTESIAN.);
#938=TRIMMED_CURVE($,#1006,(#2335),(#2336),.T.,.CARTESIAN.);
#939=TRIMMED_CURVE($,#1007,(#2340),(#2341),.T.,.CARTESIAN.);
#940=TRIMMED_CURVE($,#1008,(#2371),(#2372),.T.,.CARTESIAN.);
#941=TRIMMED_CURVE($,#1009,(#2374),(#2375),.T.,.CARTESIAN.);
#942=TRIMMED_CURVE($,#1010,(#2377),(#2378),.T.,.CARTESIAN.);
#943=TRIMMED_CURVE($,#1011,(#2380),(#2381),.T.,.CARTESIAN.);
#944=TRIMMED_CURVE($,#1012,(#2383),(#2384),.T.,.CARTESIAN.);
#945=TRIMMED_CURVE($,#1013,(#2386),(#2387),.T.,.CARTESIAN.);
#946=TRIMMED_CURVE($,#1014,(#2389),(#2390),.T.,.CARTESIAN.);
#947=TRIMMED_CURVE($,#1015,(#2392),(#2393),.T.,.CARTESIAN.);
#948=TRIMMED_CURVE($,#1016,(#2397),(#2398),.T.,.CARTESIAN.);
#949=TRIMMED_CURVE($,#1017,(#2400),(#2401),.T.,.CARTESIAN.);
#950=TRIMMED_CURVE($,#1018,(#2405),(#2406),.T.,.CARTESIAN.);
#951=TRIMMED_CURVE($,#1019,(#2408),(#2409),.T.,.CARTESIAN.);
#952=TRIMMED_CURVE($,#1020,(#2413),(#2414),.T.,.CARTESIAN.);
#953=TRIMMED_CURVE($,#1021,(#2416),(#2417),.T.,.CARTESIAN.);
#954=TRIMMED_CURVE($,#1022,(#2421),(#2422),.T.,.CARTESIAN.);
#955=TRIMMED_CURVE($,#1023,(#2424),(#2425),.T.,.CARTESIAN.);
#956=TRIMMED_CURVE($,#1024,(#2429),(#2430),.T.,.CARTESIAN.);
#957=TRIMMED_CURVE($,#1025,(#2432),(#2433),.T.,.CARTESIAN.);
#958=TRIMMED_CURVE($,#1026,(#2437),(#2438),.T.,.CARTESIAN.);
#959=TRIMMED_CURVE($,#1027,(#2440),(#2441),.T.,.CARTESIAN.);
#960=TRIMMED_CURVE($,#1028,(#2445),(#2446),.T.,.CARTESIAN.);
#961=TRIMMED_CURVE($,#1029,(#2448),(#2449),.T.,.CARTESIAN.);
#962=TRIMMED_CURVE($,#1030,(#2453),(#2454),.T.,.CARTESIAN.);
#963=TRIMMED_CURVE($,#1031,(#2456),(#2457),.T.,.CARTESIAN.);
#964=CIRCLE('',#1431,1.8);
#965=CIRCLE('',#1432,1.8);
#966=CIRCLE('',#1433,1.8);
#967=CIRCLE('',#1434,1.8);
#968=CIRCLE('',#1473,3.535);
#969=CIRCLE('',#1474,3.535);
#970=CIRCLE('',#1475,3.535);
#971=CIRCLE('',#1476,3.535);
#972=CIRCLE('',#1477,3.535);
#973=CIRCLE('',#1478,3.535);
#974=CIRCLE('',#1479,3.535);
#975=CIRCLE('',#1480,3.535);
#976=CIRCLE('',#1481,3.535);
#977=CIRCLE('',#1482,3.535);
#978=CIRCLE('',#1483,3.535);
#979=CIRCLE('',#1484,3.535);
#980=CIRCLE('',#1485,3.535);
#981=CIRCLE('',#1486,3.535);
#982=CIRCLE('',#1487,3.535);
#983=CIRCLE('',#1488,3.535);
#984=CIRCLE('',#1489,3.535);
#985=CIRCLE('',#1490,3.535);
#986=CIRCLE('',#1491,3.535);
#987=CIRCLE('',#1492,3.535);
#988=CIRCLE('',#1493,3.535);
#989=CIRCLE('',#1494,3.535);
#990=CIRCLE('',#1495,3.535);
#991=CIRCLE('',#1496,3.535);
#992=CIRCLE('',#1497,3.535);
#993=CIRCLE('',#1498,3.535);
#994=CIRCLE('',#1499,3.535);
#995=CIRCLE('',#1500,3.535);
#996=CIRCLE('',#1501,3.535);
#997=CIRCLE('',#1502,3.535);
#998=CIRCLE('',#1503,3.535);
#999=CIRCLE('',#1504,3.535);
#1000=CIRCLE('',#1535,3.38461538461539);
#1001=CIRCLE('',#1536,3.38461538461539);
#1002=CIRCLE('',#1537,3.38461538461539);
#1003=CIRCLE('',#1538,3.38461538461539);
#1004=CIRCLE('',#1539,3.38461538461539);
#1005=CIRCLE('',#1540,3.38461538461539);
#1006=CIRCLE('',#1541,3.38461538461539);
#1007=CIRCLE('',#1542,3.38461538461539);
#1008=CIRCLE('',#1543,3.38461538461539);
#1009=CIRCLE('',#1544,3.38461538461539);
#1010=CIRCLE('',#1545,3.38461538461539);
#1011=CIRCLE('',#1546,3.38461538461539);
#1012=CIRCLE('',#1547,3.38461538461539);
#1013=CIRCLE('',#1548,3.38461538461539);
#1014=CIRCLE('',#1549,3.38461538461551);
#1015=CIRCLE('',#1550,3.3846153846154);
#1016=CIRCLE('',#1551,3.38461538461539);
#1017=CIRCLE('',#1552,3.3846153846155);
#1018=CIRCLE('',#1553,3.38461538461539);
#1019=CIRCLE('',#1554,3.38461538461539);
#1020=CIRCLE('',#1555,3.38461538461539);
#1021=CIRCLE('',#1556,3.38461538461539);
#1022=CIRCLE('',#1557,3.38461538461539);
#1023=CIRCLE('',#1558,3.38461538461539);
#1024=CIRCLE('',#1559,3.38461538461539);
#1025=CIRCLE('',#1560,3.38461538461539);
#1026=CIRCLE('',#1561,3.38461538461539);
#1027=CIRCLE('',#1562,3.38461538461539);
#1028=CIRCLE('',#1563,3.38461538461539);
#1029=CIRCLE('',#1564,3.38461538461539);
#1030=CIRCLE('',#1565,3.38461538461539);
#1031=CIRCLE('',#1566,3.3846153846154);
#1032=VERTEX_POINT('',#1822);
#1033=VERTEX_POINT('',#1823);
#1034=VERTEX_POINT('',#1824);
#1035=VERTEX_POINT('',#1825);
#1036=VERTEX_POINT('',#1826);
#1037=VERTEX_POINT('',#1827);
#1038=VERTEX_POINT('',#1828);
#1039=VERTEX_POINT('',#1829);
#1040=VERTEX_POINT('',#1830);
#1041=VERTEX_POINT('',#1831);
#1042=VERTEX_POINT('',#1832);
#1043=VERTEX_POINT('',#1833);
#1044=VERTEX_POINT('',#1834);
#1045=VERTEX_POINT('',#1835);
#1046=VERTEX_POINT('',#1836);
#1047=VERTEX_POINT('',#1837);
#1048=VERTEX_POINT('',#1838);
#1049=VERTEX_POINT('',#1839);
#1050=VERTEX_POINT('',#1840);
#1051=VERTEX_POINT('',#1841);
#1052=VERTEX_POINT('',#1842);
#1053=VERTEX_POINT('',#1843);
#1054=VERTEX_POINT('',#1844);
#1055=VERTEX_POINT('',#1845);
#1056=VERTEX_POINT('',#1846);
#1057=VERTEX_POINT('',#1847);
#1058=VERTEX_POINT('',#1848);
#1059=VERTEX_POINT('',#1849);
#1060=VERTEX_POINT('',#1976);
#1061=VERTEX_POINT('',#1977);
#1062=VERTEX_POINT('',#1978);
#1063=VERTEX_POINT('',#1979);
#1064=VERTEX_POINT('',#1980);
#1065=VERTEX_POINT('',#1981);
#1066=VERTEX_POINT('',#1982);
#1067=VERTEX_POINT('',#1983);
#1068=VERTEX_POINT('',#1984);
#1069=VERTEX_POINT('',#1985);
#1070=VERTEX_POINT('',#1986);
#1071=VERTEX_POINT('',#1987);
#1072=VERTEX_POINT('',#1988);
#1073=VERTEX_POINT('',#1989);
#1074=VERTEX_POINT('',#1990);
#1075=VERTEX_POINT('',#1991);
#1076=VERTEX_POINT('',#1992);
#1077=VERTEX_POINT('',#1993);
#1078=VERTEX_POINT('',#1994);
#1079=VERTEX_POINT('',#1995);
#1080=VERTEX_POINT('',#1996);
#1081=VERTEX_POINT('',#1997);
#1082=VERTEX_POINT('',#1998);
#1083=VERTEX_POINT('',#1999);
#1084=VERTEX_POINT('',#2000);
#1085=VERTEX_POINT('',#2001);
#1086=VERTEX_POINT('',#2002);
#1087=VERTEX_POINT('',#2003);
#1088=VERTEX_POINT('',#2004);
#1089=VERTEX_POINT('',#2005);
#1090=VERTEX_POINT('',#2006);
#1091=VERTEX_POINT('',#2007);
#1092=VERTEX_POINT('',#2008);
#1093=VERTEX_POINT('',#2009);
#1094=VERTEX_POINT('',#2010);
#1095=VERTEX_POINT('',#2011);
#1096=VERTEX_POINT('',#2012);
#1097=VERTEX_POINT('',#2013);
#1098=VERTEX_POINT('',#2014);
#1099=VERTEX_POINT('',#2015);
#1100=VERTEX_POINT('',#2016);
#1101=VERTEX_POINT('',#2017);
#1102=VERTEX_POINT('',#2018);
#1103=VERTEX_POINT('',#2019);
#1104=VERTEX_POINT('',#2020);
#1105=VERTEX_POINT('',#2021);
#1106=VERTEX_POINT('',#2022);
#1107=VERTEX_POINT('',#2023);
#1108=VERTEX_POINT('',#2024);
#1109=VERTEX_POINT('',#2025);
#1110=VERTEX_POINT('',#2026);
#1111=VERTEX_POINT('',#2027);
#1112=VERTEX_POINT('',#2028);
#1113=VERTEX_POINT('',#2029);
#1114=VERTEX_POINT('',#2030);
#1115=VERTEX_POINT('',#2031);
#1116=VERTEX_POINT('',#2264);
#1117=VERTEX_POINT('',#2265);
#1118=VERTEX_POINT('',#2266);
#1119=VERTEX_POINT('',#2267);
#1120=VERTEX_POINT('',#2268);
#1121=VERTEX_POINT('',#2269);
#1122=VERTEX_POINT('',#2270);
#1123=VERTEX_POINT('',#2271);
#1124=VERTEX_POINT('',#2272);
#1125=VERTEX_POINT('',#2273);
#1126=VERTEX_POINT('',#2274);
#1127=VERTEX_POINT('',#2275);
#1128=VERTEX_POINT('',#2276);
#1129=VERTEX_POINT('',#2277);
#1130=VERTEX_POINT('',#2278);
#1131=VERTEX_POINT('',#2279);
#1132=VERTEX_POINT('',#2280);
#1133=VERTEX_POINT('',#2281);
#1134=VERTEX_POINT('',#2282);
#1135=VERTEX_POINT('',#2283);
#1136=VERTEX_POINT('',#2284);
#1137=VERTEX_POINT('',#2285);
#1138=VERTEX_POINT('',#2286);
#1139=VERTEX_POINT('',#2287);
#1140=VERTEX_POINT('',#2288);
#1141=VERTEX_POINT('',#2289);
#1142=VERTEX_POINT('',#2290);
#1143=VERTEX_POINT('',#2291);
#1144=VERTEX_POINT('',#2292);
#1145=VERTEX_POINT('',#2293);
#1146=VERTEX_POINT('',#2294);
#1147=VERTEX_POINT('',#2295);
#1148=VERTEX_POINT('',#2296);
#1149=VERTEX_POINT('',#2297);
#1150=VERTEX_POINT('',#2298);
#1151=VERTEX_POINT('',#2299);
#1152=VERTEX_POINT('',#2300);
#1153=VERTEX_POINT('',#2301);
#1154=VERTEX_POINT('',#2302);
#1155=VERTEX_POINT('',#2303);
#1156=CYLINDRICAL_SURFACE('',#1426,1.8);
#1157=CYLINDRICAL_SURFACE('',#1429,1.8);
#1158=CYLINDRICAL_SURFACE('',#1436,3.535);
#1159=CYLINDRICAL_SURFACE('',#1437,3.535);
#1160=CYLINDRICAL_SURFACE('',#1438,3.535);
#1161=CYLINDRICAL_SURFACE('',#1439,3.535);
#1162=CYLINDRICAL_SURFACE('',#1440,3.535);
#1163=CYLINDRICAL_SURFACE('',#1441,3.535);
#1164=CYLINDRICAL_SURFACE('',#1442,3.535);
#1165=CYLINDRICAL_SURFACE('',#1443,3.535);
#1166=CYLINDRICAL_SURFACE('',#1465,3.535);
#1167=CYLINDRICAL_SURFACE('',#1466,3.535);
#1168=CYLINDRICAL_SURFACE('',#1467,3.535);
#1169=CYLINDRICAL_SURFACE('',#1468,3.535);
#1170=CYLINDRICAL_SURFACE('',#1469,3.535);
#1171=CYLINDRICAL_SURFACE('',#1470,3.535);
#1172=CYLINDRICAL_SURFACE('',#1471,3.535);
#1173=CYLINDRICAL_SURFACE('',#1472,3.535);
#1174=CYLINDRICAL_SURFACE('',#1505,3.38461538461539);
#1175=CYLINDRICAL_SURFACE('',#1506,3.38461538461539);
#1176=CYLINDRICAL_SURFACE('',#1507,3.38461538461539);
#1177=CYLINDRICAL_SURFACE('',#1508,3.38461538461539);
#1178=CYLINDRICAL_SURFACE('',#1509,3.38461538461539);
#1179=CYLINDRICAL_SURFACE('',#1510,3.38461538461539);
#1180=CYLINDRICAL_SURFACE('',#1511,3.38461538461539);
#1181=CYLINDRICAL_SURFACE('',#1512,3.38461538461539);
#1182=CYLINDRICAL_SURFACE('',#1527,3.38461538461539);
#1183=CYLINDRICAL_SURFACE('',#1528,3.38461538461539);
#1184=CYLINDRICAL_SURFACE('',#1529,3.38461538461539);
#1185=CYLINDRICAL_SURFACE('',#1530,3.38461538461539);
#1186=CYLINDRICAL_SURFACE('',#1531,3.38461538461539);
#1187=CYLINDRICAL_SURFACE('',#1532,3.38461538461539);
#1188=CYLINDRICAL_SURFACE('',#1533,3.38461538461539);
#1189=CYLINDRICAL_SURFACE('',#1534,3.38461538461539);
#1190=PLANE('',#1415);
#1191=PLANE('',#1416);
#1192=PLANE('',#1417);
#1193=PLANE('',#1418);
#1194=PLANE('',#1419);
#1195=PLANE('',#1420);
#1196=PLANE('',#1421);
#1197=PLANE('',#1422);
#1198=PLANE('',#1423);
#1199=PLANE('',#1424);
#1200=PLANE('',#1425);
#1201=PLANE('',#1427);
#1202=PLANE('',#1428);
#1203=PLANE('',#1430);
#1204=PLANE('',#1435);
#1205=PLANE('',#1444);
#1206=PLANE('',#1445);
#1207=PLANE('',#1446);
#1208=PLANE('',#1447);
#1209=PLANE('',#1448);
#1210=PLANE('',#1449);
#1211=PLANE('',#1450);
#1212=PLANE('',#1451);
#1213=PLANE('',#1452);
#1214=PLANE('',#1453);
#1215=PLANE('',#1454);
#1216=PLANE('',#1455);
#1217=PLANE('',#1456);
#1218=PLANE('',#1457);
#1219=PLANE('',#1458);
#1220=PLANE('',#1459);
#1221=PLANE('',#1460);
#1222=PLANE('',#1461);
#1223=PLANE('',#1462);
#1224=PLANE('',#1463);
#1225=PLANE('',#1464);
#1226=PLANE('',#1513);
#1227=PLANE('',#1514);
#1228=PLANE('',#1515);
#1229=PLANE('',#1516);
#1230=PLANE('',#1517);
#1231=PLANE('',#1518);
#1232=PLANE('',#1519);
#1233=PLANE('',#1520);
#1234=PLANE('',#1521);
#1235=PLANE('',#1522);
#1236=PLANE('',#1523);
#1237=PLANE('',#1524);
#1238=PLANE('',#1525);
#1239=PLANE('',#1526);
#1240=GEOMETRIC_CURVE_SET('curve_set_0',(#1242,#1243));
#1241=GEOMETRICALLY_BOUNDED_WIREFRAME_SHAPE_REPRESENTATION(
'wireframe_rep_0',(#1240,#1567),#1412);
#1242=B_SPLINE_CURVE_WITH_KNOTS('',1,(#1796,#1797,#1798,#1799,#1800),
 .UNSPECIFIED.,.T.,.F.,(2,1,1,1,2),(2.,42.,60.,100.,118.),.UNSPECIFIED.);
#1243=B_SPLINE_CURVE_WITH_KNOTS('',1,(#1801,#1802,#1803,#1804,#1805),
 .UNSPECIFIED.,.T.,.F.,(2,1,1,1,2),(4.02020202020202,39.979797979798,54.3434343434343,
90.3030303030303,104.666666666667),.UNSPECIFIED.);
#1244=B_SPLINE_CURVE_WITH_KNOTS('',1,(#1850,#1851),.UNSPECIFIED.,.F.,.F.,
(2,2),(2.,42.),.UNSPECIFIED.);
#1245=B_SPLINE_CURVE_WITH_KNOTS('',1,(#1852,#1853),.UNSPECIFIED.,.F.,.F.,
(2,2),(0.,17.6),.UNSPECIFIED.);
#1246=B_SPLINE_CURVE_WITH_KNOTS('',1,(#1854,#1855),.UNSPECIFIED.,.F.,.F.,
(2,2),(2.,19.4747474747475),.UNSPECIFIED.);
#1247=B_SPLINE_CURVE_WITH_KNOTS('',1,(#1856,#1857),.UNSPECIFIED.,.F.,.F.,
(2,2),(0.,17.6),.UNSPECIFIED.);
#1248=B_SPLINE_CURVE_WITH_KNOTS('',1,(#1858,#1859),.UNSPECIFIED.,.F.,.F.,
(2,2),(42.,60.),.UNSPECIFIED.);
#1249=B_SPLINE_CURVE_WITH_KNOTS('',1,(#1860,#1861),.UNSPECIFIED.,.F.,.F.,
(2,2),(0.,17.6),.UNSPECIFIED.);
#1250=B_SPLINE_CURVE_WITH_KNOTS('',1,(#1862,#1863),.UNSPECIFIED.,.F.,.F.,
(2,2),(42.,60.),.UNSPECIFIED.);
#1251=B_SPLINE_CURVE_WITH_KNOTS('',1,(#1864,#1865),.UNSPECIFIED.,.F.,.F.,
(2,2),(60.,100.),.UNSPECIFIED.);
#1252=B_SPLINE_CURVE_WITH_KNOTS('',1,(#1866,#1867),.UNSPECIFIED.,.F.,.F.,
(2,2),(0.,17.6),.UNSPECIFIED.);
#1253=B_SPLINE_CURVE_WITH_KNOTS('',1,(#1868,#1869),.UNSPECIFIED.,.F.,.F.,
(2,2),(60.,100.),.UNSPECIFIED.);
#1254=B_SPLINE_CURVE_WITH_KNOTS('',1,(#1870,#1871),.UNSPECIFIED.,.F.,.F.,
(2,2),(100.,118.),.UNSPECIFIED.);
#1255=B_SPLINE_CURVE_WITH_KNOTS('',1,(#1872,#1873),.UNSPECIFIED.,.F.,.F.,
(2,2),(100.,118.),.UNSPECIFIED.);
#1256=B_SPLINE_CURVE_WITH_KNOTS('',1,(#1874,#1875),.UNSPECIFIED.,.F.,.F.,
(2,2),(4.02020202020202,39.979797979798),.UNSPECIFIED.);
#1257=B_SPLINE_CURVE_WITH_KNOTS('',1,(#1876,#1877),.UNSPECIFIED.,.F.,.F.,
(2,2),(0.,15.6),.UNSPECIFIED.);
#1258=B_SPLINE_CURVE_WITH_KNOTS('',1,(#1878,#1879),.UNSPECIFIED.,.F.,.F.,
(2,2),(0.,15.6),.UNSPECIFIED.);
#1259=B_SPLINE_CURVE_WITH_KNOTS('',1,(#1880,#1881),.UNSPECIFIED.,.F.,.F.,
(2,2),(39.979797979798,54.3434343434343),.UNSPECIFIED.);
#1260=B_SPLINE_CURVE_WITH_KNOTS('',1,(#1882,#1883),.UNSPECIFIED.,.F.,.F.,
(2,2),(0.,15.6),.UNSPECIFIED.);
#1261=B_SPLINE_CURVE_WITH_KNOTS('',1,(#1884,#1885),.UNSPECIFIED.,.F.,.F.,
(2,2),(54.3434343434343,90.3030303030303),.UNSPECIFIED.);
#1262=B_SPLINE_CURVE_WITH_KNOTS('',1,(#1886,#1887),.UNSPECIFIED.,.F.,.F.,
(2,2),(0.,15.6),.UNSPECIFIED.);
#1263=B_SPLINE_CURVE_WITH_KNOTS('',1,(#1888,#1889),.UNSPECIFIED.,.F.,.F.,
(2,2),(90.3030303030303,104.666666666667),.UNSPECIFIED.);
#1264=B_SPLINE_CURVE_WITH_KNOTS('',1,(#1890,#1891),.UNSPECIFIED.,.F.,.F.,
(2,2),(4.02020202020202,19.4747474747475),.UNSPECIFIED.);
#1265=B_SPLINE_CURVE_WITH_KNOTS('',1,(#1892,#1893),.UNSPECIFIED.,.F.,.F.,
(2,2),(39.979797979798,54.3434343434343),.UNSPECIFIED.);
#1266=B_SPLINE_CURVE_WITH_KNOTS('',1,(#1894,#1895),.UNSPECIFIED.,.F.,.F.,
(2,2),(54.3434343434343,90.3030303030303),.UNSPECIFIED.);
#1267=B_SPLINE_CURVE_WITH_KNOTS('',1,(#1896,#1897),.UNSPECIFIED.,.F.,.F.,
(2,2),(90.3030303030303,104.666666666667),.UNSPECIFIED.);
#1268=B_SPLINE_CURVE_WITH_KNOTS('',1,(#1908,#1909),.UNSPECIFIED.,.F.,.F.,
(2,2),(0.,2.),.UNSPECIFIED.);
#1269=B_SPLINE_CURVE_WITH_KNOTS('',1,(#1918,#1919),.UNSPECIFIED.,.F.,.F.,
(2,2),(-37.4274333882308,-36.7274333882308),.UNSPECIFIED.);
#1270=B_SPLINE_CURVE_WITH_KNOTS('',1,(#1920,#1921),.UNSPECIFIED.,.F.,.F.,
(2,2),(-26.7274333882308,-26.0274333882308),.UNSPECIFIED.);
#1271=B_SPLINE_CURVE_WITH_KNOTS('',1,(#1922,#1923),.UNSPECIFIED.,.F.,.F.,
(2,2),(-23.2,-21.8),.UNSPECIFIED.);
#1272=B_SPLINE_CURVE_WITH_KNOTS('',1,(#1924,#1925),.UNSPECIFIED.,.F.,.F.,
(2,2),(-6.66133814775094E-16,2.),.UNSPECIFIED.);
#1273=B_SPLINE_CURVE_WITH_KNOTS('',1,(#1926,#1927),.UNSPECIFIED.,.F.,.F.,
(2,2),(-2.,6.66133814775094E-16),.UNSPECIFIED.);
#1274=B_SPLINE_CURVE_WITH_KNOTS('',1,(#1928,#1929),.UNSPECIFIED.,.F.,.F.,
(2,2),(-37.4274333882308,-36.7274333882308),.UNSPECIFIED.);
#1275=B_SPLINE_CURVE_WITH_KNOTS('',1,(#1930,#1931),.UNSPECIFIED.,.F.,.F.,
(2,2),(-26.7274333882308,-26.0274333882308),.UNSPECIFIED.);
#1276=B_SPLINE_CURVE_WITH_KNOTS('',1,(#1932,#1933),.UNSPECIFIED.,.F.,.F.,
(2,2),(-23.2,-21.8),.UNSPECIFIED.);
#1277=B_SPLINE_CURVE_WITH_KNOTS('',1,(#1934,#1935),.UNSPECIFIED.,.F.,.F.,
(2,2),(24.5252525252525,42.),.UNSPECIFIED.);
#1278=B_SPLINE_CURVE_WITH_KNOTS('',1,(#1936,#1937),.UNSPECIFIED.,.F.,.F.,
(2,2),(24.5252525252525,39.979797979798),.UNSPECIFIED.);
#1279=B_SPLINE_CURVE_WITH_KNOTS('',1,(#2032,#2033),.UNSPECIFIED.,.F.,.F.,
(2,2),(0.,22.),.UNSPECIFIED.);
#1280=B_SPLINE_CURVE_WITH_KNOTS('',1,(#2034,#2035),.UNSPECIFIED.,.F.,.F.,
(2,2),(0.,22.),.UNSPECIFIED.);
#1281=B_SPLINE_CURVE_WITH_KNOTS('',1,(#2036,#2037),.UNSPECIFIED.,.F.,.F.,
(2,2),(-44.,0.),.UNSPECIFIED.);
#1282=B_SPLINE_CURVE_WITH_KNOTS('',1,(#2038,#2039,#2040,#2041),
 .UNSPECIFIED.,.F.,.F.,(2,1,1,2),(-44.,-43.,-0.999999999999984,0.),
 .UNSPECIFIED.);
#1283=B_SPLINE_CURVE_WITH_KNOTS('',1,(#2106,#2107),.UNSPECIFIED.,.F.,.F.,
(2,2),(0.,1.),.UNSPECIFIED.);
#1284=B_SPLINE_CURVE_WITH_KNOTS('',1,(#2108,#2109),.UNSPECIFIED.,.F.,.F.,
(2,2),(44.,66.),.UNSPECIFIED.);
#1285=B_SPLINE_CURVE_WITH_KNOTS('',1,(#2110,#2111),.UNSPECIFIED.,.F.,.F.,
(2,2),(66.,110.),.UNSPECIFIED.);
#1286=B_SPLINE_CURVE_WITH_KNOTS('',1,(#2112,#2113),.UNSPECIFIED.,.F.,.F.,
(2,2),(110.,132.),.UNSPECIFIED.);
#1287=B_SPLINE_CURVE_WITH_KNOTS('',1,(#2114,#2115),.UNSPECIFIED.,.F.,.F.,
(2,2),(-60.,-42.),.UNSPECIFIED.);
#1288=B_SPLINE_CURVE_WITH_KNOTS('',1,(#2116,#2117),.UNSPECIFIED.,.F.,.F.,
(2,2),(-100.,-60.),.UNSPECIFIED.);
#1289=B_SPLINE_CURVE_WITH_KNOTS('',1,(#2118,#2119),.UNSPECIFIED.,.F.,.F.,
(2,2),(0.,20.),.UNSPECIFIED.);
#1290=B_SPLINE_CURVE_WITH_KNOTS('',1,(#2120,#2121),.UNSPECIFIED.,.F.,.F.,
(2,2),(1.99999999999999,42.),.UNSPECIFIED.);
#1291=B_SPLINE_CURVE_WITH_KNOTS('',1,(#2122,#2123),.UNSPECIFIED.,.F.,.F.,
(2,2),(2.,20.),.UNSPECIFIED.);
#1292=B_SPLINE_CURVE_WITH_KNOTS('',1,(#2124,#2125),.UNSPECIFIED.,.F.,.F.,
(2,2),(2.,20.),.UNSPECIFIED.);
#1293=B_SPLINE_CURVE_WITH_KNOTS('',1,(#2126,#2127),.UNSPECIFIED.,.F.,.F.,
(2,2),(2.,20.),.UNSPECIFIED.);
#1294=B_SPLINE_CURVE_WITH_KNOTS('',1,(#2128,#2129),.UNSPECIFIED.,.F.,.F.,
(2,2),(2.,20.),.UNSPECIFIED.);
#1295=B_SPLINE_CURVE_WITH_KNOTS('',1,(#2130,#2131),.UNSPECIFIED.,.F.,.F.,
(2,2),(42.,60.),.UNSPECIFIED.);
#1296=B_SPLINE_CURVE_WITH_KNOTS('',1,(#2132,#2133),.UNSPECIFIED.,.F.,.F.,
(2,2),(0.,2.),.UNSPECIFIED.);
#1297=B_SPLINE_CURVE_WITH_KNOTS('',1,(#2134,#2135),.UNSPECIFIED.,.F.,.F.,
(2,2),(60.,100.),.UNSPECIFIED.);
#1298=B_SPLINE_CURVE_WITH_KNOTS('',1,(#2136,#2137),.UNSPECIFIED.,.F.,.F.,
(2,2),(0.,2.),.UNSPECIFIED.);
#1299=B_SPLINE_CURVE_WITH_KNOTS('',1,(#2138,#2139),.UNSPECIFIED.,.F.,.F.,
(2,2),(100.,118.),.UNSPECIFIED.);
#1300=B_SPLINE_CURVE_WITH_KNOTS('',1,(#2140,#2141),.UNSPECIFIED.,.F.,.F.,
(2,2),(42.,60.),.UNSPECIFIED.);
#1301=B_SPLINE_CURVE_WITH_KNOTS('',1,(#2142,#2143),.UNSPECIFIED.,.F.,.F.,
(2,2),(60.,100.),.UNSPECIFIED.);
#1302=B_SPLINE_CURVE_WITH_KNOTS('',1,(#2144,#2145),.UNSPECIFIED.,.F.,.F.,
(2,2),(100.,118.),.UNSPECIFIED.);
#1303=B_SPLINE_CURVE_WITH_KNOTS('',1,(#2146,#2147),.UNSPECIFIED.,.F.,.F.,
(2,2),(42.,60.),.UNSPECIFIED.);
#1304=B_SPLINE_CURVE_WITH_KNOTS('',1,(#2148,#2149),.UNSPECIFIED.,.F.,.F.,
(2,2),(-41.,-0.999999999999974),.UNSPECIFIED.);
#1305=B_SPLINE_CURVE_WITH_KNOTS('',1,(#2150,#2151),.UNSPECIFIED.,.F.,.F.,
(2,2),(-20.,6.66133814775094E-16),.UNSPECIFIED.);
#1306=B_SPLINE_CURVE_WITH_KNOTS('',1,(#2152,#2153),.UNSPECIFIED.,.F.,.F.,
(2,2),(2.,2.95238095238095),.UNSPECIFIED.);
#1307=B_SPLINE_CURVE_WITH_KNOTS('',1,(#2154,#2155),.UNSPECIFIED.,.F.,.F.,
(2,2),(41.0476190476191,42.),.UNSPECIFIED.);
#1308=B_SPLINE_CURVE_WITH_KNOTS('',1,(#2156,#2157),.UNSPECIFIED.,.F.,.F.,
(2,2),(0.,2.),.UNSPECIFIED.);
#1309=B_SPLINE_CURVE_WITH_KNOTS('',1,(#2158,#2159),.UNSPECIFIED.,.F.,.F.,
(2,2),(0.,2.),.UNSPECIFIED.);
#1310=B_SPLINE_CURVE_WITH_KNOTS('',1,(#2160,#2161),.UNSPECIFIED.,.F.,.F.,
(2,2),(43.,44.),.UNSPECIFIED.);
#1311=B_SPLINE_CURVE_WITH_KNOTS('',1,(#2162,#2163),.UNSPECIFIED.,.F.,.F.,
(2,2),(0.,24.),.UNSPECIFIED.);
#1312=B_SPLINE_CURVE_WITH_KNOTS('',1,(#2164,#2165),.UNSPECIFIED.,.F.,.F.,
(2,2),(0.,24.),.UNSPECIFIED.);
#1313=B_SPLINE_CURVE_WITH_KNOTS('',1,(#2166,#2167),.UNSPECIFIED.,.F.,.F.,
(2,2),(0.,24.),.UNSPECIFIED.);
#1314=B_SPLINE_CURVE_WITH_KNOTS('',1,(#2168,#2169),.UNSPECIFIED.,.F.,.F.,
(2,2),(0.,24.),.UNSPECIFIED.);
#1315=B_SPLINE_CURVE_WITH_KNOTS('',1,(#2344,#2345),.UNSPECIFIED.,.F.,.F.,
(2,2),(0.,2.),.UNSPECIFIED.);
#1316=B_SPLINE_CURVE_WITH_KNOTS('',1,(#2346,#2347),.UNSPECIFIED.,.F.,.F.,
(2,2),(0.,2.),.UNSPECIFIED.);
#1317=B_SPLINE_CURVE_WITH_KNOTS('',1,(#2348,#2349),.UNSPECIFIED.,.F.,.F.,
(2,2),(0.,2.),.UNSPECIFIED.);
#1318=B_SPLINE_CURVE_WITH_KNOTS('',1,(#2350,#2351),.UNSPECIFIED.,.F.,.F.,
(2,2),(0.,2.),.UNSPECIFIED.);
#1319=B_SPLINE_CURVE_WITH_KNOTS('',1,(#2352,#2353),.UNSPECIFIED.,.F.,.F.,
(2,2),(42.,60.),.UNSPECIFIED.);
#1320=B_SPLINE_CURVE_WITH_KNOTS('',1,(#2354,#2355),.UNSPECIFIED.,.F.,.F.,
(2,2),(60.,100.),.UNSPECIFIED.);
#1321=B_SPLINE_CURVE_WITH_KNOTS('',1,(#2356,#2357),.UNSPECIFIED.,.F.,.F.,
(2,2),(100.,118.),.UNSPECIFIED.);
#1322=B_SPLINE_CURVE_WITH_KNOTS('',1,(#2358,#2359),.UNSPECIFIED.,.F.,.F.,
(2,2),(42.,60.),.UNSPECIFIED.);
#1323=B_SPLINE_CURVE_WITH_KNOTS('',1,(#2360,#2361),.UNSPECIFIED.,.F.,.F.,
(2,2),(60.,100.),.UNSPECIFIED.);
#1324=B_SPLINE_CURVE_WITH_KNOTS('',1,(#2362,#2363),.UNSPECIFIED.,.F.,.F.,
(2,2),(100.,118.),.UNSPECIFIED.);
#1325=B_SPLINE_CURVE_WITH_KNOTS('',1,(#2364,#2365),.UNSPECIFIED.,.F.,.F.,
(2,2),(865.090909090909,1162.90909090909),.UNSPECIFIED.);
#1326=B_SPLINE_CURVE_WITH_KNOTS('',1,(#2366,#2367,#2368,#2369),
 .UNSPECIFIED.,.F.,.F.,(2,1,1,2),(865.090909090909,872.181818181818,1155.81818181818,
1162.90909090909),.UNSPECIFIED.);
#1327=SHAPE_DEFINITION_REPRESENTATION(#1328,#1413);
#1328=PRODUCT_DEFINITION_SHAPE($,$,#1330);
#1329=PRODUCT_DEFINITION_CONTEXT('3D Mechanical Parts',#1402,'design');
#1330=PRODUCT_DEFINITION('A','First version',#1372,#1329);
#1331=DATE_TIME_ROLE('classification_date');
#1332=DATE_TIME_ROLE('creation_date');
#1333=APPLIED_DATE_AND_TIME_ASSIGNMENT(#1357,#1331,(#1336));
#1334=APPLIED_DATE_AND_TIME_ASSIGNMENT(#1359,#1332,(#1330));
#1335=SECURITY_CLASSIFICATION_LEVEL('unclassified');
#1336=SECURITY_CLASSIFICATION('A','Security for version',#1335);
#1337=APPLIED_SECURITY_CLASSIFICATION_ASSIGNMENT(#1336,(#1372));
#1338=APPROVAL_ROLE('Version approval');
#1339=APPROVAL_ROLE('Version Security approval');
#1340=APPROVAL_ROLE('Definition approval');
#1341=APPROVAL_PERSON_ORGANIZATION(#1390,#1366,#1338);
#1342=APPROVAL_PERSON_ORGANIZATION(#1391,#1367,#1339);
#1343=APPROVAL_PERSON_ORGANIZATION(#1394,#1368,#1340);
#1344=COORDINATED_UNIVERSAL_TIME_OFFSET(5,0,.BEHIND.);
#1345=LOCAL_TIME(0,0,0.,#1344);
#1346=LOCAL_TIME(0,0,0.,#1344);
#1347=LOCAL_TIME(0,0,0.,#1344);
#1348=LOCAL_TIME(0,0,0.,#1344);
#1349=LOCAL_TIME(0,0,0.,#1344);
#1350=CALENDAR_DATE(1999,1,1);
#1351=CALENDAR_DATE(1999,1,1);
#1352=CALENDAR_DATE(1999,1,1);
#1353=CALENDAR_DATE(1999,1,1);
#1354=CALENDAR_DATE(1999,1,1);
#1355=DATE_AND_TIME(#1350,#1345);
#1356=DATE_AND_TIME(#1351,#1346);
#1357=DATE_AND_TIME(#1352,#1347);
#1358=DATE_AND_TIME(#1353,#1348);
#1359=DATE_AND_TIME(#1354,#1349);
#1360=APPROVAL_DATE_TIME(#1355,#1366);
#1361=APPROVAL_DATE_TIME(#1356,#1367);
#1362=APPROVAL_DATE_TIME(#1358,#1368);
#1363=APPROVAL_STATUS('not_yet_approved');
#1364=APPROVAL_STATUS('not_yet_approved');
#1365=APPROVAL_STATUS('approved');
#1366=APPROVAL(#1363,'Version approval');
#1367=APPROVAL(#1364,'Version Security approval');
#1368=APPROVAL(#1365,'Definition approval');
#1369=APPLIED_APPROVAL_ASSIGNMENT(#1366,(#1372));
#1370=APPLIED_APPROVAL_ASSIGNMENT(#1367,(#1336));
#1371=APPLIED_APPROVAL_ASSIGNMENT(#1368,(#1330));
#1372=PRODUCT_DEFINITION_FORMATION_WITH_SPECIFIED_SOURCE('A',
'First version',#1404,.MADE.);
#1373=PERSON_AND_ORGANIZATION_ROLE('design_owner');
#1374=PERSON_AND_ORGANIZATION_ROLE('creator');
#1375=PERSON_AND_ORGANIZATION_ROLE('design_supplier');
#1376=PERSON_AND_ORGANIZATION_ROLE('classification_officer');
#1377=PERSON_AND_ORGANIZATION_ROLE('creator');
#1378=ORGANIZATION('STI','lab','lab');
#1379=ORGANIZATION('STI','unknown','unknown');
#1380=ORGANIZATION('STI','unknown','unknown');
#1381=ORGANIZATION('STI','unknown','unknown');
#1382=ORGANIZATION('STI','unknown','unknown');
#1383=ORGANIZATION('STI','unknown','unknown');
#1384=ORGANIZATION('STI','unknown','unknown');
#1385=PERSON('1','Box','vc60',$,$,$);
#1386=PERSON('2','last','first',$,$,$);
#1387=PERSON('3','President','Mr.',$,$,$);
#1388=PERSON_AND_ORGANIZATION(#1385,#1378);
#1389=PERSON_AND_ORGANIZATION(#1386,#1379);
#1390=PERSON_AND_ORGANIZATION(#1387,#1380);
#1391=PERSON_AND_ORGANIZATION(#1387,#1381);
#1392=PERSON_AND_ORGANIZATION(#1387,#1382);
#1393=PERSON_AND_ORGANIZATION(#1386,#1383);
#1394=PERSON_AND_ORGANIZATION(#1387,#1384);
#1395=APPLIED_PERSON_AND_ORGANIZATION_ASSIGNMENT(#1388,#1373,(#1404));
#1396=APPLIED_PERSON_AND_ORGANIZATION_ASSIGNMENT(#1389,#1374,(#1372));
#1397=APPLIED_PERSON_AND_ORGANIZATION_ASSIGNMENT(#1389,#1375,(#1372));
#1398=APPLIED_PERSON_AND_ORGANIZATION_ASSIGNMENT(#1392,#1376,(#1336));
#1399=APPLIED_PERSON_AND_ORGANIZATION_ASSIGNMENT(#1393,#1377,(#1330));
#1400=PRODUCT_RELATED_PRODUCT_CATEGORY('detail','detail',(#1404));
#1401=APPLICATION_PROTOCOL_DEFINITION('International Standard',
'config_control_design',1994,#1402);
#1402=APPLICATION_CONTEXT(
'configuration controlled 3d designs of mechanical parts and assemblie
s');
#1403=PRODUCT_CONTEXT('3D Mechanical Parts',#1402,'mechanical');
#1404=PRODUCT('Document','Document','',(#1403));
#1405=(
LENGTH_UNIT()
NAMED_UNIT(*)
SI_UNIT(.MILLI.,.METRE.)
);
#1406=(
NAMED_UNIT(*)
PLANE_ANGLE_UNIT()
SI_UNIT($,.RADIAN.)
);
#1407=DIMENSIONAL_EXPONENTS(0.,0.,0.,0.,0.,0.,0.);
#1408=PLANE_ANGLE_MEASURE_WITH_UNIT(PLANE_ANGLE_MEASURE(0.01745329252),
#1406);
#1409=(
CONVERSION_BASED_UNIT('DEGREES',#1408)
NAMED_UNIT(#1407)
PLANE_ANGLE_UNIT()
);
#1410=(
NAMED_UNIT(*)
SI_UNIT($,.STERADIAN.)
SOLID_ANGLE_UNIT()
);
#1411=UNCERTAINTY_MEASURE_WITH_UNIT(LENGTH_MEASURE(0.001),#1405,
'DISTANCE_ACCURACY_VALUE',
'Maximum model space distance between geometric entities at asserted c
onnectivities');
#1412=(
GEOMETRIC_REPRESENTATION_CONTEXT(3)
GLOBAL_UNCERTAINTY_ASSIGNED_CONTEXT((#1411))
GLOBAL_UNIT_ASSIGNED_CONTEXT((#1410,#1409,#1405))
REPRESENTATION_CONTEXT('ID1','3D')
);
#1413=SHAPE_REPRESENTATION('Document',(#1414,#1567,#1568),#1412);
#1414=AXIS2_PLACEMENT_3D($,#1795,#1569,#1570);
#1415=AXIS2_PLACEMENT_3D('',#1806,#1571,$);
#1416=AXIS2_PLACEMENT_3D('',#1807,#1572,$);
#1417=AXIS2_PLACEMENT_3D('',#1808,#1573,$);
#1418=AXIS2_PLACEMENT_3D('',#1809,#1574,$);
#1419=AXIS2_PLACEMENT_3D('',#1810,#1575,$);
#1420=AXIS2_PLACEMENT_3D('',#1811,#1576,$);
#1421=AXIS2_PLACEMENT_3D('',#1812,#1577,$);
#1422=AXIS2_PLACEMENT_3D('',#1813,#1578,$);
#1423=AXIS2_PLACEMENT_3D('',#1814,#1579,$);
#1424=AXIS2_PLACEMENT_3D('',#1815,#1580,$);
#1425=AXIS2_PLACEMENT_3D('',#1816,#1581,$);
#1426=AXIS2_PLACEMENT_3D('',#1817,#1582,$);
#1427=AXIS2_PLACEMENT_3D('',#1818,#1583,$);
#1428=AXIS2_PLACEMENT_3D('',#1819,#1584,$);
#1429=AXIS2_PLACEMENT_3D('',#1820,#1585,$);
#1430=AXIS2_PLACEMENT_3D('',#1821,#1586,$);
#1431=AXIS2_PLACEMENT_3D($,#1898,#1587,#1588);
#1432=AXIS2_PLACEMENT_3D($,#1903,#1589,#1590);
#1433=AXIS2_PLACEMENT_3D($,#1910,#1591,#1592);
#1434=AXIS2_PLACEMENT_3D($,#1915,#1593,#1594);
#1435=AXIS2_PLACEMENT_3D('',#1938,#1595,$);
#1436=AXIS2_PLACEMENT_3D('',#1939,#1596,$);
#1437=AXIS2_PLACEMENT_3D('',#1940,#1597,$);
#1438=AXIS2_PLACEMENT_3D('',#1941,#1598,$);
#1439=AXIS2_PLACEMENT_3D('',#1942,#1599,$);
#1440=AXIS2_PLACEMENT_3D('',#1943,#1600,$);
#1441=AXIS2_PLACEMENT_3D('',#1944,#1601,$);
#1442=AXIS2_PLACEMENT_3D('',#1945,#1602,$);
#1443=AXIS2_PLACEMENT_3D('',#1946,#1603,$);
#1444=AXIS2_PLACEMENT_3D('',#1947,#1604,$);
#1445=AXIS2_PLACEMENT_3D('',#1948,#1605,$);
#1446=AXIS2_PLACEMENT_3D('',#1949,#1606,$);
#1447=AXIS2_PLACEMENT_3D('',#1950,#1607,$);
#1448=AXIS2_PLACEMENT_3D('',#1951,#1608,$);
#1449=AXIS2_PLACEMENT_3D('',#1952,#1609,$);
#1450=AXIS2_PLACEMENT_3D('',#1953,#1610,$);
#1451=AXIS2_PLACEMENT_3D('',#1954,#1611,$);
#1452=AXIS2_PLACEMENT_3D('',#1955,#1612,$);
#1453=AXIS2_PLACEMENT_3D('',#1956,#1613,$);
#1454=AXIS2_PLACEMENT_3D('',#1957,#1614,$);
#1455=AXIS2_PLACEMENT_3D('',#1958,#1615,$);
#1456=AXIS2_PLACEMENT_3D('',#1959,#1616,$);
#1457=AXIS2_PLACEMENT_3D('',#1960,#1617,$);
#1458=AXIS2_PLACEMENT_3D('',#1961,#1618,$);
#1459=AXIS2_PLACEMENT_3D('',#1962,#1619,$);
#1460=AXIS2_PLACEMENT_3D('',#1963,#1620,$);
#1461=AXIS2_PLACEMENT_3D('',#1964,#1621,$);
#1462=AXIS2_PLACEMENT_3D('',#1965,#1622,$);
#1463=AXIS2_PLACEMENT_3D('',#1966,#1623,$);
#1464=AXIS2_PLACEMENT_3D('',#1967,#1624,$);
#1465=AXIS2_PLACEMENT_3D('',#1968,#1625,$);
#1466=AXIS2_PLACEMENT_3D('',#1969,#1626,$);
#1467=AXIS2_PLACEMENT_3D('',#1970,#1627,$);
#1468=AXIS2_PLACEMENT_3D('',#1971,#1628,$);
#1469=AXIS2_PLACEMENT_3D('',#1972,#1629,$);
#1470=AXIS2_PLACEMENT_3D('',#1973,#1630,$);
#1471=AXIS2_PLACEMENT_3D('',#1974,#1631,$);
#1472=AXIS2_PLACEMENT_3D('',#1975,#1632,$);
#1473=AXIS2_PLACEMENT_3D($,#2042,#1633,#1634);
#1474=AXIS2_PLACEMENT_3D($,#2047,#1635,#1636);
#1475=AXIS2_PLACEMENT_3D($,#2050,#1637,#1638);
#1476=AXIS2_PLACEMENT_3D($,#2055,#1639,#1640);
#1477=AXIS2_PLACEMENT_3D($,#2058,#1641,#1642);
#1478=AXIS2_PLACEMENT_3D($,#2063,#1643,#1644);
#1479=AXIS2_PLACEMENT_3D($,#2066,#1645,#1646);
#1480=AXIS2_PLACEMENT_3D($,#2071,#1647,#1648);
#1481=AXIS2_PLACEMENT_3D($,#2074,#1649,#1650);
#1482=AXIS2_PLACEMENT_3D($,#2079,#1651,#1652);
#1483=AXIS2_PLACEMENT_3D($,#2082,#1653,#1654);
#1484=AXIS2_PLACEMENT_3D($,#2087,#1655,#1656);
#1485=AXIS2_PLACEMENT_3D($,#2090,#1657,#1658);
#1486=AXIS2_PLACEMENT_3D($,#2095,#1659,#1660);
#1487=AXIS2_PLACEMENT_3D($,#2098,#1661,#1662);
#1488=AXIS2_PLACEMENT_3D($,#2103,#1663,#1664);
#1489=AXIS2_PLACEMENT_3D($,#2172,#1665,#1666);
#1490=AXIS2_PLACEMENT_3D($,#2175,#1667,#1668);
#1491=AXIS2_PLACEMENT_3D($,#2180,#1669,#1670);
#1492=AXIS2_PLACEMENT_3D($,#2183,#1671,#1672);
#1493=AXIS2_PLACEMENT_3D($,#2188,#1673,#1674);
#1494=AXIS2_PLACEMENT_3D($,#2191,#1675,#1676);
#1495=AXIS2_PLACEMENT_3D($,#2196,#1677,#1678);
#1496=AXIS2_PLACEMENT_3D($,#2199,#1679,#1680);
#1497=AXIS2_PLACEMENT_3D($,#2204,#1681,#1682);
#1498=AXIS2_PLACEMENT_3D($,#2207,#1683,#1684);
#1499=AXIS2_PLACEMENT_3D($,#2212,#1685,#1686);
#1500=AXIS2_PLACEMENT_3D($,#2215,#1687,#1688);
#1501=AXIS2_PLACEMENT_3D($,#2220,#1689,#1690);
#1502=AXIS2_PLACEMENT_3D($,#2223,#1691,#1692);
#1503=AXIS2_PLACEMENT_3D($,#2228,#1693,#1694);
#1504=AXIS2_PLACEMENT_3D($,#2231,#1695,#1696);
#1505=AXIS2_PLACEMENT_3D('',#2234,#1697,$);
#1506=AXIS2_PLACEMENT_3D('',#2235,#1698,$);
#1507=AXIS2_PLACEMENT_3D('',#2236,#1699,$);
#1508=AXIS2_PLACEMENT_3D('',#2237,#1700,$);
#1509=AXIS2_PLACEMENT_3D('',#2238,#1701,$);
#1510=AXIS2_PLACEMENT_3D('',#2239,#1702,$);
#1511=AXIS2_PLACEMENT_3D('',#2240,#1703,$);
#1512=AXIS2_PLACEMENT_3D('',#2241,#1704,$);
#1513=AXIS2_PLACEMENT_3D('',#2242,#1705,$);
#1514=AXIS2_PLACEMENT_3D('',#2243,#1706,$);
#1515=AXIS2_PLACEMENT_3D('',#2244,#1707,$);
#1516=AXIS2_PLACEMENT_3D('',#2245,#1708,$);
#1517=AXIS2_PLACEMENT_3D('',#2246,#1709,$);
#1518=AXIS2_PLACEMENT_3D('',#2247,#1710,$);
#1519=AXIS2_PLACEMENT_3D('',#2248,#1711,$);
#1520=AXIS2_PLACEMENT_3D('',#2249,#1712,$);
#1521=AXIS2_PLACEMENT_3D('',#2250,#1713,$);
#1522=AXIS2_PLACEMENT_3D('',#2251,#1714,$);
#1523=AXIS2_PLACEMENT_3D('',#2252,#1715,$);
#1524=AXIS2_PLACEMENT_3D('',#2253,#1716,$);
#1525=AXIS2_PLACEMENT_3D('',#2254,#1717,$);
#1526=AXIS2_PLACEMENT_3D('',#2255,#1718,$);
#1527=AXIS2_PLACEMENT_3D('',#2256,#1719,$);
#1528=AXIS2_PLACEMENT_3D('',#2257,#1720,$);
#1529=AXIS2_PLACEMENT_3D('',#2258,#1721,$);
#1530=AXIS2_PLACEMENT_3D('',#2259,#1722,$);
#1531=AXIS2_PLACEMENT_3D('',#2260,#1723,$);
#1532=AXIS2_PLACEMENT_3D('',#2261,#1724,$);
#1533=AXIS2_PLACEMENT_3D('',#2262,#1725,$);
#1534=AXIS2_PLACEMENT_3D('',#2263,#1726,$);
#1535=AXIS2_PLACEMENT_3D($,#2304,#1727,#1728);
#1536=AXIS2_PLACEMENT_3D($,#2309,#1729,#1730);
#1537=AXIS2_PLACEMENT_3D($,#2314,#1731,#1732);
#1538=AXIS2_PLACEMENT_3D($,#2319,#1733,#1734);
#1539=AXIS2_PLACEMENT_3D($,#2324,#1735,#1736);
#1540=AXIS2_PLACEMENT_3D($,#2329,#1737,#1738);
#1541=AXIS2_PLACEMENT_3D($,#2334,#1739,#1740);
#1542=AXIS2_PLACEMENT_3D($,#2339,#1741,#1742);
#1543=AXIS2_PLACEMENT_3D($,#2370,#1743,#1744);
#1544=AXIS2_PLACEMENT_3D($,#2373,#1745,#1746);
#1545=AXIS2_PLACEMENT_3D($,#2376,#1747,#1748);
#1546=AXIS2_PLACEMENT_3D($,#2379,#1749,#1750);
#1547=AXIS2_PLACEMENT_3D($,#2382,#1751,#1752);
#1548=AXIS2_PLACEMENT_3D($,#2385,#1753,#1754);
#1549=AXIS2_PLACEMENT_3D($,#2388,#1755,#1756);
#1550=AXIS2_PLACEMENT_3D($,#2391,#1757,#1758);
#1551=AXIS2_PLACEMENT_3D($,#2396,#1759,#1760);
#1552=AXIS2_PLACEMENT_3D($,#2399,#1761,#1762);
#1553=AXIS2_PLACEMENT_3D($,#2404,#1763,#1764);
#1554=AXIS2_PLACEMENT_3D($,#2407,#1765,#1766);
#1555=AXIS2_PLACEMENT_3D($,#2412,#1767,#1768);
#1556=AXIS2_PLACEMENT_3D($,#2415,#1769,#1770);
#1557=AXIS2_PLACEMENT_3D($,#2420,#1771,#1772);
#1558=AXIS2_PLACEMENT_3D($,#2423,#1773,#1774);
#1559=AXIS2_PLACEMENT_3D($,#2428,#1775,#1776);
#1560=AXIS2_PLACEMENT_3D($,#2431,#1777,#1778);
#1561=AXIS2_PLACEMENT_3D($,#2436,#1779,#1780);
#1562=AXIS2_PLACEMENT_3D($,#2439,#1781,#1782);
#1563=AXIS2_PLACEMENT_3D($,#2444,#1783,#1784);
#1564=AXIS2_PLACEMENT_3D($,#2447,#1785,#1786);
#1565=AXIS2_PLACEMENT_3D($,#2452,#1787,#1788);
#1566=AXIS2_PLACEMENT_3D($,#2455,#1789,#1790);
#1567=AXIS2_PLACEMENT_3D($,#2458,#1791,#1792);
#1568=AXIS2_PLACEMENT_3D($,#2459,#1793,#1794);
#1569=DIRECTION('',(0.,0.,1.));
#1570=DIRECTION('',(1.,0.,0.));
#1571=DIRECTION('',(0.,-1.,0.));
#1572=DIRECTION('',(1.,0.,0.));
#1573=DIRECTION('',(0.,1.,0.));
#1574=DIRECTION('',(-1.,0.,0.));
#1575=DIRECTION('',(0.,0.,-1.));
#1576=DIRECTION('',(0.,0.,1.));
#1577=DIRECTION('',(0.,1.,0.));
#1578=DIRECTION('',(-1.,0.,0.));
#1579=DIRECTION('',(0.,-1.,0.));
#1580=DIRECTION('',(1.,0.,0.));
#1581=DIRECTION('',(0.,0.,1.));
#1582=DIRECTION('',(0.,1.,0.));
#1583=DIRECTION('',(1.,0.,0.));
#1584=DIRECTION('',(-1.,0.,0.));
#1585=DIRECTION('',(0.,1.,0.));
#1586=DIRECTION('',(0.,0.,1.));
#1587=DIRECTION('',(0.,1.,0.));
#1588=DIRECTION('',(0.,0.,-1.));
#1589=DIRECTION('',(0.,1.,0.));
#1590=DIRECTION('',(0.,0.,-1.));
#1591=DIRECTION('',(0.,1.,0.));
#1592=DIRECTION('',(1.,0.,1.97372982155584E-15));
#1593=DIRECTION('',(0.,1.,0.));
#1594=DIRECTION('',(1.,0.,1.97372982155584E-15));
#1595=DIRECTION('',(0.,0.,-1.));
#1596=DIRECTION('',(0.,0.,-1.));
#1597=DIRECTION('',(0.,0.,-1.));
#1598=DIRECTION('',(0.,0.,-1.));
#1599=DIRECTION('',(0.,0.,-1.));
#1600=DIRECTION('',(0.,0.,-1.));
#1601=DIRECTION('',(0.,0.,-1.));
#1602=DIRECTION('',(0.,0.,-1.));
#1603=DIRECTION('',(0.,0.,-1.));
#1604=DIRECTION('',(0.,0.,1.));
#1605=DIRECTION('',(-1.,0.,0.));
#1606=DIRECTION('',(0.,-1.,0.));
#1607=DIRECTION('',(1.,0.,0.));
#1608=DIRECTION('',(0.,0.,1.));
#1609=DIRECTION('',(-1.,0.,0.));
#1610=DIRECTION('',(0.,-1.,0.));
#1611=DIRECTION('',(1.,0.,0.));
#1612=DIRECTION('',(0.,0.,1.));
#1613=DIRECTION('',(0.,0.,-1.));
#1614=DIRECTION('',(0.,0.,-1.));
#1615=DIRECTION('',(0.,0.,-1.));
#1616=DIRECTION('',(0.,0.,-1.));
#1617=DIRECTION('',(0.,0.,-1.));
#1618=DIRECTION('',(0.,0.,-1.));
#1619=DIRECTION('',(0.,0.,-1.));
#1620=DIRECTION('',(0.,0.,-1.));
#1621=DIRECTION('',(-1.,0.,0.));
#1622=DIRECTION('',(0.,-1.,0.));
#1623=DIRECTION('',(1.,0.,0.));
#1624=DIRECTION('',(0.,1.,0.));
#1625=DIRECTION('',(0.,0.,-1.));
#1626=DIRECTION('',(0.,0.,-1.));
#1627=DIRECTION('',(0.,0.,-1.));
#1628=DIRECTION('',(0.,0.,-1.));
#1629=DIRECTION('',(0.,0.,-1.));
#1630=DIRECTION('',(0.,0.,-1.));
#1631=DIRECTION('',(0.,0.,-1.));
#1632=DIRECTION('',(0.,0.,-1.));
#1633=DIRECTION('',(0.,0.,-1.));
#1634=DIRECTION('',(1.,2.01002188333833E-15,0.));
#1635=DIRECTION('',(0.,0.,-1.));
#1636=DIRECTION('',(1.,2.01002188333833E-15,0.));
#1637=DIRECTION('',(0.,0.,-1.));
#1638=DIRECTION('',(1.,1.50751641250375E-15,0.));
#1639=DIRECTION('',(0.,0.,-1.));
#1640=DIRECTION('',(1.,1.50751641250375E-15,0.));
#1641=DIRECTION('',(0.,0.,-1.));
#1642=DIRECTION('',(1.,7.53758206251875E-16,0.));
#1643=DIRECTION('',(0.,0.,-1.));
#1644=DIRECTION('',(1.,7.53758206251875E-16,0.));
#1645=DIRECTION('',(0.,0.,-1.));
#1646=DIRECTION('',(1.,0.,0.));
#1647=DIRECTION('',(0.,0.,-1.));
#1648=DIRECTION('',(1.,0.,0.));
#1649=DIRECTION('',(0.,0.,-1.));
#1650=DIRECTION('',(1.,-1.00501094166917E-15,0.));
#1651=DIRECTION('',(0.,0.,-1.));
#1652=DIRECTION('',(1.,-1.00501094166917E-15,0.));
#1653=DIRECTION('',(0.,0.,-1.));
#1654=DIRECTION('',(1.,1.00501094166917E-15,0.));
#1655=DIRECTION('',(0.,0.,-1.));
#1656=DIRECTION('',(1.,1.00501094166917E-15,0.));
#1657=DIRECTION('',(0.,0.,-1.));
#1658=DIRECTION('',(1.,1.00501094166917E-15,0.));
#1659=DIRECTION('',(0.,0.,-1.));
#1660=DIRECTION('',(1.,1.00501094166917E-15,0.));
#1661=DIRECTION('',(0.,0.,-1.));
#1662=DIRECTION('',(1.,1.00501094166917E-15,0.));
#1663=DIRECTION('',(0.,0.,-1.));
#1664=DIRECTION('',(1.,1.00501094166917E-15,0.));
#1665=DIRECTION('',(0.,0.,-1.));
#1666=DIRECTION('',(-1.,-2.01002188333833E-15,0.));
#1667=DIRECTION('',(0.,0.,-1.));
#1668=DIRECTION('',(-1.,-2.01002188333833E-15,0.));
#1669=DIRECTION('',(0.,0.,-1.));
#1670=DIRECTION('',(-1.,-5.02505470834583E-16,0.));
#1671=DIRECTION('',(0.,0.,-1.));
#1672=DIRECTION('',(-1.,-5.02505470834583E-16,0.));
#1673=DIRECTION('',(0.,0.,-1.));
#1674=DIRECTION('',(-1.,-1.25626367708646E-15,0.));
#1675=DIRECTION('',(0.,0.,-1.));
#1676=DIRECTION('',(-1.,-1.25626367708646E-15,0.));
#1677=DIRECTION('',(0.,0.,-1.));
#1678=DIRECTION('',(-1.,0.,0.));
#1679=DIRECTION('',(0.,0.,-1.));
#1680=DIRECTION('',(-1.,0.,0.));
#1681=DIRECTION('',(0.,0.,-1.));
#1682=DIRECTION('',(-1.,-1.00501094166917E-15,0.));
#1683=DIRECTION('',(0.,0.,-1.));
#1684=DIRECTION('',(-1.,-1.00501094166917E-15,0.));
#1685=DIRECTION('',(0.,0.,-1.));
#1686=DIRECTION('',(-1.,-1.00501094166917E-15,0.));
#1687=DIRECTION('',(0.,0.,-1.));
#1688=DIRECTION('',(-1.,-1.00501094166917E-15,0.));
#1689=DIRECTION('',(0.,0.,-1.));
#1690=DIRECTION('',(-1.,-1.00501094166917E-15,0.));
#1691=DIRECTION('',(0.,0.,-1.));
#1692=DIRECTION('',(-1.,-1.00501094166917E-15,0.));
#1693=DIRECTION('',(0.,0.,-1.));
#1694=DIRECTION('',(-1.,-1.25626367708646E-15,0.));
#1695=DIRECTION('',(0.,0.,-1.));
#1696=DIRECTION('',(-1.,-1.25626367708646E-15,0.));
#1697=DIRECTION('',(0.,0.,1.));
#1698=DIRECTION('',(0.,0.,1.));
#1699=DIRECTION('',(0.,0.,1.));
#1700=DIRECTION('',(0.,0.,1.));
#1701=DIRECTION('',(0.,0.,1.));
#1702=DIRECTION('',(0.,0.,1.));
#1703=DIRECTION('',(0.,0.,1.));
#1704=DIRECTION('',(0.,0.,1.));
#1705=DIRECTION('',(0.,0.,-1.));
#1706=DIRECTION('',(0.,0.,1.));
#1707=DIRECTION('',(1.,0.,0.));
#1708=DIRECTION('',(0.,1.,0.));
#1709=DIRECTION('',(-1.,0.,0.));
#1710=DIRECTION('',(0.,-1.,0.));
#1711=DIRECTION('',(0.,0.,1.));
#1712=DIRECTION('',(0.,0.,1.));
#1713=DIRECTION('',(0.,0.,1.));
#1714=DIRECTION('',(0.,0.,1.));
#1715=DIRECTION('',(0.,0.,1.));
#1716=DIRECTION('',(0.,0.,1.));
#1717=DIRECTION('',(0.,0.,1.));
#1718=DIRECTION('',(0.,0.,1.));
#1719=DIRECTION('',(0.,0.,1.));
#1720=DIRECTION('',(0.,0.,1.));
#1721=DIRECTION('',(0.,0.,1.));
#1722=DIRECTION('',(0.,0.,1.));
#1723=DIRECTION('',(0.,0.,1.));
#1724=DIRECTION('',(0.,0.,1.));
#1725=DIRECTION('',(0.,0.,1.));
#1726=DIRECTION('',(0.,0.,1.));
#1727=DIRECTION('',(0.,0.,1.));
#1728=DIRECTION('',(4.19866162040059E-15,1.,0.));
#1729=DIRECTION('',(0.,0.,1.));
#1730=DIRECTION('',(0.,1.,0.));
#1731=DIRECTION('',(0.,0.,1.));
#1732=DIRECTION('',(0.,1.,0.));
#1733=DIRECTION('',(0.,0.,1.));
#1734=DIRECTION('',(0.,1.,0.));
#1735=DIRECTION('',(0.,0.,1.));
#1736=DIRECTION('',(0.,1.,0.));
#1737=DIRECTION('',(0.,0.,1.));
#1738=DIRECTION('',(0.,1.,0.));
#1739=DIRECTION('',(0.,0.,1.));
#1740=DIRECTION('',(0.,1.,0.));
#1741=DIRECTION('',(0.,0.,1.));
#1742=DIRECTION('',(3.67382891785052E-15,1.,0.));
#1743=DIRECTION('',(0.,0.,-1.));
#1744=DIRECTION('',(0.,1.,0.));
#1745=DIRECTION('',(0.,0.,-1.));
#1746=DIRECTION('',(0.,1.,0.));
#1747=DIRECTION('',(0.,0.,-1.));
#1748=DIRECTION('',(2.09933081020029E-15,1.,0.));
#1749=DIRECTION('',(0.,0.,-1.));
#1750=DIRECTION('',(2.09933081020029E-15,1.,0.));
#1751=DIRECTION('',(0.,0.,-1.));
#1752=DIRECTION('',(0.,1.,0.));
#1753=DIRECTION('',(0.,0.,-1.));
#1754=DIRECTION('',(0.,1.,0.));
#1755=DIRECTION('',(3.13272974974494E-15,2.09933081020022E-15,-1.));
#1756=DIRECTION('',(5.51074337677558E-15,1.,2.09933081020022E-15));
#1757=DIRECTION('',(2.10757562824256E-15,-1.04966540510014E-15,-1.));
#1758=DIRECTION('',(2.62416351275036E-16,1.,-1.04966540510014E-15));
#1759=DIRECTION('',(0.,0.,1.));
#1760=DIRECTION('',(-3.67382891785052E-15,-1.,0.));
#1761=DIRECTION('',(1.04714485345454E-15,1.04966540510011E-15,-1.));
#1762=DIRECTION('',(8.13490688952586E-15,-1.,-2.09933081020022E-15));
#1763=DIRECTION('',(0.,0.,1.));
#1764=DIRECTION('',(0.,-1.,0.));
#1765=DIRECTION('',(0.,0.,-1.));
#1766=DIRECTION('',(0.,-1.,0.));
#1767=DIRECTION('',(0.,0.,1.));
#1768=DIRECTION('',(0.,-1.,0.));
#1769=DIRECTION('',(0.,0.,-1.));
#1770=DIRECTION('',(0.,-1.,0.));
#1771=DIRECTION('',(0.,0.,1.));
#1772=DIRECTION('',(2.09933081020029E-15,-1.,0.));
#1773=DIRECTION('',(0.,0.,-1.));
#1774=DIRECTION('',(0.,-1.,0.));
#1775=DIRECTION('',(0.,0.,1.));
#1776=DIRECTION('',(2.0993308102003E-15,-1.,0.));
#1777=DIRECTION('',(0.,0.,-1.));
#1778=DIRECTION('',(0.,-1.,0.));
#1779=DIRECTION('',(0.,0.,1.));
#1780=DIRECTION('',(0.,-1.,0.));
#1781=DIRECTION('',(0.,0.,-1.));
#1782=DIRECTION('',(0.,-1.,0.));
#1783=DIRECTION('',(0.,0.,1.));
#1784=DIRECTION('',(0.,-1.,0.));
#1785=DIRECTION('',(0.,0.,-1.));
#1786=DIRECTION('',(0.,-1.,0.));
#1787=DIRECTION('',(0.,0.,1.));
#1788=DIRECTION('',(-4.46107797167563E-15,-1.,0.));
#1789=DIRECTION('',(1.05219174159078E-15,-1.04966540510014E-15,-1.));
#1790=DIRECTION('',(5.24832702550072E-16,-1.,1.04966540510014E-15));
#1791=DIRECTION('',(0.,0.,1.));
#1792=DIRECTION('',(1.,0.,0.));
#1793=DIRECTION('',(0.,0.,1.));
#1794=DIRECTION('',(1.,0.,0.));
#1795=CARTESIAN_POINT('',(0.,0.,0.));
#1796=CARTESIAN_POINT('',(2.2,4.44089209850063E-16,2.2));
#1797=CARTESIAN_POINT('',(41.8,-2.22044604925031E-16,2.2));
#1798=CARTESIAN_POINT('',(41.8,19.8,2.2));
#1799=CARTESIAN_POINT('',(2.19999999999999,19.8,2.2));
#1800=CARTESIAN_POINT('',(2.2,4.44089209850063E-16,2.2));
#1801=CARTESIAN_POINT('',(4.2,2.,4.2));
#1802=CARTESIAN_POINT('',(39.8,2.,4.2));
#1803=CARTESIAN_POINT('',(39.8,17.8,4.2));
#1804=CARTESIAN_POINT('',(4.2,17.8,4.2));
#1805=CARTESIAN_POINT('',(4.2,2.,4.2));
#1806=CARTESIAN_POINT('',(2.2,4.44089209850063E-16,2.2));
#1807=CARTESIAN_POINT('',(41.8,-2.22044604925031E-16,2.2));
#1808=CARTESIAN_POINT('',(41.8,19.8,2.2));
#1809=CARTESIAN_POINT('',(2.19999999999999,19.8,2.2));
#1810=CARTESIAN_POINT('',(2.19999999999999,-2.22044604925031E-16,2.2));
#1811=CARTESIAN_POINT('',(2.19999999999999,-2.22044604925031E-16,19.8));
#1812=CARTESIAN_POINT('',(4.2,2.,4.2));
#1813=CARTESIAN_POINT('',(39.8,2.,4.2));
#1814=CARTESIAN_POINT('',(39.8,17.8,4.2));
#1815=CARTESIAN_POINT('',(4.2,17.8,4.2));
#1816=CARTESIAN_POINT('',(4.2,2.,4.2));
#1817=CARTESIAN_POINT('',(21.3,1.,19.1));
#1818=CARTESIAN_POINT('',(19.5,0.,19.1));
#1819=CARTESIAN_POINT('',(24.5,0.,22.3));
#1820=CARTESIAN_POINT('',(22.7,1.,19.1));
#1821=CARTESIAN_POINT('',(22.7,0.,17.3));
#1822=CARTESIAN_POINT('',(2.2,4.44089209850063E-16,2.2));
#1823=CARTESIAN_POINT('',(41.8,-2.22044604925031E-16,2.2));
#1824=CARTESIAN_POINT('',(41.8,-2.22044604925031E-16,19.8));
#1825=CARTESIAN_POINT('',(2.2,4.44089209850063E-16,19.8));
#1826=CARTESIAN_POINT('',(41.8,19.8,2.2));
#1827=CARTESIAN_POINT('',(41.8,19.8,19.8));
#1828=CARTESIAN_POINT('',(2.19999999999999,19.8,2.2));
#1829=CARTESIAN_POINT('',(2.19999999999999,19.8,19.8));
#1830=CARTESIAN_POINT('',(4.2,2.,4.2));
#1831=CARTESIAN_POINT('',(39.8,2.,4.2));
#1832=CARTESIAN_POINT('',(39.8,17.8,4.2));
#1833=CARTESIAN_POINT('',(4.2,17.8,4.2));
#1834=CARTESIAN_POINT('',(4.2,2.,19.8));
#1835=CARTESIAN_POINT('',(39.8,2.,19.8));
#1836=CARTESIAN_POINT('',(39.8,17.8,19.8));
#1837=CARTESIAN_POINT('',(4.2,17.8,19.8));
#1838=CARTESIAN_POINT('',(21.3,0.,17.3));
#1839=CARTESIAN_POINT('',(19.5,0.,19.1));
#1840=CARTESIAN_POINT('',(19.5,0.,19.8));
#1841=CARTESIAN_POINT('',(24.5,0.,19.8));
#1842=CARTESIAN_POINT('',(24.5,0.,19.1));
#1843=CARTESIAN_POINT('',(22.7,0.,17.3));
#1844=CARTESIAN_POINT('',(19.5,2.,19.8));
#1845=CARTESIAN_POINT('',(24.5,2.,19.8));
#1846=CARTESIAN_POINT('',(21.3,2.,17.3));
#1847=CARTESIAN_POINT('',(19.5,2.,19.1));
#1848=CARTESIAN_POINT('',(24.5,2.,19.1));
#1849=CARTESIAN_POINT('',(22.7,2.,17.3));
#1850=CARTESIAN_POINT('',(2.2,4.44089209850063E-16,2.2));
#1851=CARTESIAN_POINT('',(41.8,-2.22044604925031E-16,2.2));
#1852=CARTESIAN_POINT('',(41.8,-2.22044604925031E-16,2.2));
#1853=CARTESIAN_POINT('',(41.8,-2.22044604925031E-16,19.8));
#1854=CARTESIAN_POINT('',(2.2,4.44089209850063E-16,19.8));
#1855=CARTESIAN_POINT('',(19.5,0.,19.8));
#1856=CARTESIAN_POINT('',(2.2,4.44089209850063E-16,2.2));
#1857=CARTESIAN_POINT('',(2.2,4.44089209850063E-16,19.8));
#1858=CARTESIAN_POINT('',(41.8,-2.22044604925031E-16,2.2));
#1859=CARTESIAN_POINT('',(41.8,19.8,2.2));
#1860=CARTESIAN_POINT('',(41.8,19.8,2.2));
#1861=CARTESIAN_POINT('',(41.8,19.8,19.8));
#1862=CARTESIAN_POINT('',(41.8,-2.22044604925031E-16,19.8));
#1863=CARTESIAN_POINT('',(41.8,19.8,19.8));
#1864=CARTESIAN_POINT('',(41.8,19.8,2.2));
#1865=CARTESIAN_POINT('',(2.19999999999999,19.8,2.2));
#1866=CARTESIAN_POINT('',(2.19999999999999,19.8,2.2));
#1867=CARTESIAN_POINT('',(2.19999999999999,19.8,19.8));
#1868=CARTESIAN_POINT('',(41.8,19.8,19.8));
#1869=CARTESIAN_POINT('',(2.19999999999999,19.8,19.8));
#1870=CARTESIAN_POINT('',(2.19999999999999,19.8,2.2));
#1871=CARTESIAN_POINT('',(2.2,4.44089209850063E-16,2.2));
#1872=CARTESIAN_POINT('',(2.19999999999999,19.8,19.8));
#1873=CARTESIAN_POINT('',(2.2,4.44089209850063E-16,19.8));
#1874=CARTESIAN_POINT('',(4.2,2.,4.2));
#1875=CARTESIAN_POINT('',(39.8,2.,4.2));
#1876=CARTESIAN_POINT('',(39.8,2.,4.2));
#1877=CARTESIAN_POINT('',(39.8,2.,19.8));
#1878=CARTESIAN_POINT('',(4.2,2.,4.2));
#1879=CARTESIAN_POINT('',(4.2,2.,19.8));
#1880=CARTESIAN_POINT('',(39.8,2.,4.2));
#1881=CARTESIAN_POINT('',(39.8,17.8,4.2));
#1882=CARTESIAN_POINT('',(39.8,17.8,4.2));
#1883=CARTESIAN_POINT('',(39.8,17.8,19.8));
#1884=CARTESIAN_POINT('',(39.8,17.8,4.2));
#1885=CARTESIAN_POINT('',(4.2,17.8,4.2));
#1886=CARTESIAN_POINT('',(4.2,17.8,4.2));
#1887=CARTESIAN_POINT('',(4.2,17.8,19.8));
#1888=CARTESIAN_POINT('',(4.2,17.8,4.2));
#1889=CARTESIAN_POINT('',(4.2,2.,4.2));
#1890=CARTESIAN_POINT('',(4.2,2.,19.8));
#1891=CARTESIAN_POINT('',(19.5,2.,19.8));
#1892=CARTESIAN_POINT('',(39.8,2.,19.8));
#1893=CARTESIAN_POINT('',(39.8,17.8,19.8));
#1894=CARTESIAN_POINT('',(39.8,17.8,19.8));
#1895=CARTESIAN_POINT('',(4.2,17.8,19.8));
#1896=CARTESIAN_POINT('',(4.2,17.8,19.8));
#1897=CARTESIAN_POINT('',(4.2,2.,19.8));
#1898=CARTESIAN_POINT('',(21.3,0.,19.1));
#1899=CARTESIAN_POINT('',(21.3,0.,17.3));
#1900=CARTESIAN_POINT('',(19.5,0.,19.1));
#1901=CARTESIAN_POINT('',(19.5,0.,19.1));
#1902=CARTESIAN_POINT('',(19.5,2.,19.1));
#1903=CARTESIAN_POINT('',(21.3,2.,19.1));
#1904=CARTESIAN_POINT('',(21.3,2.,17.3));
#1905=CARTESIAN_POINT('',(19.5,2.,19.1));
#1906=CARTESIAN_POINT('',(21.3,0.,17.3));
#1907=CARTESIAN_POINT('',(21.3,2.,17.3));
#1908=CARTESIAN_POINT('',(24.5,0.,19.1));
#1909=CARTESIAN_POINT('',(24.5,2.,19.1));
#1910=CARTESIAN_POINT('',(22.7,0.,19.1));
#1911=CARTESIAN_POINT('',(24.5,0.,19.1));
#1912=CARTESIAN_POINT('',(22.7,0.,17.3));
#1913=CARTESIAN_POINT('',(22.7,0.,17.3));
#1914=CARTESIAN_POINT('',(22.7,2.,17.3));
#1915=CARTESIAN_POINT('',(22.7,2.,19.1));
#1916=CARTESIAN_POINT('',(24.5,2.,19.1));
#1917=CARTESIAN_POINT('',(22.7,2.,17.3));
#1918=CARTESIAN_POINT('',(19.5,0.,19.1));
#1919=CARTESIAN_POINT('',(19.5,0.,19.8));
#1920=CARTESIAN_POINT('',(24.5,0.,19.8));
#1921=CARTESIAN_POINT('',(24.5,0.,19.1));
#1922=CARTESIAN_POINT('',(22.7,0.,17.3));
#1923=CARTESIAN_POINT('',(21.3,0.,17.3));
#1924=CARTESIAN_POINT('',(19.5,0.,19.8));
#1925=CARTESIAN_POINT('',(19.5,2.,19.8));
#1926=CARTESIAN_POINT('',(24.5,2.,19.8));
#1927=CARTESIAN_POINT('',(24.5,0.,19.8));
#1928=CARTESIAN_POINT('',(19.5,2.,19.1));
#1929=CARTESIAN_POINT('',(19.5,2.,19.8));
#1930=CARTESIAN_POINT('',(24.5,2.,19.8));
#1931=CARTESIAN_POINT('',(24.5,2.,19.1));
#1932=CARTESIAN_POINT('',(22.7,2.,17.3));
#1933=CARTESIAN_POINT('',(21.3,2.,17.3));
#1934=CARTESIAN_POINT('',(24.5,0.,19.8));
#1935=CARTESIAN_POINT('',(41.8,-2.22044604925031E-16,19.8));
#1936=CARTESIAN_POINT('',(24.5,2.,19.8));
#1937=CARTESIAN_POINT('',(39.8,2.,19.8));
#1938=CARTESIAN_POINT('',(44.,0.,-2.));
#1939=CARTESIAN_POINT('',(38.5,5.49999999999999,-1.));
#1940=CARTESIAN_POINT('',(27.5,5.49999999999999,-1.));
#1941=CARTESIAN_POINT('',(16.5,5.5,-1.));
#1942=CARTESIAN_POINT('',(38.5,16.5,-1.));
#1943=CARTESIAN_POINT('',(27.5,16.5,-1.));
#1944=CARTESIAN_POINT('',(16.5,16.5,-1.));
#1945=CARTESIAN_POINT('',(5.49999999999999,16.5,-1.));
#1946=CARTESIAN_POINT('',(5.49999999999998,5.5,-1.));
#1947=CARTESIAN_POINT('',(0.,0.,2.));
#1948=CARTESIAN_POINT('',(43.,-2.22044604925031E-16,20.));
#1949=CARTESIAN_POINT('',(43.,21.,20.));
#1950=CARTESIAN_POINT('',(0.999999999999992,21.,20.));
#1951=CARTESIAN_POINT('',(0.,0.,22.));
#1952=CARTESIAN_POINT('',(42.,-2.22044604925031E-16,0.));
#1953=CARTESIAN_POINT('',(42.,20.,0.));
#1954=CARTESIAN_POINT('',(1.99999999999999,20.,0.));
#1955=CARTESIAN_POINT('',(0.999999999999992,-2.22044604925031E-16,20.));
#1956=CARTESIAN_POINT('',(0.,0.,0.));
#1957=CARTESIAN_POINT('',(0.,0.,0.));
#1958=CARTESIAN_POINT('',(0.,0.,0.));
#1959=CARTESIAN_POINT('',(0.,0.,0.));
#1960=CARTESIAN_POINT('',(0.,0.,0.));
#1961=CARTESIAN_POINT('',(0.,0.,0.));
#1962=CARTESIAN_POINT('',(0.,0.,0.));
#1963=CARTESIAN_POINT('',(0.,0.,0.));
#1964=CARTESIAN_POINT('',(0.,0.,-2.));
#1965=CARTESIAN_POINT('',(44.,0.,-2.));
#1966=CARTESIAN_POINT('',(44.,0.,22.));
#1967=CARTESIAN_POINT('',(44.,22.,-2.));
#1968=CARTESIAN_POINT('',(38.5,5.50000000000001,-1.));
#1969=CARTESIAN_POINT('',(27.5,5.5,-1.));
#1970=CARTESIAN_POINT('',(16.5,5.5,-1.));
#1971=CARTESIAN_POINT('',(38.5,16.5,-1.));
#1972=CARTESIAN_POINT('',(27.5,16.5,-1.));
#1973=CARTESIAN_POINT('',(16.5,16.5,-1.));
#1974=CARTESIAN_POINT('',(5.49999999999999,16.5,-1.));
#1975=CARTESIAN_POINT('',(5.49999999999999,5.5,-1.));
#1976=CARTESIAN_POINT('',(0.,0.,-2.));
#1977=CARTESIAN_POINT('',(0.,22.,-2.));
#1978=CARTESIAN_POINT('',(44.,0.,-2.));
#1979=CARTESIAN_POINT('',(44.,22.,-2.));
#1980=CARTESIAN_POINT('',(42.035,5.5,0.));
#1981=CARTESIAN_POINT('',(42.035,5.5,-2.));
#1982=CARTESIAN_POINT('',(31.035,5.5,0.));
#1983=CARTESIAN_POINT('',(31.035,5.5,-2.));
#1984=CARTESIAN_POINT('',(20.035,5.5,0.));
#1985=CARTESIAN_POINT('',(20.035,5.5,-2.));
#1986=CARTESIAN_POINT('',(42.035,16.5,0.));
#1987=CARTESIAN_POINT('',(42.035,16.5,-2.));
#1988=CARTESIAN_POINT('',(31.035,16.5,0.));
#1989=CARTESIAN_POINT('',(31.035,16.5,-2.));
#1990=CARTESIAN_POINT('',(20.035,16.5,0.));
#1991=CARTESIAN_POINT('',(20.035,16.5,-2.));
#1992=CARTESIAN_POINT('',(9.03499999999998,16.5,0.));
#1993=CARTESIAN_POINT('',(9.03499999999998,16.5,-2.));
#1994=CARTESIAN_POINT('',(9.03499999999998,5.5,0.));
#1995=CARTESIAN_POINT('',(9.03499999999998,5.5,-2.));
#1996=CARTESIAN_POINT('',(44.,0.,22.));
#1997=CARTESIAN_POINT('',(0.,0.,22.));
#1998=CARTESIAN_POINT('',(44.,22.,22.));
#1999=CARTESIAN_POINT('',(0.,22.,22.));
#2000=CARTESIAN_POINT('',(2.,0.,2.));
#2001=CARTESIAN_POINT('',(42.,0.,2.));
#2002=CARTESIAN_POINT('',(42.,20.,2.));
#2003=CARTESIAN_POINT('',(2.,20.,2.));
#2004=CARTESIAN_POINT('',(43.,21.,20.));
#2005=CARTESIAN_POINT('',(0.999999999999992,21.,20.));
#2006=CARTESIAN_POINT('',(0.999999999999992,0.,22.));
#2007=CARTESIAN_POINT('',(43.,0.,22.));
#2008=CARTESIAN_POINT('',(43.,21.,22.));
#2009=CARTESIAN_POINT('',(0.999999999999992,21.,22.));
#2010=CARTESIAN_POINT('',(42.,0.,20.));
#2011=CARTESIAN_POINT('',(42.,20.,20.));
#2012=CARTESIAN_POINT('',(1.99999999999999,20.,20.));
#2013=CARTESIAN_POINT('',(2.,0.,20.));
#2014=CARTESIAN_POINT('',(1.,4.44089209850063E-16,20.));
#2015=CARTESIAN_POINT('',(43.,-2.22044604925031E-16,20.));
#2016=CARTESIAN_POINT('',(34.965,5.5,0.));
#2017=CARTESIAN_POINT('',(34.965,5.5,-2.));
#2018=CARTESIAN_POINT('',(23.965,5.5,0.));
#2019=CARTESIAN_POINT('',(23.965,5.5,-2.));
#2020=CARTESIAN_POINT('',(12.965,5.5,0.));
#2021=CARTESIAN_POINT('',(12.965,5.5,-2.));
#2022=CARTESIAN_POINT('',(34.965,16.5,0.));
#2023=CARTESIAN_POINT('',(34.965,16.5,-2.));
#2024=CARTESIAN_POINT('',(23.965,16.5,0.));
#2025=CARTESIAN_POINT('',(23.965,16.5,-2.));
#2026=CARTESIAN_POINT('',(12.965,16.5,0.));
#2027=CARTESIAN_POINT('',(12.965,16.5,-2.));
#2028=CARTESIAN_POINT('',(1.96499999999999,16.5,0.));
#2029=CARTESIAN_POINT('',(1.96499999999999,16.5,-2.));
#2030=CARTESIAN_POINT('',(1.96499999999999,5.5,0.));
#2031=CARTESIAN_POINT('',(1.96499999999999,5.5,-2.));
#2032=CARTESIAN_POINT('',(0.,0.,-2.));
#2033=CARTESIAN_POINT('',(0.,22.,-2.));
#2034=CARTESIAN_POINT('',(44.,0.,-2.));
#2035=CARTESIAN_POINT('',(44.,22.,-2.));
#2036=CARTESIAN_POINT('',(44.,22.,-2.));
#2037=CARTESIAN_POINT('',(0.,22.,-2.));
#2038=CARTESIAN_POINT('',(44.,0.,-2.));
#2039=CARTESIAN_POINT('',(43.,0.,-2.));
#2040=CARTESIAN_POINT('',(0.999999999999986,0.,-2.));
#2041=CARTESIAN_POINT('',(0.,0.,-2.));
#2042=CARTESIAN_POINT('',(38.5,5.49999999999999,0.));
#2043=CARTESIAN_POINT('',(42.035,5.5,0.));
#2044=CARTESIAN_POINT('',(34.965,5.5,0.));
#2045=CARTESIAN_POINT('',(42.035,5.5,0.));
#2046=CARTESIAN_POINT('',(42.035,5.5,-2.));
#2047=CARTESIAN_POINT('',(38.5,5.49999999999999,-2.));
#2048=CARTESIAN_POINT('',(42.035,5.5,-2.));
#2049=CARTESIAN_POINT('',(34.965,5.5,-2.));
#2050=CARTESIAN_POINT('',(27.5,5.49999999999999,0.));
#2051=CARTESIAN_POINT('',(31.035,5.5,0.));
#2052=CARTESIAN_POINT('',(23.965,5.5,0.));
#2053=CARTESIAN_POINT('',(31.035,5.5,0.));
#2054=CARTESIAN_POINT('',(31.035,5.5,-2.));
#2055=CARTESIAN_POINT('',(27.5,5.49999999999999,-2.));
#2056=CARTESIAN_POINT('',(31.035,5.5,-2.));
#2057=CARTESIAN_POINT('',(23.965,5.5,-2.));
#2058=CARTESIAN_POINT('',(16.5,5.5,0.));
#2059=CARTESIAN_POINT('',(20.035,5.5,0.));
#2060=CARTESIAN_POINT('',(12.965,5.5,0.));
#2061=CARTESIAN_POINT('',(20.035,5.5,0.));
#2062=CARTESIAN_POINT('',(20.035,5.5,-2.));
#2063=CARTESIAN_POINT('',(16.5,5.5,-2.));
#2064=CARTESIAN_POINT('',(20.035,5.5,-2.));
#2065=CARTESIAN_POINT('',(12.965,5.5,-2.));
#2066=CARTESIAN_POINT('',(38.5,16.5,0.));
#2067=CARTESIAN_POINT('',(42.035,16.5,0.));
#2068=CARTESIAN_POINT('',(34.965,16.5,0.));
#2069=CARTESIAN_POINT('',(42.035,16.5,0.));
#2070=CARTESIAN_POINT('',(42.035,16.5,-2.));
#2071=CARTESIAN_POINT('',(38.5,16.5,-2.));
#2072=CARTESIAN_POINT('',(42.035,16.5,-2.));
#2073=CARTESIAN_POINT('',(34.965,16.5,-2.));
#2074=CARTESIAN_POINT('',(27.5,16.5,0.));
#2075=CARTESIAN_POINT('',(31.035,16.5,0.));
#2076=CARTESIAN_POINT('',(23.965,16.5,0.));
#2077=CARTESIAN_POINT('',(31.035,16.5,0.));
#2078=CARTESIAN_POINT('',(31.035,16.5,-2.));
#2079=CARTESIAN_POINT('',(27.5,16.5,-2.));
#2080=CARTESIAN_POINT('',(31.035,16.5,-2.));
#2081=CARTESIAN_POINT('',(23.965,16.5,-2.));
#2082=CARTESIAN_POINT('',(16.5,16.5,0.));
#2083=CARTESIAN_POINT('',(20.035,16.5,0.));
#2084=CARTESIAN_POINT('',(12.965,16.5,0.));
#2085=CARTESIAN_POINT('',(20.035,16.5,0.));
#2086=CARTESIAN_POINT('',(20.035,16.5,-2.));
#2087=CARTESIAN_POINT('',(16.5,16.5,-2.));
#2088=CARTESIAN_POINT('',(20.035,16.5,-2.));
#2089=CARTESIAN_POINT('',(12.965,16.5,-2.));
#2090=CARTESIAN_POINT('',(5.49999999999999,16.5,0.));
#2091=CARTESIAN_POINT('',(9.03499999999998,16.5,0.));
#2092=CARTESIAN_POINT('',(1.96499999999999,16.5,0.));
#2093=CARTESIAN_POINT('',(9.03499999999998,16.5,0.));
#2094=CARTESIAN_POINT('',(9.03499999999998,16.5,-2.));
#2095=CARTESIAN_POINT('',(5.49999999999999,16.5,-2.));
#2096=CARTESIAN_POINT('',(9.03499999999998,16.5,-2.));
#2097=CARTESIAN_POINT('',(1.96499999999999,16.5,-2.));
#2098=CARTESIAN_POINT('',(5.49999999999998,5.5,0.));
#2099=CARTESIAN_POINT('',(9.03499999999998,5.5,0.));
#2100=CARTESIAN_POINT('',(1.96499999999999,5.5,0.));
#2101=CARTESIAN_POINT('',(9.03499999999998,5.5,0.));
#2102=CARTESIAN_POINT('',(9.03499999999998,5.5,-2.));
#2103=CARTESIAN_POINT('',(5.49999999999998,5.5,-2.));
#2104=CARTESIAN_POINT('',(9.03499999999998,5.5,-2.));
#2105=CARTESIAN_POINT('',(1.96499999999999,5.5,-2.));
#2106=CARTESIAN_POINT('',(0.,0.,22.));
#2107=CARTESIAN_POINT('',(0.999999999999992,0.,22.));
#2108=CARTESIAN_POINT('',(44.,0.,22.));
#2109=CARTESIAN_POINT('',(44.,22.,22.));
#2110=CARTESIAN_POINT('',(44.,22.,22.));
#2111=CARTESIAN_POINT('',(0.,22.,22.));
#2112=CARTESIAN_POINT('',(0.,22.,22.));
#2113=CARTESIAN_POINT('',(0.,0.,22.));
#2114=CARTESIAN_POINT('',(42.,20.,2.));
#2115=CARTESIAN_POINT('',(42.,0.,2.));
#2116=CARTESIAN_POINT('',(2.,20.,2.));
#2117=CARTESIAN_POINT('',(42.,20.,2.));
#2118=CARTESIAN_POINT('',(2.,0.,2.));
#2119=CARTESIAN_POINT('',(2.,20.,2.));
#2120=CARTESIAN_POINT('',(2.,0.,2.));
#2121=CARTESIAN_POINT('',(42.,0.,2.));
#2122=CARTESIAN_POINT('',(42.,20.,2.));
#2123=CARTESIAN_POINT('',(42.,20.,20.));
#2124=CARTESIAN_POINT('',(2.,20.,2.));
#2125=CARTESIAN_POINT('',(1.99999999999999,20.,20.));
#2126=CARTESIAN_POINT('',(42.,0.,2.));
#2127=CARTESIAN_POINT('',(42.,0.,20.));
#2128=CARTESIAN_POINT('',(2.,0.,2.));
#2129=CARTESIAN_POINT('',(2.,0.,20.));
#2130=CARTESIAN_POINT('',(43.,-2.22044604925031E-16,20.));
#2131=CARTESIAN_POINT('',(43.,21.,20.));
#2132=CARTESIAN_POINT('',(43.,21.,20.));
#2133=CARTESIAN_POINT('',(43.,21.,22.));
#2134=CARTESIAN_POINT('',(43.,21.,20.));
#2135=CARTESIAN_POINT('',(0.999999999999992,21.,20.));
#2136=CARTESIAN_POINT('',(0.999999999999992,21.,20.));
#2137=CARTESIAN_POINT('',(0.999999999999992,21.,22.));
#2138=CARTESIAN_POINT('',(0.999999999999992,21.,20.));
#2139=CARTESIAN_POINT('',(1.,4.44089209850063E-16,20.));
#2140=CARTESIAN_POINT('',(43.,0.,22.));
#2141=CARTESIAN_POINT('',(43.,21.,22.));
#2142=CARTESIAN_POINT('',(43.,21.,22.));
#2143=CARTESIAN_POINT('',(0.999999999999992,21.,22.));
#2144=CARTESIAN_POINT('',(0.999999999999992,21.,22.));
#2145=CARTESIAN_POINT('',(0.999999999999992,0.,22.));
#2146=CARTESIAN_POINT('',(42.,0.,20.));
#2147=CARTESIAN_POINT('',(42.,20.,20.));
#2148=CARTESIAN_POINT('',(42.,20.,20.));
#2149=CARTESIAN_POINT('',(1.99999999999999,20.,20.));
#2150=CARTESIAN_POINT('',(1.99999999999999,20.,20.));
#2151=CARTESIAN_POINT('',(2.,0.,20.));
#2152=CARTESIAN_POINT('',(1.,4.44089209850063E-16,20.));
#2153=CARTESIAN_POINT('',(2.,0.,20.));
#2154=CARTESIAN_POINT('',(42.,0.,20.));
#2155=CARTESIAN_POINT('',(43.,-2.22044604925031E-16,20.));
#2156=CARTESIAN_POINT('',(43.,-2.22044604925031E-16,20.));
#2157=CARTESIAN_POINT('',(43.,0.,22.));
#2158=CARTESIAN_POINT('',(1.,4.44089209850063E-16,20.));
#2159=CARTESIAN_POINT('',(0.999999999999992,0.,22.));
#2160=CARTESIAN_POINT('',(43.,0.,22.));
#2161=CARTESIAN_POINT('',(44.,0.,22.));
#2162=CARTESIAN_POINT('',(0.,0.,-2.));
#2163=CARTESIAN_POINT('',(0.,0.,22.));
#2164=CARTESIAN_POINT('',(44.,0.,22.));
#2165=CARTESIAN_POINT('',(44.,0.,-2.));
#2166=CARTESIAN_POINT('',(0.,22.,-2.));
#2167=CARTESIAN_POINT('',(0.,22.,22.));
#2168=CARTESIAN_POINT('',(44.,22.,-2.));
#2169=CARTESIAN_POINT('',(44.,22.,22.));
#2170=CARTESIAN_POINT('',(34.965,5.5,0.));
#2171=CARTESIAN_POINT('',(34.965,5.5,-2.));
#2172=CARTESIAN_POINT('',(38.5,5.50000000000001,0.));
#2173=CARTESIAN_POINT('',(34.965,5.5,0.));
#2174=CARTESIAN_POINT('',(42.035,5.5,0.));
#2175=CARTESIAN_POINT('',(38.5,5.50000000000001,-2.));
#2176=CARTESIAN_POINT('',(34.965,5.5,-2.));
#2177=CARTESIAN_POINT('',(42.035,5.5,-2.));
#2178=CARTESIAN_POINT('',(23.965,5.5,0.));
#2179=CARTESIAN_POINT('',(23.965,5.5,-2.));
#2180=CARTESIAN_POINT('',(27.5,5.5,0.));
#2181=CARTESIAN_POINT('',(23.965,5.5,0.));
#2182=CARTESIAN_POINT('',(31.035,5.5,0.));
#2183=CARTESIAN_POINT('',(27.5,5.5,-2.));
#2184=CARTESIAN_POINT('',(23.965,5.5,-2.));
#2185=CARTESIAN_POINT('',(31.035,5.5,-2.));
#2186=CARTESIAN_POINT('',(12.965,5.5,0.));
#2187=CARTESIAN_POINT('',(12.965,5.5,-2.));
#2188=CARTESIAN_POINT('',(16.5,5.5,0.));
#2189=CARTESIAN_POINT('',(12.965,5.5,0.));
#2190=CARTESIAN_POINT('',(20.035,5.5,0.));
#2191=CARTESIAN_POINT('',(16.5,5.5,-2.));
#2192=CARTESIAN_POINT('',(12.965,5.5,-2.));
#2193=CARTESIAN_POINT('',(20.035,5.5,-2.));
#2194=CARTESIAN_POINT('',(34.965,16.5,0.));
#2195=CARTESIAN_POINT('',(34.965,16.5,-2.));
#2196=CARTESIAN_POINT('',(38.5,16.5,0.));
#2197=CARTESIAN_POINT('',(34.965,16.5,0.));
#2198=CARTESIAN_POINT('',(42.035,16.5,0.));
#2199=CARTESIAN_POINT('',(38.5,16.5,-2.));
#2200=CARTESIAN_POINT('',(34.965,16.5,-2.));
#2201=CARTESIAN_POINT('',(42.035,16.5,-2.));
#2202=CARTESIAN_POINT('',(23.965,16.5,0.));
#2203=CARTESIAN_POINT('',(23.965,16.5,-2.));
#2204=CARTESIAN_POINT('',(27.5,16.5,0.));
#2205=CARTESIAN_POINT('',(23.965,16.5,0.));
#2206=CARTESIAN_POINT('',(31.035,16.5,0.));
#2207=CARTESIAN_POINT('',(27.5,16.5,-2.));
#2208=CARTESIAN_POINT('',(23.965,16.5,-2.));
#2209=CARTESIAN_POINT('',(31.035,16.5,-2.));
#2210=CARTESIAN_POINT('',(12.965,16.5,0.));
#2211=CARTESIAN_POINT('',(12.965,16.5,-2.));
#2212=CARTESIAN_POINT('',(16.5,16.5,0.));
#2213=CARTESIAN_POINT('',(12.965,16.5,0.));
#2214=CARTESIAN_POINT('',(20.035,16.5,0.));
#2215=CARTESIAN_POINT('',(16.5,16.5,-2.));
#2216=CARTESIAN_POINT('',(12.965,16.5,-2.));
#2217=CARTESIAN_POINT('',(20.035,16.5,-2.));
#2218=CARTESIAN_POINT('',(1.96499999999999,16.5,0.));
#2219=CARTESIAN_POINT('',(1.96499999999999,16.5,-2.));
#2220=CARTESIAN_POINT('',(5.49999999999999,16.5,0.));
#2221=CARTESIAN_POINT('',(1.96499999999999,16.5,0.));
#2222=CARTESIAN_POINT('',(9.03499999999998,16.5,0.));
#2223=CARTESIAN_POINT('',(5.49999999999999,16.5,-2.));
#2224=CARTESIAN_POINT('',(1.96499999999999,16.5,-2.));
#2225=CARTESIAN_POINT('',(9.03499999999998,16.5,-2.));
#2226=CARTESIAN_POINT('',(1.96499999999999,5.5,0.));
#2227=CARTESIAN_POINT('',(1.96499999999999,5.5,-2.));
#2228=CARTESIAN_POINT('',(5.49999999999999,5.5,0.));
#2229=CARTESIAN_POINT('',(1.96499999999999,5.5,0.));
#2230=CARTESIAN_POINT('',(9.03499999999998,5.5,0.));
#2231=CARTESIAN_POINT('',(5.49999999999999,5.5,-2.));
#2232=CARTESIAN_POINT('',(1.96499999999999,5.5,-2.));
#2233=CARTESIAN_POINT('',(9.03499999999998,5.5,-2.));
#2234=CARTESIAN_POINT('',(5.49999999999999,16.5,22.));
#2235=CARTESIAN_POINT('',(16.5,16.5,22.));
#2236=CARTESIAN_POINT('',(27.5,16.5,22.));
#2237=CARTESIAN_POINT('',(38.5,16.5,22.));
#2238=CARTESIAN_POINT('',(38.5,5.5,22.));
#2239=CARTESIAN_POINT('',(27.5,5.5,22.));
#2240=CARTESIAN_POINT('',(16.5,5.5,22.));
#2241=CARTESIAN_POINT('',(5.49999999999999,5.5,22.));
#2242=CARTESIAN_POINT('',(0.,0.,20.));
#2243=CARTESIAN_POINT('',(0.,0.,22.));
#2244=CARTESIAN_POINT('',(43.,-2.22044604925031E-16,20.));
#2245=CARTESIAN_POINT('',(43.,21.,20.));
#2246=CARTESIAN_POINT('',(0.999999999999992,21.,20.));
#2247=CARTESIAN_POINT('',(0.,0.,20.));
#2248=CARTESIAN_POINT('',(2.1153846153846,25.5,23.8));
#2249=CARTESIAN_POINT('',(2.1153846153846,25.5,23.8));
#2250=CARTESIAN_POINT('',(2.1153846153846,25.5,23.8));
#2251=CARTESIAN_POINT('',(2.1153846153846,25.5,23.8));
#2252=CARTESIAN_POINT('',(2.1153846153846,25.5,23.8));
#2253=CARTESIAN_POINT('',(2.1153846153846,25.5,23.8));
#2254=CARTESIAN_POINT('',(2.1153846153846,25.5,23.8));
#2255=CARTESIAN_POINT('',(2.1153846153846,25.5,23.8));
#2256=CARTESIAN_POINT('',(5.50000000000001,16.5,22.));
#2257=CARTESIAN_POINT('',(16.5,16.5,22.));
#2258=CARTESIAN_POINT('',(27.5,16.5,22.));
#2259=CARTESIAN_POINT('',(38.5,16.5,22.));
#2260=CARTESIAN_POINT('',(38.5,5.5,22.));
#2261=CARTESIAN_POINT('',(27.5,5.5,22.));
#2262=CARTESIAN_POINT('',(16.5,5.5,22.));
#2263=CARTESIAN_POINT('',(5.50000000000002,5.5,22.));
#2264=CARTESIAN_POINT('',(5.5,8.88461538461539,22.));
#2265=CARTESIAN_POINT('',(16.5,8.88461538461539,22.));
#2266=CARTESIAN_POINT('',(27.5,8.88461538461539,22.));
#2267=CARTESIAN_POINT('',(38.5,8.88461538461539,22.));
#2268=CARTESIAN_POINT('',(38.5,19.8846153846154,22.));
#2269=CARTESIAN_POINT('',(27.5,19.8846153846154,22.));
#2270=CARTESIAN_POINT('',(16.5,19.8846153846154,22.));
#2271=CARTESIAN_POINT('',(5.5,19.8846153846154,22.));
#2272=CARTESIAN_POINT('',(43.,-2.22044604925031E-16,20.));
#2273=CARTESIAN_POINT('',(43.,0.,22.));
#2274=CARTESIAN_POINT('',(1.,4.44089209850063E-16,20.));
#2275=CARTESIAN_POINT('',(0.999999999999992,0.,22.));
#2276=CARTESIAN_POINT('',(43.,21.,20.));
#2277=CARTESIAN_POINT('',(0.999999999999992,21.,20.));
#2278=CARTESIAN_POINT('',(43.,21.,22.));
#2279=CARTESIAN_POINT('',(0.999999999999992,21.,22.));
#2280=CARTESIAN_POINT('',(5.5,19.8846153846154,23.8));
#2281=CARTESIAN_POINT('',(16.5,19.8846153846154,23.8));
#2282=CARTESIAN_POINT('',(27.5,19.8846153846154,23.8));
#2283=CARTESIAN_POINT('',(38.5,19.8846153846154,23.8));
#2284=CARTESIAN_POINT('',(38.5,8.88461538461539,23.8));
#2285=CARTESIAN_POINT('',(27.5,8.88461538461539,23.8));
#2286=CARTESIAN_POINT('',(16.5,8.88461538461539,23.8));
#2287=CARTESIAN_POINT('',(5.5,8.88461538461539,23.8));
#2288=CARTESIAN_POINT('',(5.5,13.1153846153846,22.));
#2289=CARTESIAN_POINT('',(5.5,13.1153846153844,23.8));
#2290=CARTESIAN_POINT('',(16.5,13.1153846153846,22.));
#2291=CARTESIAN_POINT('',(16.5,13.1153846153846,23.8));
#2292=CARTESIAN_POINT('',(27.5,13.1153846153846,22.));
#2293=CARTESIAN_POINT('',(27.5,13.1153846153846,23.8));
#2294=CARTESIAN_POINT('',(38.5,13.1153846153846,22.));
#2295=CARTESIAN_POINT('',(38.5,13.1153846153846,23.8));
#2296=CARTESIAN_POINT('',(38.5,2.11538461538461,22.));
#2297=CARTESIAN_POINT('',(38.5,2.11538461538461,23.8));
#2298=CARTESIAN_POINT('',(27.5,2.11538461538461,22.));
#2299=CARTESIAN_POINT('',(27.5,2.11538461538461,23.8));
#2300=CARTESIAN_POINT('',(16.5,2.11538461538461,22.));
#2301=CARTESIAN_POINT('',(16.5,2.11538461538461,23.8));
#2302=CARTESIAN_POINT('',(5.5,2.11538461538461,22.));
#2303=CARTESIAN_POINT('',(5.5,2.11538461538459,23.8));
#2304=CARTESIAN_POINT('',(5.49999999999999,5.5,22.));
#2305=CARTESIAN_POINT('',(5.5,8.88461538461539,22.));
#2306=CARTESIAN_POINT('',(5.5,2.11538461538461,22.));
#2307=CARTESIAN_POINT('',(5.5,8.88461538461539,22.));
#2308=CARTESIAN_POINT('',(5.5,8.88461538461539,23.8));
#2309=CARTESIAN_POINT('',(16.5,5.5,22.));
#2310=CARTESIAN_POINT('',(16.5,8.88461538461539,22.));
#2311=CARTESIAN_POINT('',(16.5,2.11538461538461,22.));
#2312=CARTESIAN_POINT('',(16.5,8.88461538461539,22.));
#2313=CARTESIAN_POINT('',(16.5,8.88461538461539,23.8));
#2314=CARTESIAN_POINT('',(27.5,5.5,22.));
#2315=CARTESIAN_POINT('',(27.5,8.88461538461539,22.));
#2316=CARTESIAN_POINT('',(27.5,2.11538461538461,22.));
#2317=CARTESIAN_POINT('',(27.5,8.88461538461539,22.));
#2318=CARTESIAN_POINT('',(27.5,8.88461538461539,23.8));
#2319=CARTESIAN_POINT('',(38.5,5.5,22.));
#2320=CARTESIAN_POINT('',(38.5,8.88461538461539,22.));
#2321=CARTESIAN_POINT('',(38.5,2.11538461538461,22.));
#2322=CARTESIAN_POINT('',(38.5,8.88461538461539,22.));
#2323=CARTESIAN_POINT('',(38.5,8.88461538461539,23.8));
#2324=CARTESIAN_POINT('',(38.5,16.5,22.));
#2325=CARTESIAN_POINT('',(38.5,19.8846153846154,22.));
#2326=CARTESIAN_POINT('',(38.5,13.1153846153846,22.));
#2327=CARTESIAN_POINT('',(38.5,19.8846153846154,22.));
#2328=CARTESIAN_POINT('',(38.5,19.8846153846154,23.8));
#2329=CARTESIAN_POINT('',(27.5,16.5,22.));
#2330=CARTESIAN_POINT('',(27.5,19.8846153846154,22.));
#2331=CARTESIAN_POINT('',(27.5,13.1153846153846,22.));
#2332=CARTESIAN_POINT('',(27.5,19.8846153846154,22.));
#2333=CARTESIAN_POINT('',(27.5,19.8846153846154,23.8));
#2334=CARTESIAN_POINT('',(16.5,16.5,22.));
#2335=CARTESIAN_POINT('',(16.5,19.8846153846154,22.));
#2336=CARTESIAN_POINT('',(16.5,13.1153846153846,22.));
#2337=CARTESIAN_POINT('',(16.5,19.8846153846154,22.));
#2338=CARTESIAN_POINT('',(16.5,19.8846153846154,23.8));
#2339=CARTESIAN_POINT('',(5.49999999999999,16.5,22.));
#2340=CARTESIAN_POINT('',(5.5,19.8846153846154,22.));
#2341=CARTESIAN_POINT('',(5.5,13.1153846153846,22.));
#2342=CARTESIAN_POINT('',(5.5,19.8846153846154,22.));
#2343=CARTESIAN_POINT('',(5.5,19.8846153846154,23.8));
#2344=CARTESIAN_POINT('',(43.,21.,20.));
#2345=CARTESIAN_POINT('',(43.,21.,22.));
#2346=CARTESIAN_POINT('',(0.999999999999992,21.,20.));
#2347=CARTESIAN_POINT('',(0.999999999999992,21.,22.));
#2348=CARTESIAN_POINT('',(43.,-2.22044604925031E-16,20.));
#2349=CARTESIAN_POINT('',(43.,0.,22.));
#2350=CARTESIAN_POINT('',(1.,4.44089209850063E-16,20.));
#2351=CARTESIAN_POINT('',(0.999999999999992,0.,22.));
#2352=CARTESIAN_POINT('',(43.,-2.22044604925031E-16,20.));
#2353=CARTESIAN_POINT('',(43.,21.,20.));
#2354=CARTESIAN_POINT('',(43.,21.,20.));
#2355=CARTESIAN_POINT('',(0.999999999999992,21.,20.));
#2356=CARTESIAN_POINT('',(0.999999999999992,21.,20.));
#2357=CARTESIAN_POINT('',(1.,4.44089209850063E-16,20.));
#2358=CARTESIAN_POINT('',(43.,0.,22.));
#2359=CARTESIAN_POINT('',(43.,21.,22.));
#2360=CARTESIAN_POINT('',(43.,21.,22.));
#2361=CARTESIAN_POINT('',(0.999999999999992,21.,22.));
#2362=CARTESIAN_POINT('',(0.999999999999992,21.,22.));
#2363=CARTESIAN_POINT('',(0.999999999999992,0.,22.));
#2364=CARTESIAN_POINT('',(0.999999999999992,0.,22.));
#2365=CARTESIAN_POINT('',(43.,0.,22.));
#2366=CARTESIAN_POINT('',(1.,4.44089209850063E-16,20.));
#2367=CARTESIAN_POINT('',(1.99999999999999,0.,20.));
#2368=CARTESIAN_POINT('',(42.,0.,20.));
#2369=CARTESIAN_POINT('',(43.,-2.22044604925031E-16,20.));
#2370=CARTESIAN_POINT('',(16.5,16.5,23.8));
#2371=CARTESIAN_POINT('',(16.5,19.8846153846154,23.8));
#2372=CARTESIAN_POINT('',(16.5,13.1153846153846,23.8));
#2373=CARTESIAN_POINT('',(27.5,16.5,23.8));
#2374=CARTESIAN_POINT('',(27.5,19.8846153846154,23.8));
#2375=CARTESIAN_POINT('',(27.5,13.1153846153846,23.8));
#2376=CARTESIAN_POINT('',(38.5,16.5,23.8));
#2377=CARTESIAN_POINT('',(38.5,19.8846153846154,23.8));
#2378=CARTESIAN_POINT('',(38.5,13.1153846153846,23.8));
#2379=CARTESIAN_POINT('',(38.5,5.5,23.8));
#2380=CARTESIAN_POINT('',(38.5,8.88461538461539,23.8));
#2381=CARTESIAN_POINT('',(38.5,2.11538461538461,23.8));
#2382=CARTESIAN_POINT('',(27.5,5.5,23.8));
#2383=CARTESIAN_POINT('',(27.5,8.88461538461539,23.8));
#2384=CARTESIAN_POINT('',(27.5,2.11538461538461,23.8));
#2385=CARTESIAN_POINT('',(16.5,5.5,23.8));
#2386=CARTESIAN_POINT('',(16.5,8.88461538461539,23.8));
#2387=CARTESIAN_POINT('',(16.5,2.11538461538461,23.8));
#2388=CARTESIAN_POINT('',(5.49999999999998,16.4999999999999,23.8));
#2389=CARTESIAN_POINT('',(5.5,19.8846153846154,23.8));
#2390=CARTESIAN_POINT('',(5.5,13.1153846153844,23.8));
#2391=CARTESIAN_POINT('',(5.5,5.49999999999999,23.8));
#2392=CARTESIAN_POINT('',(5.5,8.88461538461539,23.8));
#2393=CARTESIAN_POINT('',(5.5,2.11538461538459,23.8));
#2394=CARTESIAN_POINT('',(5.5,13.1153846153846,22.));
#2395=CARTESIAN_POINT('',(5.5,13.1153846153846,23.8));
#2396=CARTESIAN_POINT('',(5.50000000000001,16.5,22.));
#2397=CARTESIAN_POINT('',(5.5,13.1153846153846,22.));
#2398=CARTESIAN_POINT('',(5.5,19.8846153846154,22.));
#2399=CARTESIAN_POINT('',(5.49999999999997,16.4999999999999,23.8));
#2400=CARTESIAN_POINT('',(5.5,13.1153846153844,23.8));
#2401=CARTESIAN_POINT('',(5.5,19.8846153846154,23.8));
#2402=CARTESIAN_POINT('',(16.5,13.1153846153846,22.));
#2403=CARTESIAN_POINT('',(16.5,13.1153846153846,23.8));
#2404=CARTESIAN_POINT('',(16.5,16.5,22.));
#2405=CARTESIAN_POINT('',(16.5,13.1153846153846,22.));
#2406=CARTESIAN_POINT('',(16.5,19.8846153846154,22.));
#2407=CARTESIAN_POINT('',(16.5,16.5,23.8));
#2408=CARTESIAN_POINT('',(16.5,13.1153846153846,23.8));
#2409=CARTESIAN_POINT('',(16.5,19.8846153846154,23.8));
#2410=CARTESIAN_POINT('',(27.5,13.1153846153846,22.));
#2411=CARTESIAN_POINT('',(27.5,13.1153846153846,23.8));
#2412=CARTESIAN_POINT('',(27.5,16.5,22.));
#2413=CARTESIAN_POINT('',(27.5,13.1153846153846,22.));
#2414=CARTESIAN_POINT('',(27.5,19.8846153846154,22.));
#2415=CARTESIAN_POINT('',(27.5,16.5,23.8));
#2416=CARTESIAN_POINT('',(27.5,13.1153846153846,23.8));
#2417=CARTESIAN_POINT('',(27.5,19.8846153846154,23.8));
#2418=CARTESIAN_POINT('',(38.5,13.1153846153846,22.));
#2419=CARTESIAN_POINT('',(38.5,13.1153846153846,23.8));
#2420=CARTESIAN_POINT('',(38.5,16.5,22.));
#2421=CARTESIAN_POINT('',(38.5,13.1153846153846,22.));
#2422=CARTESIAN_POINT('',(38.5,19.8846153846154,22.));
#2423=CARTESIAN_POINT('',(38.5,16.5,23.8));
#2424=CARTESIAN_POINT('',(38.5,13.1153846153846,23.8));
#2425=CARTESIAN_POINT('',(38.5,19.8846153846154,23.8));
#2426=CARTESIAN_POINT('',(38.5,2.11538461538461,22.));
#2427=CARTESIAN_POINT('',(38.5,2.11538461538461,23.8));
#2428=CARTESIAN_POINT('',(38.5,5.5,22.));
#2429=CARTESIAN_POINT('',(38.5,2.11538461538461,22.));
#2430=CARTESIAN_POINT('',(38.5,8.88461538461539,22.));
#2431=CARTESIAN_POINT('',(38.5,5.5,23.8));
#2432=CARTESIAN_POINT('',(38.5,2.11538461538461,23.8));
#2433=CARTESIAN_POINT('',(38.5,8.88461538461539,23.8));
#2434=CARTESIAN_POINT('',(27.5,2.11538461538461,22.));
#2435=CARTESIAN_POINT('',(27.5,2.11538461538461,23.8));
#2436=CARTESIAN_POINT('',(27.5,5.5,22.));
#2437=CARTESIAN_POINT('',(27.5,2.11538461538461,22.));
#2438=CARTESIAN_POINT('',(27.5,8.88461538461539,22.));
#2439=CARTESIAN_POINT('',(27.5,5.5,23.8));
#2440=CARTESIAN_POINT('',(27.5,2.11538461538461,23.8));
#2441=CARTESIAN_POINT('',(27.5,8.88461538461539,23.8));
#2442=CARTESIAN_POINT('',(16.5,2.11538461538461,22.));
#2443=CARTESIAN_POINT('',(16.5,2.11538461538461,23.8));
#2444=CARTESIAN_POINT('',(16.5,5.5,22.));
#2445=CARTESIAN_POINT('',(16.5,2.11538461538461,22.));
#2446=CARTESIAN_POINT('',(16.5,8.88461538461539,22.));
#2447=CARTESIAN_POINT('',(16.5,5.5,23.8));
#2448=CARTESIAN_POINT('',(16.5,2.11538461538461,23.8));
#2449=CARTESIAN_POINT('',(16.5,8.88461538461539,23.8));
#2450=CARTESIAN_POINT('',(5.5,2.11538461538461,22.));
#2451=CARTESIAN_POINT('',(5.5,2.11538461538461,23.8));
#2452=CARTESIAN_POINT('',(5.50000000000002,5.5,22.));
#2453=CARTESIAN_POINT('',(5.5,2.11538461538461,22.));
#2454=CARTESIAN_POINT('',(5.5,8.88461538461539,22.));
#2455=CARTESIAN_POINT('',(5.5,5.49999999999999,23.8));
#2456=CARTESIAN_POINT('',(5.5,2.11538461538459,23.8));
#2457=CARTESIAN_POINT('',(5.5,8.88461538461539,23.8));
#2458=CARTESIAN_POINT('',(0.,0.,0.));
#2459=CARTESIAN_POINT('',(0.,0.,0.));
ENDSEC;
END-ISO-10303-21;
