ISO-10303-21;
HEADER;
/* Generated by software containing ST-Developer
 * from STEP Tools, Inc. (www.steptools.com) 
 */
/* OPTION: using custom schema-name function */

FILE_DESCRIPTION(
/* description */ (''),
/* implementation_level */ '2;1');

FILE_NAME(
/* name */ 'lego_panel',
/* time_stamp */ '2026-09-06T22:10:35+03:00',
/* author */ (''),
/* organization */ (''),
/* preprocessor_version */ 'ST-DEVELOPER v19.2',
/* originating_system */ 'Rhino 8.34',
/* authorisation */ '');

FILE_SCHEMA (('CONFIG_CONTROL_DESIGN'));
ENDSEC;

DATA;
#10=SHAPE_REPRESENTATION_RELATIONSHIP('','',#6620,#12);
#11=MANIFOLD_SOLID_BREP('brep_1',#13);
#12=ADVANCED_BREP_SHAPE_REPRESENTATION('brep_rep_0',(#11,#7608),#6619);
#13=CLOSED_SHELL('',(#154,#155,#156,#157,#158,#159,#160,#161,#162,#163,
#164,#165,#166,#167,#168,#169,#170,#171,#172,#173,#174,#175,#176,#177,#178,
#179,#180,#181,#182,#183,#184,#185,#186,#187,#188,#189,#190,#191,#192,#193,
#194,#195,#196,#197,#198,#199,#200,#201,#202,#203,#204,#205,#206,#207,#208,
#209,#210,#211,#212,#213,#214,#215,#216,#217,#218,#219,#220,#221,#222,#223,
#224,#225,#226,#227,#228,#229,#230,#231,#232,#233,#234,#235,#236,#237,#238,
#239,#240,#241,#242,#243,#244,#245,#246,#247,#248,#249,#250,#251,#252,#253,
#254,#255,#256,#257,#258,#259,#260,#261,#262,#263,#264,#265,#266,#267,#268,
#269,#270,#271,#272,#273,#274,#275,#276,#277,#278,#279,#280,#281,#282,#283,
#284,#285,#286,#287,#288,#289,#290,#291,#292,#293,#294,#295,#296,#297,#298,
#299,#300,#301,#302,#303,#304,#305,#306,#307,#308,#309,#310,#311,#312,#313,
#314,#315,#316,#317,#318,#319,#320,#321,#322,#323,#324,#325,#326,#327,#328,
#329,#330,#331,#332,#333,#334,#335,#336,#337,#338,#339,#340,#341,#342,#343,
#344,#345,#346,#347,#348,#349,#350,#351,#352,#353,#354,#355,#356,#357,#358,
#359,#360,#361,#362,#363,#364,#365,#366,#367,#368,#369,#370,#371,#372,#373,
#374,#375,#376,#377,#378,#379,#380,#381,#382,#383,#384,#385,#386,#387,#388,
#389,#390,#391,#392,#393,#394,#395,#396,#397,#398,#399,#400,#401,#402,#403,
#404,#405,#406,#407,#408,#409,#410,#411,#412,#413,#414,#415,#416,#417,#418,
#419,#420,#421,#422,#423,#424,#425,#426,#427,#428,#429,#430,#431,#432,#433,
#434,#435,#436,#437,#438,#439,#440,#441,#442,#443,#444,#445,#446,#447,#448,
#449,#450,#451,#452,#453,#454,#455,#456,#457,#458,#459,#460,#461,#462,#463,
#464,#465,#466,#467,#468,#469,#470,#471,#472,#473,#474,#475,#476,#477,#478,
#479,#480,#481,#482,#483,#484,#485,#486,#487,#488,#489,#490,#491,#492,#493,
#494,#495,#496,#497,#498,#499,#500,#501,#502,#503,#504,#505,#506,#507,#508,
#509,#510,#511,#512,#513,#514,#515,#516,#517,#518,#519,#520,#521,#522,#523,
#524,#525,#526,#527,#528,#529,#530,#531,#532,#533,#534,#535,#536,#537,#538,
#539,#540,#541,#542,#543,#544,#545,#546,#547,#548,#549,#550,#551,#552,#553,
#554,#555,#556,#557,#558,#559,#560,#561,#562,#563,#564,#565,#566,#567,#568,
#569,#570,#571,#572,#573,#574,#575,#576,#577,#578,#579));
#14=FACE_BOUND('',#1292,.T.);
#15=FACE_BOUND('',#1293,.T.);
#16=FACE_BOUND('',#1294,.T.);
#17=FACE_BOUND('',#1295,.T.);
#18=FACE_BOUND('',#1296,.T.);
#19=FACE_BOUND('',#1297,.T.);
#20=FACE_BOUND('',#1298,.T.);
#21=FACE_BOUND('',#1299,.T.);
#22=FACE_BOUND('',#1300,.T.);
#23=FACE_BOUND('',#1301,.T.);
#24=FACE_BOUND('',#1302,.T.);
#25=FACE_BOUND('',#1303,.T.);
#26=FACE_BOUND('',#1304,.T.);
#27=FACE_BOUND('',#1305,.T.);
#28=FACE_BOUND('',#1306,.T.);
#29=FACE_BOUND('',#1307,.T.);
#30=FACE_BOUND('',#1308,.T.);
#31=FACE_BOUND('',#1309,.T.);
#32=FACE_BOUND('',#1310,.T.);
#33=FACE_BOUND('',#1311,.T.);
#34=FACE_BOUND('',#1312,.T.);
#35=FACE_BOUND('',#1313,.T.);
#36=FACE_BOUND('',#1314,.T.);
#37=FACE_BOUND('',#1315,.T.);
#38=FACE_BOUND('',#1316,.T.);
#39=FACE_BOUND('',#1317,.T.);
#40=FACE_BOUND('',#1318,.T.);
#41=FACE_BOUND('',#1319,.T.);
#42=FACE_BOUND('',#1320,.T.);
#43=FACE_BOUND('',#1321,.T.);
#44=FACE_BOUND('',#1322,.T.);
#45=FACE_BOUND('',#1323,.T.);
#46=FACE_BOUND('',#1324,.T.);
#47=FACE_BOUND('',#1325,.T.);
#48=FACE_BOUND('',#1326,.T.);
#49=FACE_BOUND('',#1327,.T.);
#50=FACE_BOUND('',#1328,.T.);
#51=FACE_BOUND('',#1329,.T.);
#52=FACE_BOUND('',#1330,.T.);
#53=FACE_BOUND('',#1331,.T.);
#54=FACE_BOUND('',#1332,.T.);
#55=FACE_BOUND('',#1333,.T.);
#56=FACE_BOUND('',#1334,.T.);
#57=FACE_BOUND('',#1335,.T.);
#58=FACE_BOUND('',#1336,.T.);
#59=FACE_BOUND('',#1337,.T.);
#60=FACE_BOUND('',#1338,.T.);
#61=FACE_BOUND('',#1339,.T.);
#62=FACE_BOUND('',#1340,.T.);
#63=FACE_BOUND('',#1341,.T.);
#64=FACE_BOUND('',#1342,.T.);
#65=FACE_BOUND('',#1343,.T.);
#66=FACE_BOUND('',#1344,.T.);
#67=FACE_BOUND('',#1345,.T.);
#68=FACE_BOUND('',#1346,.T.);
#69=FACE_BOUND('',#1347,.T.);
#70=FACE_BOUND('',#1348,.T.);
#71=FACE_BOUND('',#1349,.T.);
#72=FACE_BOUND('',#1350,.T.);
#73=FACE_BOUND('',#1351,.T.);
#74=FACE_BOUND('',#1352,.T.);
#75=FACE_BOUND('',#1353,.T.);
#76=FACE_BOUND('',#1354,.T.);
#77=FACE_BOUND('',#1355,.T.);
#78=FACE_BOUND('',#1356,.T.);
#79=FACE_BOUND('',#1357,.T.);
#80=FACE_BOUND('',#1358,.T.);
#81=FACE_BOUND('',#1359,.T.);
#82=FACE_BOUND('',#1360,.T.);
#83=FACE_BOUND('',#1361,.T.);
#84=FACE_BOUND('',#1362,.T.);
#85=FACE_BOUND('',#1363,.T.);
#86=FACE_BOUND('',#1364,.T.);
#87=FACE_BOUND('',#1365,.T.);
#88=FACE_BOUND('',#1366,.T.);
#89=FACE_BOUND('',#1367,.T.);
#90=FACE_BOUND('',#1368,.T.);
#91=FACE_BOUND('',#1369,.T.);
#92=FACE_BOUND('',#1370,.T.);
#93=FACE_BOUND('',#1371,.T.);
#94=FACE_BOUND('',#1372,.T.);
#95=FACE_BOUND('',#1373,.T.);
#96=FACE_BOUND('',#1374,.T.);
#97=FACE_BOUND('',#1375,.T.);
#98=FACE_BOUND('',#1376,.T.);
#99=FACE_BOUND('',#1377,.T.);
#100=FACE_BOUND('',#1378,.T.);
#101=FACE_BOUND('',#1379,.T.);
#102=FACE_BOUND('',#1380,.T.);
#103=FACE_BOUND('',#1381,.T.);
#104=FACE_BOUND('',#1382,.T.);
#105=FACE_BOUND('',#1383,.T.);
#106=FACE_BOUND('',#1384,.T.);
#107=FACE_BOUND('',#1385,.T.);
#108=FACE_BOUND('',#1386,.T.);
#109=FACE_BOUND('',#1387,.T.);
#110=FACE_BOUND('',#1388,.T.);
#111=FACE_BOUND('',#1389,.T.);
#112=FACE_BOUND('',#1390,.T.);
#113=FACE_BOUND('',#1391,.T.);
#114=FACE_BOUND('',#1392,.T.);
#115=FACE_BOUND('',#1393,.T.);
#116=FACE_BOUND('',#1394,.T.);
#117=FACE_BOUND('',#1395,.T.);
#118=FACE_BOUND('',#1396,.T.);
#119=FACE_BOUND('',#1397,.T.);
#120=FACE_BOUND('',#1398,.T.);
#121=FACE_BOUND('',#1399,.T.);
#122=FACE_BOUND('',#1400,.T.);
#123=FACE_BOUND('',#1401,.T.);
#124=FACE_BOUND('',#1402,.T.);
#125=FACE_BOUND('',#1403,.T.);
#126=FACE_BOUND('',#1404,.T.);
#127=FACE_BOUND('',#1405,.T.);
#128=FACE_BOUND('',#1406,.T.);
#129=FACE_BOUND('',#1407,.T.);
#130=FACE_BOUND('',#1408,.T.);
#131=FACE_BOUND('',#1409,.T.);
#132=FACE_BOUND('',#1410,.T.);
#133=FACE_BOUND('',#1411,.T.);
#134=FACE_BOUND('',#1412,.T.);
#135=FACE_BOUND('',#1413,.T.);
#136=FACE_BOUND('',#1414,.T.);
#137=FACE_BOUND('',#1415,.T.);
#138=FACE_BOUND('',#1416,.T.);
#139=FACE_BOUND('',#1417,.T.);
#140=FACE_BOUND('',#1418,.T.);
#141=FACE_BOUND('',#1419,.T.);
#142=FACE_BOUND('',#1420,.T.);
#143=FACE_BOUND('',#1421,.T.);
#144=FACE_BOUND('',#1422,.T.);
#145=FACE_BOUND('',#1423,.T.);
#146=FACE_BOUND('',#1424,.T.);
#147=FACE_BOUND('',#1425,.T.);
#148=FACE_BOUND('',#1426,.T.);
#149=FACE_BOUND('',#1427,.T.);
#150=FACE_BOUND('',#1428,.T.);
#151=FACE_BOUND('',#1429,.T.);
#152=FACE_BOUND('',#1430,.T.);
#153=FACE_BOUND('',#1431,.T.);
#154=ADVANCED_FACE('',(#580),#6254,.T.);
#155=ADVANCED_FACE('',(#581),#6108,.T.);
#156=ADVANCED_FACE('',(#582),#6255,.T.);
#157=ADVANCED_FACE('',(#583),#6109,.T.);
#158=ADVANCED_FACE('',(#584),#6256,.T.);
#159=ADVANCED_FACE('',(#585),#6110,.T.);
#160=ADVANCED_FACE('',(#586),#6257,.T.);
#161=ADVANCED_FACE('',(#587),#6111,.T.);
#162=ADVANCED_FACE('',(#588),#6258,.T.);
#163=ADVANCED_FACE('',(#589),#6112,.T.);
#164=ADVANCED_FACE('',(#590),#6259,.T.);
#165=ADVANCED_FACE('',(#591),#6113,.T.);
#166=ADVANCED_FACE('',(#592),#6260,.T.);
#167=ADVANCED_FACE('',(#593),#6114,.T.);
#168=ADVANCED_FACE('',(#594),#6261,.T.);
#169=ADVANCED_FACE('',(#595),#6115,.T.);
#170=ADVANCED_FACE('',(#596),#6262,.T.);
#171=ADVANCED_FACE('',(#597),#6116,.T.);
#172=ADVANCED_FACE('',(#598),#6263,.T.);
#173=ADVANCED_FACE('',(#599),#6117,.T.);
#174=ADVANCED_FACE('',(#600),#6264,.T.);
#175=ADVANCED_FACE('',(#601),#6118,.T.);
#176=ADVANCED_FACE('',(#602),#6265,.T.);
#177=ADVANCED_FACE('',(#603),#6119,.T.);
#178=ADVANCED_FACE('',(#604),#6266,.T.);
#179=ADVANCED_FACE('',(#605),#6120,.T.);
#180=ADVANCED_FACE('',(#606),#6267,.T.);
#181=ADVANCED_FACE('',(#607),#6121,.T.);
#182=ADVANCED_FACE('',(#608),#6268,.T.);
#183=ADVANCED_FACE('',(#609),#6122,.T.);
#184=ADVANCED_FACE('',(#610),#6269,.T.);
#185=ADVANCED_FACE('',(#611),#6123,.T.);
#186=ADVANCED_FACE('',(#612),#6270,.T.);
#187=ADVANCED_FACE('',(#613),#6124,.T.);
#188=ADVANCED_FACE('',(#614),#6271,.T.);
#189=ADVANCED_FACE('',(#615),#6125,.T.);
#190=ADVANCED_FACE('',(#616),#6272,.T.);
#191=ADVANCED_FACE('',(#617),#6126,.T.);
#192=ADVANCED_FACE('',(#618),#6273,.T.);
#193=ADVANCED_FACE('',(#619),#6127,.T.);
#194=ADVANCED_FACE('',(#620),#6274,.T.);
#195=ADVANCED_FACE('',(#621),#6128,.T.);
#196=ADVANCED_FACE('',(#622),#6275,.T.);
#197=ADVANCED_FACE('',(#623),#6129,.T.);
#198=ADVANCED_FACE('',(#624),#6276,.T.);
#199=ADVANCED_FACE('',(#625),#6130,.T.);
#200=ADVANCED_FACE('',(#626),#6277,.T.);
#201=ADVANCED_FACE('',(#627),#6131,.T.);
#202=ADVANCED_FACE('',(#628),#6278,.T.);
#203=ADVANCED_FACE('',(#629),#6132,.T.);
#204=ADVANCED_FACE('',(#630),#6279,.T.);
#205=ADVANCED_FACE('',(#631),#6133,.T.);
#206=ADVANCED_FACE('',(#632),#6280,.T.);
#207=ADVANCED_FACE('',(#633),#6134,.T.);
#208=ADVANCED_FACE('',(#634),#6281,.T.);
#209=ADVANCED_FACE('',(#635),#6135,.T.);
#210=ADVANCED_FACE('',(#636),#6282,.T.);
#211=ADVANCED_FACE('',(#637),#6136,.T.);
#212=ADVANCED_FACE('',(#638),#6283,.T.);
#213=ADVANCED_FACE('',(#639),#6137,.T.);
#214=ADVANCED_FACE('',(#640),#6284,.T.);
#215=ADVANCED_FACE('',(#641),#6138,.T.);
#216=ADVANCED_FACE('',(#642),#6285,.T.);
#217=ADVANCED_FACE('',(#643),#6139,.T.);
#218=ADVANCED_FACE('',(#644),#6286,.T.);
#219=ADVANCED_FACE('',(#645),#6140,.T.);
#220=ADVANCED_FACE('',(#646),#6287,.T.);
#221=ADVANCED_FACE('',(#647),#6141,.T.);
#222=ADVANCED_FACE('',(#648),#6288,.T.);
#223=ADVANCED_FACE('',(#649),#6142,.T.);
#224=ADVANCED_FACE('',(#650),#6289,.T.);
#225=ADVANCED_FACE('',(#651),#6143,.T.);
#226=ADVANCED_FACE('',(#652),#6290,.T.);
#227=ADVANCED_FACE('',(#653),#6144,.T.);
#228=ADVANCED_FACE('',(#654),#6291,.T.);
#229=ADVANCED_FACE('',(#655),#6145,.T.);
#230=ADVANCED_FACE('',(#656),#6292,.T.);
#231=ADVANCED_FACE('',(#657),#6146,.T.);
#232=ADVANCED_FACE('',(#658),#6293,.T.);
#233=ADVANCED_FACE('',(#659),#6147,.T.);
#234=ADVANCED_FACE('',(#660),#6294,.T.);
#235=ADVANCED_FACE('',(#661),#6148,.T.);
#236=ADVANCED_FACE('',(#662),#6295,.T.);
#237=ADVANCED_FACE('',(#663),#6149,.T.);
#238=ADVANCED_FACE('',(#664),#6296,.T.);
#239=ADVANCED_FACE('',(#665),#6150,.T.);
#240=ADVANCED_FACE('',(#666),#6297,.T.);
#241=ADVANCED_FACE('',(#667),#6151,.T.);
#242=ADVANCED_FACE('',(#668),#6298,.T.);
#243=ADVANCED_FACE('',(#669),#6152,.T.);
#244=ADVANCED_FACE('',(#670),#6299,.T.);
#245=ADVANCED_FACE('',(#671),#6153,.T.);
#246=ADVANCED_FACE('',(#672),#6300,.T.);
#247=ADVANCED_FACE('',(#673),#6154,.T.);
#248=ADVANCED_FACE('',(#674),#6301,.T.);
#249=ADVANCED_FACE('',(#675),#6155,.T.);
#250=ADVANCED_FACE('',(#676),#6302,.T.);
#251=ADVANCED_FACE('',(#677),#6156,.T.);
#252=ADVANCED_FACE('',(#678),#6303,.T.);
#253=ADVANCED_FACE('',(#679),#6157,.T.);
#254=ADVANCED_FACE('',(#680),#6304,.T.);
#255=ADVANCED_FACE('',(#681),#6158,.T.);
#256=ADVANCED_FACE('',(#682),#6305,.T.);
#257=ADVANCED_FACE('',(#683),#6159,.T.);
#258=ADVANCED_FACE('',(#684),#6306,.T.);
#259=ADVANCED_FACE('',(#685),#6160,.T.);
#260=ADVANCED_FACE('',(#686),#6307,.T.);
#261=ADVANCED_FACE('',(#687),#6161,.T.);
#262=ADVANCED_FACE('',(#688),#6308,.T.);
#263=ADVANCED_FACE('',(#689),#6162,.T.);
#264=ADVANCED_FACE('',(#690),#6309,.T.);
#265=ADVANCED_FACE('',(#691),#6163,.T.);
#266=ADVANCED_FACE('',(#692),#6310,.T.);
#267=ADVANCED_FACE('',(#693),#6164,.T.);
#268=ADVANCED_FACE('',(#694),#6311,.T.);
#269=ADVANCED_FACE('',(#695),#6165,.T.);
#270=ADVANCED_FACE('',(#696),#6312,.T.);
#271=ADVANCED_FACE('',(#697),#6166,.T.);
#272=ADVANCED_FACE('',(#698),#6313,.T.);
#273=ADVANCED_FACE('',(#699),#6167,.T.);
#274=ADVANCED_FACE('',(#700),#6314,.T.);
#275=ADVANCED_FACE('',(#701),#6168,.T.);
#276=ADVANCED_FACE('',(#702),#6315,.T.);
#277=ADVANCED_FACE('',(#703),#6169,.T.);
#278=ADVANCED_FACE('',(#704),#6316,.T.);
#279=ADVANCED_FACE('',(#705),#6170,.T.);
#280=ADVANCED_FACE('',(#706),#6317,.T.);
#281=ADVANCED_FACE('',(#707),#6171,.T.);
#282=ADVANCED_FACE('',(#708),#6318,.T.);
#283=ADVANCED_FACE('',(#709),#6172,.T.);
#284=ADVANCED_FACE('',(#710),#6319,.T.);
#285=ADVANCED_FACE('',(#711),#6173,.T.);
#286=ADVANCED_FACE('',(#712),#6320,.T.);
#287=ADVANCED_FACE('',(#713),#6174,.T.);
#288=ADVANCED_FACE('',(#714),#6321,.T.);
#289=ADVANCED_FACE('',(#715),#6175,.T.);
#290=ADVANCED_FACE('',(#716),#6322,.T.);
#291=ADVANCED_FACE('',(#717),#6176,.T.);
#292=ADVANCED_FACE('',(#718),#6323,.T.);
#293=ADVANCED_FACE('',(#719),#6177,.T.);
#294=ADVANCED_FACE('',(#720),#6324,.T.);
#295=ADVANCED_FACE('',(#721),#6178,.T.);
#296=ADVANCED_FACE('',(#722),#6325,.T.);
#297=ADVANCED_FACE('',(#723),#6179,.T.);
#298=ADVANCED_FACE('',(#724),#6326,.T.);
#299=ADVANCED_FACE('',(#725),#6180,.T.);
#300=ADVANCED_FACE('',(#726),#6327,.T.);
#301=ADVANCED_FACE('',(#727),#6181,.T.);
#302=ADVANCED_FACE('',(#728),#6328,.T.);
#303=ADVANCED_FACE('',(#729),#6182,.T.);
#304=ADVANCED_FACE('',(#730),#6329,.T.);
#305=ADVANCED_FACE('',(#731),#6183,.T.);
#306=ADVANCED_FACE('',(#732),#6330,.T.);
#307=ADVANCED_FACE('',(#733),#6184,.T.);
#308=ADVANCED_FACE('',(#734),#6331,.T.);
#309=ADVANCED_FACE('',(#735),#6185,.T.);
#310=ADVANCED_FACE('',(#736),#6332,.T.);
#311=ADVANCED_FACE('',(#737),#6186,.T.);
#312=ADVANCED_FACE('',(#738),#6333,.T.);
#313=ADVANCED_FACE('',(#739),#6187,.T.);
#314=ADVANCED_FACE('',(#740),#6334,.T.);
#315=ADVANCED_FACE('',(#741),#6188,.T.);
#316=ADVANCED_FACE('',(#742),#6335,.T.);
#317=ADVANCED_FACE('',(#743),#6189,.T.);
#318=ADVANCED_FACE('',(#744),#6336,.T.);
#319=ADVANCED_FACE('',(#745),#6190,.T.);
#320=ADVANCED_FACE('',(#746),#6337,.T.);
#321=ADVANCED_FACE('',(#747),#6191,.T.);
#322=ADVANCED_FACE('',(#748),#6338,.T.);
#323=ADVANCED_FACE('',(#749),#6192,.T.);
#324=ADVANCED_FACE('',(#750),#6339,.T.);
#325=ADVANCED_FACE('',(#751),#6193,.T.);
#326=ADVANCED_FACE('',(#752),#6340,.T.);
#327=ADVANCED_FACE('',(#753),#6194,.T.);
#328=ADVANCED_FACE('',(#754),#6341,.T.);
#329=ADVANCED_FACE('',(#755),#6195,.T.);
#330=ADVANCED_FACE('',(#756),#6342,.T.);
#331=ADVANCED_FACE('',(#757),#6196,.T.);
#332=ADVANCED_FACE('',(#758),#6343,.T.);
#333=ADVANCED_FACE('',(#759),#6197,.T.);
#334=ADVANCED_FACE('',(#760),#6344,.T.);
#335=ADVANCED_FACE('',(#761),#6198,.T.);
#336=ADVANCED_FACE('',(#762),#6345,.T.);
#337=ADVANCED_FACE('',(#763),#6199,.T.);
#338=ADVANCED_FACE('',(#764),#6346,.T.);
#339=ADVANCED_FACE('',(#765),#6200,.T.);
#340=ADVANCED_FACE('',(#766),#6347,.T.);
#341=ADVANCED_FACE('',(#767),#6201,.T.);
#342=ADVANCED_FACE('',(#768),#6348,.T.);
#343=ADVANCED_FACE('',(#769),#6202,.T.);
#344=ADVANCED_FACE('',(#770),#6349,.T.);
#345=ADVANCED_FACE('',(#771),#6203,.T.);
#346=ADVANCED_FACE('',(#772),#6350,.T.);
#347=ADVANCED_FACE('',(#773),#6204,.T.);
#348=ADVANCED_FACE('',(#774),#6351,.T.);
#349=ADVANCED_FACE('',(#775),#6205,.T.);
#350=ADVANCED_FACE('',(#776),#6352,.T.);
#351=ADVANCED_FACE('',(#777),#6206,.T.);
#352=ADVANCED_FACE('',(#778),#6353,.T.);
#353=ADVANCED_FACE('',(#779),#6207,.T.);
#354=ADVANCED_FACE('',(#780),#6354,.T.);
#355=ADVANCED_FACE('',(#781),#6208,.T.);
#356=ADVANCED_FACE('',(#782),#6355,.T.);
#357=ADVANCED_FACE('',(#783),#6209,.T.);
#358=ADVANCED_FACE('',(#784),#6356,.T.);
#359=ADVANCED_FACE('',(#785),#6210,.T.);
#360=ADVANCED_FACE('',(#786),#6357,.T.);
#361=ADVANCED_FACE('',(#787),#6211,.T.);
#362=ADVANCED_FACE('',(#788),#6358,.T.);
#363=ADVANCED_FACE('',(#789),#6212,.T.);
#364=ADVANCED_FACE('',(#790),#6359,.T.);
#365=ADVANCED_FACE('',(#791),#6213,.T.);
#366=ADVANCED_FACE('',(#792),#6360,.T.);
#367=ADVANCED_FACE('',(#793),#6214,.T.);
#368=ADVANCED_FACE('',(#794),#6361,.T.);
#369=ADVANCED_FACE('',(#795),#6215,.T.);
#370=ADVANCED_FACE('',(#796),#6362,.T.);
#371=ADVANCED_FACE('',(#797),#6216,.T.);
#372=ADVANCED_FACE('',(#798),#6363,.T.);
#373=ADVANCED_FACE('',(#799),#6217,.T.);
#374=ADVANCED_FACE('',(#800),#6364,.T.);
#375=ADVANCED_FACE('',(#801),#6218,.T.);
#376=ADVANCED_FACE('',(#802),#6365,.T.);
#377=ADVANCED_FACE('',(#803),#6219,.T.);
#378=ADVANCED_FACE('',(#804),#6366,.T.);
#379=ADVANCED_FACE('',(#805),#6220,.T.);
#380=ADVANCED_FACE('',(#806),#6367,.T.);
#381=ADVANCED_FACE('',(#807),#6221,.T.);
#382=ADVANCED_FACE('',(#808),#6368,.T.);
#383=ADVANCED_FACE('',(#809),#6222,.T.);
#384=ADVANCED_FACE('',(#810),#6369,.T.);
#385=ADVANCED_FACE('',(#811),#6223,.T.);
#386=ADVANCED_FACE('',(#812),#6370,.T.);
#387=ADVANCED_FACE('',(#813),#6224,.T.);
#388=ADVANCED_FACE('',(#814),#6371,.T.);
#389=ADVANCED_FACE('',(#815),#6225,.T.);
#390=ADVANCED_FACE('',(#816),#6372,.T.);
#391=ADVANCED_FACE('',(#817),#6226,.T.);
#392=ADVANCED_FACE('',(#818),#6373,.T.);
#393=ADVANCED_FACE('',(#819),#6227,.T.);
#394=ADVANCED_FACE('',(#820),#6374,.T.);
#395=ADVANCED_FACE('',(#821),#6228,.T.);
#396=ADVANCED_FACE('',(#822),#6375,.T.);
#397=ADVANCED_FACE('',(#823),#6229,.T.);
#398=ADVANCED_FACE('',(#824),#6376,.T.);
#399=ADVANCED_FACE('',(#825),#6230,.T.);
#400=ADVANCED_FACE('',(#826),#6377,.T.);
#401=ADVANCED_FACE('',(#827),#6231,.T.);
#402=ADVANCED_FACE('',(#828),#6378,.T.);
#403=ADVANCED_FACE('',(#829),#6232,.T.);
#404=ADVANCED_FACE('',(#830),#6379,.T.);
#405=ADVANCED_FACE('',(#831),#6233,.T.);
#406=ADVANCED_FACE('',(#832),#6380,.T.);
#407=ADVANCED_FACE('',(#833),#6234,.T.);
#408=ADVANCED_FACE('',(#834),#6381,.T.);
#409=ADVANCED_FACE('',(#835),#6235,.T.);
#410=ADVANCED_FACE('',(#836),#6382,.T.);
#411=ADVANCED_FACE('',(#837),#6236,.T.);
#412=ADVANCED_FACE('',(#838),#6383,.T.);
#413=ADVANCED_FACE('',(#839),#6237,.T.);
#414=ADVANCED_FACE('',(#840),#6384,.T.);
#415=ADVANCED_FACE('',(#841),#6238,.T.);
#416=ADVANCED_FACE('',(#842),#6385,.T.);
#417=ADVANCED_FACE('',(#843),#6239,.T.);
#418=ADVANCED_FACE('',(#844),#6386,.T.);
#419=ADVANCED_FACE('',(#845),#6240,.T.);
#420=ADVANCED_FACE('',(#846),#6387,.T.);
#421=ADVANCED_FACE('',(#847),#6241,.T.);
#422=ADVANCED_FACE('',(#848),#6388,.T.);
#423=ADVANCED_FACE('',(#849),#6242,.T.);
#424=ADVANCED_FACE('',(#850),#6389,.T.);
#425=ADVANCED_FACE('',(#851),#6243,.T.);
#426=ADVANCED_FACE('',(#852),#6390,.T.);
#427=ADVANCED_FACE('',(#853),#6244,.T.);
#428=ADVANCED_FACE('',(#854),#6391,.T.);
#429=ADVANCED_FACE('',(#855),#6245,.T.);
#430=ADVANCED_FACE('',(#856),#6392,.T.);
#431=ADVANCED_FACE('',(#857),#6246,.T.);
#432=ADVANCED_FACE('',(#858),#6393,.T.);
#433=ADVANCED_FACE('',(#859),#6247,.T.);
#434=ADVANCED_FACE('',(#860),#6248,.T.);
#435=ADVANCED_FACE('',(#861),#6249,.T.);
#436=ADVANCED_FACE('',(#862),#6250,.T.);
#437=ADVANCED_FACE('',(#863),#6251,.T.);
#438=ADVANCED_FACE('',(#864),#6252,.T.);
#439=ADVANCED_FACE('',(#865,#14,#15,#16,#17,#18,#19,#20,#21,#22,#23,#24,
#25,#26,#27,#28,#29,#30,#31,#32,#33,#34,#35,#36,#37,#38,#39,#40,#41,#42,
#43,#44,#45,#46,#47,#48,#49,#50,#51,#52,#53,#54,#55,#56,#57,#58,#59,#60,
#61,#62,#63,#64,#65,#66,#67,#68,#69,#70,#71,#72,#73,#74,#75,#76,#77,#78,
#79,#80,#81,#82,#83,#84,#85,#86,#87,#88,#89,#90,#91,#92,#93,#94,#95,#96,
#97,#98,#99,#100,#101,#102,#103,#104,#105,#106,#107,#108,#109,#110,#111,
#112,#113,#114,#115,#116,#117,#118,#119,#120,#121,#122,#123,#124,#125,#126,
#127,#128,#129,#130,#131,#132,#133,#134,#135,#136,#137,#138,#139,#140,#141,
#142,#143,#144,#145,#146,#147,#148,#149,#150,#151,#152,#153),#6253,.T.);
#440=ADVANCED_FACE('',(#866),#6394,.T.);
#441=ADVANCED_FACE('',(#867),#6395,.T.);
#442=ADVANCED_FACE('',(#868),#6396,.T.);
#443=ADVANCED_FACE('',(#869),#6397,.T.);
#444=ADVANCED_FACE('',(#870),#6398,.T.);
#445=ADVANCED_FACE('',(#871),#6399,.T.);
#446=ADVANCED_FACE('',(#872),#6400,.T.);
#447=ADVANCED_FACE('',(#873),#6401,.T.);
#448=ADVANCED_FACE('',(#874),#6402,.T.);
#449=ADVANCED_FACE('',(#875),#6403,.T.);
#450=ADVANCED_FACE('',(#876),#6404,.T.);
#451=ADVANCED_FACE('',(#877),#6405,.T.);
#452=ADVANCED_FACE('',(#878),#6406,.T.);
#453=ADVANCED_FACE('',(#879),#6407,.T.);
#454=ADVANCED_FACE('',(#880),#6408,.T.);
#455=ADVANCED_FACE('',(#881),#6409,.T.);
#456=ADVANCED_FACE('',(#882),#6410,.T.);
#457=ADVANCED_FACE('',(#883),#6411,.T.);
#458=ADVANCED_FACE('',(#884),#6412,.T.);
#459=ADVANCED_FACE('',(#885),#6413,.T.);
#460=ADVANCED_FACE('',(#886),#6414,.T.);
#461=ADVANCED_FACE('',(#887),#6415,.T.);
#462=ADVANCED_FACE('',(#888),#6416,.T.);
#463=ADVANCED_FACE('',(#889),#6417,.T.);
#464=ADVANCED_FACE('',(#890),#6418,.T.);
#465=ADVANCED_FACE('',(#891),#6419,.T.);
#466=ADVANCED_FACE('',(#892),#6420,.T.);
#467=ADVANCED_FACE('',(#893),#6421,.T.);
#468=ADVANCED_FACE('',(#894),#6422,.T.);
#469=ADVANCED_FACE('',(#895),#6423,.T.);
#470=ADVANCED_FACE('',(#896),#6424,.T.);
#471=ADVANCED_FACE('',(#897),#6425,.T.);
#472=ADVANCED_FACE('',(#898),#6426,.T.);
#473=ADVANCED_FACE('',(#899),#6427,.T.);
#474=ADVANCED_FACE('',(#900),#6428,.T.);
#475=ADVANCED_FACE('',(#901),#6429,.T.);
#476=ADVANCED_FACE('',(#902),#6430,.T.);
#477=ADVANCED_FACE('',(#903),#6431,.T.);
#478=ADVANCED_FACE('',(#904),#6432,.T.);
#479=ADVANCED_FACE('',(#905),#6433,.T.);
#480=ADVANCED_FACE('',(#906),#6434,.T.);
#481=ADVANCED_FACE('',(#907),#6435,.T.);
#482=ADVANCED_FACE('',(#908),#6436,.T.);
#483=ADVANCED_FACE('',(#909),#6437,.T.);
#484=ADVANCED_FACE('',(#910),#6438,.T.);
#485=ADVANCED_FACE('',(#911),#6439,.T.);
#486=ADVANCED_FACE('',(#912),#6440,.T.);
#487=ADVANCED_FACE('',(#913),#6441,.T.);
#488=ADVANCED_FACE('',(#914),#6442,.T.);
#489=ADVANCED_FACE('',(#915),#6443,.T.);
#490=ADVANCED_FACE('',(#916),#6444,.T.);
#491=ADVANCED_FACE('',(#917),#6445,.T.);
#492=ADVANCED_FACE('',(#918),#6446,.T.);
#493=ADVANCED_FACE('',(#919),#6447,.T.);
#494=ADVANCED_FACE('',(#920),#6448,.T.);
#495=ADVANCED_FACE('',(#921),#6449,.T.);
#496=ADVANCED_FACE('',(#922),#6450,.T.);
#497=ADVANCED_FACE('',(#923),#6451,.T.);
#498=ADVANCED_FACE('',(#924),#6452,.T.);
#499=ADVANCED_FACE('',(#925),#6453,.T.);
#500=ADVANCED_FACE('',(#926),#6454,.T.);
#501=ADVANCED_FACE('',(#927),#6455,.T.);
#502=ADVANCED_FACE('',(#928),#6456,.T.);
#503=ADVANCED_FACE('',(#929),#6457,.T.);
#504=ADVANCED_FACE('',(#930),#6458,.T.);
#505=ADVANCED_FACE('',(#931),#6459,.T.);
#506=ADVANCED_FACE('',(#932),#6460,.T.);
#507=ADVANCED_FACE('',(#933),#6461,.T.);
#508=ADVANCED_FACE('',(#934),#6462,.T.);
#509=ADVANCED_FACE('',(#935),#6463,.T.);
#510=ADVANCED_FACE('',(#936),#6464,.T.);
#511=ADVANCED_FACE('',(#937),#6465,.T.);
#512=ADVANCED_FACE('',(#938),#6466,.T.);
#513=ADVANCED_FACE('',(#939),#6467,.T.);
#514=ADVANCED_FACE('',(#940),#6468,.T.);
#515=ADVANCED_FACE('',(#941),#6469,.T.);
#516=ADVANCED_FACE('',(#942),#6470,.T.);
#517=ADVANCED_FACE('',(#943),#6471,.T.);
#518=ADVANCED_FACE('',(#944),#6472,.T.);
#519=ADVANCED_FACE('',(#945),#6473,.T.);
#520=ADVANCED_FACE('',(#946),#6474,.T.);
#521=ADVANCED_FACE('',(#947),#6475,.T.);
#522=ADVANCED_FACE('',(#948),#6476,.T.);
#523=ADVANCED_FACE('',(#949),#6477,.T.);
#524=ADVANCED_FACE('',(#950),#6478,.T.);
#525=ADVANCED_FACE('',(#951),#6479,.T.);
#526=ADVANCED_FACE('',(#952),#6480,.T.);
#527=ADVANCED_FACE('',(#953),#6481,.T.);
#528=ADVANCED_FACE('',(#954),#6482,.T.);
#529=ADVANCED_FACE('',(#955),#6483,.T.);
#530=ADVANCED_FACE('',(#956),#6484,.T.);
#531=ADVANCED_FACE('',(#957),#6485,.T.);
#532=ADVANCED_FACE('',(#958),#6486,.T.);
#533=ADVANCED_FACE('',(#959),#6487,.T.);
#534=ADVANCED_FACE('',(#960),#6488,.T.);
#535=ADVANCED_FACE('',(#961),#6489,.T.);
#536=ADVANCED_FACE('',(#962),#6490,.T.);
#537=ADVANCED_FACE('',(#963),#6491,.T.);
#538=ADVANCED_FACE('',(#964),#6492,.T.);
#539=ADVANCED_FACE('',(#965),#6493,.T.);
#540=ADVANCED_FACE('',(#966),#6494,.T.);
#541=ADVANCED_FACE('',(#967),#6495,.T.);
#542=ADVANCED_FACE('',(#968),#6496,.T.);
#543=ADVANCED_FACE('',(#969),#6497,.T.);
#544=ADVANCED_FACE('',(#970),#6498,.T.);
#545=ADVANCED_FACE('',(#971),#6499,.T.);
#546=ADVANCED_FACE('',(#972),#6500,.T.);
#547=ADVANCED_FACE('',(#973),#6501,.T.);
#548=ADVANCED_FACE('',(#974),#6502,.T.);
#549=ADVANCED_FACE('',(#975),#6503,.T.);
#550=ADVANCED_FACE('',(#976),#6504,.T.);
#551=ADVANCED_FACE('',(#977),#6505,.T.);
#552=ADVANCED_FACE('',(#978),#6506,.T.);
#553=ADVANCED_FACE('',(#979),#6507,.T.);
#554=ADVANCED_FACE('',(#980),#6508,.T.);
#555=ADVANCED_FACE('',(#981),#6509,.T.);
#556=ADVANCED_FACE('',(#982),#6510,.T.);
#557=ADVANCED_FACE('',(#983),#6511,.T.);
#558=ADVANCED_FACE('',(#984),#6512,.T.);
#559=ADVANCED_FACE('',(#985),#6513,.T.);
#560=ADVANCED_FACE('',(#986),#6514,.T.);
#561=ADVANCED_FACE('',(#987),#6515,.T.);
#562=ADVANCED_FACE('',(#988),#6516,.T.);
#563=ADVANCED_FACE('',(#989),#6517,.T.);
#564=ADVANCED_FACE('',(#990),#6518,.T.);
#565=ADVANCED_FACE('',(#991),#6519,.T.);
#566=ADVANCED_FACE('',(#992),#6520,.T.);
#567=ADVANCED_FACE('',(#993),#6521,.T.);
#568=ADVANCED_FACE('',(#994),#6522,.T.);
#569=ADVANCED_FACE('',(#995),#6523,.T.);
#570=ADVANCED_FACE('',(#996),#6524,.T.);
#571=ADVANCED_FACE('',(#997),#6525,.T.);
#572=ADVANCED_FACE('',(#998),#6526,.T.);
#573=ADVANCED_FACE('',(#999),#6527,.T.);
#574=ADVANCED_FACE('',(#1000),#6528,.T.);
#575=ADVANCED_FACE('',(#1001),#6529,.T.);
#576=ADVANCED_FACE('',(#1002),#6530,.T.);
#577=ADVANCED_FACE('',(#1003),#6531,.T.);
#578=ADVANCED_FACE('',(#1004),#6532,.T.);
#579=ADVANCED_FACE('',(#1005),#6533,.T.);
#580=FACE_OUTER_BOUND('',#1006,.T.);
#581=FACE_OUTER_BOUND('',#1007,.T.);
#582=FACE_OUTER_BOUND('',#1008,.T.);
#583=FACE_OUTER_BOUND('',#1009,.T.);
#584=FACE_OUTER_BOUND('',#1010,.T.);
#585=FACE_OUTER_BOUND('',#1011,.T.);
#586=FACE_OUTER_BOUND('',#1012,.T.);
#587=FACE_OUTER_BOUND('',#1013,.T.);
#588=FACE_OUTER_BOUND('',#1014,.T.);
#589=FACE_OUTER_BOUND('',#1015,.T.);
#590=FACE_OUTER_BOUND('',#1016,.T.);
#591=FACE_OUTER_BOUND('',#1017,.T.);
#592=FACE_OUTER_BOUND('',#1018,.T.);
#593=FACE_OUTER_BOUND('',#1019,.T.);
#594=FACE_OUTER_BOUND('',#1020,.T.);
#595=FACE_OUTER_BOUND('',#1021,.T.);
#596=FACE_OUTER_BOUND('',#1022,.T.);
#597=FACE_OUTER_BOUND('',#1023,.T.);
#598=FACE_OUTER_BOUND('',#1024,.T.);
#599=FACE_OUTER_BOUND('',#1025,.T.);
#600=FACE_OUTER_BOUND('',#1026,.T.);
#601=FACE_OUTER_BOUND('',#1027,.T.);
#602=FACE_OUTER_BOUND('',#1028,.T.);
#603=FACE_OUTER_BOUND('',#1029,.T.);
#604=FACE_OUTER_BOUND('',#1030,.T.);
#605=FACE_OUTER_BOUND('',#1031,.T.);
#606=FACE_OUTER_BOUND('',#1032,.T.);
#607=FACE_OUTER_BOUND('',#1033,.T.);
#608=FACE_OUTER_BOUND('',#1034,.T.);
#609=FACE_OUTER_BOUND('',#1035,.T.);
#610=FACE_OUTER_BOUND('',#1036,.T.);
#611=FACE_OUTER_BOUND('',#1037,.T.);
#612=FACE_OUTER_BOUND('',#1038,.T.);
#613=FACE_OUTER_BOUND('',#1039,.T.);
#614=FACE_OUTER_BOUND('',#1040,.T.);
#615=FACE_OUTER_BOUND('',#1041,.T.);
#616=FACE_OUTER_BOUND('',#1042,.T.);
#617=FACE_OUTER_BOUND('',#1043,.T.);
#618=FACE_OUTER_BOUND('',#1044,.T.);
#619=FACE_OUTER_BOUND('',#1045,.T.);
#620=FACE_OUTER_BOUND('',#1046,.T.);
#621=FACE_OUTER_BOUND('',#1047,.T.);
#622=FACE_OUTER_BOUND('',#1048,.T.);
#623=FACE_OUTER_BOUND('',#1049,.T.);
#624=FACE_OUTER_BOUND('',#1050,.T.);
#625=FACE_OUTER_BOUND('',#1051,.T.);
#626=FACE_OUTER_BOUND('',#1052,.T.);
#627=FACE_OUTER_BOUND('',#1053,.T.);
#628=FACE_OUTER_BOUND('',#1054,.T.);
#629=FACE_OUTER_BOUND('',#1055,.T.);
#630=FACE_OUTER_BOUND('',#1056,.T.);
#631=FACE_OUTER_BOUND('',#1057,.T.);
#632=FACE_OUTER_BOUND('',#1058,.T.);
#633=FACE_OUTER_BOUND('',#1059,.T.);
#634=FACE_OUTER_BOUND('',#1060,.T.);
#635=FACE_OUTER_BOUND('',#1061,.T.);
#636=FACE_OUTER_BOUND('',#1062,.T.);
#637=FACE_OUTER_BOUND('',#1063,.T.);
#638=FACE_OUTER_BOUND('',#1064,.T.);
#639=FACE_OUTER_BOUND('',#1065,.T.);
#640=FACE_OUTER_BOUND('',#1066,.T.);
#641=FACE_OUTER_BOUND('',#1067,.T.);
#642=FACE_OUTER_BOUND('',#1068,.T.);
#643=FACE_OUTER_BOUND('',#1069,.T.);
#644=FACE_OUTER_BOUND('',#1070,.T.);
#645=FACE_OUTER_BOUND('',#1071,.T.);
#646=FACE_OUTER_BOUND('',#1072,.T.);
#647=FACE_OUTER_BOUND('',#1073,.T.);
#648=FACE_OUTER_BOUND('',#1074,.T.);
#649=FACE_OUTER_BOUND('',#1075,.T.);
#650=FACE_OUTER_BOUND('',#1076,.T.);
#651=FACE_OUTER_BOUND('',#1077,.T.);
#652=FACE_OUTER_BOUND('',#1078,.T.);
#653=FACE_OUTER_BOUND('',#1079,.T.);
#654=FACE_OUTER_BOUND('',#1080,.T.);
#655=FACE_OUTER_BOUND('',#1081,.T.);
#656=FACE_OUTER_BOUND('',#1082,.T.);
#657=FACE_OUTER_BOUND('',#1083,.T.);
#658=FACE_OUTER_BOUND('',#1084,.T.);
#659=FACE_OUTER_BOUND('',#1085,.T.);
#660=FACE_OUTER_BOUND('',#1086,.T.);
#661=FACE_OUTER_BOUND('',#1087,.T.);
#662=FACE_OUTER_BOUND('',#1088,.T.);
#663=FACE_OUTER_BOUND('',#1089,.T.);
#664=FACE_OUTER_BOUND('',#1090,.T.);
#665=FACE_OUTER_BOUND('',#1091,.T.);
#666=FACE_OUTER_BOUND('',#1092,.T.);
#667=FACE_OUTER_BOUND('',#1093,.T.);
#668=FACE_OUTER_BOUND('',#1094,.T.);
#669=FACE_OUTER_BOUND('',#1095,.T.);
#670=FACE_OUTER_BOUND('',#1096,.T.);
#671=FACE_OUTER_BOUND('',#1097,.T.);
#672=FACE_OUTER_BOUND('',#1098,.T.);
#673=FACE_OUTER_BOUND('',#1099,.T.);
#674=FACE_OUTER_BOUND('',#1100,.T.);
#675=FACE_OUTER_BOUND('',#1101,.T.);
#676=FACE_OUTER_BOUND('',#1102,.T.);
#677=FACE_OUTER_BOUND('',#1103,.T.);
#678=FACE_OUTER_BOUND('',#1104,.T.);
#679=FACE_OUTER_BOUND('',#1105,.T.);
#680=FACE_OUTER_BOUND('',#1106,.T.);
#681=FACE_OUTER_BOUND('',#1107,.T.);
#682=FACE_OUTER_BOUND('',#1108,.T.);
#683=FACE_OUTER_BOUND('',#1109,.T.);
#684=FACE_OUTER_BOUND('',#1110,.T.);
#685=FACE_OUTER_BOUND('',#1111,.T.);
#686=FACE_OUTER_BOUND('',#1112,.T.);
#687=FACE_OUTER_BOUND('',#1113,.T.);
#688=FACE_OUTER_BOUND('',#1114,.T.);
#689=FACE_OUTER_BOUND('',#1115,.T.);
#690=FACE_OUTER_BOUND('',#1116,.T.);
#691=FACE_OUTER_BOUND('',#1117,.T.);
#692=FACE_OUTER_BOUND('',#1118,.T.);
#693=FACE_OUTER_BOUND('',#1119,.T.);
#694=FACE_OUTER_BOUND('',#1120,.T.);
#695=FACE_OUTER_BOUND('',#1121,.T.);
#696=FACE_OUTER_BOUND('',#1122,.T.);
#697=FACE_OUTER_BOUND('',#1123,.T.);
#698=FACE_OUTER_BOUND('',#1124,.T.);
#699=FACE_OUTER_BOUND('',#1125,.T.);
#700=FACE_OUTER_BOUND('',#1126,.T.);
#701=FACE_OUTER_BOUND('',#1127,.T.);
#702=FACE_OUTER_BOUND('',#1128,.T.);
#703=FACE_OUTER_BOUND('',#1129,.T.);
#704=FACE_OUTER_BOUND('',#1130,.T.);
#705=FACE_OUTER_BOUND('',#1131,.T.);
#706=FACE_OUTER_BOUND('',#1132,.T.);
#707=FACE_OUTER_BOUND('',#1133,.T.);
#708=FACE_OUTER_BOUND('',#1134,.T.);
#709=FACE_OUTER_BOUND('',#1135,.T.);
#710=FACE_OUTER_BOUND('',#1136,.T.);
#711=FACE_OUTER_BOUND('',#1137,.T.);
#712=FACE_OUTER_BOUND('',#1138,.T.);
#713=FACE_OUTER_BOUND('',#1139,.T.);
#714=FACE_OUTER_BOUND('',#1140,.T.);
#715=FACE_OUTER_BOUND('',#1141,.T.);
#716=FACE_OUTER_BOUND('',#1142,.T.);
#717=FACE_OUTER_BOUND('',#1143,.T.);
#718=FACE_OUTER_BOUND('',#1144,.T.);
#719=FACE_OUTER_BOUND('',#1145,.T.);
#720=FACE_OUTER_BOUND('',#1146,.T.);
#721=FACE_OUTER_BOUND('',#1147,.T.);
#722=FACE_OUTER_BOUND('',#1148,.T.);
#723=FACE_OUTER_BOUND('',#1149,.T.);
#724=FACE_OUTER_BOUND('',#1150,.T.);
#725=FACE_OUTER_BOUND('',#1151,.T.);
#726=FACE_OUTER_BOUND('',#1152,.T.);
#727=FACE_OUTER_BOUND('',#1153,.T.);
#728=FACE_OUTER_BOUND('',#1154,.T.);
#729=FACE_OUTER_BOUND('',#1155,.T.);
#730=FACE_OUTER_BOUND('',#1156,.T.);
#731=FACE_OUTER_BOUND('',#1157,.T.);
#732=FACE_OUTER_BOUND('',#1158,.T.);
#733=FACE_OUTER_BOUND('',#1159,.T.);
#734=FACE_OUTER_BOUND('',#1160,.T.);
#735=FACE_OUTER_BOUND('',#1161,.T.);
#736=FACE_OUTER_BOUND('',#1162,.T.);
#737=FACE_OUTER_BOUND('',#1163,.T.);
#738=FACE_OUTER_BOUND('',#1164,.T.);
#739=FACE_OUTER_BOUND('',#1165,.T.);
#740=FACE_OUTER_BOUND('',#1166,.T.);
#741=FACE_OUTER_BOUND('',#1167,.T.);
#742=FACE_OUTER_BOUND('',#1168,.T.);
#743=FACE_OUTER_BOUND('',#1169,.T.);
#744=FACE_OUTER_BOUND('',#1170,.T.);
#745=FACE_OUTER_BOUND('',#1171,.T.);
#746=FACE_OUTER_BOUND('',#1172,.T.);
#747=FACE_OUTER_BOUND('',#1173,.T.);
#748=FACE_OUTER_BOUND('',#1174,.T.);
#749=FACE_OUTER_BOUND('',#1175,.T.);
#750=FACE_OUTER_BOUND('',#1176,.T.);
#751=FACE_OUTER_BOUND('',#1177,.T.);
#752=FACE_OUTER_BOUND('',#1178,.T.);
#753=FACE_OUTER_BOUND('',#1179,.T.);
#754=FACE_OUTER_BOUND('',#1180,.T.);
#755=FACE_OUTER_BOUND('',#1181,.T.);
#756=FACE_OUTER_BOUND('',#1182,.T.);
#757=FACE_OUTER_BOUND('',#1183,.T.);
#758=FACE_OUTER_BOUND('',#1184,.T.);
#759=FACE_OUTER_BOUND('',#1185,.T.);
#760=FACE_OUTER_BOUND('',#1186,.T.);
#761=FACE_OUTER_BOUND('',#1187,.T.);
#762=FACE_OUTER_BOUND('',#1188,.T.);
#763=FACE_OUTER_BOUND('',#1189,.T.);
#764=FACE_OUTER_BOUND('',#1190,.T.);
#765=FACE_OUTER_BOUND('',#1191,.T.);
#766=FACE_OUTER_BOUND('',#1192,.T.);
#767=FACE_OUTER_BOUND('',#1193,.T.);
#768=FACE_OUTER_BOUND('',#1194,.T.);
#769=FACE_OUTER_BOUND('',#1195,.T.);
#770=FACE_OUTER_BOUND('',#1196,.T.);
#771=FACE_OUTER_BOUND('',#1197,.T.);
#772=FACE_OUTER_BOUND('',#1198,.T.);
#773=FACE_OUTER_BOUND('',#1199,.T.);
#774=FACE_OUTER_BOUND('',#1200,.T.);
#775=FACE_OUTER_BOUND('',#1201,.T.);
#776=FACE_OUTER_BOUND('',#1202,.T.);
#777=FACE_OUTER_BOUND('',#1203,.T.);
#778=FACE_OUTER_BOUND('',#1204,.T.);
#779=FACE_OUTER_BOUND('',#1205,.T.);
#780=FACE_OUTER_BOUND('',#1206,.T.);
#781=FACE_OUTER_BOUND('',#1207,.T.);
#782=FACE_OUTER_BOUND('',#1208,.T.);
#783=FACE_OUTER_BOUND('',#1209,.T.);
#784=FACE_OUTER_BOUND('',#1210,.T.);
#785=FACE_OUTER_BOUND('',#1211,.T.);
#786=FACE_OUTER_BOUND('',#1212,.T.);
#787=FACE_OUTER_BOUND('',#1213,.T.);
#788=FACE_OUTER_BOUND('',#1214,.T.);
#789=FACE_OUTER_BOUND('',#1215,.T.);
#790=FACE_OUTER_BOUND('',#1216,.T.);
#791=FACE_OUTER_BOUND('',#1217,.T.);
#792=FACE_OUTER_BOUND('',#1218,.T.);
#793=FACE_OUTER_BOUND('',#1219,.T.);
#794=FACE_OUTER_BOUND('',#1220,.T.);
#795=FACE_OUTER_BOUND('',#1221,.T.);
#796=FACE_OUTER_BOUND('',#1222,.T.);
#797=FACE_OUTER_BOUND('',#1223,.T.);
#798=FACE_OUTER_BOUND('',#1224,.T.);
#799=FACE_OUTER_BOUND('',#1225,.T.);
#800=FACE_OUTER_BOUND('',#1226,.T.);
#801=FACE_OUTER_BOUND('',#1227,.T.);
#802=FACE_OUTER_BOUND('',#1228,.T.);
#803=FACE_OUTER_BOUND('',#1229,.T.);
#804=FACE_OUTER_BOUND('',#1230,.T.);
#805=FACE_OUTER_BOUND('',#1231,.T.);
#806=FACE_OUTER_BOUND('',#1232,.T.);
#807=FACE_OUTER_BOUND('',#1233,.T.);
#808=FACE_OUTER_BOUND('',#1234,.T.);
#809=FACE_OUTER_BOUND('',#1235,.T.);
#810=FACE_OUTER_BOUND('',#1236,.T.);
#811=FACE_OUTER_BOUND('',#1237,.T.);
#812=FACE_OUTER_BOUND('',#1238,.T.);
#813=FACE_OUTER_BOUND('',#1239,.T.);
#814=FACE_OUTER_BOUND('',#1240,.T.);
#815=FACE_OUTER_BOUND('',#1241,.T.);
#816=FACE_OUTER_BOUND('',#1242,.T.);
#817=FACE_OUTER_BOUND('',#1243,.T.);
#818=FACE_OUTER_BOUND('',#1244,.T.);
#819=FACE_OUTER_BOUND('',#1245,.T.);
#820=FACE_OUTER_BOUND('',#1246,.T.);
#821=FACE_OUTER_BOUND('',#1247,.T.);
#822=FACE_OUTER_BOUND('',#1248,.T.);
#823=FACE_OUTER_BOUND('',#1249,.T.);
#824=FACE_OUTER_BOUND('',#1250,.T.);
#825=FACE_OUTER_BOUND('',#1251,.T.);
#826=FACE_OUTER_BOUND('',#1252,.T.);
#827=FACE_OUTER_BOUND('',#1253,.T.);
#828=FACE_OUTER_BOUND('',#1254,.T.);
#829=FACE_OUTER_BOUND('',#1255,.T.);
#830=FACE_OUTER_BOUND('',#1256,.T.);
#831=FACE_OUTER_BOUND('',#1257,.T.);
#832=FACE_OUTER_BOUND('',#1258,.T.);
#833=FACE_OUTER_BOUND('',#1259,.T.);
#834=FACE_OUTER_BOUND('',#1260,.T.);
#835=FACE_OUTER_BOUND('',#1261,.T.);
#836=FACE_OUTER_BOUND('',#1262,.T.);
#837=FACE_OUTER_BOUND('',#1263,.T.);
#838=FACE_OUTER_BOUND('',#1264,.T.);
#839=FACE_OUTER_BOUND('',#1265,.T.);
#840=FACE_OUTER_BOUND('',#1266,.T.);
#841=FACE_OUTER_BOUND('',#1267,.T.);
#842=FACE_OUTER_BOUND('',#1268,.T.);
#843=FACE_OUTER_BOUND('',#1269,.T.);
#844=FACE_OUTER_BOUND('',#1270,.T.);
#845=FACE_OUTER_BOUND('',#1271,.T.);
#846=FACE_OUTER_BOUND('',#1272,.T.);
#847=FACE_OUTER_BOUND('',#1273,.T.);
#848=FACE_OUTER_BOUND('',#1274,.T.);
#849=FACE_OUTER_BOUND('',#1275,.T.);
#850=FACE_OUTER_BOUND('',#1276,.T.);
#851=FACE_OUTER_BOUND('',#1277,.T.);
#852=FACE_OUTER_BOUND('',#1278,.T.);
#853=FACE_OUTER_BOUND('',#1279,.T.);
#854=FACE_OUTER_BOUND('',#1280,.T.);
#855=FACE_OUTER_BOUND('',#1281,.T.);
#856=FACE_OUTER_BOUND('',#1282,.T.);
#857=FACE_OUTER_BOUND('',#1283,.T.);
#858=FACE_OUTER_BOUND('',#1284,.T.);
#859=FACE_OUTER_BOUND('',#1285,.T.);
#860=FACE_OUTER_BOUND('',#1286,.T.);
#861=FACE_OUTER_BOUND('',#1287,.T.);
#862=FACE_OUTER_BOUND('',#1288,.T.);
#863=FACE_OUTER_BOUND('',#1289,.T.);
#864=FACE_OUTER_BOUND('',#1290,.T.);
#865=FACE_OUTER_BOUND('',#1291,.T.);
#866=FACE_OUTER_BOUND('',#1432,.T.);
#867=FACE_OUTER_BOUND('',#1433,.T.);
#868=FACE_OUTER_BOUND('',#1434,.T.);
#869=FACE_OUTER_BOUND('',#1435,.T.);
#870=FACE_OUTER_BOUND('',#1436,.T.);
#871=FACE_OUTER_BOUND('',#1437,.T.);
#872=FACE_OUTER_BOUND('',#1438,.T.);
#873=FACE_OUTER_BOUND('',#1439,.T.);
#874=FACE_OUTER_BOUND('',#1440,.T.);
#875=FACE_OUTER_BOUND('',#1441,.T.);
#876=FACE_OUTER_BOUND('',#1442,.T.);
#877=FACE_OUTER_BOUND('',#1443,.T.);
#878=FACE_OUTER_BOUND('',#1444,.T.);
#879=FACE_OUTER_BOUND('',#1445,.T.);
#880=FACE_OUTER_BOUND('',#1446,.T.);
#881=FACE_OUTER_BOUND('',#1447,.T.);
#882=FACE_OUTER_BOUND('',#1448,.T.);
#883=FACE_OUTER_BOUND('',#1449,.T.);
#884=FACE_OUTER_BOUND('',#1450,.T.);
#885=FACE_OUTER_BOUND('',#1451,.T.);
#886=FACE_OUTER_BOUND('',#1452,.T.);
#887=FACE_OUTER_BOUND('',#1453,.T.);
#888=FACE_OUTER_BOUND('',#1454,.T.);
#889=FACE_OUTER_BOUND('',#1455,.T.);
#890=FACE_OUTER_BOUND('',#1456,.T.);
#891=FACE_OUTER_BOUND('',#1457,.T.);
#892=FACE_OUTER_BOUND('',#1458,.T.);
#893=FACE_OUTER_BOUND('',#1459,.T.);
#894=FACE_OUTER_BOUND('',#1460,.T.);
#895=FACE_OUTER_BOUND('',#1461,.T.);
#896=FACE_OUTER_BOUND('',#1462,.T.);
#897=FACE_OUTER_BOUND('',#1463,.T.);
#898=FACE_OUTER_BOUND('',#1464,.T.);
#899=FACE_OUTER_BOUND('',#1465,.T.);
#900=FACE_OUTER_BOUND('',#1466,.T.);
#901=FACE_OUTER_BOUND('',#1467,.T.);
#902=FACE_OUTER_BOUND('',#1468,.T.);
#903=FACE_OUTER_BOUND('',#1469,.T.);
#904=FACE_OUTER_BOUND('',#1470,.T.);
#905=FACE_OUTER_BOUND('',#1471,.T.);
#906=FACE_OUTER_BOUND('',#1472,.T.);
#907=FACE_OUTER_BOUND('',#1473,.T.);
#908=FACE_OUTER_BOUND('',#1474,.T.);
#909=FACE_OUTER_BOUND('',#1475,.T.);
#910=FACE_OUTER_BOUND('',#1476,.T.);
#911=FACE_OUTER_BOUND('',#1477,.T.);
#912=FACE_OUTER_BOUND('',#1478,.T.);
#913=FACE_OUTER_BOUND('',#1479,.T.);
#914=FACE_OUTER_BOUND('',#1480,.T.);
#915=FACE_OUTER_BOUND('',#1481,.T.);
#916=FACE_OUTER_BOUND('',#1482,.T.);
#917=FACE_OUTER_BOUND('',#1483,.T.);
#918=FACE_OUTER_BOUND('',#1484,.T.);
#919=FACE_OUTER_BOUND('',#1485,.T.);
#920=FACE_OUTER_BOUND('',#1486,.T.);
#921=FACE_OUTER_BOUND('',#1487,.T.);
#922=FACE_OUTER_BOUND('',#1488,.T.);
#923=FACE_OUTER_BOUND('',#1489,.T.);
#924=FACE_OUTER_BOUND('',#1490,.T.);
#925=FACE_OUTER_BOUND('',#1491,.T.);
#926=FACE_OUTER_BOUND('',#1492,.T.);
#927=FACE_OUTER_BOUND('',#1493,.T.);
#928=FACE_OUTER_BOUND('',#1494,.T.);
#929=FACE_OUTER_BOUND('',#1495,.T.);
#930=FACE_OUTER_BOUND('',#1496,.T.);
#931=FACE_OUTER_BOUND('',#1497,.T.);
#932=FACE_OUTER_BOUND('',#1498,.T.);
#933=FACE_OUTER_BOUND('',#1499,.T.);
#934=FACE_OUTER_BOUND('',#1500,.T.);
#935=FACE_OUTER_BOUND('',#1501,.T.);
#936=FACE_OUTER_BOUND('',#1502,.T.);
#937=FACE_OUTER_BOUND('',#1503,.T.);
#938=FACE_OUTER_BOUND('',#1504,.T.);
#939=FACE_OUTER_BOUND('',#1505,.T.);
#940=FACE_OUTER_BOUND('',#1506,.T.);
#941=FACE_OUTER_BOUND('',#1507,.T.);
#942=FACE_OUTER_BOUND('',#1508,.T.);
#943=FACE_OUTER_BOUND('',#1509,.T.);
#944=FACE_OUTER_BOUND('',#1510,.T.);
#945=FACE_OUTER_BOUND('',#1511,.T.);
#946=FACE_OUTER_BOUND('',#1512,.T.);
#947=FACE_OUTER_BOUND('',#1513,.T.);
#948=FACE_OUTER_BOUND('',#1514,.T.);
#949=FACE_OUTER_BOUND('',#1515,.T.);
#950=FACE_OUTER_BOUND('',#1516,.T.);
#951=FACE_OUTER_BOUND('',#1517,.T.);
#952=FACE_OUTER_BOUND('',#1518,.T.);
#953=FACE_OUTER_BOUND('',#1519,.T.);
#954=FACE_OUTER_BOUND('',#1520,.T.);
#955=FACE_OUTER_BOUND('',#1521,.T.);
#956=FACE_OUTER_BOUND('',#1522,.T.);
#957=FACE_OUTER_BOUND('',#1523,.T.);
#958=FACE_OUTER_BOUND('',#1524,.T.);
#959=FACE_OUTER_BOUND('',#1525,.T.);
#960=FACE_OUTER_BOUND('',#1526,.T.);
#961=FACE_OUTER_BOUND('',#1527,.T.);
#962=FACE_OUTER_BOUND('',#1528,.T.);
#963=FACE_OUTER_BOUND('',#1529,.T.);
#964=FACE_OUTER_BOUND('',#1530,.T.);
#965=FACE_OUTER_BOUND('',#1531,.T.);
#966=FACE_OUTER_BOUND('',#1532,.T.);
#967=FACE_OUTER_BOUND('',#1533,.T.);
#968=FACE_OUTER_BOUND('',#1534,.T.);
#969=FACE_OUTER_BOUND('',#1535,.T.);
#970=FACE_OUTER_BOUND('',#1536,.T.);
#971=FACE_OUTER_BOUND('',#1537,.T.);
#972=FACE_OUTER_BOUND('',#1538,.T.);
#973=FACE_OUTER_BOUND('',#1539,.T.);
#974=FACE_OUTER_BOUND('',#1540,.T.);
#975=FACE_OUTER_BOUND('',#1541,.T.);
#976=FACE_OUTER_BOUND('',#1542,.T.);
#977=FACE_OUTER_BOUND('',#1543,.T.);
#978=FACE_OUTER_BOUND('',#1544,.T.);
#979=FACE_OUTER_BOUND('',#1545,.T.);
#980=FACE_OUTER_BOUND('',#1546,.T.);
#981=FACE_OUTER_BOUND('',#1547,.T.);
#982=FACE_OUTER_BOUND('',#1548,.T.);
#983=FACE_OUTER_BOUND('',#1549,.T.);
#984=FACE_OUTER_BOUND('',#1550,.T.);
#985=FACE_OUTER_BOUND('',#1551,.T.);
#986=FACE_OUTER_BOUND('',#1552,.T.);
#987=FACE_OUTER_BOUND('',#1553,.T.);
#988=FACE_OUTER_BOUND('',#1554,.T.);
#989=FACE_OUTER_BOUND('',#1555,.T.);
#990=FACE_OUTER_BOUND('',#1556,.T.);
#991=FACE_OUTER_BOUND('',#1557,.T.);
#992=FACE_OUTER_BOUND('',#1558,.T.);
#993=FACE_OUTER_BOUND('',#1559,.T.);
#994=FACE_OUTER_BOUND('',#1560,.T.);
#995=FACE_OUTER_BOUND('',#1561,.T.);
#996=FACE_OUTER_BOUND('',#1562,.T.);
#997=FACE_OUTER_BOUND('',#1563,.T.);
#998=FACE_OUTER_BOUND('',#1564,.T.);
#999=FACE_OUTER_BOUND('',#1565,.T.);
#1000=FACE_OUTER_BOUND('',#1566,.T.);
#1001=FACE_OUTER_BOUND('',#1567,.T.);
#1002=FACE_OUTER_BOUND('',#1568,.T.);
#1003=FACE_OUTER_BOUND('',#1569,.T.);
#1004=FACE_OUTER_BOUND('',#1570,.T.);
#1005=FACE_OUTER_BOUND('',#1571,.T.);
#1006=EDGE_LOOP('',(#1572,#1573,#1574,#1575));
#1007=EDGE_LOOP('',(#1576,#1577));
#1008=EDGE_LOOP('',(#1578,#1579,#1580,#1581));
#1009=EDGE_LOOP('',(#1582,#1583));
#1010=EDGE_LOOP('',(#1584,#1585,#1586,#1587));
#1011=EDGE_LOOP('',(#1588,#1589));
#1012=EDGE_LOOP('',(#1590,#1591,#1592,#1593));
#1013=EDGE_LOOP('',(#1594,#1595));
#1014=EDGE_LOOP('',(#1596,#1597,#1598,#1599));
#1015=EDGE_LOOP('',(#1600,#1601));
#1016=EDGE_LOOP('',(#1602,#1603,#1604,#1605));
#1017=EDGE_LOOP('',(#1606,#1607));
#1018=EDGE_LOOP('',(#1608,#1609,#1610,#1611));
#1019=EDGE_LOOP('',(#1612,#1613));
#1020=EDGE_LOOP('',(#1614,#1615,#1616,#1617));
#1021=EDGE_LOOP('',(#1618,#1619));
#1022=EDGE_LOOP('',(#1620,#1621,#1622,#1623));
#1023=EDGE_LOOP('',(#1624,#1625));
#1024=EDGE_LOOP('',(#1626,#1627,#1628,#1629));
#1025=EDGE_LOOP('',(#1630,#1631));
#1026=EDGE_LOOP('',(#1632,#1633,#1634,#1635));
#1027=EDGE_LOOP('',(#1636,#1637));
#1028=EDGE_LOOP('',(#1638,#1639,#1640,#1641));
#1029=EDGE_LOOP('',(#1642,#1643));
#1030=EDGE_LOOP('',(#1644,#1645,#1646,#1647));
#1031=EDGE_LOOP('',(#1648,#1649));
#1032=EDGE_LOOP('',(#1650,#1651,#1652,#1653));
#1033=EDGE_LOOP('',(#1654,#1655));
#1034=EDGE_LOOP('',(#1656,#1657,#1658,#1659));
#1035=EDGE_LOOP('',(#1660,#1661));
#1036=EDGE_LOOP('',(#1662,#1663,#1664,#1665));
#1037=EDGE_LOOP('',(#1666,#1667));
#1038=EDGE_LOOP('',(#1668,#1669,#1670,#1671));
#1039=EDGE_LOOP('',(#1672,#1673));
#1040=EDGE_LOOP('',(#1674,#1675,#1676,#1677));
#1041=EDGE_LOOP('',(#1678,#1679));
#1042=EDGE_LOOP('',(#1680,#1681,#1682,#1683));
#1043=EDGE_LOOP('',(#1684,#1685));
#1044=EDGE_LOOP('',(#1686,#1687,#1688,#1689));
#1045=EDGE_LOOP('',(#1690,#1691));
#1046=EDGE_LOOP('',(#1692,#1693,#1694,#1695));
#1047=EDGE_LOOP('',(#1696,#1697));
#1048=EDGE_LOOP('',(#1698,#1699,#1700,#1701));
#1049=EDGE_LOOP('',(#1702,#1703));
#1050=EDGE_LOOP('',(#1704,#1705,#1706,#1707));
#1051=EDGE_LOOP('',(#1708,#1709));
#1052=EDGE_LOOP('',(#1710,#1711,#1712,#1713));
#1053=EDGE_LOOP('',(#1714,#1715));
#1054=EDGE_LOOP('',(#1716,#1717,#1718,#1719));
#1055=EDGE_LOOP('',(#1720,#1721));
#1056=EDGE_LOOP('',(#1722,#1723,#1724,#1725));
#1057=EDGE_LOOP('',(#1726,#1727));
#1058=EDGE_LOOP('',(#1728,#1729,#1730,#1731));
#1059=EDGE_LOOP('',(#1732,#1733));
#1060=EDGE_LOOP('',(#1734,#1735,#1736,#1737));
#1061=EDGE_LOOP('',(#1738,#1739));
#1062=EDGE_LOOP('',(#1740,#1741,#1742,#1743));
#1063=EDGE_LOOP('',(#1744,#1745));
#1064=EDGE_LOOP('',(#1746,#1747,#1748,#1749));
#1065=EDGE_LOOP('',(#1750,#1751));
#1066=EDGE_LOOP('',(#1752,#1753,#1754,#1755));
#1067=EDGE_LOOP('',(#1756,#1757));
#1068=EDGE_LOOP('',(#1758,#1759,#1760,#1761));
#1069=EDGE_LOOP('',(#1762,#1763));
#1070=EDGE_LOOP('',(#1764,#1765,#1766,#1767));
#1071=EDGE_LOOP('',(#1768,#1769));
#1072=EDGE_LOOP('',(#1770,#1771,#1772,#1773));
#1073=EDGE_LOOP('',(#1774,#1775));
#1074=EDGE_LOOP('',(#1776,#1777,#1778,#1779));
#1075=EDGE_LOOP('',(#1780,#1781));
#1076=EDGE_LOOP('',(#1782,#1783,#1784,#1785));
#1077=EDGE_LOOP('',(#1786,#1787));
#1078=EDGE_LOOP('',(#1788,#1789,#1790,#1791));
#1079=EDGE_LOOP('',(#1792,#1793));
#1080=EDGE_LOOP('',(#1794,#1795,#1796,#1797));
#1081=EDGE_LOOP('',(#1798,#1799));
#1082=EDGE_LOOP('',(#1800,#1801,#1802,#1803));
#1083=EDGE_LOOP('',(#1804,#1805));
#1084=EDGE_LOOP('',(#1806,#1807,#1808,#1809));
#1085=EDGE_LOOP('',(#1810,#1811));
#1086=EDGE_LOOP('',(#1812,#1813,#1814,#1815));
#1087=EDGE_LOOP('',(#1816,#1817));
#1088=EDGE_LOOP('',(#1818,#1819,#1820,#1821));
#1089=EDGE_LOOP('',(#1822,#1823));
#1090=EDGE_LOOP('',(#1824,#1825,#1826,#1827));
#1091=EDGE_LOOP('',(#1828,#1829));
#1092=EDGE_LOOP('',(#1830,#1831,#1832,#1833));
#1093=EDGE_LOOP('',(#1834,#1835));
#1094=EDGE_LOOP('',(#1836,#1837,#1838,#1839));
#1095=EDGE_LOOP('',(#1840,#1841));
#1096=EDGE_LOOP('',(#1842,#1843,#1844,#1845));
#1097=EDGE_LOOP('',(#1846,#1847));
#1098=EDGE_LOOP('',(#1848,#1849,#1850,#1851));
#1099=EDGE_LOOP('',(#1852,#1853));
#1100=EDGE_LOOP('',(#1854,#1855,#1856,#1857));
#1101=EDGE_LOOP('',(#1858,#1859));
#1102=EDGE_LOOP('',(#1860,#1861,#1862,#1863));
#1103=EDGE_LOOP('',(#1864,#1865));
#1104=EDGE_LOOP('',(#1866,#1867,#1868,#1869));
#1105=EDGE_LOOP('',(#1870,#1871));
#1106=EDGE_LOOP('',(#1872,#1873,#1874,#1875));
#1107=EDGE_LOOP('',(#1876,#1877));
#1108=EDGE_LOOP('',(#1878,#1879,#1880,#1881));
#1109=EDGE_LOOP('',(#1882,#1883));
#1110=EDGE_LOOP('',(#1884,#1885,#1886,#1887));
#1111=EDGE_LOOP('',(#1888,#1889));
#1112=EDGE_LOOP('',(#1890,#1891,#1892,#1893));
#1113=EDGE_LOOP('',(#1894,#1895));
#1114=EDGE_LOOP('',(#1896,#1897,#1898,#1899));
#1115=EDGE_LOOP('',(#1900,#1901));
#1116=EDGE_LOOP('',(#1902,#1903,#1904,#1905));
#1117=EDGE_LOOP('',(#1906,#1907));
#1118=EDGE_LOOP('',(#1908,#1909,#1910,#1911));
#1119=EDGE_LOOP('',(#1912,#1913));
#1120=EDGE_LOOP('',(#1914,#1915,#1916,#1917));
#1121=EDGE_LOOP('',(#1918,#1919));
#1122=EDGE_LOOP('',(#1920,#1921,#1922,#1923));
#1123=EDGE_LOOP('',(#1924,#1925));
#1124=EDGE_LOOP('',(#1926,#1927,#1928,#1929));
#1125=EDGE_LOOP('',(#1930,#1931));
#1126=EDGE_LOOP('',(#1932,#1933,#1934,#1935));
#1127=EDGE_LOOP('',(#1936,#1937));
#1128=EDGE_LOOP('',(#1938,#1939,#1940,#1941));
#1129=EDGE_LOOP('',(#1942,#1943));
#1130=EDGE_LOOP('',(#1944,#1945,#1946,#1947));
#1131=EDGE_LOOP('',(#1948,#1949));
#1132=EDGE_LOOP('',(#1950,#1951,#1952,#1953));
#1133=EDGE_LOOP('',(#1954,#1955));
#1134=EDGE_LOOP('',(#1956,#1957,#1958,#1959));
#1135=EDGE_LOOP('',(#1960,#1961));
#1136=EDGE_LOOP('',(#1962,#1963,#1964,#1965));
#1137=EDGE_LOOP('',(#1966,#1967));
#1138=EDGE_LOOP('',(#1968,#1969,#1970,#1971));
#1139=EDGE_LOOP('',(#1972,#1973));
#1140=EDGE_LOOP('',(#1974,#1975,#1976,#1977));
#1141=EDGE_LOOP('',(#1978,#1979));
#1142=EDGE_LOOP('',(#1980,#1981,#1982,#1983));
#1143=EDGE_LOOP('',(#1984,#1985));
#1144=EDGE_LOOP('',(#1986,#1987,#1988,#1989));
#1145=EDGE_LOOP('',(#1990,#1991));
#1146=EDGE_LOOP('',(#1992,#1993,#1994,#1995));
#1147=EDGE_LOOP('',(#1996,#1997));
#1148=EDGE_LOOP('',(#1998,#1999,#2000,#2001));
#1149=EDGE_LOOP('',(#2002,#2003));
#1150=EDGE_LOOP('',(#2004,#2005,#2006,#2007));
#1151=EDGE_LOOP('',(#2008,#2009));
#1152=EDGE_LOOP('',(#2010,#2011,#2012,#2013));
#1153=EDGE_LOOP('',(#2014,#2015));
#1154=EDGE_LOOP('',(#2016,#2017,#2018,#2019));
#1155=EDGE_LOOP('',(#2020,#2021));
#1156=EDGE_LOOP('',(#2022,#2023,#2024,#2025));
#1157=EDGE_LOOP('',(#2026,#2027));
#1158=EDGE_LOOP('',(#2028,#2029,#2030,#2031));
#1159=EDGE_LOOP('',(#2032,#2033));
#1160=EDGE_LOOP('',(#2034,#2035,#2036,#2037));
#1161=EDGE_LOOP('',(#2038,#2039));
#1162=EDGE_LOOP('',(#2040,#2041,#2042,#2043));
#1163=EDGE_LOOP('',(#2044,#2045));
#1164=EDGE_LOOP('',(#2046,#2047,#2048,#2049));
#1165=EDGE_LOOP('',(#2050,#2051));
#1166=EDGE_LOOP('',(#2052,#2053,#2054,#2055));
#1167=EDGE_LOOP('',(#2056,#2057));
#1168=EDGE_LOOP('',(#2058,#2059,#2060,#2061));
#1169=EDGE_LOOP('',(#2062,#2063));
#1170=EDGE_LOOP('',(#2064,#2065,#2066,#2067));
#1171=EDGE_LOOP('',(#2068,#2069));
#1172=EDGE_LOOP('',(#2070,#2071,#2072,#2073));
#1173=EDGE_LOOP('',(#2074,#2075));
#1174=EDGE_LOOP('',(#2076,#2077,#2078,#2079));
#1175=EDGE_LOOP('',(#2080,#2081));
#1176=EDGE_LOOP('',(#2082,#2083,#2084,#2085));
#1177=EDGE_LOOP('',(#2086,#2087));
#1178=EDGE_LOOP('',(#2088,#2089,#2090,#2091));
#1179=EDGE_LOOP('',(#2092,#2093));
#1180=EDGE_LOOP('',(#2094,#2095,#2096,#2097));
#1181=EDGE_LOOP('',(#2098,#2099));
#1182=EDGE_LOOP('',(#2100,#2101,#2102,#2103));
#1183=EDGE_LOOP('',(#2104,#2105));
#1184=EDGE_LOOP('',(#2106,#2107,#2108,#2109));
#1185=EDGE_LOOP('',(#2110,#2111));
#1186=EDGE_LOOP('',(#2112,#2113,#2114,#2115));
#1187=EDGE_LOOP('',(#2116,#2117));
#1188=EDGE_LOOP('',(#2118,#2119,#2120,#2121));
#1189=EDGE_LOOP('',(#2122,#2123));
#1190=EDGE_LOOP('',(#2124,#2125,#2126,#2127));
#1191=EDGE_LOOP('',(#2128,#2129));
#1192=EDGE_LOOP('',(#2130,#2131,#2132,#2133));
#1193=EDGE_LOOP('',(#2134,#2135));
#1194=EDGE_LOOP('',(#2136,#2137,#2138,#2139));
#1195=EDGE_LOOP('',(#2140,#2141));
#1196=EDGE_LOOP('',(#2142,#2143,#2144,#2145));
#1197=EDGE_LOOP('',(#2146,#2147));
#1198=EDGE_LOOP('',(#2148,#2149,#2150,#2151));
#1199=EDGE_LOOP('',(#2152,#2153));
#1200=EDGE_LOOP('',(#2154,#2155,#2156,#2157));
#1201=EDGE_LOOP('',(#2158,#2159));
#1202=EDGE_LOOP('',(#2160,#2161,#2162,#2163));
#1203=EDGE_LOOP('',(#2164,#2165));
#1204=EDGE_LOOP('',(#2166,#2167,#2168,#2169));
#1205=EDGE_LOOP('',(#2170,#2171));
#1206=EDGE_LOOP('',(#2172,#2173,#2174,#2175));
#1207=EDGE_LOOP('',(#2176,#2177));
#1208=EDGE_LOOP('',(#2178,#2179,#2180,#2181));
#1209=EDGE_LOOP('',(#2182,#2183));
#1210=EDGE_LOOP('',(#2184,#2185,#2186,#2187));
#1211=EDGE_LOOP('',(#2188,#2189));
#1212=EDGE_LOOP('',(#2190,#2191,#2192,#2193));
#1213=EDGE_LOOP('',(#2194,#2195));
#1214=EDGE_LOOP('',(#2196,#2197,#2198,#2199));
#1215=EDGE_LOOP('',(#2200,#2201));
#1216=EDGE_LOOP('',(#2202,#2203,#2204,#2205));
#1217=EDGE_LOOP('',(#2206,#2207));
#1218=EDGE_LOOP('',(#2208,#2209,#2210,#2211));
#1219=EDGE_LOOP('',(#2212,#2213));
#1220=EDGE_LOOP('',(#2214,#2215,#2216,#2217));
#1221=EDGE_LOOP('',(#2218,#2219));
#1222=EDGE_LOOP('',(#2220,#2221,#2222,#2223));
#1223=EDGE_LOOP('',(#2224,#2225));
#1224=EDGE_LOOP('',(#2226,#2227,#2228,#2229));
#1225=EDGE_LOOP('',(#2230,#2231));
#1226=EDGE_LOOP('',(#2232,#2233,#2234,#2235));
#1227=EDGE_LOOP('',(#2236,#2237));
#1228=EDGE_LOOP('',(#2238,#2239,#2240,#2241));
#1229=EDGE_LOOP('',(#2242,#2243));
#1230=EDGE_LOOP('',(#2244,#2245,#2246,#2247));
#1231=EDGE_LOOP('',(#2248,#2249));
#1232=EDGE_LOOP('',(#2250,#2251,#2252,#2253));
#1233=EDGE_LOOP('',(#2254,#2255));
#1234=EDGE_LOOP('',(#2256,#2257,#2258,#2259));
#1235=EDGE_LOOP('',(#2260,#2261));
#1236=EDGE_LOOP('',(#2262,#2263,#2264,#2265));
#1237=EDGE_LOOP('',(#2266,#2267));
#1238=EDGE_LOOP('',(#2268,#2269,#2270,#2271));
#1239=EDGE_LOOP('',(#2272,#2273));
#1240=EDGE_LOOP('',(#2274,#2275,#2276,#2277));
#1241=EDGE_LOOP('',(#2278,#2279));
#1242=EDGE_LOOP('',(#2280,#2281,#2282,#2283));
#1243=EDGE_LOOP('',(#2284,#2285));
#1244=EDGE_LOOP('',(#2286,#2287,#2288,#2289));
#1245=EDGE_LOOP('',(#2290,#2291));
#1246=EDGE_LOOP('',(#2292,#2293,#2294,#2295));
#1247=EDGE_LOOP('',(#2296,#2297));
#1248=EDGE_LOOP('',(#2298,#2299,#2300,#2301));
#1249=EDGE_LOOP('',(#2302,#2303));
#1250=EDGE_LOOP('',(#2304,#2305,#2306,#2307));
#1251=EDGE_LOOP('',(#2308,#2309));
#1252=EDGE_LOOP('',(#2310,#2311,#2312,#2313));
#1253=EDGE_LOOP('',(#2314,#2315));
#1254=EDGE_LOOP('',(#2316,#2317,#2318,#2319));
#1255=EDGE_LOOP('',(#2320,#2321));
#1256=EDGE_LOOP('',(#2322,#2323,#2324,#2325));
#1257=EDGE_LOOP('',(#2326,#2327));
#1258=EDGE_LOOP('',(#2328,#2329,#2330,#2331));
#1259=EDGE_LOOP('',(#2332,#2333));
#1260=EDGE_LOOP('',(#2334,#2335,#2336,#2337));
#1261=EDGE_LOOP('',(#2338,#2339));
#1262=EDGE_LOOP('',(#2340,#2341,#2342,#2343));
#1263=EDGE_LOOP('',(#2344,#2345));
#1264=EDGE_LOOP('',(#2346,#2347,#2348,#2349));
#1265=EDGE_LOOP('',(#2350,#2351));
#1266=EDGE_LOOP('',(#2352,#2353,#2354,#2355));
#1267=EDGE_LOOP('',(#2356,#2357));
#1268=EDGE_LOOP('',(#2358,#2359,#2360,#2361));
#1269=EDGE_LOOP('',(#2362,#2363));
#1270=EDGE_LOOP('',(#2364,#2365,#2366,#2367));
#1271=EDGE_LOOP('',(#2368,#2369));
#1272=EDGE_LOOP('',(#2370,#2371,#2372,#2373));
#1273=EDGE_LOOP('',(#2374,#2375));
#1274=EDGE_LOOP('',(#2376,#2377,#2378,#2379));
#1275=EDGE_LOOP('',(#2380,#2381));
#1276=EDGE_LOOP('',(#2382,#2383,#2384,#2385));
#1277=EDGE_LOOP('',(#2386,#2387));
#1278=EDGE_LOOP('',(#2388,#2389,#2390,#2391));
#1279=EDGE_LOOP('',(#2392,#2393));
#1280=EDGE_LOOP('',(#2394,#2395,#2396,#2397));
#1281=EDGE_LOOP('',(#2398,#2399));
#1282=EDGE_LOOP('',(#2400,#2401,#2402,#2403));
#1283=EDGE_LOOP('',(#2404,#2405));
#1284=EDGE_LOOP('',(#2406,#2407,#2408,#2409));
#1285=EDGE_LOOP('',(#2410,#2411));
#1286=EDGE_LOOP('',(#2412,#2413,#2414,#2415));
#1287=EDGE_LOOP('',(#2416,#2417,#2418,#2419));
#1288=EDGE_LOOP('',(#2420,#2421,#2422,#2423));
#1289=EDGE_LOOP('',(#2424,#2425,#2426,#2427));
#1290=EDGE_LOOP('',(#2428,#2429,#2430,#2431));
#1291=EDGE_LOOP('',(#2432,#2433,#2434,#2435));
#1292=EDGE_LOOP('',(#2436,#2437));
#1293=EDGE_LOOP('',(#2438,#2439));
#1294=EDGE_LOOP('',(#2440,#2441));
#1295=EDGE_LOOP('',(#2442,#2443));
#1296=EDGE_LOOP('',(#2444,#2445));
#1297=EDGE_LOOP('',(#2446,#2447));
#1298=EDGE_LOOP('',(#2448,#2449));
#1299=EDGE_LOOP('',(#2450,#2451));
#1300=EDGE_LOOP('',(#2452,#2453));
#1301=EDGE_LOOP('',(#2454,#2455));
#1302=EDGE_LOOP('',(#2456,#2457));
#1303=EDGE_LOOP('',(#2458,#2459));
#1304=EDGE_LOOP('',(#2460,#2461));
#1305=EDGE_LOOP('',(#2462,#2463));
#1306=EDGE_LOOP('',(#2464,#2465));
#1307=EDGE_LOOP('',(#2466,#2467));
#1308=EDGE_LOOP('',(#2468,#2469));
#1309=EDGE_LOOP('',(#2470,#2471));
#1310=EDGE_LOOP('',(#2472,#2473));
#1311=EDGE_LOOP('',(#2474,#2475));
#1312=EDGE_LOOP('',(#2476,#2477));
#1313=EDGE_LOOP('',(#2478,#2479));
#1314=EDGE_LOOP('',(#2480,#2481));
#1315=EDGE_LOOP('',(#2482,#2483));
#1316=EDGE_LOOP('',(#2484,#2485));
#1317=EDGE_LOOP('',(#2486,#2487));
#1318=EDGE_LOOP('',(#2488,#2489));
#1319=EDGE_LOOP('',(#2490,#2491));
#1320=EDGE_LOOP('',(#2492,#2493));
#1321=EDGE_LOOP('',(#2494,#2495));
#1322=EDGE_LOOP('',(#2496,#2497));
#1323=EDGE_LOOP('',(#2498,#2499));
#1324=EDGE_LOOP('',(#2500,#2501));
#1325=EDGE_LOOP('',(#2502,#2503));
#1326=EDGE_LOOP('',(#2504,#2505));
#1327=EDGE_LOOP('',(#2506,#2507));
#1328=EDGE_LOOP('',(#2508,#2509));
#1329=EDGE_LOOP('',(#2510,#2511));
#1330=EDGE_LOOP('',(#2512,#2513));
#1331=EDGE_LOOP('',(#2514,#2515));
#1332=EDGE_LOOP('',(#2516,#2517));
#1333=EDGE_LOOP('',(#2518,#2519));
#1334=EDGE_LOOP('',(#2520,#2521));
#1335=EDGE_LOOP('',(#2522,#2523));
#1336=EDGE_LOOP('',(#2524,#2525));
#1337=EDGE_LOOP('',(#2526,#2527));
#1338=EDGE_LOOP('',(#2528,#2529));
#1339=EDGE_LOOP('',(#2530,#2531));
#1340=EDGE_LOOP('',(#2532,#2533));
#1341=EDGE_LOOP('',(#2534,#2535));
#1342=EDGE_LOOP('',(#2536,#2537));
#1343=EDGE_LOOP('',(#2538,#2539));
#1344=EDGE_LOOP('',(#2540,#2541));
#1345=EDGE_LOOP('',(#2542,#2543));
#1346=EDGE_LOOP('',(#2544,#2545));
#1347=EDGE_LOOP('',(#2546,#2547));
#1348=EDGE_LOOP('',(#2548,#2549));
#1349=EDGE_LOOP('',(#2550,#2551));
#1350=EDGE_LOOP('',(#2552,#2553));
#1351=EDGE_LOOP('',(#2554,#2555));
#1352=EDGE_LOOP('',(#2556,#2557));
#1353=EDGE_LOOP('',(#2558,#2559));
#1354=EDGE_LOOP('',(#2560,#2561));
#1355=EDGE_LOOP('',(#2562,#2563));
#1356=EDGE_LOOP('',(#2564,#2565));
#1357=EDGE_LOOP('',(#2566,#2567));
#1358=EDGE_LOOP('',(#2568,#2569));
#1359=EDGE_LOOP('',(#2570,#2571));
#1360=EDGE_LOOP('',(#2572,#2573));
#1361=EDGE_LOOP('',(#2574,#2575));
#1362=EDGE_LOOP('',(#2576,#2577));
#1363=EDGE_LOOP('',(#2578,#2579));
#1364=EDGE_LOOP('',(#2580,#2581));
#1365=EDGE_LOOP('',(#2582,#2583));
#1366=EDGE_LOOP('',(#2584,#2585));
#1367=EDGE_LOOP('',(#2586,#2587));
#1368=EDGE_LOOP('',(#2588,#2589));
#1369=EDGE_LOOP('',(#2590,#2591));
#1370=EDGE_LOOP('',(#2592,#2593));
#1371=EDGE_LOOP('',(#2594,#2595));
#1372=EDGE_LOOP('',(#2596,#2597));
#1373=EDGE_LOOP('',(#2598,#2599));
#1374=EDGE_LOOP('',(#2600,#2601));
#1375=EDGE_LOOP('',(#2602,#2603));
#1376=EDGE_LOOP('',(#2604,#2605));
#1377=EDGE_LOOP('',(#2606,#2607));
#1378=EDGE_LOOP('',(#2608,#2609));
#1379=EDGE_LOOP('',(#2610,#2611));
#1380=EDGE_LOOP('',(#2612,#2613));
#1381=EDGE_LOOP('',(#2614,#2615));
#1382=EDGE_LOOP('',(#2616,#2617));
#1383=EDGE_LOOP('',(#2618,#2619));
#1384=EDGE_LOOP('',(#2620,#2621));
#1385=EDGE_LOOP('',(#2622,#2623));
#1386=EDGE_LOOP('',(#2624,#2625));
#1387=EDGE_LOOP('',(#2626,#2627));
#1388=EDGE_LOOP('',(#2628,#2629));
#1389=EDGE_LOOP('',(#2630,#2631));
#1390=EDGE_LOOP('',(#2632,#2633));
#1391=EDGE_LOOP('',(#2634,#2635));
#1392=EDGE_LOOP('',(#2636,#2637));
#1393=EDGE_LOOP('',(#2638,#2639));
#1394=EDGE_LOOP('',(#2640,#2641));
#1395=EDGE_LOOP('',(#2642,#2643));
#1396=EDGE_LOOP('',(#2644,#2645));
#1397=EDGE_LOOP('',(#2646,#2647));
#1398=EDGE_LOOP('',(#2648,#2649));
#1399=EDGE_LOOP('',(#2650,#2651));
#1400=EDGE_LOOP('',(#2652,#2653));
#1401=EDGE_LOOP('',(#2654,#2655));
#1402=EDGE_LOOP('',(#2656,#2657));
#1403=EDGE_LOOP('',(#2658,#2659));
#1404=EDGE_LOOP('',(#2660,#2661));
#1405=EDGE_LOOP('',(#2662,#2663));
#1406=EDGE_LOOP('',(#2664,#2665));
#1407=EDGE_LOOP('',(#2666,#2667));
#1408=EDGE_LOOP('',(#2668,#2669));
#1409=EDGE_LOOP('',(#2670,#2671));
#1410=EDGE_LOOP('',(#2672,#2673));
#1411=EDGE_LOOP('',(#2674,#2675));
#1412=EDGE_LOOP('',(#2676,#2677));
#1413=EDGE_LOOP('',(#2678,#2679));
#1414=EDGE_LOOP('',(#2680,#2681));
#1415=EDGE_LOOP('',(#2682,#2683));
#1416=EDGE_LOOP('',(#2684,#2685));
#1417=EDGE_LOOP('',(#2686,#2687));
#1418=EDGE_LOOP('',(#2688,#2689));
#1419=EDGE_LOOP('',(#2690,#2691));
#1420=EDGE_LOOP('',(#2692,#2693));
#1421=EDGE_LOOP('',(#2694,#2695));
#1422=EDGE_LOOP('',(#2696,#2697));
#1423=EDGE_LOOP('',(#2698,#2699));
#1424=EDGE_LOOP('',(#2700,#2701));
#1425=EDGE_LOOP('',(#2702,#2703));
#1426=EDGE_LOOP('',(#2704,#2705));
#1427=EDGE_LOOP('',(#2706,#2707));
#1428=EDGE_LOOP('',(#2708,#2709));
#1429=EDGE_LOOP('',(#2710,#2711));
#1430=EDGE_LOOP('',(#2712,#2713));
#1431=EDGE_LOOP('',(#2714,#2715));
#1432=EDGE_LOOP('',(#2716,#2717,#2718,#2719));
#1433=EDGE_LOOP('',(#2720,#2721,#2722,#2723));
#1434=EDGE_LOOP('',(#2724,#2725,#2726,#2727));
#1435=EDGE_LOOP('',(#2728,#2729,#2730,#2731));
#1436=EDGE_LOOP('',(#2732,#2733,#2734,#2735));
#1437=EDGE_LOOP('',(#2736,#2737,#2738,#2739));
#1438=EDGE_LOOP('',(#2740,#2741,#2742,#2743));
#1439=EDGE_LOOP('',(#2744,#2745,#2746,#2747));
#1440=EDGE_LOOP('',(#2748,#2749,#2750,#2751));
#1441=EDGE_LOOP('',(#2752,#2753,#2754,#2755));
#1442=EDGE_LOOP('',(#2756,#2757,#2758,#2759));
#1443=EDGE_LOOP('',(#2760,#2761,#2762,#2763));
#1444=EDGE_LOOP('',(#2764,#2765,#2766,#2767));
#1445=EDGE_LOOP('',(#2768,#2769,#2770,#2771));
#1446=EDGE_LOOP('',(#2772,#2773,#2774,#2775));
#1447=EDGE_LOOP('',(#2776,#2777,#2778,#2779));
#1448=EDGE_LOOP('',(#2780,#2781,#2782,#2783));
#1449=EDGE_LOOP('',(#2784,#2785,#2786,#2787));
#1450=EDGE_LOOP('',(#2788,#2789,#2790,#2791));
#1451=EDGE_LOOP('',(#2792,#2793,#2794,#2795));
#1452=EDGE_LOOP('',(#2796,#2797,#2798,#2799));
#1453=EDGE_LOOP('',(#2800,#2801,#2802,#2803));
#1454=EDGE_LOOP('',(#2804,#2805,#2806,#2807));
#1455=EDGE_LOOP('',(#2808,#2809,#2810,#2811));
#1456=EDGE_LOOP('',(#2812,#2813,#2814,#2815));
#1457=EDGE_LOOP('',(#2816,#2817,#2818,#2819));
#1458=EDGE_LOOP('',(#2820,#2821,#2822,#2823));
#1459=EDGE_LOOP('',(#2824,#2825,#2826,#2827));
#1460=EDGE_LOOP('',(#2828,#2829,#2830,#2831));
#1461=EDGE_LOOP('',(#2832,#2833,#2834,#2835));
#1462=EDGE_LOOP('',(#2836,#2837,#2838,#2839));
#1463=EDGE_LOOP('',(#2840,#2841,#2842,#2843));
#1464=EDGE_LOOP('',(#2844,#2845,#2846,#2847));
#1465=EDGE_LOOP('',(#2848,#2849,#2850,#2851));
#1466=EDGE_LOOP('',(#2852,#2853,#2854,#2855));
#1467=EDGE_LOOP('',(#2856,#2857,#2858,#2859));
#1468=EDGE_LOOP('',(#2860,#2861,#2862,#2863));
#1469=EDGE_LOOP('',(#2864,#2865,#2866,#2867));
#1470=EDGE_LOOP('',(#2868,#2869,#2870,#2871));
#1471=EDGE_LOOP('',(#2872,#2873,#2874,#2875));
#1472=EDGE_LOOP('',(#2876,#2877,#2878,#2879));
#1473=EDGE_LOOP('',(#2880,#2881,#2882,#2883));
#1474=EDGE_LOOP('',(#2884,#2885,#2886,#2887));
#1475=EDGE_LOOP('',(#2888,#2889,#2890,#2891));
#1476=EDGE_LOOP('',(#2892,#2893,#2894,#2895));
#1477=EDGE_LOOP('',(#2896,#2897,#2898,#2899));
#1478=EDGE_LOOP('',(#2900,#2901,#2902,#2903));
#1479=EDGE_LOOP('',(#2904,#2905,#2906,#2907));
#1480=EDGE_LOOP('',(#2908,#2909,#2910,#2911));
#1481=EDGE_LOOP('',(#2912,#2913,#2914,#2915));
#1482=EDGE_LOOP('',(#2916,#2917,#2918,#2919));
#1483=EDGE_LOOP('',(#2920,#2921,#2922,#2923));
#1484=EDGE_LOOP('',(#2924,#2925,#2926,#2927));
#1485=EDGE_LOOP('',(#2928,#2929,#2930,#2931));
#1486=EDGE_LOOP('',(#2932,#2933,#2934,#2935));
#1487=EDGE_LOOP('',(#2936,#2937,#2938,#2939));
#1488=EDGE_LOOP('',(#2940,#2941,#2942,#2943));
#1489=EDGE_LOOP('',(#2944,#2945,#2946,#2947));
#1490=EDGE_LOOP('',(#2948,#2949,#2950,#2951));
#1491=EDGE_LOOP('',(#2952,#2953,#2954,#2955));
#1492=EDGE_LOOP('',(#2956,#2957,#2958,#2959));
#1493=EDGE_LOOP('',(#2960,#2961,#2962,#2963));
#1494=EDGE_LOOP('',(#2964,#2965,#2966,#2967));
#1495=EDGE_LOOP('',(#2968,#2969,#2970,#2971));
#1496=EDGE_LOOP('',(#2972,#2973,#2974,#2975));
#1497=EDGE_LOOP('',(#2976,#2977,#2978,#2979));
#1498=EDGE_LOOP('',(#2980,#2981,#2982,#2983));
#1499=EDGE_LOOP('',(#2984,#2985,#2986,#2987));
#1500=EDGE_LOOP('',(#2988,#2989,#2990,#2991));
#1501=EDGE_LOOP('',(#2992,#2993,#2994,#2995));
#1502=EDGE_LOOP('',(#2996,#2997,#2998,#2999));
#1503=EDGE_LOOP('',(#3000,#3001,#3002,#3003));
#1504=EDGE_LOOP('',(#3004,#3005,#3006,#3007));
#1505=EDGE_LOOP('',(#3008,#3009,#3010,#3011));
#1506=EDGE_LOOP('',(#3012,#3013,#3014,#3015));
#1507=EDGE_LOOP('',(#3016,#3017,#3018,#3019));
#1508=EDGE_LOOP('',(#3020,#3021,#3022,#3023));
#1509=EDGE_LOOP('',(#3024,#3025,#3026,#3027));
#1510=EDGE_LOOP('',(#3028,#3029,#3030,#3031));
#1511=EDGE_LOOP('',(#3032,#3033,#3034,#3035));
#1512=EDGE_LOOP('',(#3036,#3037,#3038,#3039));
#1513=EDGE_LOOP('',(#3040,#3041,#3042,#3043));
#1514=EDGE_LOOP('',(#3044,#3045,#3046,#3047));
#1515=EDGE_LOOP('',(#3048,#3049,#3050,#3051));
#1516=EDGE_LOOP('',(#3052,#3053,#3054,#3055));
#1517=EDGE_LOOP('',(#3056,#3057,#3058,#3059));
#1518=EDGE_LOOP('',(#3060,#3061,#3062,#3063));
#1519=EDGE_LOOP('',(#3064,#3065,#3066,#3067));
#1520=EDGE_LOOP('',(#3068,#3069,#3070,#3071));
#1521=EDGE_LOOP('',(#3072,#3073,#3074,#3075));
#1522=EDGE_LOOP('',(#3076,#3077,#3078,#3079));
#1523=EDGE_LOOP('',(#3080,#3081,#3082,#3083));
#1524=EDGE_LOOP('',(#3084,#3085,#3086,#3087));
#1525=EDGE_LOOP('',(#3088,#3089,#3090,#3091));
#1526=EDGE_LOOP('',(#3092,#3093,#3094,#3095));
#1527=EDGE_LOOP('',(#3096,#3097,#3098,#3099));
#1528=EDGE_LOOP('',(#3100,#3101,#3102,#3103));
#1529=EDGE_LOOP('',(#3104,#3105,#3106,#3107));
#1530=EDGE_LOOP('',(#3108,#3109,#3110,#3111));
#1531=EDGE_LOOP('',(#3112,#3113,#3114,#3115));
#1532=EDGE_LOOP('',(#3116,#3117,#3118,#3119));
#1533=EDGE_LOOP('',(#3120,#3121,#3122,#3123));
#1534=EDGE_LOOP('',(#3124,#3125,#3126,#3127));
#1535=EDGE_LOOP('',(#3128,#3129,#3130,#3131));
#1536=EDGE_LOOP('',(#3132,#3133,#3134,#3135));
#1537=EDGE_LOOP('',(#3136,#3137,#3138,#3139));
#1538=EDGE_LOOP('',(#3140,#3141,#3142,#3143));
#1539=EDGE_LOOP('',(#3144,#3145,#3146,#3147));
#1540=EDGE_LOOP('',(#3148,#3149,#3150,#3151));
#1541=EDGE_LOOP('',(#3152,#3153,#3154,#3155));
#1542=EDGE_LOOP('',(#3156,#3157,#3158,#3159));
#1543=EDGE_LOOP('',(#3160,#3161,#3162,#3163));
#1544=EDGE_LOOP('',(#3164,#3165,#3166,#3167));
#1545=EDGE_LOOP('',(#3168,#3169,#3170,#3171));
#1546=EDGE_LOOP('',(#3172,#3173,#3174,#3175));
#1547=EDGE_LOOP('',(#3176,#3177,#3178,#3179));
#1548=EDGE_LOOP('',(#3180,#3181,#3182,#3183));
#1549=EDGE_LOOP('',(#3184,#3185,#3186,#3187));
#1550=EDGE_LOOP('',(#3188,#3189,#3190,#3191));
#1551=EDGE_LOOP('',(#3192,#3193,#3194,#3195));
#1552=EDGE_LOOP('',(#3196,#3197,#3198,#3199));
#1553=EDGE_LOOP('',(#3200,#3201,#3202,#3203));
#1554=EDGE_LOOP('',(#3204,#3205,#3206,#3207));
#1555=EDGE_LOOP('',(#3208,#3209,#3210,#3211));
#1556=EDGE_LOOP('',(#3212,#3213,#3214,#3215));
#1557=EDGE_LOOP('',(#3216,#3217,#3218,#3219));
#1558=EDGE_LOOP('',(#3220,#3221,#3222,#3223));
#1559=EDGE_LOOP('',(#3224,#3225,#3226,#3227));
#1560=EDGE_LOOP('',(#3228,#3229,#3230,#3231));
#1561=EDGE_LOOP('',(#3232,#3233,#3234,#3235));
#1562=EDGE_LOOP('',(#3236,#3237,#3238,#3239));
#1563=EDGE_LOOP('',(#3240,#3241,#3242,#3243));
#1564=EDGE_LOOP('',(#3244,#3245,#3246,#3247));
#1565=EDGE_LOOP('',(#3248,#3249,#3250,#3251));
#1566=EDGE_LOOP('',(#3252,#3253,#3254,#3255));
#1567=EDGE_LOOP('',(#3256,#3257,#3258,#3259));
#1568=EDGE_LOOP('',(#3260,#3261,#3262,#3263));
#1569=EDGE_LOOP('',(#3264,#3265,#3266,#3267));
#1570=EDGE_LOOP('',(#3268,#3269,#3270,#3271));
#1571=EDGE_LOOP('',(#3272,#3273,#3274,#3275));
#1572=ORIENTED_EDGE('',*,*,#3708,.T.);
#1573=ORIENTED_EDGE('',*,*,#3276,.F.);
#1574=ORIENTED_EDGE('',*,*,#3707,.F.);
#1575=ORIENTED_EDGE('',*,*,#3706,.T.);
#1576=ORIENTED_EDGE('',*,*,#3276,.T.);
#1577=ORIENTED_EDGE('',*,*,#3709,.T.);
#1578=ORIENTED_EDGE('',*,*,#3711,.T.);
#1579=ORIENTED_EDGE('',*,*,#3277,.F.);
#1580=ORIENTED_EDGE('',*,*,#3705,.F.);
#1581=ORIENTED_EDGE('',*,*,#3704,.T.);
#1582=ORIENTED_EDGE('',*,*,#3277,.T.);
#1583=ORIENTED_EDGE('',*,*,#3712,.T.);
#1584=ORIENTED_EDGE('',*,*,#3714,.T.);
#1585=ORIENTED_EDGE('',*,*,#3278,.F.);
#1586=ORIENTED_EDGE('',*,*,#3703,.F.);
#1587=ORIENTED_EDGE('',*,*,#3702,.T.);
#1588=ORIENTED_EDGE('',*,*,#3278,.T.);
#1589=ORIENTED_EDGE('',*,*,#3715,.T.);
#1590=ORIENTED_EDGE('',*,*,#3717,.T.);
#1591=ORIENTED_EDGE('',*,*,#3279,.F.);
#1592=ORIENTED_EDGE('',*,*,#3701,.F.);
#1593=ORIENTED_EDGE('',*,*,#3700,.T.);
#1594=ORIENTED_EDGE('',*,*,#3279,.T.);
#1595=ORIENTED_EDGE('',*,*,#3718,.T.);
#1596=ORIENTED_EDGE('',*,*,#3720,.T.);
#1597=ORIENTED_EDGE('',*,*,#3280,.F.);
#1598=ORIENTED_EDGE('',*,*,#3699,.F.);
#1599=ORIENTED_EDGE('',*,*,#3698,.T.);
#1600=ORIENTED_EDGE('',*,*,#3280,.T.);
#1601=ORIENTED_EDGE('',*,*,#3721,.T.);
#1602=ORIENTED_EDGE('',*,*,#3723,.T.);
#1603=ORIENTED_EDGE('',*,*,#3281,.F.);
#1604=ORIENTED_EDGE('',*,*,#3697,.F.);
#1605=ORIENTED_EDGE('',*,*,#3696,.T.);
#1606=ORIENTED_EDGE('',*,*,#3281,.T.);
#1607=ORIENTED_EDGE('',*,*,#3724,.T.);
#1608=ORIENTED_EDGE('',*,*,#3726,.T.);
#1609=ORIENTED_EDGE('',*,*,#3282,.F.);
#1610=ORIENTED_EDGE('',*,*,#3695,.F.);
#1611=ORIENTED_EDGE('',*,*,#3694,.T.);
#1612=ORIENTED_EDGE('',*,*,#3282,.T.);
#1613=ORIENTED_EDGE('',*,*,#3727,.T.);
#1614=ORIENTED_EDGE('',*,*,#3729,.T.);
#1615=ORIENTED_EDGE('',*,*,#3283,.F.);
#1616=ORIENTED_EDGE('',*,*,#3693,.F.);
#1617=ORIENTED_EDGE('',*,*,#3692,.T.);
#1618=ORIENTED_EDGE('',*,*,#3283,.T.);
#1619=ORIENTED_EDGE('',*,*,#3730,.T.);
#1620=ORIENTED_EDGE('',*,*,#3732,.T.);
#1621=ORIENTED_EDGE('',*,*,#3284,.F.);
#1622=ORIENTED_EDGE('',*,*,#3691,.F.);
#1623=ORIENTED_EDGE('',*,*,#3690,.T.);
#1624=ORIENTED_EDGE('',*,*,#3284,.T.);
#1625=ORIENTED_EDGE('',*,*,#3733,.T.);
#1626=ORIENTED_EDGE('',*,*,#3735,.T.);
#1627=ORIENTED_EDGE('',*,*,#3285,.F.);
#1628=ORIENTED_EDGE('',*,*,#3689,.F.);
#1629=ORIENTED_EDGE('',*,*,#3688,.T.);
#1630=ORIENTED_EDGE('',*,*,#3285,.T.);
#1631=ORIENTED_EDGE('',*,*,#3736,.T.);
#1632=ORIENTED_EDGE('',*,*,#3738,.T.);
#1633=ORIENTED_EDGE('',*,*,#3286,.F.);
#1634=ORIENTED_EDGE('',*,*,#3687,.F.);
#1635=ORIENTED_EDGE('',*,*,#3686,.T.);
#1636=ORIENTED_EDGE('',*,*,#3286,.T.);
#1637=ORIENTED_EDGE('',*,*,#3739,.T.);
#1638=ORIENTED_EDGE('',*,*,#3741,.T.);
#1639=ORIENTED_EDGE('',*,*,#3287,.F.);
#1640=ORIENTED_EDGE('',*,*,#3685,.F.);
#1641=ORIENTED_EDGE('',*,*,#3684,.T.);
#1642=ORIENTED_EDGE('',*,*,#3287,.T.);
#1643=ORIENTED_EDGE('',*,*,#3742,.T.);
#1644=ORIENTED_EDGE('',*,*,#3744,.T.);
#1645=ORIENTED_EDGE('',*,*,#3288,.F.);
#1646=ORIENTED_EDGE('',*,*,#3683,.F.);
#1647=ORIENTED_EDGE('',*,*,#3682,.T.);
#1648=ORIENTED_EDGE('',*,*,#3288,.T.);
#1649=ORIENTED_EDGE('',*,*,#3745,.T.);
#1650=ORIENTED_EDGE('',*,*,#3747,.T.);
#1651=ORIENTED_EDGE('',*,*,#3289,.F.);
#1652=ORIENTED_EDGE('',*,*,#3681,.F.);
#1653=ORIENTED_EDGE('',*,*,#3680,.T.);
#1654=ORIENTED_EDGE('',*,*,#3289,.T.);
#1655=ORIENTED_EDGE('',*,*,#3748,.T.);
#1656=ORIENTED_EDGE('',*,*,#3750,.T.);
#1657=ORIENTED_EDGE('',*,*,#3290,.F.);
#1658=ORIENTED_EDGE('',*,*,#3679,.F.);
#1659=ORIENTED_EDGE('',*,*,#3678,.T.);
#1660=ORIENTED_EDGE('',*,*,#3290,.T.);
#1661=ORIENTED_EDGE('',*,*,#3751,.T.);
#1662=ORIENTED_EDGE('',*,*,#3753,.T.);
#1663=ORIENTED_EDGE('',*,*,#3291,.F.);
#1664=ORIENTED_EDGE('',*,*,#3677,.F.);
#1665=ORIENTED_EDGE('',*,*,#3676,.T.);
#1666=ORIENTED_EDGE('',*,*,#3291,.T.);
#1667=ORIENTED_EDGE('',*,*,#3754,.T.);
#1668=ORIENTED_EDGE('',*,*,#3756,.T.);
#1669=ORIENTED_EDGE('',*,*,#3292,.F.);
#1670=ORIENTED_EDGE('',*,*,#3675,.F.);
#1671=ORIENTED_EDGE('',*,*,#3674,.T.);
#1672=ORIENTED_EDGE('',*,*,#3292,.T.);
#1673=ORIENTED_EDGE('',*,*,#3757,.T.);
#1674=ORIENTED_EDGE('',*,*,#3759,.T.);
#1675=ORIENTED_EDGE('',*,*,#3293,.F.);
#1676=ORIENTED_EDGE('',*,*,#3673,.F.);
#1677=ORIENTED_EDGE('',*,*,#3672,.T.);
#1678=ORIENTED_EDGE('',*,*,#3293,.T.);
#1679=ORIENTED_EDGE('',*,*,#3760,.T.);
#1680=ORIENTED_EDGE('',*,*,#3762,.T.);
#1681=ORIENTED_EDGE('',*,*,#3294,.F.);
#1682=ORIENTED_EDGE('',*,*,#3671,.F.);
#1683=ORIENTED_EDGE('',*,*,#3670,.T.);
#1684=ORIENTED_EDGE('',*,*,#3294,.T.);
#1685=ORIENTED_EDGE('',*,*,#3763,.T.);
#1686=ORIENTED_EDGE('',*,*,#3765,.T.);
#1687=ORIENTED_EDGE('',*,*,#3295,.F.);
#1688=ORIENTED_EDGE('',*,*,#3669,.F.);
#1689=ORIENTED_EDGE('',*,*,#3668,.T.);
#1690=ORIENTED_EDGE('',*,*,#3295,.T.);
#1691=ORIENTED_EDGE('',*,*,#3766,.T.);
#1692=ORIENTED_EDGE('',*,*,#3768,.T.);
#1693=ORIENTED_EDGE('',*,*,#3296,.F.);
#1694=ORIENTED_EDGE('',*,*,#3667,.F.);
#1695=ORIENTED_EDGE('',*,*,#3666,.T.);
#1696=ORIENTED_EDGE('',*,*,#3296,.T.);
#1697=ORIENTED_EDGE('',*,*,#3769,.T.);
#1698=ORIENTED_EDGE('',*,*,#3771,.T.);
#1699=ORIENTED_EDGE('',*,*,#3297,.F.);
#1700=ORIENTED_EDGE('',*,*,#3665,.F.);
#1701=ORIENTED_EDGE('',*,*,#3664,.T.);
#1702=ORIENTED_EDGE('',*,*,#3297,.T.);
#1703=ORIENTED_EDGE('',*,*,#3772,.T.);
#1704=ORIENTED_EDGE('',*,*,#3774,.T.);
#1705=ORIENTED_EDGE('',*,*,#3298,.F.);
#1706=ORIENTED_EDGE('',*,*,#3663,.F.);
#1707=ORIENTED_EDGE('',*,*,#3662,.T.);
#1708=ORIENTED_EDGE('',*,*,#3298,.T.);
#1709=ORIENTED_EDGE('',*,*,#3775,.T.);
#1710=ORIENTED_EDGE('',*,*,#3777,.T.);
#1711=ORIENTED_EDGE('',*,*,#3299,.F.);
#1712=ORIENTED_EDGE('',*,*,#3661,.F.);
#1713=ORIENTED_EDGE('',*,*,#3660,.T.);
#1714=ORIENTED_EDGE('',*,*,#3299,.T.);
#1715=ORIENTED_EDGE('',*,*,#3778,.T.);
#1716=ORIENTED_EDGE('',*,*,#3780,.T.);
#1717=ORIENTED_EDGE('',*,*,#3300,.F.);
#1718=ORIENTED_EDGE('',*,*,#3659,.F.);
#1719=ORIENTED_EDGE('',*,*,#3658,.T.);
#1720=ORIENTED_EDGE('',*,*,#3300,.T.);
#1721=ORIENTED_EDGE('',*,*,#3781,.T.);
#1722=ORIENTED_EDGE('',*,*,#3783,.T.);
#1723=ORIENTED_EDGE('',*,*,#3301,.F.);
#1724=ORIENTED_EDGE('',*,*,#3657,.F.);
#1725=ORIENTED_EDGE('',*,*,#3656,.T.);
#1726=ORIENTED_EDGE('',*,*,#3301,.T.);
#1727=ORIENTED_EDGE('',*,*,#3784,.T.);
#1728=ORIENTED_EDGE('',*,*,#3786,.T.);
#1729=ORIENTED_EDGE('',*,*,#3302,.F.);
#1730=ORIENTED_EDGE('',*,*,#3655,.F.);
#1731=ORIENTED_EDGE('',*,*,#3654,.T.);
#1732=ORIENTED_EDGE('',*,*,#3302,.T.);
#1733=ORIENTED_EDGE('',*,*,#3787,.T.);
#1734=ORIENTED_EDGE('',*,*,#3789,.T.);
#1735=ORIENTED_EDGE('',*,*,#3303,.F.);
#1736=ORIENTED_EDGE('',*,*,#3653,.F.);
#1737=ORIENTED_EDGE('',*,*,#3652,.T.);
#1738=ORIENTED_EDGE('',*,*,#3303,.T.);
#1739=ORIENTED_EDGE('',*,*,#3790,.T.);
#1740=ORIENTED_EDGE('',*,*,#3792,.T.);
#1741=ORIENTED_EDGE('',*,*,#3304,.F.);
#1742=ORIENTED_EDGE('',*,*,#3651,.F.);
#1743=ORIENTED_EDGE('',*,*,#3650,.T.);
#1744=ORIENTED_EDGE('',*,*,#3304,.T.);
#1745=ORIENTED_EDGE('',*,*,#3793,.T.);
#1746=ORIENTED_EDGE('',*,*,#3795,.T.);
#1747=ORIENTED_EDGE('',*,*,#3305,.F.);
#1748=ORIENTED_EDGE('',*,*,#3649,.F.);
#1749=ORIENTED_EDGE('',*,*,#3648,.T.);
#1750=ORIENTED_EDGE('',*,*,#3305,.T.);
#1751=ORIENTED_EDGE('',*,*,#3796,.T.);
#1752=ORIENTED_EDGE('',*,*,#3798,.T.);
#1753=ORIENTED_EDGE('',*,*,#3306,.F.);
#1754=ORIENTED_EDGE('',*,*,#3647,.F.);
#1755=ORIENTED_EDGE('',*,*,#3646,.T.);
#1756=ORIENTED_EDGE('',*,*,#3306,.T.);
#1757=ORIENTED_EDGE('',*,*,#3799,.T.);
#1758=ORIENTED_EDGE('',*,*,#3801,.T.);
#1759=ORIENTED_EDGE('',*,*,#3307,.F.);
#1760=ORIENTED_EDGE('',*,*,#3645,.F.);
#1761=ORIENTED_EDGE('',*,*,#3644,.T.);
#1762=ORIENTED_EDGE('',*,*,#3307,.T.);
#1763=ORIENTED_EDGE('',*,*,#3802,.T.);
#1764=ORIENTED_EDGE('',*,*,#3804,.T.);
#1765=ORIENTED_EDGE('',*,*,#3308,.F.);
#1766=ORIENTED_EDGE('',*,*,#3643,.F.);
#1767=ORIENTED_EDGE('',*,*,#3642,.T.);
#1768=ORIENTED_EDGE('',*,*,#3308,.T.);
#1769=ORIENTED_EDGE('',*,*,#3805,.T.);
#1770=ORIENTED_EDGE('',*,*,#3807,.T.);
#1771=ORIENTED_EDGE('',*,*,#3309,.F.);
#1772=ORIENTED_EDGE('',*,*,#3641,.F.);
#1773=ORIENTED_EDGE('',*,*,#3640,.T.);
#1774=ORIENTED_EDGE('',*,*,#3309,.T.);
#1775=ORIENTED_EDGE('',*,*,#3808,.T.);
#1776=ORIENTED_EDGE('',*,*,#3810,.T.);
#1777=ORIENTED_EDGE('',*,*,#3310,.F.);
#1778=ORIENTED_EDGE('',*,*,#3639,.F.);
#1779=ORIENTED_EDGE('',*,*,#3638,.T.);
#1780=ORIENTED_EDGE('',*,*,#3310,.T.);
#1781=ORIENTED_EDGE('',*,*,#3811,.T.);
#1782=ORIENTED_EDGE('',*,*,#3813,.T.);
#1783=ORIENTED_EDGE('',*,*,#3311,.F.);
#1784=ORIENTED_EDGE('',*,*,#3637,.F.);
#1785=ORIENTED_EDGE('',*,*,#3636,.T.);
#1786=ORIENTED_EDGE('',*,*,#3311,.T.);
#1787=ORIENTED_EDGE('',*,*,#3814,.T.);
#1788=ORIENTED_EDGE('',*,*,#3816,.T.);
#1789=ORIENTED_EDGE('',*,*,#3312,.F.);
#1790=ORIENTED_EDGE('',*,*,#3635,.F.);
#1791=ORIENTED_EDGE('',*,*,#3634,.T.);
#1792=ORIENTED_EDGE('',*,*,#3312,.T.);
#1793=ORIENTED_EDGE('',*,*,#3817,.T.);
#1794=ORIENTED_EDGE('',*,*,#3819,.T.);
#1795=ORIENTED_EDGE('',*,*,#3313,.F.);
#1796=ORIENTED_EDGE('',*,*,#3633,.F.);
#1797=ORIENTED_EDGE('',*,*,#3632,.T.);
#1798=ORIENTED_EDGE('',*,*,#3313,.T.);
#1799=ORIENTED_EDGE('',*,*,#3820,.T.);
#1800=ORIENTED_EDGE('',*,*,#3822,.T.);
#1801=ORIENTED_EDGE('',*,*,#3314,.F.);
#1802=ORIENTED_EDGE('',*,*,#3631,.F.);
#1803=ORIENTED_EDGE('',*,*,#3630,.T.);
#1804=ORIENTED_EDGE('',*,*,#3314,.T.);
#1805=ORIENTED_EDGE('',*,*,#3823,.T.);
#1806=ORIENTED_EDGE('',*,*,#3825,.T.);
#1807=ORIENTED_EDGE('',*,*,#3315,.F.);
#1808=ORIENTED_EDGE('',*,*,#3629,.F.);
#1809=ORIENTED_EDGE('',*,*,#3628,.T.);
#1810=ORIENTED_EDGE('',*,*,#3315,.T.);
#1811=ORIENTED_EDGE('',*,*,#3826,.T.);
#1812=ORIENTED_EDGE('',*,*,#3828,.T.);
#1813=ORIENTED_EDGE('',*,*,#3316,.F.);
#1814=ORIENTED_EDGE('',*,*,#3627,.F.);
#1815=ORIENTED_EDGE('',*,*,#3626,.T.);
#1816=ORIENTED_EDGE('',*,*,#3316,.T.);
#1817=ORIENTED_EDGE('',*,*,#3829,.T.);
#1818=ORIENTED_EDGE('',*,*,#3831,.T.);
#1819=ORIENTED_EDGE('',*,*,#3317,.F.);
#1820=ORIENTED_EDGE('',*,*,#3625,.F.);
#1821=ORIENTED_EDGE('',*,*,#3624,.T.);
#1822=ORIENTED_EDGE('',*,*,#3317,.T.);
#1823=ORIENTED_EDGE('',*,*,#3832,.T.);
#1824=ORIENTED_EDGE('',*,*,#3834,.T.);
#1825=ORIENTED_EDGE('',*,*,#3318,.F.);
#1826=ORIENTED_EDGE('',*,*,#3623,.F.);
#1827=ORIENTED_EDGE('',*,*,#3622,.T.);
#1828=ORIENTED_EDGE('',*,*,#3318,.T.);
#1829=ORIENTED_EDGE('',*,*,#3835,.T.);
#1830=ORIENTED_EDGE('',*,*,#3837,.T.);
#1831=ORIENTED_EDGE('',*,*,#3319,.F.);
#1832=ORIENTED_EDGE('',*,*,#3621,.F.);
#1833=ORIENTED_EDGE('',*,*,#3620,.T.);
#1834=ORIENTED_EDGE('',*,*,#3319,.T.);
#1835=ORIENTED_EDGE('',*,*,#3838,.T.);
#1836=ORIENTED_EDGE('',*,*,#3840,.T.);
#1837=ORIENTED_EDGE('',*,*,#3320,.F.);
#1838=ORIENTED_EDGE('',*,*,#3619,.F.);
#1839=ORIENTED_EDGE('',*,*,#3618,.T.);
#1840=ORIENTED_EDGE('',*,*,#3320,.T.);
#1841=ORIENTED_EDGE('',*,*,#3841,.T.);
#1842=ORIENTED_EDGE('',*,*,#3843,.T.);
#1843=ORIENTED_EDGE('',*,*,#3321,.F.);
#1844=ORIENTED_EDGE('',*,*,#3617,.F.);
#1845=ORIENTED_EDGE('',*,*,#3616,.T.);
#1846=ORIENTED_EDGE('',*,*,#3321,.T.);
#1847=ORIENTED_EDGE('',*,*,#3844,.T.);
#1848=ORIENTED_EDGE('',*,*,#3846,.T.);
#1849=ORIENTED_EDGE('',*,*,#3322,.F.);
#1850=ORIENTED_EDGE('',*,*,#3615,.F.);
#1851=ORIENTED_EDGE('',*,*,#3614,.T.);
#1852=ORIENTED_EDGE('',*,*,#3322,.T.);
#1853=ORIENTED_EDGE('',*,*,#3847,.T.);
#1854=ORIENTED_EDGE('',*,*,#3849,.T.);
#1855=ORIENTED_EDGE('',*,*,#3323,.F.);
#1856=ORIENTED_EDGE('',*,*,#3613,.F.);
#1857=ORIENTED_EDGE('',*,*,#3612,.T.);
#1858=ORIENTED_EDGE('',*,*,#3323,.T.);
#1859=ORIENTED_EDGE('',*,*,#3850,.T.);
#1860=ORIENTED_EDGE('',*,*,#3852,.T.);
#1861=ORIENTED_EDGE('',*,*,#3324,.F.);
#1862=ORIENTED_EDGE('',*,*,#3611,.F.);
#1863=ORIENTED_EDGE('',*,*,#3610,.T.);
#1864=ORIENTED_EDGE('',*,*,#3324,.T.);
#1865=ORIENTED_EDGE('',*,*,#3853,.T.);
#1866=ORIENTED_EDGE('',*,*,#3855,.T.);
#1867=ORIENTED_EDGE('',*,*,#3325,.F.);
#1868=ORIENTED_EDGE('',*,*,#3609,.F.);
#1869=ORIENTED_EDGE('',*,*,#3608,.T.);
#1870=ORIENTED_EDGE('',*,*,#3325,.T.);
#1871=ORIENTED_EDGE('',*,*,#3856,.T.);
#1872=ORIENTED_EDGE('',*,*,#3858,.T.);
#1873=ORIENTED_EDGE('',*,*,#3326,.F.);
#1874=ORIENTED_EDGE('',*,*,#3607,.F.);
#1875=ORIENTED_EDGE('',*,*,#3606,.T.);
#1876=ORIENTED_EDGE('',*,*,#3326,.T.);
#1877=ORIENTED_EDGE('',*,*,#3859,.T.);
#1878=ORIENTED_EDGE('',*,*,#3861,.T.);
#1879=ORIENTED_EDGE('',*,*,#3327,.F.);
#1880=ORIENTED_EDGE('',*,*,#3605,.F.);
#1881=ORIENTED_EDGE('',*,*,#3604,.T.);
#1882=ORIENTED_EDGE('',*,*,#3327,.T.);
#1883=ORIENTED_EDGE('',*,*,#3862,.T.);
#1884=ORIENTED_EDGE('',*,*,#3864,.T.);
#1885=ORIENTED_EDGE('',*,*,#3328,.F.);
#1886=ORIENTED_EDGE('',*,*,#3603,.F.);
#1887=ORIENTED_EDGE('',*,*,#3602,.T.);
#1888=ORIENTED_EDGE('',*,*,#3328,.T.);
#1889=ORIENTED_EDGE('',*,*,#3865,.T.);
#1890=ORIENTED_EDGE('',*,*,#3867,.T.);
#1891=ORIENTED_EDGE('',*,*,#3329,.F.);
#1892=ORIENTED_EDGE('',*,*,#3601,.F.);
#1893=ORIENTED_EDGE('',*,*,#3600,.T.);
#1894=ORIENTED_EDGE('',*,*,#3329,.T.);
#1895=ORIENTED_EDGE('',*,*,#3868,.T.);
#1896=ORIENTED_EDGE('',*,*,#3870,.T.);
#1897=ORIENTED_EDGE('',*,*,#3330,.F.);
#1898=ORIENTED_EDGE('',*,*,#3599,.F.);
#1899=ORIENTED_EDGE('',*,*,#3598,.T.);
#1900=ORIENTED_EDGE('',*,*,#3330,.T.);
#1901=ORIENTED_EDGE('',*,*,#3871,.T.);
#1902=ORIENTED_EDGE('',*,*,#3873,.T.);
#1903=ORIENTED_EDGE('',*,*,#3331,.F.);
#1904=ORIENTED_EDGE('',*,*,#3597,.F.);
#1905=ORIENTED_EDGE('',*,*,#3596,.T.);
#1906=ORIENTED_EDGE('',*,*,#3331,.T.);
#1907=ORIENTED_EDGE('',*,*,#3874,.T.);
#1908=ORIENTED_EDGE('',*,*,#3876,.T.);
#1909=ORIENTED_EDGE('',*,*,#3332,.F.);
#1910=ORIENTED_EDGE('',*,*,#3595,.F.);
#1911=ORIENTED_EDGE('',*,*,#3594,.T.);
#1912=ORIENTED_EDGE('',*,*,#3332,.T.);
#1913=ORIENTED_EDGE('',*,*,#3877,.T.);
#1914=ORIENTED_EDGE('',*,*,#3879,.T.);
#1915=ORIENTED_EDGE('',*,*,#3333,.F.);
#1916=ORIENTED_EDGE('',*,*,#3593,.F.);
#1917=ORIENTED_EDGE('',*,*,#3592,.T.);
#1918=ORIENTED_EDGE('',*,*,#3333,.T.);
#1919=ORIENTED_EDGE('',*,*,#3880,.T.);
#1920=ORIENTED_EDGE('',*,*,#3882,.T.);
#1921=ORIENTED_EDGE('',*,*,#3334,.F.);
#1922=ORIENTED_EDGE('',*,*,#3591,.F.);
#1923=ORIENTED_EDGE('',*,*,#3590,.T.);
#1924=ORIENTED_EDGE('',*,*,#3334,.T.);
#1925=ORIENTED_EDGE('',*,*,#3883,.T.);
#1926=ORIENTED_EDGE('',*,*,#3885,.T.);
#1927=ORIENTED_EDGE('',*,*,#3335,.F.);
#1928=ORIENTED_EDGE('',*,*,#3589,.F.);
#1929=ORIENTED_EDGE('',*,*,#3588,.T.);
#1930=ORIENTED_EDGE('',*,*,#3335,.T.);
#1931=ORIENTED_EDGE('',*,*,#3886,.T.);
#1932=ORIENTED_EDGE('',*,*,#3888,.T.);
#1933=ORIENTED_EDGE('',*,*,#3336,.F.);
#1934=ORIENTED_EDGE('',*,*,#3587,.F.);
#1935=ORIENTED_EDGE('',*,*,#3586,.T.);
#1936=ORIENTED_EDGE('',*,*,#3336,.T.);
#1937=ORIENTED_EDGE('',*,*,#3889,.T.);
#1938=ORIENTED_EDGE('',*,*,#3891,.T.);
#1939=ORIENTED_EDGE('',*,*,#3337,.F.);
#1940=ORIENTED_EDGE('',*,*,#3585,.F.);
#1941=ORIENTED_EDGE('',*,*,#3584,.T.);
#1942=ORIENTED_EDGE('',*,*,#3337,.T.);
#1943=ORIENTED_EDGE('',*,*,#3892,.T.);
#1944=ORIENTED_EDGE('',*,*,#3894,.T.);
#1945=ORIENTED_EDGE('',*,*,#3338,.F.);
#1946=ORIENTED_EDGE('',*,*,#3583,.F.);
#1947=ORIENTED_EDGE('',*,*,#3582,.T.);
#1948=ORIENTED_EDGE('',*,*,#3338,.T.);
#1949=ORIENTED_EDGE('',*,*,#3895,.T.);
#1950=ORIENTED_EDGE('',*,*,#3897,.T.);
#1951=ORIENTED_EDGE('',*,*,#3339,.F.);
#1952=ORIENTED_EDGE('',*,*,#3581,.F.);
#1953=ORIENTED_EDGE('',*,*,#3580,.T.);
#1954=ORIENTED_EDGE('',*,*,#3339,.T.);
#1955=ORIENTED_EDGE('',*,*,#3898,.T.);
#1956=ORIENTED_EDGE('',*,*,#3900,.T.);
#1957=ORIENTED_EDGE('',*,*,#3340,.F.);
#1958=ORIENTED_EDGE('',*,*,#3579,.F.);
#1959=ORIENTED_EDGE('',*,*,#3578,.T.);
#1960=ORIENTED_EDGE('',*,*,#3340,.T.);
#1961=ORIENTED_EDGE('',*,*,#3901,.T.);
#1962=ORIENTED_EDGE('',*,*,#3903,.T.);
#1963=ORIENTED_EDGE('',*,*,#3341,.F.);
#1964=ORIENTED_EDGE('',*,*,#3577,.F.);
#1965=ORIENTED_EDGE('',*,*,#3576,.T.);
#1966=ORIENTED_EDGE('',*,*,#3341,.T.);
#1967=ORIENTED_EDGE('',*,*,#3904,.T.);
#1968=ORIENTED_EDGE('',*,*,#3906,.T.);
#1969=ORIENTED_EDGE('',*,*,#3342,.F.);
#1970=ORIENTED_EDGE('',*,*,#3575,.F.);
#1971=ORIENTED_EDGE('',*,*,#3574,.T.);
#1972=ORIENTED_EDGE('',*,*,#3342,.T.);
#1973=ORIENTED_EDGE('',*,*,#3907,.T.);
#1974=ORIENTED_EDGE('',*,*,#3909,.T.);
#1975=ORIENTED_EDGE('',*,*,#3343,.F.);
#1976=ORIENTED_EDGE('',*,*,#3573,.F.);
#1977=ORIENTED_EDGE('',*,*,#3572,.T.);
#1978=ORIENTED_EDGE('',*,*,#3343,.T.);
#1979=ORIENTED_EDGE('',*,*,#3910,.T.);
#1980=ORIENTED_EDGE('',*,*,#3912,.T.);
#1981=ORIENTED_EDGE('',*,*,#3344,.F.);
#1982=ORIENTED_EDGE('',*,*,#3571,.F.);
#1983=ORIENTED_EDGE('',*,*,#3570,.T.);
#1984=ORIENTED_EDGE('',*,*,#3344,.T.);
#1985=ORIENTED_EDGE('',*,*,#3913,.T.);
#1986=ORIENTED_EDGE('',*,*,#3915,.T.);
#1987=ORIENTED_EDGE('',*,*,#3345,.F.);
#1988=ORIENTED_EDGE('',*,*,#3569,.F.);
#1989=ORIENTED_EDGE('',*,*,#3568,.T.);
#1990=ORIENTED_EDGE('',*,*,#3345,.T.);
#1991=ORIENTED_EDGE('',*,*,#3916,.T.);
#1992=ORIENTED_EDGE('',*,*,#3918,.T.);
#1993=ORIENTED_EDGE('',*,*,#3346,.F.);
#1994=ORIENTED_EDGE('',*,*,#3567,.F.);
#1995=ORIENTED_EDGE('',*,*,#3566,.T.);
#1996=ORIENTED_EDGE('',*,*,#3346,.T.);
#1997=ORIENTED_EDGE('',*,*,#3919,.T.);
#1998=ORIENTED_EDGE('',*,*,#3921,.T.);
#1999=ORIENTED_EDGE('',*,*,#3347,.F.);
#2000=ORIENTED_EDGE('',*,*,#3565,.F.);
#2001=ORIENTED_EDGE('',*,*,#3564,.T.);
#2002=ORIENTED_EDGE('',*,*,#3347,.T.);
#2003=ORIENTED_EDGE('',*,*,#3922,.T.);
#2004=ORIENTED_EDGE('',*,*,#3924,.T.);
#2005=ORIENTED_EDGE('',*,*,#3348,.F.);
#2006=ORIENTED_EDGE('',*,*,#3563,.F.);
#2007=ORIENTED_EDGE('',*,*,#3562,.T.);
#2008=ORIENTED_EDGE('',*,*,#3348,.T.);
#2009=ORIENTED_EDGE('',*,*,#3925,.T.);
#2010=ORIENTED_EDGE('',*,*,#3927,.T.);
#2011=ORIENTED_EDGE('',*,*,#3349,.F.);
#2012=ORIENTED_EDGE('',*,*,#3561,.F.);
#2013=ORIENTED_EDGE('',*,*,#3560,.T.);
#2014=ORIENTED_EDGE('',*,*,#3349,.T.);
#2015=ORIENTED_EDGE('',*,*,#3928,.T.);
#2016=ORIENTED_EDGE('',*,*,#3930,.T.);
#2017=ORIENTED_EDGE('',*,*,#3350,.F.);
#2018=ORIENTED_EDGE('',*,*,#3559,.F.);
#2019=ORIENTED_EDGE('',*,*,#3558,.T.);
#2020=ORIENTED_EDGE('',*,*,#3350,.T.);
#2021=ORIENTED_EDGE('',*,*,#3931,.T.);
#2022=ORIENTED_EDGE('',*,*,#3933,.T.);
#2023=ORIENTED_EDGE('',*,*,#3351,.F.);
#2024=ORIENTED_EDGE('',*,*,#3557,.F.);
#2025=ORIENTED_EDGE('',*,*,#3556,.T.);
#2026=ORIENTED_EDGE('',*,*,#3351,.T.);
#2027=ORIENTED_EDGE('',*,*,#3934,.T.);
#2028=ORIENTED_EDGE('',*,*,#3936,.T.);
#2029=ORIENTED_EDGE('',*,*,#3352,.F.);
#2030=ORIENTED_EDGE('',*,*,#3555,.F.);
#2031=ORIENTED_EDGE('',*,*,#3554,.T.);
#2032=ORIENTED_EDGE('',*,*,#3352,.T.);
#2033=ORIENTED_EDGE('',*,*,#3937,.T.);
#2034=ORIENTED_EDGE('',*,*,#3939,.T.);
#2035=ORIENTED_EDGE('',*,*,#3353,.F.);
#2036=ORIENTED_EDGE('',*,*,#3553,.F.);
#2037=ORIENTED_EDGE('',*,*,#3552,.T.);
#2038=ORIENTED_EDGE('',*,*,#3353,.T.);
#2039=ORIENTED_EDGE('',*,*,#3940,.T.);
#2040=ORIENTED_EDGE('',*,*,#3942,.T.);
#2041=ORIENTED_EDGE('',*,*,#3354,.F.);
#2042=ORIENTED_EDGE('',*,*,#3551,.F.);
#2043=ORIENTED_EDGE('',*,*,#3550,.T.);
#2044=ORIENTED_EDGE('',*,*,#3354,.T.);
#2045=ORIENTED_EDGE('',*,*,#3943,.T.);
#2046=ORIENTED_EDGE('',*,*,#3945,.T.);
#2047=ORIENTED_EDGE('',*,*,#3355,.F.);
#2048=ORIENTED_EDGE('',*,*,#3549,.F.);
#2049=ORIENTED_EDGE('',*,*,#3548,.T.);
#2050=ORIENTED_EDGE('',*,*,#3355,.T.);
#2051=ORIENTED_EDGE('',*,*,#3946,.T.);
#2052=ORIENTED_EDGE('',*,*,#3948,.T.);
#2053=ORIENTED_EDGE('',*,*,#3356,.F.);
#2054=ORIENTED_EDGE('',*,*,#3547,.F.);
#2055=ORIENTED_EDGE('',*,*,#3546,.T.);
#2056=ORIENTED_EDGE('',*,*,#3356,.T.);
#2057=ORIENTED_EDGE('',*,*,#3949,.T.);
#2058=ORIENTED_EDGE('',*,*,#3951,.T.);
#2059=ORIENTED_EDGE('',*,*,#3357,.F.);
#2060=ORIENTED_EDGE('',*,*,#3545,.F.);
#2061=ORIENTED_EDGE('',*,*,#3544,.T.);
#2062=ORIENTED_EDGE('',*,*,#3357,.T.);
#2063=ORIENTED_EDGE('',*,*,#3952,.T.);
#2064=ORIENTED_EDGE('',*,*,#3954,.T.);
#2065=ORIENTED_EDGE('',*,*,#3358,.F.);
#2066=ORIENTED_EDGE('',*,*,#3543,.F.);
#2067=ORIENTED_EDGE('',*,*,#3542,.T.);
#2068=ORIENTED_EDGE('',*,*,#3358,.T.);
#2069=ORIENTED_EDGE('',*,*,#3955,.T.);
#2070=ORIENTED_EDGE('',*,*,#3957,.T.);
#2071=ORIENTED_EDGE('',*,*,#3359,.F.);
#2072=ORIENTED_EDGE('',*,*,#3541,.F.);
#2073=ORIENTED_EDGE('',*,*,#3540,.T.);
#2074=ORIENTED_EDGE('',*,*,#3359,.T.);
#2075=ORIENTED_EDGE('',*,*,#3958,.T.);
#2076=ORIENTED_EDGE('',*,*,#3960,.T.);
#2077=ORIENTED_EDGE('',*,*,#3360,.F.);
#2078=ORIENTED_EDGE('',*,*,#3539,.F.);
#2079=ORIENTED_EDGE('',*,*,#3538,.T.);
#2080=ORIENTED_EDGE('',*,*,#3360,.T.);
#2081=ORIENTED_EDGE('',*,*,#3961,.T.);
#2082=ORIENTED_EDGE('',*,*,#3963,.T.);
#2083=ORIENTED_EDGE('',*,*,#3361,.F.);
#2084=ORIENTED_EDGE('',*,*,#3537,.F.);
#2085=ORIENTED_EDGE('',*,*,#3536,.T.);
#2086=ORIENTED_EDGE('',*,*,#3361,.T.);
#2087=ORIENTED_EDGE('',*,*,#3964,.T.);
#2088=ORIENTED_EDGE('',*,*,#3966,.T.);
#2089=ORIENTED_EDGE('',*,*,#3362,.F.);
#2090=ORIENTED_EDGE('',*,*,#3535,.F.);
#2091=ORIENTED_EDGE('',*,*,#3534,.T.);
#2092=ORIENTED_EDGE('',*,*,#3362,.T.);
#2093=ORIENTED_EDGE('',*,*,#3967,.T.);
#2094=ORIENTED_EDGE('',*,*,#3969,.T.);
#2095=ORIENTED_EDGE('',*,*,#3363,.F.);
#2096=ORIENTED_EDGE('',*,*,#3533,.F.);
#2097=ORIENTED_EDGE('',*,*,#3532,.T.);
#2098=ORIENTED_EDGE('',*,*,#3363,.T.);
#2099=ORIENTED_EDGE('',*,*,#3970,.T.);
#2100=ORIENTED_EDGE('',*,*,#3972,.T.);
#2101=ORIENTED_EDGE('',*,*,#3364,.F.);
#2102=ORIENTED_EDGE('',*,*,#3531,.F.);
#2103=ORIENTED_EDGE('',*,*,#3530,.T.);
#2104=ORIENTED_EDGE('',*,*,#3364,.T.);
#2105=ORIENTED_EDGE('',*,*,#3973,.T.);
#2106=ORIENTED_EDGE('',*,*,#3975,.T.);
#2107=ORIENTED_EDGE('',*,*,#3365,.F.);
#2108=ORIENTED_EDGE('',*,*,#3529,.F.);
#2109=ORIENTED_EDGE('',*,*,#3528,.T.);
#2110=ORIENTED_EDGE('',*,*,#3365,.T.);
#2111=ORIENTED_EDGE('',*,*,#3976,.T.);
#2112=ORIENTED_EDGE('',*,*,#3978,.T.);
#2113=ORIENTED_EDGE('',*,*,#3366,.F.);
#2114=ORIENTED_EDGE('',*,*,#3527,.F.);
#2115=ORIENTED_EDGE('',*,*,#3526,.T.);
#2116=ORIENTED_EDGE('',*,*,#3366,.T.);
#2117=ORIENTED_EDGE('',*,*,#3979,.T.);
#2118=ORIENTED_EDGE('',*,*,#3981,.T.);
#2119=ORIENTED_EDGE('',*,*,#3367,.F.);
#2120=ORIENTED_EDGE('',*,*,#3525,.F.);
#2121=ORIENTED_EDGE('',*,*,#3524,.T.);
#2122=ORIENTED_EDGE('',*,*,#3367,.T.);
#2123=ORIENTED_EDGE('',*,*,#3982,.T.);
#2124=ORIENTED_EDGE('',*,*,#3984,.T.);
#2125=ORIENTED_EDGE('',*,*,#3368,.F.);
#2126=ORIENTED_EDGE('',*,*,#3523,.F.);
#2127=ORIENTED_EDGE('',*,*,#3522,.T.);
#2128=ORIENTED_EDGE('',*,*,#3368,.T.);
#2129=ORIENTED_EDGE('',*,*,#3985,.T.);
#2130=ORIENTED_EDGE('',*,*,#3987,.T.);
#2131=ORIENTED_EDGE('',*,*,#3369,.F.);
#2132=ORIENTED_EDGE('',*,*,#3521,.F.);
#2133=ORIENTED_EDGE('',*,*,#3520,.T.);
#2134=ORIENTED_EDGE('',*,*,#3369,.T.);
#2135=ORIENTED_EDGE('',*,*,#3988,.T.);
#2136=ORIENTED_EDGE('',*,*,#3990,.T.);
#2137=ORIENTED_EDGE('',*,*,#3370,.F.);
#2138=ORIENTED_EDGE('',*,*,#3519,.F.);
#2139=ORIENTED_EDGE('',*,*,#3518,.T.);
#2140=ORIENTED_EDGE('',*,*,#3370,.T.);
#2141=ORIENTED_EDGE('',*,*,#3991,.T.);
#2142=ORIENTED_EDGE('',*,*,#3993,.T.);
#2143=ORIENTED_EDGE('',*,*,#3371,.F.);
#2144=ORIENTED_EDGE('',*,*,#3517,.F.);
#2145=ORIENTED_EDGE('',*,*,#3516,.T.);
#2146=ORIENTED_EDGE('',*,*,#3371,.T.);
#2147=ORIENTED_EDGE('',*,*,#3994,.T.);
#2148=ORIENTED_EDGE('',*,*,#3996,.T.);
#2149=ORIENTED_EDGE('',*,*,#3372,.F.);
#2150=ORIENTED_EDGE('',*,*,#3515,.F.);
#2151=ORIENTED_EDGE('',*,*,#3514,.T.);
#2152=ORIENTED_EDGE('',*,*,#3372,.T.);
#2153=ORIENTED_EDGE('',*,*,#3997,.T.);
#2154=ORIENTED_EDGE('',*,*,#3999,.T.);
#2155=ORIENTED_EDGE('',*,*,#3373,.F.);
#2156=ORIENTED_EDGE('',*,*,#3513,.F.);
#2157=ORIENTED_EDGE('',*,*,#3512,.T.);
#2158=ORIENTED_EDGE('',*,*,#3373,.T.);
#2159=ORIENTED_EDGE('',*,*,#4000,.T.);
#2160=ORIENTED_EDGE('',*,*,#4002,.T.);
#2161=ORIENTED_EDGE('',*,*,#3374,.F.);
#2162=ORIENTED_EDGE('',*,*,#3511,.F.);
#2163=ORIENTED_EDGE('',*,*,#3510,.T.);
#2164=ORIENTED_EDGE('',*,*,#3374,.T.);
#2165=ORIENTED_EDGE('',*,*,#4003,.T.);
#2166=ORIENTED_EDGE('',*,*,#4005,.T.);
#2167=ORIENTED_EDGE('',*,*,#3375,.F.);
#2168=ORIENTED_EDGE('',*,*,#3509,.F.);
#2169=ORIENTED_EDGE('',*,*,#3508,.T.);
#2170=ORIENTED_EDGE('',*,*,#3375,.T.);
#2171=ORIENTED_EDGE('',*,*,#4006,.T.);
#2172=ORIENTED_EDGE('',*,*,#4008,.T.);
#2173=ORIENTED_EDGE('',*,*,#3376,.F.);
#2174=ORIENTED_EDGE('',*,*,#3507,.F.);
#2175=ORIENTED_EDGE('',*,*,#3506,.T.);
#2176=ORIENTED_EDGE('',*,*,#3376,.T.);
#2177=ORIENTED_EDGE('',*,*,#4009,.T.);
#2178=ORIENTED_EDGE('',*,*,#4011,.T.);
#2179=ORIENTED_EDGE('',*,*,#3377,.F.);
#2180=ORIENTED_EDGE('',*,*,#3505,.F.);
#2181=ORIENTED_EDGE('',*,*,#3504,.T.);
#2182=ORIENTED_EDGE('',*,*,#3377,.T.);
#2183=ORIENTED_EDGE('',*,*,#4012,.T.);
#2184=ORIENTED_EDGE('',*,*,#4014,.T.);
#2185=ORIENTED_EDGE('',*,*,#3378,.F.);
#2186=ORIENTED_EDGE('',*,*,#3503,.F.);
#2187=ORIENTED_EDGE('',*,*,#3502,.T.);
#2188=ORIENTED_EDGE('',*,*,#3378,.T.);
#2189=ORIENTED_EDGE('',*,*,#4015,.T.);
#2190=ORIENTED_EDGE('',*,*,#4017,.T.);
#2191=ORIENTED_EDGE('',*,*,#3379,.F.);
#2192=ORIENTED_EDGE('',*,*,#3501,.F.);
#2193=ORIENTED_EDGE('',*,*,#3500,.T.);
#2194=ORIENTED_EDGE('',*,*,#3379,.T.);
#2195=ORIENTED_EDGE('',*,*,#4018,.T.);
#2196=ORIENTED_EDGE('',*,*,#4020,.T.);
#2197=ORIENTED_EDGE('',*,*,#3380,.F.);
#2198=ORIENTED_EDGE('',*,*,#3499,.F.);
#2199=ORIENTED_EDGE('',*,*,#3498,.T.);
#2200=ORIENTED_EDGE('',*,*,#3380,.T.);
#2201=ORIENTED_EDGE('',*,*,#4021,.T.);
#2202=ORIENTED_EDGE('',*,*,#4023,.T.);
#2203=ORIENTED_EDGE('',*,*,#3381,.F.);
#2204=ORIENTED_EDGE('',*,*,#3497,.F.);
#2205=ORIENTED_EDGE('',*,*,#3496,.T.);
#2206=ORIENTED_EDGE('',*,*,#3381,.T.);
#2207=ORIENTED_EDGE('',*,*,#4024,.T.);
#2208=ORIENTED_EDGE('',*,*,#4026,.T.);
#2209=ORIENTED_EDGE('',*,*,#3382,.F.);
#2210=ORIENTED_EDGE('',*,*,#3495,.F.);
#2211=ORIENTED_EDGE('',*,*,#3494,.T.);
#2212=ORIENTED_EDGE('',*,*,#3382,.T.);
#2213=ORIENTED_EDGE('',*,*,#4027,.T.);
#2214=ORIENTED_EDGE('',*,*,#4029,.T.);
#2215=ORIENTED_EDGE('',*,*,#3383,.F.);
#2216=ORIENTED_EDGE('',*,*,#3493,.F.);
#2217=ORIENTED_EDGE('',*,*,#3492,.T.);
#2218=ORIENTED_EDGE('',*,*,#3383,.T.);
#2219=ORIENTED_EDGE('',*,*,#4030,.T.);
#2220=ORIENTED_EDGE('',*,*,#4032,.T.);
#2221=ORIENTED_EDGE('',*,*,#3384,.F.);
#2222=ORIENTED_EDGE('',*,*,#3491,.F.);
#2223=ORIENTED_EDGE('',*,*,#3490,.T.);
#2224=ORIENTED_EDGE('',*,*,#3384,.T.);
#2225=ORIENTED_EDGE('',*,*,#4033,.T.);
#2226=ORIENTED_EDGE('',*,*,#4035,.T.);
#2227=ORIENTED_EDGE('',*,*,#3385,.F.);
#2228=ORIENTED_EDGE('',*,*,#3489,.F.);
#2229=ORIENTED_EDGE('',*,*,#3488,.T.);
#2230=ORIENTED_EDGE('',*,*,#3385,.T.);
#2231=ORIENTED_EDGE('',*,*,#4036,.T.);
#2232=ORIENTED_EDGE('',*,*,#4038,.T.);
#2233=ORIENTED_EDGE('',*,*,#3386,.F.);
#2234=ORIENTED_EDGE('',*,*,#3487,.F.);
#2235=ORIENTED_EDGE('',*,*,#3486,.T.);
#2236=ORIENTED_EDGE('',*,*,#3386,.T.);
#2237=ORIENTED_EDGE('',*,*,#4039,.T.);
#2238=ORIENTED_EDGE('',*,*,#4041,.T.);
#2239=ORIENTED_EDGE('',*,*,#3387,.F.);
#2240=ORIENTED_EDGE('',*,*,#3485,.F.);
#2241=ORIENTED_EDGE('',*,*,#3484,.T.);
#2242=ORIENTED_EDGE('',*,*,#3387,.T.);
#2243=ORIENTED_EDGE('',*,*,#4042,.T.);
#2244=ORIENTED_EDGE('',*,*,#4044,.T.);
#2245=ORIENTED_EDGE('',*,*,#3388,.F.);
#2246=ORIENTED_EDGE('',*,*,#3483,.F.);
#2247=ORIENTED_EDGE('',*,*,#3482,.T.);
#2248=ORIENTED_EDGE('',*,*,#3388,.T.);
#2249=ORIENTED_EDGE('',*,*,#4045,.T.);
#2250=ORIENTED_EDGE('',*,*,#4047,.T.);
#2251=ORIENTED_EDGE('',*,*,#3389,.F.);
#2252=ORIENTED_EDGE('',*,*,#3481,.F.);
#2253=ORIENTED_EDGE('',*,*,#3480,.T.);
#2254=ORIENTED_EDGE('',*,*,#3389,.T.);
#2255=ORIENTED_EDGE('',*,*,#4048,.T.);
#2256=ORIENTED_EDGE('',*,*,#4050,.T.);
#2257=ORIENTED_EDGE('',*,*,#3390,.F.);
#2258=ORIENTED_EDGE('',*,*,#3479,.F.);
#2259=ORIENTED_EDGE('',*,*,#3478,.T.);
#2260=ORIENTED_EDGE('',*,*,#3390,.T.);
#2261=ORIENTED_EDGE('',*,*,#4051,.T.);
#2262=ORIENTED_EDGE('',*,*,#4053,.T.);
#2263=ORIENTED_EDGE('',*,*,#3391,.F.);
#2264=ORIENTED_EDGE('',*,*,#3477,.F.);
#2265=ORIENTED_EDGE('',*,*,#3476,.T.);
#2266=ORIENTED_EDGE('',*,*,#3391,.T.);
#2267=ORIENTED_EDGE('',*,*,#4054,.T.);
#2268=ORIENTED_EDGE('',*,*,#4056,.T.);
#2269=ORIENTED_EDGE('',*,*,#3392,.F.);
#2270=ORIENTED_EDGE('',*,*,#3475,.F.);
#2271=ORIENTED_EDGE('',*,*,#3474,.T.);
#2272=ORIENTED_EDGE('',*,*,#3392,.T.);
#2273=ORIENTED_EDGE('',*,*,#4057,.T.);
#2274=ORIENTED_EDGE('',*,*,#4059,.T.);
#2275=ORIENTED_EDGE('',*,*,#3393,.F.);
#2276=ORIENTED_EDGE('',*,*,#3473,.F.);
#2277=ORIENTED_EDGE('',*,*,#3472,.T.);
#2278=ORIENTED_EDGE('',*,*,#3393,.T.);
#2279=ORIENTED_EDGE('',*,*,#4060,.T.);
#2280=ORIENTED_EDGE('',*,*,#4062,.T.);
#2281=ORIENTED_EDGE('',*,*,#3394,.F.);
#2282=ORIENTED_EDGE('',*,*,#3471,.F.);
#2283=ORIENTED_EDGE('',*,*,#3470,.T.);
#2284=ORIENTED_EDGE('',*,*,#3394,.T.);
#2285=ORIENTED_EDGE('',*,*,#4063,.T.);
#2286=ORIENTED_EDGE('',*,*,#4065,.T.);
#2287=ORIENTED_EDGE('',*,*,#3395,.F.);
#2288=ORIENTED_EDGE('',*,*,#3469,.F.);
#2289=ORIENTED_EDGE('',*,*,#3468,.T.);
#2290=ORIENTED_EDGE('',*,*,#3395,.T.);
#2291=ORIENTED_EDGE('',*,*,#4066,.T.);
#2292=ORIENTED_EDGE('',*,*,#4068,.T.);
#2293=ORIENTED_EDGE('',*,*,#3396,.F.);
#2294=ORIENTED_EDGE('',*,*,#3467,.F.);
#2295=ORIENTED_EDGE('',*,*,#3466,.T.);
#2296=ORIENTED_EDGE('',*,*,#3396,.T.);
#2297=ORIENTED_EDGE('',*,*,#4069,.T.);
#2298=ORIENTED_EDGE('',*,*,#4071,.T.);
#2299=ORIENTED_EDGE('',*,*,#3397,.F.);
#2300=ORIENTED_EDGE('',*,*,#3465,.F.);
#2301=ORIENTED_EDGE('',*,*,#3464,.T.);
#2302=ORIENTED_EDGE('',*,*,#3397,.T.);
#2303=ORIENTED_EDGE('',*,*,#4072,.T.);
#2304=ORIENTED_EDGE('',*,*,#4074,.T.);
#2305=ORIENTED_EDGE('',*,*,#3398,.F.);
#2306=ORIENTED_EDGE('',*,*,#3463,.F.);
#2307=ORIENTED_EDGE('',*,*,#3462,.T.);
#2308=ORIENTED_EDGE('',*,*,#3398,.T.);
#2309=ORIENTED_EDGE('',*,*,#4075,.T.);
#2310=ORIENTED_EDGE('',*,*,#4077,.T.);
#2311=ORIENTED_EDGE('',*,*,#3399,.F.);
#2312=ORIENTED_EDGE('',*,*,#3461,.F.);
#2313=ORIENTED_EDGE('',*,*,#3460,.T.);
#2314=ORIENTED_EDGE('',*,*,#3399,.T.);
#2315=ORIENTED_EDGE('',*,*,#4078,.T.);
#2316=ORIENTED_EDGE('',*,*,#4080,.T.);
#2317=ORIENTED_EDGE('',*,*,#3400,.F.);
#2318=ORIENTED_EDGE('',*,*,#3459,.F.);
#2319=ORIENTED_EDGE('',*,*,#3458,.T.);
#2320=ORIENTED_EDGE('',*,*,#3400,.T.);
#2321=ORIENTED_EDGE('',*,*,#4081,.T.);
#2322=ORIENTED_EDGE('',*,*,#4083,.T.);
#2323=ORIENTED_EDGE('',*,*,#3401,.F.);
#2324=ORIENTED_EDGE('',*,*,#3457,.F.);
#2325=ORIENTED_EDGE('',*,*,#3456,.T.);
#2326=ORIENTED_EDGE('',*,*,#3401,.T.);
#2327=ORIENTED_EDGE('',*,*,#4084,.T.);
#2328=ORIENTED_EDGE('',*,*,#4086,.T.);
#2329=ORIENTED_EDGE('',*,*,#3402,.F.);
#2330=ORIENTED_EDGE('',*,*,#3455,.F.);
#2331=ORIENTED_EDGE('',*,*,#3454,.T.);
#2332=ORIENTED_EDGE('',*,*,#3402,.T.);
#2333=ORIENTED_EDGE('',*,*,#4087,.T.);
#2334=ORIENTED_EDGE('',*,*,#4089,.T.);
#2335=ORIENTED_EDGE('',*,*,#3403,.F.);
#2336=ORIENTED_EDGE('',*,*,#3453,.F.);
#2337=ORIENTED_EDGE('',*,*,#3452,.T.);
#2338=ORIENTED_EDGE('',*,*,#3403,.T.);
#2339=ORIENTED_EDGE('',*,*,#4090,.T.);
#2340=ORIENTED_EDGE('',*,*,#4092,.T.);
#2341=ORIENTED_EDGE('',*,*,#3404,.F.);
#2342=ORIENTED_EDGE('',*,*,#3451,.F.);
#2343=ORIENTED_EDGE('',*,*,#3450,.T.);
#2344=ORIENTED_EDGE('',*,*,#3404,.T.);
#2345=ORIENTED_EDGE('',*,*,#4093,.T.);
#2346=ORIENTED_EDGE('',*,*,#4095,.T.);
#2347=ORIENTED_EDGE('',*,*,#3405,.F.);
#2348=ORIENTED_EDGE('',*,*,#3449,.F.);
#2349=ORIENTED_EDGE('',*,*,#3448,.T.);
#2350=ORIENTED_EDGE('',*,*,#3405,.T.);
#2351=ORIENTED_EDGE('',*,*,#4096,.T.);
#2352=ORIENTED_EDGE('',*,*,#4098,.T.);
#2353=ORIENTED_EDGE('',*,*,#3406,.F.);
#2354=ORIENTED_EDGE('',*,*,#3447,.F.);
#2355=ORIENTED_EDGE('',*,*,#3446,.T.);
#2356=ORIENTED_EDGE('',*,*,#3406,.T.);
#2357=ORIENTED_EDGE('',*,*,#4099,.T.);
#2358=ORIENTED_EDGE('',*,*,#4101,.T.);
#2359=ORIENTED_EDGE('',*,*,#3407,.F.);
#2360=ORIENTED_EDGE('',*,*,#3445,.F.);
#2361=ORIENTED_EDGE('',*,*,#3444,.T.);
#2362=ORIENTED_EDGE('',*,*,#3407,.T.);
#2363=ORIENTED_EDGE('',*,*,#4102,.T.);
#2364=ORIENTED_EDGE('',*,*,#4104,.T.);
#2365=ORIENTED_EDGE('',*,*,#3408,.F.);
#2366=ORIENTED_EDGE('',*,*,#3443,.F.);
#2367=ORIENTED_EDGE('',*,*,#3442,.T.);
#2368=ORIENTED_EDGE('',*,*,#3408,.T.);
#2369=ORIENTED_EDGE('',*,*,#4105,.T.);
#2370=ORIENTED_EDGE('',*,*,#4107,.T.);
#2371=ORIENTED_EDGE('',*,*,#3409,.F.);
#2372=ORIENTED_EDGE('',*,*,#3441,.F.);
#2373=ORIENTED_EDGE('',*,*,#3440,.T.);
#2374=ORIENTED_EDGE('',*,*,#3409,.T.);
#2375=ORIENTED_EDGE('',*,*,#4108,.T.);
#2376=ORIENTED_EDGE('',*,*,#4110,.T.);
#2377=ORIENTED_EDGE('',*,*,#3410,.F.);
#2378=ORIENTED_EDGE('',*,*,#3439,.F.);
#2379=ORIENTED_EDGE('',*,*,#3438,.T.);
#2380=ORIENTED_EDGE('',*,*,#3410,.T.);
#2381=ORIENTED_EDGE('',*,*,#4111,.T.);
#2382=ORIENTED_EDGE('',*,*,#4113,.T.);
#2383=ORIENTED_EDGE('',*,*,#3411,.F.);
#2384=ORIENTED_EDGE('',*,*,#3437,.F.);
#2385=ORIENTED_EDGE('',*,*,#3436,.T.);
#2386=ORIENTED_EDGE('',*,*,#3411,.T.);
#2387=ORIENTED_EDGE('',*,*,#4114,.T.);
#2388=ORIENTED_EDGE('',*,*,#4116,.T.);
#2389=ORIENTED_EDGE('',*,*,#3412,.F.);
#2390=ORIENTED_EDGE('',*,*,#3435,.F.);
#2391=ORIENTED_EDGE('',*,*,#3434,.T.);
#2392=ORIENTED_EDGE('',*,*,#3412,.T.);
#2393=ORIENTED_EDGE('',*,*,#4117,.T.);
#2394=ORIENTED_EDGE('',*,*,#4119,.T.);
#2395=ORIENTED_EDGE('',*,*,#3413,.F.);
#2396=ORIENTED_EDGE('',*,*,#3433,.F.);
#2397=ORIENTED_EDGE('',*,*,#3432,.T.);
#2398=ORIENTED_EDGE('',*,*,#3413,.T.);
#2399=ORIENTED_EDGE('',*,*,#4120,.T.);
#2400=ORIENTED_EDGE('',*,*,#4122,.T.);
#2401=ORIENTED_EDGE('',*,*,#3414,.F.);
#2402=ORIENTED_EDGE('',*,*,#3431,.F.);
#2403=ORIENTED_EDGE('',*,*,#3430,.T.);
#2404=ORIENTED_EDGE('',*,*,#3414,.T.);
#2405=ORIENTED_EDGE('',*,*,#4123,.T.);
#2406=ORIENTED_EDGE('',*,*,#4125,.T.);
#2407=ORIENTED_EDGE('',*,*,#3415,.F.);
#2408=ORIENTED_EDGE('',*,*,#3429,.F.);
#2409=ORIENTED_EDGE('',*,*,#3428,.T.);
#2410=ORIENTED_EDGE('',*,*,#3415,.T.);
#2411=ORIENTED_EDGE('',*,*,#4126,.T.);
#2412=ORIENTED_EDGE('',*,*,#3416,.T.);
#2413=ORIENTED_EDGE('',*,*,#3417,.T.);
#2414=ORIENTED_EDGE('',*,*,#3418,.F.);
#2415=ORIENTED_EDGE('',*,*,#3419,.F.);
#2416=ORIENTED_EDGE('',*,*,#3420,.T.);
#2417=ORIENTED_EDGE('',*,*,#3421,.T.);
#2418=ORIENTED_EDGE('',*,*,#3422,.F.);
#2419=ORIENTED_EDGE('',*,*,#3417,.F.);
#2420=ORIENTED_EDGE('',*,*,#3423,.T.);
#2421=ORIENTED_EDGE('',*,*,#3424,.T.);
#2422=ORIENTED_EDGE('',*,*,#3425,.F.);
#2423=ORIENTED_EDGE('',*,*,#3421,.F.);
#2424=ORIENTED_EDGE('',*,*,#3426,.T.);
#2425=ORIENTED_EDGE('',*,*,#3419,.T.);
#2426=ORIENTED_EDGE('',*,*,#3427,.F.);
#2427=ORIENTED_EDGE('',*,*,#3424,.F.);
#2428=ORIENTED_EDGE('',*,*,#3426,.F.);
#2429=ORIENTED_EDGE('',*,*,#3423,.F.);
#2430=ORIENTED_EDGE('',*,*,#3420,.F.);
#2431=ORIENTED_EDGE('',*,*,#3416,.F.);
#2432=ORIENTED_EDGE('',*,*,#3418,.T.);
#2433=ORIENTED_EDGE('',*,*,#3422,.T.);
#2434=ORIENTED_EDGE('',*,*,#3425,.T.);
#2435=ORIENTED_EDGE('',*,*,#3427,.T.);
#2436=ORIENTED_EDGE('',*,*,#4127,.F.);
#2437=ORIENTED_EDGE('',*,*,#3428,.F.);
#2438=ORIENTED_EDGE('',*,*,#4124,.F.);
#2439=ORIENTED_EDGE('',*,*,#3430,.F.);
#2440=ORIENTED_EDGE('',*,*,#4121,.F.);
#2441=ORIENTED_EDGE('',*,*,#3432,.F.);
#2442=ORIENTED_EDGE('',*,*,#4118,.F.);
#2443=ORIENTED_EDGE('',*,*,#3434,.F.);
#2444=ORIENTED_EDGE('',*,*,#4115,.F.);
#2445=ORIENTED_EDGE('',*,*,#3436,.F.);
#2446=ORIENTED_EDGE('',*,*,#4112,.F.);
#2447=ORIENTED_EDGE('',*,*,#3438,.F.);
#2448=ORIENTED_EDGE('',*,*,#4109,.F.);
#2449=ORIENTED_EDGE('',*,*,#3440,.F.);
#2450=ORIENTED_EDGE('',*,*,#4106,.F.);
#2451=ORIENTED_EDGE('',*,*,#3442,.F.);
#2452=ORIENTED_EDGE('',*,*,#4103,.F.);
#2453=ORIENTED_EDGE('',*,*,#3444,.F.);
#2454=ORIENTED_EDGE('',*,*,#4100,.F.);
#2455=ORIENTED_EDGE('',*,*,#3446,.F.);
#2456=ORIENTED_EDGE('',*,*,#4097,.F.);
#2457=ORIENTED_EDGE('',*,*,#3448,.F.);
#2458=ORIENTED_EDGE('',*,*,#4094,.F.);
#2459=ORIENTED_EDGE('',*,*,#3450,.F.);
#2460=ORIENTED_EDGE('',*,*,#4091,.F.);
#2461=ORIENTED_EDGE('',*,*,#3452,.F.);
#2462=ORIENTED_EDGE('',*,*,#4088,.F.);
#2463=ORIENTED_EDGE('',*,*,#3454,.F.);
#2464=ORIENTED_EDGE('',*,*,#4085,.F.);
#2465=ORIENTED_EDGE('',*,*,#3456,.F.);
#2466=ORIENTED_EDGE('',*,*,#4082,.F.);
#2467=ORIENTED_EDGE('',*,*,#3458,.F.);
#2468=ORIENTED_EDGE('',*,*,#4079,.F.);
#2469=ORIENTED_EDGE('',*,*,#3460,.F.);
#2470=ORIENTED_EDGE('',*,*,#4076,.F.);
#2471=ORIENTED_EDGE('',*,*,#3462,.F.);
#2472=ORIENTED_EDGE('',*,*,#4073,.F.);
#2473=ORIENTED_EDGE('',*,*,#3464,.F.);
#2474=ORIENTED_EDGE('',*,*,#4070,.F.);
#2475=ORIENTED_EDGE('',*,*,#3466,.F.);
#2476=ORIENTED_EDGE('',*,*,#4067,.F.);
#2477=ORIENTED_EDGE('',*,*,#3468,.F.);
#2478=ORIENTED_EDGE('',*,*,#4064,.F.);
#2479=ORIENTED_EDGE('',*,*,#3470,.F.);
#2480=ORIENTED_EDGE('',*,*,#4061,.F.);
#2481=ORIENTED_EDGE('',*,*,#3472,.F.);
#2482=ORIENTED_EDGE('',*,*,#4058,.F.);
#2483=ORIENTED_EDGE('',*,*,#3474,.F.);
#2484=ORIENTED_EDGE('',*,*,#4055,.F.);
#2485=ORIENTED_EDGE('',*,*,#3476,.F.);
#2486=ORIENTED_EDGE('',*,*,#4052,.F.);
#2487=ORIENTED_EDGE('',*,*,#3478,.F.);
#2488=ORIENTED_EDGE('',*,*,#4049,.F.);
#2489=ORIENTED_EDGE('',*,*,#3480,.F.);
#2490=ORIENTED_EDGE('',*,*,#4046,.F.);
#2491=ORIENTED_EDGE('',*,*,#3482,.F.);
#2492=ORIENTED_EDGE('',*,*,#4043,.F.);
#2493=ORIENTED_EDGE('',*,*,#3484,.F.);
#2494=ORIENTED_EDGE('',*,*,#4040,.F.);
#2495=ORIENTED_EDGE('',*,*,#3486,.F.);
#2496=ORIENTED_EDGE('',*,*,#4037,.F.);
#2497=ORIENTED_EDGE('',*,*,#3488,.F.);
#2498=ORIENTED_EDGE('',*,*,#4034,.F.);
#2499=ORIENTED_EDGE('',*,*,#3490,.F.);
#2500=ORIENTED_EDGE('',*,*,#4031,.F.);
#2501=ORIENTED_EDGE('',*,*,#3492,.F.);
#2502=ORIENTED_EDGE('',*,*,#4028,.F.);
#2503=ORIENTED_EDGE('',*,*,#3494,.F.);
#2504=ORIENTED_EDGE('',*,*,#4025,.F.);
#2505=ORIENTED_EDGE('',*,*,#3496,.F.);
#2506=ORIENTED_EDGE('',*,*,#4022,.F.);
#2507=ORIENTED_EDGE('',*,*,#3498,.F.);
#2508=ORIENTED_EDGE('',*,*,#4019,.F.);
#2509=ORIENTED_EDGE('',*,*,#3500,.F.);
#2510=ORIENTED_EDGE('',*,*,#4016,.F.);
#2511=ORIENTED_EDGE('',*,*,#3502,.F.);
#2512=ORIENTED_EDGE('',*,*,#4013,.F.);
#2513=ORIENTED_EDGE('',*,*,#3504,.F.);
#2514=ORIENTED_EDGE('',*,*,#4010,.F.);
#2515=ORIENTED_EDGE('',*,*,#3506,.F.);
#2516=ORIENTED_EDGE('',*,*,#4007,.F.);
#2517=ORIENTED_EDGE('',*,*,#3508,.F.);
#2518=ORIENTED_EDGE('',*,*,#4004,.F.);
#2519=ORIENTED_EDGE('',*,*,#3510,.F.);
#2520=ORIENTED_EDGE('',*,*,#4001,.F.);
#2521=ORIENTED_EDGE('',*,*,#3512,.F.);
#2522=ORIENTED_EDGE('',*,*,#3998,.F.);
#2523=ORIENTED_EDGE('',*,*,#3514,.F.);
#2524=ORIENTED_EDGE('',*,*,#3995,.F.);
#2525=ORIENTED_EDGE('',*,*,#3516,.F.);
#2526=ORIENTED_EDGE('',*,*,#3992,.F.);
#2527=ORIENTED_EDGE('',*,*,#3518,.F.);
#2528=ORIENTED_EDGE('',*,*,#3989,.F.);
#2529=ORIENTED_EDGE('',*,*,#3520,.F.);
#2530=ORIENTED_EDGE('',*,*,#3986,.F.);
#2531=ORIENTED_EDGE('',*,*,#3522,.F.);
#2532=ORIENTED_EDGE('',*,*,#3983,.F.);
#2533=ORIENTED_EDGE('',*,*,#3524,.F.);
#2534=ORIENTED_EDGE('',*,*,#3980,.F.);
#2535=ORIENTED_EDGE('',*,*,#3526,.F.);
#2536=ORIENTED_EDGE('',*,*,#3977,.F.);
#2537=ORIENTED_EDGE('',*,*,#3528,.F.);
#2538=ORIENTED_EDGE('',*,*,#3974,.F.);
#2539=ORIENTED_EDGE('',*,*,#3530,.F.);
#2540=ORIENTED_EDGE('',*,*,#3971,.F.);
#2541=ORIENTED_EDGE('',*,*,#3532,.F.);
#2542=ORIENTED_EDGE('',*,*,#3968,.F.);
#2543=ORIENTED_EDGE('',*,*,#3534,.F.);
#2544=ORIENTED_EDGE('',*,*,#3965,.F.);
#2545=ORIENTED_EDGE('',*,*,#3536,.F.);
#2546=ORIENTED_EDGE('',*,*,#3962,.F.);
#2547=ORIENTED_EDGE('',*,*,#3538,.F.);
#2548=ORIENTED_EDGE('',*,*,#3959,.F.);
#2549=ORIENTED_EDGE('',*,*,#3540,.F.);
#2550=ORIENTED_EDGE('',*,*,#3956,.F.);
#2551=ORIENTED_EDGE('',*,*,#3542,.F.);
#2552=ORIENTED_EDGE('',*,*,#3953,.F.);
#2553=ORIENTED_EDGE('',*,*,#3544,.F.);
#2554=ORIENTED_EDGE('',*,*,#3950,.F.);
#2555=ORIENTED_EDGE('',*,*,#3546,.F.);
#2556=ORIENTED_EDGE('',*,*,#3947,.F.);
#2557=ORIENTED_EDGE('',*,*,#3548,.F.);
#2558=ORIENTED_EDGE('',*,*,#3944,.F.);
#2559=ORIENTED_EDGE('',*,*,#3550,.F.);
#2560=ORIENTED_EDGE('',*,*,#3941,.F.);
#2561=ORIENTED_EDGE('',*,*,#3552,.F.);
#2562=ORIENTED_EDGE('',*,*,#3938,.F.);
#2563=ORIENTED_EDGE('',*,*,#3554,.F.);
#2564=ORIENTED_EDGE('',*,*,#3935,.F.);
#2565=ORIENTED_EDGE('',*,*,#3556,.F.);
#2566=ORIENTED_EDGE('',*,*,#3932,.F.);
#2567=ORIENTED_EDGE('',*,*,#3558,.F.);
#2568=ORIENTED_EDGE('',*,*,#3929,.F.);
#2569=ORIENTED_EDGE('',*,*,#3560,.F.);
#2570=ORIENTED_EDGE('',*,*,#3926,.F.);
#2571=ORIENTED_EDGE('',*,*,#3562,.F.);
#2572=ORIENTED_EDGE('',*,*,#3923,.F.);
#2573=ORIENTED_EDGE('',*,*,#3564,.F.);
#2574=ORIENTED_EDGE('',*,*,#3920,.F.);
#2575=ORIENTED_EDGE('',*,*,#3566,.F.);
#2576=ORIENTED_EDGE('',*,*,#3917,.F.);
#2577=ORIENTED_EDGE('',*,*,#3568,.F.);
#2578=ORIENTED_EDGE('',*,*,#3914,.F.);
#2579=ORIENTED_EDGE('',*,*,#3570,.F.);
#2580=ORIENTED_EDGE('',*,*,#3911,.F.);
#2581=ORIENTED_EDGE('',*,*,#3572,.F.);
#2582=ORIENTED_EDGE('',*,*,#3908,.F.);
#2583=ORIENTED_EDGE('',*,*,#3574,.F.);
#2584=ORIENTED_EDGE('',*,*,#3905,.F.);
#2585=ORIENTED_EDGE('',*,*,#3576,.F.);
#2586=ORIENTED_EDGE('',*,*,#3902,.F.);
#2587=ORIENTED_EDGE('',*,*,#3578,.F.);
#2588=ORIENTED_EDGE('',*,*,#3899,.F.);
#2589=ORIENTED_EDGE('',*,*,#3580,.F.);
#2590=ORIENTED_EDGE('',*,*,#3896,.F.);
#2591=ORIENTED_EDGE('',*,*,#3582,.F.);
#2592=ORIENTED_EDGE('',*,*,#3893,.F.);
#2593=ORIENTED_EDGE('',*,*,#3584,.F.);
#2594=ORIENTED_EDGE('',*,*,#3890,.F.);
#2595=ORIENTED_EDGE('',*,*,#3586,.F.);
#2596=ORIENTED_EDGE('',*,*,#3887,.F.);
#2597=ORIENTED_EDGE('',*,*,#3588,.F.);
#2598=ORIENTED_EDGE('',*,*,#3884,.F.);
#2599=ORIENTED_EDGE('',*,*,#3590,.F.);
#2600=ORIENTED_EDGE('',*,*,#3881,.F.);
#2601=ORIENTED_EDGE('',*,*,#3592,.F.);
#2602=ORIENTED_EDGE('',*,*,#3878,.F.);
#2603=ORIENTED_EDGE('',*,*,#3594,.F.);
#2604=ORIENTED_EDGE('',*,*,#3875,.F.);
#2605=ORIENTED_EDGE('',*,*,#3596,.F.);
#2606=ORIENTED_EDGE('',*,*,#3872,.F.);
#2607=ORIENTED_EDGE('',*,*,#3598,.F.);
#2608=ORIENTED_EDGE('',*,*,#3869,.F.);
#2609=ORIENTED_EDGE('',*,*,#3600,.F.);
#2610=ORIENTED_EDGE('',*,*,#3866,.F.);
#2611=ORIENTED_EDGE('',*,*,#3602,.F.);
#2612=ORIENTED_EDGE('',*,*,#3863,.F.);
#2613=ORIENTED_EDGE('',*,*,#3604,.F.);
#2614=ORIENTED_EDGE('',*,*,#3860,.F.);
#2615=ORIENTED_EDGE('',*,*,#3606,.F.);
#2616=ORIENTED_EDGE('',*,*,#3857,.F.);
#2617=ORIENTED_EDGE('',*,*,#3608,.F.);
#2618=ORIENTED_EDGE('',*,*,#3854,.F.);
#2619=ORIENTED_EDGE('',*,*,#3610,.F.);
#2620=ORIENTED_EDGE('',*,*,#3851,.F.);
#2621=ORIENTED_EDGE('',*,*,#3612,.F.);
#2622=ORIENTED_EDGE('',*,*,#3848,.F.);
#2623=ORIENTED_EDGE('',*,*,#3614,.F.);
#2624=ORIENTED_EDGE('',*,*,#3845,.F.);
#2625=ORIENTED_EDGE('',*,*,#3616,.F.);
#2626=ORIENTED_EDGE('',*,*,#3842,.F.);
#2627=ORIENTED_EDGE('',*,*,#3618,.F.);
#2628=ORIENTED_EDGE('',*,*,#3839,.F.);
#2629=ORIENTED_EDGE('',*,*,#3620,.F.);
#2630=ORIENTED_EDGE('',*,*,#3836,.F.);
#2631=ORIENTED_EDGE('',*,*,#3622,.F.);
#2632=ORIENTED_EDGE('',*,*,#3833,.F.);
#2633=ORIENTED_EDGE('',*,*,#3624,.F.);
#2634=ORIENTED_EDGE('',*,*,#3830,.F.);
#2635=ORIENTED_EDGE('',*,*,#3626,.F.);
#2636=ORIENTED_EDGE('',*,*,#3827,.F.);
#2637=ORIENTED_EDGE('',*,*,#3628,.F.);
#2638=ORIENTED_EDGE('',*,*,#3824,.F.);
#2639=ORIENTED_EDGE('',*,*,#3630,.F.);
#2640=ORIENTED_EDGE('',*,*,#3821,.F.);
#2641=ORIENTED_EDGE('',*,*,#3632,.F.);
#2642=ORIENTED_EDGE('',*,*,#3818,.F.);
#2643=ORIENTED_EDGE('',*,*,#3634,.F.);
#2644=ORIENTED_EDGE('',*,*,#3815,.F.);
#2645=ORIENTED_EDGE('',*,*,#3636,.F.);
#2646=ORIENTED_EDGE('',*,*,#3812,.F.);
#2647=ORIENTED_EDGE('',*,*,#3638,.F.);
#2648=ORIENTED_EDGE('',*,*,#3809,.F.);
#2649=ORIENTED_EDGE('',*,*,#3640,.F.);
#2650=ORIENTED_EDGE('',*,*,#3806,.F.);
#2651=ORIENTED_EDGE('',*,*,#3642,.F.);
#2652=ORIENTED_EDGE('',*,*,#3803,.F.);
#2653=ORIENTED_EDGE('',*,*,#3644,.F.);
#2654=ORIENTED_EDGE('',*,*,#3800,.F.);
#2655=ORIENTED_EDGE('',*,*,#3646,.F.);
#2656=ORIENTED_EDGE('',*,*,#3797,.F.);
#2657=ORIENTED_EDGE('',*,*,#3648,.F.);
#2658=ORIENTED_EDGE('',*,*,#3794,.F.);
#2659=ORIENTED_EDGE('',*,*,#3650,.F.);
#2660=ORIENTED_EDGE('',*,*,#3791,.F.);
#2661=ORIENTED_EDGE('',*,*,#3652,.F.);
#2662=ORIENTED_EDGE('',*,*,#3788,.F.);
#2663=ORIENTED_EDGE('',*,*,#3654,.F.);
#2664=ORIENTED_EDGE('',*,*,#3785,.F.);
#2665=ORIENTED_EDGE('',*,*,#3656,.F.);
#2666=ORIENTED_EDGE('',*,*,#3782,.F.);
#2667=ORIENTED_EDGE('',*,*,#3658,.F.);
#2668=ORIENTED_EDGE('',*,*,#3779,.F.);
#2669=ORIENTED_EDGE('',*,*,#3660,.F.);
#2670=ORIENTED_EDGE('',*,*,#3776,.F.);
#2671=ORIENTED_EDGE('',*,*,#3662,.F.);
#2672=ORIENTED_EDGE('',*,*,#3773,.F.);
#2673=ORIENTED_EDGE('',*,*,#3664,.F.);
#2674=ORIENTED_EDGE('',*,*,#3770,.F.);
#2675=ORIENTED_EDGE('',*,*,#3666,.F.);
#2676=ORIENTED_EDGE('',*,*,#3767,.F.);
#2677=ORIENTED_EDGE('',*,*,#3668,.F.);
#2678=ORIENTED_EDGE('',*,*,#3764,.F.);
#2679=ORIENTED_EDGE('',*,*,#3670,.F.);
#2680=ORIENTED_EDGE('',*,*,#3761,.F.);
#2681=ORIENTED_EDGE('',*,*,#3672,.F.);
#2682=ORIENTED_EDGE('',*,*,#3758,.F.);
#2683=ORIENTED_EDGE('',*,*,#3674,.F.);
#2684=ORIENTED_EDGE('',*,*,#3755,.F.);
#2685=ORIENTED_EDGE('',*,*,#3676,.F.);
#2686=ORIENTED_EDGE('',*,*,#3752,.F.);
#2687=ORIENTED_EDGE('',*,*,#3678,.F.);
#2688=ORIENTED_EDGE('',*,*,#3749,.F.);
#2689=ORIENTED_EDGE('',*,*,#3680,.F.);
#2690=ORIENTED_EDGE('',*,*,#3746,.F.);
#2691=ORIENTED_EDGE('',*,*,#3682,.F.);
#2692=ORIENTED_EDGE('',*,*,#3743,.F.);
#2693=ORIENTED_EDGE('',*,*,#3684,.F.);
#2694=ORIENTED_EDGE('',*,*,#3740,.F.);
#2695=ORIENTED_EDGE('',*,*,#3686,.F.);
#2696=ORIENTED_EDGE('',*,*,#3737,.F.);
#2697=ORIENTED_EDGE('',*,*,#3688,.F.);
#2698=ORIENTED_EDGE('',*,*,#3734,.F.);
#2699=ORIENTED_EDGE('',*,*,#3690,.F.);
#2700=ORIENTED_EDGE('',*,*,#3731,.F.);
#2701=ORIENTED_EDGE('',*,*,#3692,.F.);
#2702=ORIENTED_EDGE('',*,*,#3728,.F.);
#2703=ORIENTED_EDGE('',*,*,#3694,.F.);
#2704=ORIENTED_EDGE('',*,*,#3725,.F.);
#2705=ORIENTED_EDGE('',*,*,#3696,.F.);
#2706=ORIENTED_EDGE('',*,*,#3722,.F.);
#2707=ORIENTED_EDGE('',*,*,#3698,.F.);
#2708=ORIENTED_EDGE('',*,*,#3719,.F.);
#2709=ORIENTED_EDGE('',*,*,#3700,.F.);
#2710=ORIENTED_EDGE('',*,*,#3716,.F.);
#2711=ORIENTED_EDGE('',*,*,#3702,.F.);
#2712=ORIENTED_EDGE('',*,*,#3713,.F.);
#2713=ORIENTED_EDGE('',*,*,#3704,.F.);
#2714=ORIENTED_EDGE('',*,*,#3710,.F.);
#2715=ORIENTED_EDGE('',*,*,#3706,.F.);
#2716=ORIENTED_EDGE('',*,*,#3710,.T.);
#2717=ORIENTED_EDGE('',*,*,#3707,.T.);
#2718=ORIENTED_EDGE('',*,*,#3709,.F.);
#2719=ORIENTED_EDGE('',*,*,#3708,.F.);
#2720=ORIENTED_EDGE('',*,*,#3713,.T.);
#2721=ORIENTED_EDGE('',*,*,#3705,.T.);
#2722=ORIENTED_EDGE('',*,*,#3712,.F.);
#2723=ORIENTED_EDGE('',*,*,#3711,.F.);
#2724=ORIENTED_EDGE('',*,*,#3716,.T.);
#2725=ORIENTED_EDGE('',*,*,#3703,.T.);
#2726=ORIENTED_EDGE('',*,*,#3715,.F.);
#2727=ORIENTED_EDGE('',*,*,#3714,.F.);
#2728=ORIENTED_EDGE('',*,*,#3719,.T.);
#2729=ORIENTED_EDGE('',*,*,#3701,.T.);
#2730=ORIENTED_EDGE('',*,*,#3718,.F.);
#2731=ORIENTED_EDGE('',*,*,#3717,.F.);
#2732=ORIENTED_EDGE('',*,*,#3722,.T.);
#2733=ORIENTED_EDGE('',*,*,#3699,.T.);
#2734=ORIENTED_EDGE('',*,*,#3721,.F.);
#2735=ORIENTED_EDGE('',*,*,#3720,.F.);
#2736=ORIENTED_EDGE('',*,*,#3725,.T.);
#2737=ORIENTED_EDGE('',*,*,#3697,.T.);
#2738=ORIENTED_EDGE('',*,*,#3724,.F.);
#2739=ORIENTED_EDGE('',*,*,#3723,.F.);
#2740=ORIENTED_EDGE('',*,*,#3728,.T.);
#2741=ORIENTED_EDGE('',*,*,#3695,.T.);
#2742=ORIENTED_EDGE('',*,*,#3727,.F.);
#2743=ORIENTED_EDGE('',*,*,#3726,.F.);
#2744=ORIENTED_EDGE('',*,*,#3731,.T.);
#2745=ORIENTED_EDGE('',*,*,#3693,.T.);
#2746=ORIENTED_EDGE('',*,*,#3730,.F.);
#2747=ORIENTED_EDGE('',*,*,#3729,.F.);
#2748=ORIENTED_EDGE('',*,*,#3734,.T.);
#2749=ORIENTED_EDGE('',*,*,#3691,.T.);
#2750=ORIENTED_EDGE('',*,*,#3733,.F.);
#2751=ORIENTED_EDGE('',*,*,#3732,.F.);
#2752=ORIENTED_EDGE('',*,*,#3737,.T.);
#2753=ORIENTED_EDGE('',*,*,#3689,.T.);
#2754=ORIENTED_EDGE('',*,*,#3736,.F.);
#2755=ORIENTED_EDGE('',*,*,#3735,.F.);
#2756=ORIENTED_EDGE('',*,*,#3740,.T.);
#2757=ORIENTED_EDGE('',*,*,#3687,.T.);
#2758=ORIENTED_EDGE('',*,*,#3739,.F.);
#2759=ORIENTED_EDGE('',*,*,#3738,.F.);
#2760=ORIENTED_EDGE('',*,*,#3743,.T.);
#2761=ORIENTED_EDGE('',*,*,#3685,.T.);
#2762=ORIENTED_EDGE('',*,*,#3742,.F.);
#2763=ORIENTED_EDGE('',*,*,#3741,.F.);
#2764=ORIENTED_EDGE('',*,*,#3746,.T.);
#2765=ORIENTED_EDGE('',*,*,#3683,.T.);
#2766=ORIENTED_EDGE('',*,*,#3745,.F.);
#2767=ORIENTED_EDGE('',*,*,#3744,.F.);
#2768=ORIENTED_EDGE('',*,*,#3749,.T.);
#2769=ORIENTED_EDGE('',*,*,#3681,.T.);
#2770=ORIENTED_EDGE('',*,*,#3748,.F.);
#2771=ORIENTED_EDGE('',*,*,#3747,.F.);
#2772=ORIENTED_EDGE('',*,*,#3752,.T.);
#2773=ORIENTED_EDGE('',*,*,#3679,.T.);
#2774=ORIENTED_EDGE('',*,*,#3751,.F.);
#2775=ORIENTED_EDGE('',*,*,#3750,.F.);
#2776=ORIENTED_EDGE('',*,*,#3755,.T.);
#2777=ORIENTED_EDGE('',*,*,#3677,.T.);
#2778=ORIENTED_EDGE('',*,*,#3754,.F.);
#2779=ORIENTED_EDGE('',*,*,#3753,.F.);
#2780=ORIENTED_EDGE('',*,*,#3758,.T.);
#2781=ORIENTED_EDGE('',*,*,#3675,.T.);
#2782=ORIENTED_EDGE('',*,*,#3757,.F.);
#2783=ORIENTED_EDGE('',*,*,#3756,.F.);
#2784=ORIENTED_EDGE('',*,*,#3761,.T.);
#2785=ORIENTED_EDGE('',*,*,#3673,.T.);
#2786=ORIENTED_EDGE('',*,*,#3760,.F.);
#2787=ORIENTED_EDGE('',*,*,#3759,.F.);
#2788=ORIENTED_EDGE('',*,*,#3764,.T.);
#2789=ORIENTED_EDGE('',*,*,#3671,.T.);
#2790=ORIENTED_EDGE('',*,*,#3763,.F.);
#2791=ORIENTED_EDGE('',*,*,#3762,.F.);
#2792=ORIENTED_EDGE('',*,*,#3767,.T.);
#2793=ORIENTED_EDGE('',*,*,#3669,.T.);
#2794=ORIENTED_EDGE('',*,*,#3766,.F.);
#2795=ORIENTED_EDGE('',*,*,#3765,.F.);
#2796=ORIENTED_EDGE('',*,*,#3770,.T.);
#2797=ORIENTED_EDGE('',*,*,#3667,.T.);
#2798=ORIENTED_EDGE('',*,*,#3769,.F.);
#2799=ORIENTED_EDGE('',*,*,#3768,.F.);
#2800=ORIENTED_EDGE('',*,*,#3773,.T.);
#2801=ORIENTED_EDGE('',*,*,#3665,.T.);
#2802=ORIENTED_EDGE('',*,*,#3772,.F.);
#2803=ORIENTED_EDGE('',*,*,#3771,.F.);
#2804=ORIENTED_EDGE('',*,*,#3776,.T.);
#2805=ORIENTED_EDGE('',*,*,#3663,.T.);
#2806=ORIENTED_EDGE('',*,*,#3775,.F.);
#2807=ORIENTED_EDGE('',*,*,#3774,.F.);
#2808=ORIENTED_EDGE('',*,*,#3779,.T.);
#2809=ORIENTED_EDGE('',*,*,#3661,.T.);
#2810=ORIENTED_EDGE('',*,*,#3778,.F.);
#2811=ORIENTED_EDGE('',*,*,#3777,.F.);
#2812=ORIENTED_EDGE('',*,*,#3782,.T.);
#2813=ORIENTED_EDGE('',*,*,#3659,.T.);
#2814=ORIENTED_EDGE('',*,*,#3781,.F.);
#2815=ORIENTED_EDGE('',*,*,#3780,.F.);
#2816=ORIENTED_EDGE('',*,*,#3785,.T.);
#2817=ORIENTED_EDGE('',*,*,#3657,.T.);
#2818=ORIENTED_EDGE('',*,*,#3784,.F.);
#2819=ORIENTED_EDGE('',*,*,#3783,.F.);
#2820=ORIENTED_EDGE('',*,*,#3788,.T.);
#2821=ORIENTED_EDGE('',*,*,#3655,.T.);
#2822=ORIENTED_EDGE('',*,*,#3787,.F.);
#2823=ORIENTED_EDGE('',*,*,#3786,.F.);
#2824=ORIENTED_EDGE('',*,*,#3791,.T.);
#2825=ORIENTED_EDGE('',*,*,#3653,.T.);
#2826=ORIENTED_EDGE('',*,*,#3790,.F.);
#2827=ORIENTED_EDGE('',*,*,#3789,.F.);
#2828=ORIENTED_EDGE('',*,*,#3794,.T.);
#2829=ORIENTED_EDGE('',*,*,#3651,.T.);
#2830=ORIENTED_EDGE('',*,*,#3793,.F.);
#2831=ORIENTED_EDGE('',*,*,#3792,.F.);
#2832=ORIENTED_EDGE('',*,*,#3797,.T.);
#2833=ORIENTED_EDGE('',*,*,#3649,.T.);
#2834=ORIENTED_EDGE('',*,*,#3796,.F.);
#2835=ORIENTED_EDGE('',*,*,#3795,.F.);
#2836=ORIENTED_EDGE('',*,*,#3800,.T.);
#2837=ORIENTED_EDGE('',*,*,#3647,.T.);
#2838=ORIENTED_EDGE('',*,*,#3799,.F.);
#2839=ORIENTED_EDGE('',*,*,#3798,.F.);
#2840=ORIENTED_EDGE('',*,*,#3803,.T.);
#2841=ORIENTED_EDGE('',*,*,#3645,.T.);
#2842=ORIENTED_EDGE('',*,*,#3802,.F.);
#2843=ORIENTED_EDGE('',*,*,#3801,.F.);
#2844=ORIENTED_EDGE('',*,*,#3806,.T.);
#2845=ORIENTED_EDGE('',*,*,#3643,.T.);
#2846=ORIENTED_EDGE('',*,*,#3805,.F.);
#2847=ORIENTED_EDGE('',*,*,#3804,.F.);
#2848=ORIENTED_EDGE('',*,*,#3809,.T.);
#2849=ORIENTED_EDGE('',*,*,#3641,.T.);
#2850=ORIENTED_EDGE('',*,*,#3808,.F.);
#2851=ORIENTED_EDGE('',*,*,#3807,.F.);
#2852=ORIENTED_EDGE('',*,*,#3812,.T.);
#2853=ORIENTED_EDGE('',*,*,#3639,.T.);
#2854=ORIENTED_EDGE('',*,*,#3811,.F.);
#2855=ORIENTED_EDGE('',*,*,#3810,.F.);
#2856=ORIENTED_EDGE('',*,*,#3815,.T.);
#2857=ORIENTED_EDGE('',*,*,#3637,.T.);
#2858=ORIENTED_EDGE('',*,*,#3814,.F.);
#2859=ORIENTED_EDGE('',*,*,#3813,.F.);
#2860=ORIENTED_EDGE('',*,*,#3818,.T.);
#2861=ORIENTED_EDGE('',*,*,#3635,.T.);
#2862=ORIENTED_EDGE('',*,*,#3817,.F.);
#2863=ORIENTED_EDGE('',*,*,#3816,.F.);
#2864=ORIENTED_EDGE('',*,*,#3821,.T.);
#2865=ORIENTED_EDGE('',*,*,#3633,.T.);
#2866=ORIENTED_EDGE('',*,*,#3820,.F.);
#2867=ORIENTED_EDGE('',*,*,#3819,.F.);
#2868=ORIENTED_EDGE('',*,*,#3824,.T.);
#2869=ORIENTED_EDGE('',*,*,#3631,.T.);
#2870=ORIENTED_EDGE('',*,*,#3823,.F.);
#2871=ORIENTED_EDGE('',*,*,#3822,.F.);
#2872=ORIENTED_EDGE('',*,*,#3827,.T.);
#2873=ORIENTED_EDGE('',*,*,#3629,.T.);
#2874=ORIENTED_EDGE('',*,*,#3826,.F.);
#2875=ORIENTED_EDGE('',*,*,#3825,.F.);
#2876=ORIENTED_EDGE('',*,*,#3830,.T.);
#2877=ORIENTED_EDGE('',*,*,#3627,.T.);
#2878=ORIENTED_EDGE('',*,*,#3829,.F.);
#2879=ORIENTED_EDGE('',*,*,#3828,.F.);
#2880=ORIENTED_EDGE('',*,*,#3833,.T.);
#2881=ORIENTED_EDGE('',*,*,#3625,.T.);
#2882=ORIENTED_EDGE('',*,*,#3832,.F.);
#2883=ORIENTED_EDGE('',*,*,#3831,.F.);
#2884=ORIENTED_EDGE('',*,*,#3836,.T.);
#2885=ORIENTED_EDGE('',*,*,#3623,.T.);
#2886=ORIENTED_EDGE('',*,*,#3835,.F.);
#2887=ORIENTED_EDGE('',*,*,#3834,.F.);
#2888=ORIENTED_EDGE('',*,*,#3839,.T.);
#2889=ORIENTED_EDGE('',*,*,#3621,.T.);
#2890=ORIENTED_EDGE('',*,*,#3838,.F.);
#2891=ORIENTED_EDGE('',*,*,#3837,.F.);
#2892=ORIENTED_EDGE('',*,*,#3842,.T.);
#2893=ORIENTED_EDGE('',*,*,#3619,.T.);
#2894=ORIENTED_EDGE('',*,*,#3841,.F.);
#2895=ORIENTED_EDGE('',*,*,#3840,.F.);
#2896=ORIENTED_EDGE('',*,*,#3845,.T.);
#2897=ORIENTED_EDGE('',*,*,#3617,.T.);
#2898=ORIENTED_EDGE('',*,*,#3844,.F.);
#2899=ORIENTED_EDGE('',*,*,#3843,.F.);
#2900=ORIENTED_EDGE('',*,*,#3848,.T.);
#2901=ORIENTED_EDGE('',*,*,#3615,.T.);
#2902=ORIENTED_EDGE('',*,*,#3847,.F.);
#2903=ORIENTED_EDGE('',*,*,#3846,.F.);
#2904=ORIENTED_EDGE('',*,*,#3851,.T.);
#2905=ORIENTED_EDGE('',*,*,#3613,.T.);
#2906=ORIENTED_EDGE('',*,*,#3850,.F.);
#2907=ORIENTED_EDGE('',*,*,#3849,.F.);
#2908=ORIENTED_EDGE('',*,*,#3854,.T.);
#2909=ORIENTED_EDGE('',*,*,#3611,.T.);
#2910=ORIENTED_EDGE('',*,*,#3853,.F.);
#2911=ORIENTED_EDGE('',*,*,#3852,.F.);
#2912=ORIENTED_EDGE('',*,*,#3857,.T.);
#2913=ORIENTED_EDGE('',*,*,#3609,.T.);
#2914=ORIENTED_EDGE('',*,*,#3856,.F.);
#2915=ORIENTED_EDGE('',*,*,#3855,.F.);
#2916=ORIENTED_EDGE('',*,*,#3860,.T.);
#2917=ORIENTED_EDGE('',*,*,#3607,.T.);
#2918=ORIENTED_EDGE('',*,*,#3859,.F.);
#2919=ORIENTED_EDGE('',*,*,#3858,.F.);
#2920=ORIENTED_EDGE('',*,*,#3863,.T.);
#2921=ORIENTED_EDGE('',*,*,#3605,.T.);
#2922=ORIENTED_EDGE('',*,*,#3862,.F.);
#2923=ORIENTED_EDGE('',*,*,#3861,.F.);
#2924=ORIENTED_EDGE('',*,*,#3866,.T.);
#2925=ORIENTED_EDGE('',*,*,#3603,.T.);
#2926=ORIENTED_EDGE('',*,*,#3865,.F.);
#2927=ORIENTED_EDGE('',*,*,#3864,.F.);
#2928=ORIENTED_EDGE('',*,*,#3869,.T.);
#2929=ORIENTED_EDGE('',*,*,#3601,.T.);
#2930=ORIENTED_EDGE('',*,*,#3868,.F.);
#2931=ORIENTED_EDGE('',*,*,#3867,.F.);
#2932=ORIENTED_EDGE('',*,*,#3872,.T.);
#2933=ORIENTED_EDGE('',*,*,#3599,.T.);
#2934=ORIENTED_EDGE('',*,*,#3871,.F.);
#2935=ORIENTED_EDGE('',*,*,#3870,.F.);
#2936=ORIENTED_EDGE('',*,*,#3875,.T.);
#2937=ORIENTED_EDGE('',*,*,#3597,.T.);
#2938=ORIENTED_EDGE('',*,*,#3874,.F.);
#2939=ORIENTED_EDGE('',*,*,#3873,.F.);
#2940=ORIENTED_EDGE('',*,*,#3878,.T.);
#2941=ORIENTED_EDGE('',*,*,#3595,.T.);
#2942=ORIENTED_EDGE('',*,*,#3877,.F.);
#2943=ORIENTED_EDGE('',*,*,#3876,.F.);
#2944=ORIENTED_EDGE('',*,*,#3881,.T.);
#2945=ORIENTED_EDGE('',*,*,#3593,.T.);
#2946=ORIENTED_EDGE('',*,*,#3880,.F.);
#2947=ORIENTED_EDGE('',*,*,#3879,.F.);
#2948=ORIENTED_EDGE('',*,*,#3884,.T.);
#2949=ORIENTED_EDGE('',*,*,#3591,.T.);
#2950=ORIENTED_EDGE('',*,*,#3883,.F.);
#2951=ORIENTED_EDGE('',*,*,#3882,.F.);
#2952=ORIENTED_EDGE('',*,*,#3887,.T.);
#2953=ORIENTED_EDGE('',*,*,#3589,.T.);
#2954=ORIENTED_EDGE('',*,*,#3886,.F.);
#2955=ORIENTED_EDGE('',*,*,#3885,.F.);
#2956=ORIENTED_EDGE('',*,*,#3890,.T.);
#2957=ORIENTED_EDGE('',*,*,#3587,.T.);
#2958=ORIENTED_EDGE('',*,*,#3889,.F.);
#2959=ORIENTED_EDGE('',*,*,#3888,.F.);
#2960=ORIENTED_EDGE('',*,*,#3893,.T.);
#2961=ORIENTED_EDGE('',*,*,#3585,.T.);
#2962=ORIENTED_EDGE('',*,*,#3892,.F.);
#2963=ORIENTED_EDGE('',*,*,#3891,.F.);
#2964=ORIENTED_EDGE('',*,*,#3896,.T.);
#2965=ORIENTED_EDGE('',*,*,#3583,.T.);
#2966=ORIENTED_EDGE('',*,*,#3895,.F.);
#2967=ORIENTED_EDGE('',*,*,#3894,.F.);
#2968=ORIENTED_EDGE('',*,*,#3899,.T.);
#2969=ORIENTED_EDGE('',*,*,#3581,.T.);
#2970=ORIENTED_EDGE('',*,*,#3898,.F.);
#2971=ORIENTED_EDGE('',*,*,#3897,.F.);
#2972=ORIENTED_EDGE('',*,*,#3902,.T.);
#2973=ORIENTED_EDGE('',*,*,#3579,.T.);
#2974=ORIENTED_EDGE('',*,*,#3901,.F.);
#2975=ORIENTED_EDGE('',*,*,#3900,.F.);
#2976=ORIENTED_EDGE('',*,*,#3905,.T.);
#2977=ORIENTED_EDGE('',*,*,#3577,.T.);
#2978=ORIENTED_EDGE('',*,*,#3904,.F.);
#2979=ORIENTED_EDGE('',*,*,#3903,.F.);
#2980=ORIENTED_EDGE('',*,*,#3908,.T.);
#2981=ORIENTED_EDGE('',*,*,#3575,.T.);
#2982=ORIENTED_EDGE('',*,*,#3907,.F.);
#2983=ORIENTED_EDGE('',*,*,#3906,.F.);
#2984=ORIENTED_EDGE('',*,*,#3911,.T.);
#2985=ORIENTED_EDGE('',*,*,#3573,.T.);
#2986=ORIENTED_EDGE('',*,*,#3910,.F.);
#2987=ORIENTED_EDGE('',*,*,#3909,.F.);
#2988=ORIENTED_EDGE('',*,*,#3914,.T.);
#2989=ORIENTED_EDGE('',*,*,#3571,.T.);
#2990=ORIENTED_EDGE('',*,*,#3913,.F.);
#2991=ORIENTED_EDGE('',*,*,#3912,.F.);
#2992=ORIENTED_EDGE('',*,*,#3917,.T.);
#2993=ORIENTED_EDGE('',*,*,#3569,.T.);
#2994=ORIENTED_EDGE('',*,*,#3916,.F.);
#2995=ORIENTED_EDGE('',*,*,#3915,.F.);
#2996=ORIENTED_EDGE('',*,*,#3920,.T.);
#2997=ORIENTED_EDGE('',*,*,#3567,.T.);
#2998=ORIENTED_EDGE('',*,*,#3919,.F.);
#2999=ORIENTED_EDGE('',*,*,#3918,.F.);
#3000=ORIENTED_EDGE('',*,*,#3923,.T.);
#3001=ORIENTED_EDGE('',*,*,#3565,.T.);
#3002=ORIENTED_EDGE('',*,*,#3922,.F.);
#3003=ORIENTED_EDGE('',*,*,#3921,.F.);
#3004=ORIENTED_EDGE('',*,*,#3926,.T.);
#3005=ORIENTED_EDGE('',*,*,#3563,.T.);
#3006=ORIENTED_EDGE('',*,*,#3925,.F.);
#3007=ORIENTED_EDGE('',*,*,#3924,.F.);
#3008=ORIENTED_EDGE('',*,*,#3929,.T.);
#3009=ORIENTED_EDGE('',*,*,#3561,.T.);
#3010=ORIENTED_EDGE('',*,*,#3928,.F.);
#3011=ORIENTED_EDGE('',*,*,#3927,.F.);
#3012=ORIENTED_EDGE('',*,*,#3932,.T.);
#3013=ORIENTED_EDGE('',*,*,#3559,.T.);
#3014=ORIENTED_EDGE('',*,*,#3931,.F.);
#3015=ORIENTED_EDGE('',*,*,#3930,.F.);
#3016=ORIENTED_EDGE('',*,*,#3935,.T.);
#3017=ORIENTED_EDGE('',*,*,#3557,.T.);
#3018=ORIENTED_EDGE('',*,*,#3934,.F.);
#3019=ORIENTED_EDGE('',*,*,#3933,.F.);
#3020=ORIENTED_EDGE('',*,*,#3938,.T.);
#3021=ORIENTED_EDGE('',*,*,#3555,.T.);
#3022=ORIENTED_EDGE('',*,*,#3937,.F.);
#3023=ORIENTED_EDGE('',*,*,#3936,.F.);
#3024=ORIENTED_EDGE('',*,*,#3941,.T.);
#3025=ORIENTED_EDGE('',*,*,#3553,.T.);
#3026=ORIENTED_EDGE('',*,*,#3940,.F.);
#3027=ORIENTED_EDGE('',*,*,#3939,.F.);
#3028=ORIENTED_EDGE('',*,*,#3944,.T.);
#3029=ORIENTED_EDGE('',*,*,#3551,.T.);
#3030=ORIENTED_EDGE('',*,*,#3943,.F.);
#3031=ORIENTED_EDGE('',*,*,#3942,.F.);
#3032=ORIENTED_EDGE('',*,*,#3947,.T.);
#3033=ORIENTED_EDGE('',*,*,#3549,.T.);
#3034=ORIENTED_EDGE('',*,*,#3946,.F.);
#3035=ORIENTED_EDGE('',*,*,#3945,.F.);
#3036=ORIENTED_EDGE('',*,*,#3950,.T.);
#3037=ORIENTED_EDGE('',*,*,#3547,.T.);
#3038=ORIENTED_EDGE('',*,*,#3949,.F.);
#3039=ORIENTED_EDGE('',*,*,#3948,.F.);
#3040=ORIENTED_EDGE('',*,*,#3953,.T.);
#3041=ORIENTED_EDGE('',*,*,#3545,.T.);
#3042=ORIENTED_EDGE('',*,*,#3952,.F.);
#3043=ORIENTED_EDGE('',*,*,#3951,.F.);
#3044=ORIENTED_EDGE('',*,*,#3956,.T.);
#3045=ORIENTED_EDGE('',*,*,#3543,.T.);
#3046=ORIENTED_EDGE('',*,*,#3955,.F.);
#3047=ORIENTED_EDGE('',*,*,#3954,.F.);
#3048=ORIENTED_EDGE('',*,*,#3959,.T.);
#3049=ORIENTED_EDGE('',*,*,#3541,.T.);
#3050=ORIENTED_EDGE('',*,*,#3958,.F.);
#3051=ORIENTED_EDGE('',*,*,#3957,.F.);
#3052=ORIENTED_EDGE('',*,*,#3962,.T.);
#3053=ORIENTED_EDGE('',*,*,#3539,.T.);
#3054=ORIENTED_EDGE('',*,*,#3961,.F.);
#3055=ORIENTED_EDGE('',*,*,#3960,.F.);
#3056=ORIENTED_EDGE('',*,*,#3965,.T.);
#3057=ORIENTED_EDGE('',*,*,#3537,.T.);
#3058=ORIENTED_EDGE('',*,*,#3964,.F.);
#3059=ORIENTED_EDGE('',*,*,#3963,.F.);
#3060=ORIENTED_EDGE('',*,*,#3968,.T.);
#3061=ORIENTED_EDGE('',*,*,#3535,.T.);
#3062=ORIENTED_EDGE('',*,*,#3967,.F.);
#3063=ORIENTED_EDGE('',*,*,#3966,.F.);
#3064=ORIENTED_EDGE('',*,*,#3971,.T.);
#3065=ORIENTED_EDGE('',*,*,#3533,.T.);
#3066=ORIENTED_EDGE('',*,*,#3970,.F.);
#3067=ORIENTED_EDGE('',*,*,#3969,.F.);
#3068=ORIENTED_EDGE('',*,*,#3974,.T.);
#3069=ORIENTED_EDGE('',*,*,#3531,.T.);
#3070=ORIENTED_EDGE('',*,*,#3973,.F.);
#3071=ORIENTED_EDGE('',*,*,#3972,.F.);
#3072=ORIENTED_EDGE('',*,*,#3977,.T.);
#3073=ORIENTED_EDGE('',*,*,#3529,.T.);
#3074=ORIENTED_EDGE('',*,*,#3976,.F.);
#3075=ORIENTED_EDGE('',*,*,#3975,.F.);
#3076=ORIENTED_EDGE('',*,*,#3980,.T.);
#3077=ORIENTED_EDGE('',*,*,#3527,.T.);
#3078=ORIENTED_EDGE('',*,*,#3979,.F.);
#3079=ORIENTED_EDGE('',*,*,#3978,.F.);
#3080=ORIENTED_EDGE('',*,*,#3983,.T.);
#3081=ORIENTED_EDGE('',*,*,#3525,.T.);
#3082=ORIENTED_EDGE('',*,*,#3982,.F.);
#3083=ORIENTED_EDGE('',*,*,#3981,.F.);
#3084=ORIENTED_EDGE('',*,*,#3986,.T.);
#3085=ORIENTED_EDGE('',*,*,#3523,.T.);
#3086=ORIENTED_EDGE('',*,*,#3985,.F.);
#3087=ORIENTED_EDGE('',*,*,#3984,.F.);
#3088=ORIENTED_EDGE('',*,*,#3989,.T.);
#3089=ORIENTED_EDGE('',*,*,#3521,.T.);
#3090=ORIENTED_EDGE('',*,*,#3988,.F.);
#3091=ORIENTED_EDGE('',*,*,#3987,.F.);
#3092=ORIENTED_EDGE('',*,*,#3992,.T.);
#3093=ORIENTED_EDGE('',*,*,#3519,.T.);
#3094=ORIENTED_EDGE('',*,*,#3991,.F.);
#3095=ORIENTED_EDGE('',*,*,#3990,.F.);
#3096=ORIENTED_EDGE('',*,*,#3995,.T.);
#3097=ORIENTED_EDGE('',*,*,#3517,.T.);
#3098=ORIENTED_EDGE('',*,*,#3994,.F.);
#3099=ORIENTED_EDGE('',*,*,#3993,.F.);
#3100=ORIENTED_EDGE('',*,*,#3998,.T.);
#3101=ORIENTED_EDGE('',*,*,#3515,.T.);
#3102=ORIENTED_EDGE('',*,*,#3997,.F.);
#3103=ORIENTED_EDGE('',*,*,#3996,.F.);
#3104=ORIENTED_EDGE('',*,*,#4001,.T.);
#3105=ORIENTED_EDGE('',*,*,#3513,.T.);
#3106=ORIENTED_EDGE('',*,*,#4000,.F.);
#3107=ORIENTED_EDGE('',*,*,#3999,.F.);
#3108=ORIENTED_EDGE('',*,*,#4004,.T.);
#3109=ORIENTED_EDGE('',*,*,#3511,.T.);
#3110=ORIENTED_EDGE('',*,*,#4003,.F.);
#3111=ORIENTED_EDGE('',*,*,#4002,.F.);
#3112=ORIENTED_EDGE('',*,*,#4007,.T.);
#3113=ORIENTED_EDGE('',*,*,#3509,.T.);
#3114=ORIENTED_EDGE('',*,*,#4006,.F.);
#3115=ORIENTED_EDGE('',*,*,#4005,.F.);
#3116=ORIENTED_EDGE('',*,*,#4010,.T.);
#3117=ORIENTED_EDGE('',*,*,#3507,.T.);
#3118=ORIENTED_EDGE('',*,*,#4009,.F.);
#3119=ORIENTED_EDGE('',*,*,#4008,.F.);
#3120=ORIENTED_EDGE('',*,*,#4013,.T.);
#3121=ORIENTED_EDGE('',*,*,#3505,.T.);
#3122=ORIENTED_EDGE('',*,*,#4012,.F.);
#3123=ORIENTED_EDGE('',*,*,#4011,.F.);
#3124=ORIENTED_EDGE('',*,*,#4016,.T.);
#3125=ORIENTED_EDGE('',*,*,#3503,.T.);
#3126=ORIENTED_EDGE('',*,*,#4015,.F.);
#3127=ORIENTED_EDGE('',*,*,#4014,.F.);
#3128=ORIENTED_EDGE('',*,*,#4019,.T.);
#3129=ORIENTED_EDGE('',*,*,#3501,.T.);
#3130=ORIENTED_EDGE('',*,*,#4018,.F.);
#3131=ORIENTED_EDGE('',*,*,#4017,.F.);
#3132=ORIENTED_EDGE('',*,*,#4022,.T.);
#3133=ORIENTED_EDGE('',*,*,#3499,.T.);
#3134=ORIENTED_EDGE('',*,*,#4021,.F.);
#3135=ORIENTED_EDGE('',*,*,#4020,.F.);
#3136=ORIENTED_EDGE('',*,*,#4025,.T.);
#3137=ORIENTED_EDGE('',*,*,#3497,.T.);
#3138=ORIENTED_EDGE('',*,*,#4024,.F.);
#3139=ORIENTED_EDGE('',*,*,#4023,.F.);
#3140=ORIENTED_EDGE('',*,*,#4028,.T.);
#3141=ORIENTED_EDGE('',*,*,#3495,.T.);
#3142=ORIENTED_EDGE('',*,*,#4027,.F.);
#3143=ORIENTED_EDGE('',*,*,#4026,.F.);
#3144=ORIENTED_EDGE('',*,*,#4031,.T.);
#3145=ORIENTED_EDGE('',*,*,#3493,.T.);
#3146=ORIENTED_EDGE('',*,*,#4030,.F.);
#3147=ORIENTED_EDGE('',*,*,#4029,.F.);
#3148=ORIENTED_EDGE('',*,*,#4034,.T.);
#3149=ORIENTED_EDGE('',*,*,#3491,.T.);
#3150=ORIENTED_EDGE('',*,*,#4033,.F.);
#3151=ORIENTED_EDGE('',*,*,#4032,.F.);
#3152=ORIENTED_EDGE('',*,*,#4037,.T.);
#3153=ORIENTED_EDGE('',*,*,#3489,.T.);
#3154=ORIENTED_EDGE('',*,*,#4036,.F.);
#3155=ORIENTED_EDGE('',*,*,#4035,.F.);
#3156=ORIENTED_EDGE('',*,*,#4040,.T.);
#3157=ORIENTED_EDGE('',*,*,#3487,.T.);
#3158=ORIENTED_EDGE('',*,*,#4039,.F.);
#3159=ORIENTED_EDGE('',*,*,#4038,.F.);
#3160=ORIENTED_EDGE('',*,*,#4043,.T.);
#3161=ORIENTED_EDGE('',*,*,#3485,.T.);
#3162=ORIENTED_EDGE('',*,*,#4042,.F.);
#3163=ORIENTED_EDGE('',*,*,#4041,.F.);
#3164=ORIENTED_EDGE('',*,*,#4046,.T.);
#3165=ORIENTED_EDGE('',*,*,#3483,.T.);
#3166=ORIENTED_EDGE('',*,*,#4045,.F.);
#3167=ORIENTED_EDGE('',*,*,#4044,.F.);
#3168=ORIENTED_EDGE('',*,*,#4049,.T.);
#3169=ORIENTED_EDGE('',*,*,#3481,.T.);
#3170=ORIENTED_EDGE('',*,*,#4048,.F.);
#3171=ORIENTED_EDGE('',*,*,#4047,.F.);
#3172=ORIENTED_EDGE('',*,*,#4052,.T.);
#3173=ORIENTED_EDGE('',*,*,#3479,.T.);
#3174=ORIENTED_EDGE('',*,*,#4051,.F.);
#3175=ORIENTED_EDGE('',*,*,#4050,.F.);
#3176=ORIENTED_EDGE('',*,*,#4055,.T.);
#3177=ORIENTED_EDGE('',*,*,#3477,.T.);
#3178=ORIENTED_EDGE('',*,*,#4054,.F.);
#3179=ORIENTED_EDGE('',*,*,#4053,.F.);
#3180=ORIENTED_EDGE('',*,*,#4058,.T.);
#3181=ORIENTED_EDGE('',*,*,#3475,.T.);
#3182=ORIENTED_EDGE('',*,*,#4057,.F.);
#3183=ORIENTED_EDGE('',*,*,#4056,.F.);
#3184=ORIENTED_EDGE('',*,*,#4061,.T.);
#3185=ORIENTED_EDGE('',*,*,#3473,.T.);
#3186=ORIENTED_EDGE('',*,*,#4060,.F.);
#3187=ORIENTED_EDGE('',*,*,#4059,.F.);
#3188=ORIENTED_EDGE('',*,*,#4064,.T.);
#3189=ORIENTED_EDGE('',*,*,#3471,.T.);
#3190=ORIENTED_EDGE('',*,*,#4063,.F.);
#3191=ORIENTED_EDGE('',*,*,#4062,.F.);
#3192=ORIENTED_EDGE('',*,*,#4067,.T.);
#3193=ORIENTED_EDGE('',*,*,#3469,.T.);
#3194=ORIENTED_EDGE('',*,*,#4066,.F.);
#3195=ORIENTED_EDGE('',*,*,#4065,.F.);
#3196=ORIENTED_EDGE('',*,*,#4070,.T.);
#3197=ORIENTED_EDGE('',*,*,#3467,.T.);
#3198=ORIENTED_EDGE('',*,*,#4069,.F.);
#3199=ORIENTED_EDGE('',*,*,#4068,.F.);
#3200=ORIENTED_EDGE('',*,*,#4073,.T.);
#3201=ORIENTED_EDGE('',*,*,#3465,.T.);
#3202=ORIENTED_EDGE('',*,*,#4072,.F.);
#3203=ORIENTED_EDGE('',*,*,#4071,.F.);
#3204=ORIENTED_EDGE('',*,*,#4076,.T.);
#3205=ORIENTED_EDGE('',*,*,#3463,.T.);
#3206=ORIENTED_EDGE('',*,*,#4075,.F.);
#3207=ORIENTED_EDGE('',*,*,#4074,.F.);
#3208=ORIENTED_EDGE('',*,*,#4079,.T.);
#3209=ORIENTED_EDGE('',*,*,#3461,.T.);
#3210=ORIENTED_EDGE('',*,*,#4078,.F.);
#3211=ORIENTED_EDGE('',*,*,#4077,.F.);
#3212=ORIENTED_EDGE('',*,*,#4082,.T.);
#3213=ORIENTED_EDGE('',*,*,#3459,.T.);
#3214=ORIENTED_EDGE('',*,*,#4081,.F.);
#3215=ORIENTED_EDGE('',*,*,#4080,.F.);
#3216=ORIENTED_EDGE('',*,*,#4085,.T.);
#3217=ORIENTED_EDGE('',*,*,#3457,.T.);
#3218=ORIENTED_EDGE('',*,*,#4084,.F.);
#3219=ORIENTED_EDGE('',*,*,#4083,.F.);
#3220=ORIENTED_EDGE('',*,*,#4088,.T.);
#3221=ORIENTED_EDGE('',*,*,#3455,.T.);
#3222=ORIENTED_EDGE('',*,*,#4087,.F.);
#3223=ORIENTED_EDGE('',*,*,#4086,.F.);
#3224=ORIENTED_EDGE('',*,*,#4091,.T.);
#3225=ORIENTED_EDGE('',*,*,#3453,.T.);
#3226=ORIENTED_EDGE('',*,*,#4090,.F.);
#3227=ORIENTED_EDGE('',*,*,#4089,.F.);
#3228=ORIENTED_EDGE('',*,*,#4094,.T.);
#3229=ORIENTED_EDGE('',*,*,#3451,.T.);
#3230=ORIENTED_EDGE('',*,*,#4093,.F.);
#3231=ORIENTED_EDGE('',*,*,#4092,.F.);
#3232=ORIENTED_EDGE('',*,*,#4097,.T.);
#3233=ORIENTED_EDGE('',*,*,#3449,.T.);
#3234=ORIENTED_EDGE('',*,*,#4096,.F.);
#3235=ORIENTED_EDGE('',*,*,#4095,.F.);
#3236=ORIENTED_EDGE('',*,*,#4100,.T.);
#3237=ORIENTED_EDGE('',*,*,#3447,.T.);
#3238=ORIENTED_EDGE('',*,*,#4099,.F.);
#3239=ORIENTED_EDGE('',*,*,#4098,.F.);
#3240=ORIENTED_EDGE('',*,*,#4103,.T.);
#3241=ORIENTED_EDGE('',*,*,#3445,.T.);
#3242=ORIENTED_EDGE('',*,*,#4102,.F.);
#3243=ORIENTED_EDGE('',*,*,#4101,.F.);
#3244=ORIENTED_EDGE('',*,*,#4106,.T.);
#3245=ORIENTED_EDGE('',*,*,#3443,.T.);
#3246=ORIENTED_EDGE('',*,*,#4105,.F.);
#3247=ORIENTED_EDGE('',*,*,#4104,.F.);
#3248=ORIENTED_EDGE('',*,*,#4109,.T.);
#3249=ORIENTED_EDGE('',*,*,#3441,.T.);
#3250=ORIENTED_EDGE('',*,*,#4108,.F.);
#3251=ORIENTED_EDGE('',*,*,#4107,.F.);
#3252=ORIENTED_EDGE('',*,*,#4112,.T.);
#3253=ORIENTED_EDGE('',*,*,#3439,.T.);
#3254=ORIENTED_EDGE('',*,*,#4111,.F.);
#3255=ORIENTED_EDGE('',*,*,#4110,.F.);
#3256=ORIENTED_EDGE('',*,*,#4115,.T.);
#3257=ORIENTED_EDGE('',*,*,#3437,.T.);
#3258=ORIENTED_EDGE('',*,*,#4114,.F.);
#3259=ORIENTED_EDGE('',*,*,#4113,.F.);
#3260=ORIENTED_EDGE('',*,*,#4118,.T.);
#3261=ORIENTED_EDGE('',*,*,#3435,.T.);
#3262=ORIENTED_EDGE('',*,*,#4117,.F.);
#3263=ORIENTED_EDGE('',*,*,#4116,.F.);
#3264=ORIENTED_EDGE('',*,*,#4121,.T.);
#3265=ORIENTED_EDGE('',*,*,#3433,.T.);
#3266=ORIENTED_EDGE('',*,*,#4120,.F.);
#3267=ORIENTED_EDGE('',*,*,#4119,.F.);
#3268=ORIENTED_EDGE('',*,*,#4124,.T.);
#3269=ORIENTED_EDGE('',*,*,#3431,.T.);
#3270=ORIENTED_EDGE('',*,*,#4123,.F.);
#3271=ORIENTED_EDGE('',*,*,#4122,.F.);
#3272=ORIENTED_EDGE('',*,*,#4127,.T.);
#3273=ORIENTED_EDGE('',*,*,#3429,.T.);
#3274=ORIENTED_EDGE('',*,*,#4126,.F.);
#3275=ORIENTED_EDGE('',*,*,#4125,.F.);
#3276=EDGE_CURVE('',#5540,#5829,#4420,.T.);
#3277=EDGE_CURVE('',#5541,#5831,#4421,.T.);
#3278=EDGE_CURVE('',#5542,#5833,#4422,.T.);
#3279=EDGE_CURVE('',#5543,#5835,#4423,.T.);
#3280=EDGE_CURVE('',#5544,#5837,#4424,.T.);
#3281=EDGE_CURVE('',#5545,#5839,#4425,.T.);
#3282=EDGE_CURVE('',#5546,#5841,#4426,.T.);
#3283=EDGE_CURVE('',#5547,#5843,#4427,.T.);
#3284=EDGE_CURVE('',#5548,#5845,#4428,.T.);
#3285=EDGE_CURVE('',#5549,#5847,#4429,.T.);
#3286=EDGE_CURVE('',#5550,#5849,#4430,.T.);
#3287=EDGE_CURVE('',#5551,#5851,#4431,.T.);
#3288=EDGE_CURVE('',#5552,#5853,#4432,.T.);
#3289=EDGE_CURVE('',#5553,#5855,#4433,.T.);
#3290=EDGE_CURVE('',#5554,#5857,#4434,.T.);
#3291=EDGE_CURVE('',#5555,#5859,#4435,.T.);
#3292=EDGE_CURVE('',#5556,#5861,#4436,.T.);
#3293=EDGE_CURVE('',#5557,#5863,#4437,.T.);
#3294=EDGE_CURVE('',#5558,#5865,#4438,.T.);
#3295=EDGE_CURVE('',#5559,#5867,#4439,.T.);
#3296=EDGE_CURVE('',#5560,#5869,#4440,.T.);
#3297=EDGE_CURVE('',#5561,#5871,#4441,.T.);
#3298=EDGE_CURVE('',#5562,#5873,#4442,.T.);
#3299=EDGE_CURVE('',#5563,#5875,#4443,.T.);
#3300=EDGE_CURVE('',#5564,#5877,#4444,.T.);
#3301=EDGE_CURVE('',#5565,#5879,#4445,.T.);
#3302=EDGE_CURVE('',#5566,#5881,#4446,.T.);
#3303=EDGE_CURVE('',#5567,#5883,#4447,.T.);
#3304=EDGE_CURVE('',#5568,#5885,#4448,.T.);
#3305=EDGE_CURVE('',#5569,#5887,#4449,.T.);
#3306=EDGE_CURVE('',#5570,#5889,#4450,.T.);
#3307=EDGE_CURVE('',#5571,#5891,#4451,.T.);
#3308=EDGE_CURVE('',#5572,#5893,#4452,.T.);
#3309=EDGE_CURVE('',#5573,#5895,#4453,.T.);
#3310=EDGE_CURVE('',#5574,#5897,#4454,.T.);
#3311=EDGE_CURVE('',#5575,#5899,#4455,.T.);
#3312=EDGE_CURVE('',#5576,#5901,#4456,.T.);
#3313=EDGE_CURVE('',#5577,#5903,#4457,.T.);
#3314=EDGE_CURVE('',#5578,#5905,#4458,.T.);
#3315=EDGE_CURVE('',#5579,#5907,#4459,.T.);
#3316=EDGE_CURVE('',#5580,#5909,#4460,.T.);
#3317=EDGE_CURVE('',#5581,#5911,#4461,.T.);
#3318=EDGE_CURVE('',#5582,#5913,#4462,.T.);
#3319=EDGE_CURVE('',#5583,#5915,#4463,.T.);
#3320=EDGE_CURVE('',#5584,#5917,#4464,.T.);
#3321=EDGE_CURVE('',#5585,#5919,#4465,.T.);
#3322=EDGE_CURVE('',#5586,#5921,#4466,.T.);
#3323=EDGE_CURVE('',#5587,#5923,#4467,.T.);
#3324=EDGE_CURVE('',#5588,#5925,#4468,.T.);
#3325=EDGE_CURVE('',#5589,#5927,#4469,.T.);
#3326=EDGE_CURVE('',#5590,#5929,#4470,.T.);
#3327=EDGE_CURVE('',#5591,#5931,#4471,.T.);
#3328=EDGE_CURVE('',#5592,#5933,#4472,.T.);
#3329=EDGE_CURVE('',#5593,#5935,#4473,.T.);
#3330=EDGE_CURVE('',#5594,#5937,#4474,.T.);
#3331=EDGE_CURVE('',#5595,#5939,#4475,.T.);
#3332=EDGE_CURVE('',#5596,#5941,#4476,.T.);
#3333=EDGE_CURVE('',#5597,#5943,#4477,.T.);
#3334=EDGE_CURVE('',#5598,#5945,#4478,.T.);
#3335=EDGE_CURVE('',#5599,#5947,#4479,.T.);
#3336=EDGE_CURVE('',#5600,#5949,#4480,.T.);
#3337=EDGE_CURVE('',#5601,#5951,#4481,.T.);
#3338=EDGE_CURVE('',#5602,#5953,#4482,.T.);
#3339=EDGE_CURVE('',#5603,#5955,#4483,.T.);
#3340=EDGE_CURVE('',#5604,#5957,#4484,.T.);
#3341=EDGE_CURVE('',#5605,#5959,#4485,.T.);
#3342=EDGE_CURVE('',#5606,#5961,#4486,.T.);
#3343=EDGE_CURVE('',#5607,#5963,#4487,.T.);
#3344=EDGE_CURVE('',#5608,#5965,#4488,.T.);
#3345=EDGE_CURVE('',#5609,#5967,#4489,.T.);
#3346=EDGE_CURVE('',#5610,#5969,#4490,.T.);
#3347=EDGE_CURVE('',#5611,#5971,#4491,.T.);
#3348=EDGE_CURVE('',#5612,#5973,#4492,.T.);
#3349=EDGE_CURVE('',#5613,#5975,#4493,.T.);
#3350=EDGE_CURVE('',#5614,#5977,#4494,.T.);
#3351=EDGE_CURVE('',#5615,#5979,#4495,.T.);
#3352=EDGE_CURVE('',#5616,#5981,#4496,.T.);
#3353=EDGE_CURVE('',#5617,#5983,#4497,.T.);
#3354=EDGE_CURVE('',#5618,#5985,#4498,.T.);
#3355=EDGE_CURVE('',#5619,#5987,#4499,.T.);
#3356=EDGE_CURVE('',#5620,#5989,#4500,.T.);
#3357=EDGE_CURVE('',#5621,#5991,#4501,.T.);
#3358=EDGE_CURVE('',#5622,#5993,#4502,.T.);
#3359=EDGE_CURVE('',#5623,#5995,#4503,.T.);
#3360=EDGE_CURVE('',#5624,#5997,#4504,.T.);
#3361=EDGE_CURVE('',#5625,#5999,#4505,.T.);
#3362=EDGE_CURVE('',#5626,#6001,#4506,.T.);
#3363=EDGE_CURVE('',#5627,#6003,#4507,.T.);
#3364=EDGE_CURVE('',#5628,#6005,#4508,.T.);
#3365=EDGE_CURVE('',#5629,#6007,#4509,.T.);
#3366=EDGE_CURVE('',#5630,#6009,#4510,.T.);
#3367=EDGE_CURVE('',#5631,#6011,#4511,.T.);
#3368=EDGE_CURVE('',#5632,#6013,#4512,.T.);
#3369=EDGE_CURVE('',#5633,#6015,#4513,.T.);
#3370=EDGE_CURVE('',#5634,#6017,#4514,.T.);
#3371=EDGE_CURVE('',#5635,#6019,#4515,.T.);
#3372=EDGE_CURVE('',#5636,#6021,#4516,.T.);
#3373=EDGE_CURVE('',#5637,#6023,#4517,.T.);
#3374=EDGE_CURVE('',#5638,#6025,#4518,.T.);
#3375=EDGE_CURVE('',#5639,#6027,#4519,.T.);
#3376=EDGE_CURVE('',#5640,#6029,#4520,.T.);
#3377=EDGE_CURVE('',#5641,#6031,#4521,.T.);
#3378=EDGE_CURVE('',#5642,#6033,#4522,.T.);
#3379=EDGE_CURVE('',#5643,#6035,#4523,.T.);
#3380=EDGE_CURVE('',#5644,#6037,#4524,.T.);
#3381=EDGE_CURVE('',#5645,#6039,#4525,.T.);
#3382=EDGE_CURVE('',#5646,#6041,#4526,.T.);
#3383=EDGE_CURVE('',#5647,#6043,#4527,.T.);
#3384=EDGE_CURVE('',#5648,#6045,#4528,.T.);
#3385=EDGE_CURVE('',#5649,#6047,#4529,.T.);
#3386=EDGE_CURVE('',#5650,#6049,#4530,.T.);
#3387=EDGE_CURVE('',#5651,#6051,#4531,.T.);
#3388=EDGE_CURVE('',#5652,#6053,#4532,.T.);
#3389=EDGE_CURVE('',#5653,#6055,#4533,.T.);
#3390=EDGE_CURVE('',#5654,#6057,#4534,.T.);
#3391=EDGE_CURVE('',#5655,#6059,#4535,.T.);
#3392=EDGE_CURVE('',#5656,#6061,#4536,.T.);
#3393=EDGE_CURVE('',#5657,#6063,#4537,.T.);
#3394=EDGE_CURVE('',#5658,#6065,#4538,.T.);
#3395=EDGE_CURVE('',#5659,#6067,#4539,.T.);
#3396=EDGE_CURVE('',#5660,#6069,#4540,.T.);
#3397=EDGE_CURVE('',#5661,#6071,#4541,.T.);
#3398=EDGE_CURVE('',#5662,#6073,#4542,.T.);
#3399=EDGE_CURVE('',#5663,#6075,#4543,.T.);
#3400=EDGE_CURVE('',#5664,#6077,#4544,.T.);
#3401=EDGE_CURVE('',#5665,#6079,#4545,.T.);
#3402=EDGE_CURVE('',#5666,#6081,#4546,.T.);
#3403=EDGE_CURVE('',#5667,#6083,#4547,.T.);
#3404=EDGE_CURVE('',#5668,#6085,#4548,.T.);
#3405=EDGE_CURVE('',#5669,#6087,#4549,.T.);
#3406=EDGE_CURVE('',#5670,#6089,#4550,.T.);
#3407=EDGE_CURVE('',#5671,#6091,#4551,.T.);
#3408=EDGE_CURVE('',#5672,#6093,#4552,.T.);
#3409=EDGE_CURVE('',#5673,#6095,#4553,.T.);
#3410=EDGE_CURVE('',#5674,#6097,#4554,.T.);
#3411=EDGE_CURVE('',#5675,#6099,#4555,.T.);
#3412=EDGE_CURVE('',#5676,#6101,#4556,.T.);
#3413=EDGE_CURVE('',#5677,#6103,#4557,.T.);
#3414=EDGE_CURVE('',#5678,#6105,#4558,.T.);
#3415=EDGE_CURVE('',#5679,#6107,#4559,.T.);
#3416=EDGE_CURVE('',#5680,#5681,#4408,.T.);
#3417=EDGE_CURVE('',#5681,#5682,#4409,.T.);
#3418=EDGE_CURVE('',#5683,#5682,#4410,.T.);
#3419=EDGE_CURVE('',#5680,#5683,#4411,.T.);
#3420=EDGE_CURVE('',#5681,#5684,#4412,.T.);
#3421=EDGE_CURVE('',#5684,#5685,#4413,.T.);
#3422=EDGE_CURVE('',#5682,#5685,#4414,.T.);
#3423=EDGE_CURVE('',#5684,#5686,#4415,.T.);
#3424=EDGE_CURVE('',#5686,#5687,#4416,.T.);
#3425=EDGE_CURVE('',#5685,#5687,#4417,.T.);
#3426=EDGE_CURVE('',#5686,#5680,#4418,.T.);
#3427=EDGE_CURVE('',#5687,#5683,#4419,.T.);
#3428=EDGE_CURVE('',#5688,#6106,#4560,.T.);
#3429=EDGE_CURVE('',#5688,#5679,#4128,.T.);
#3430=EDGE_CURVE('',#5689,#6104,#4561,.T.);
#3431=EDGE_CURVE('',#5689,#5678,#4129,.T.);
#3432=EDGE_CURVE('',#5690,#6102,#4562,.T.);
#3433=EDGE_CURVE('',#5690,#5677,#4130,.T.);
#3434=EDGE_CURVE('',#5691,#6100,#4563,.T.);
#3435=EDGE_CURVE('',#5691,#5676,#4131,.T.);
#3436=EDGE_CURVE('',#5692,#6098,#4564,.T.);
#3437=EDGE_CURVE('',#5692,#5675,#4132,.T.);
#3438=EDGE_CURVE('',#5693,#6096,#4565,.T.);
#3439=EDGE_CURVE('',#5693,#5674,#4133,.T.);
#3440=EDGE_CURVE('',#5694,#6094,#4566,.T.);
#3441=EDGE_CURVE('',#5694,#5673,#4134,.T.);
#3442=EDGE_CURVE('',#5695,#6092,#4567,.T.);
#3443=EDGE_CURVE('',#5695,#5672,#4135,.T.);
#3444=EDGE_CURVE('',#5696,#6090,#4568,.T.);
#3445=EDGE_CURVE('',#5696,#5671,#4136,.T.);
#3446=EDGE_CURVE('',#5697,#6088,#4569,.T.);
#3447=EDGE_CURVE('',#5697,#5670,#4137,.T.);
#3448=EDGE_CURVE('',#5698,#6086,#4570,.T.);
#3449=EDGE_CURVE('',#5698,#5669,#4138,.T.);
#3450=EDGE_CURVE('',#5699,#6084,#4571,.T.);
#3451=EDGE_CURVE('',#5699,#5668,#4139,.T.);
#3452=EDGE_CURVE('',#5700,#6082,#4572,.T.);
#3453=EDGE_CURVE('',#5700,#5667,#4140,.T.);
#3454=EDGE_CURVE('',#5701,#6080,#4573,.T.);
#3455=EDGE_CURVE('',#5701,#5666,#4141,.T.);
#3456=EDGE_CURVE('',#5702,#6078,#4574,.T.);
#3457=EDGE_CURVE('',#5702,#5665,#4142,.T.);
#3458=EDGE_CURVE('',#5703,#6076,#4575,.T.);
#3459=EDGE_CURVE('',#5703,#5664,#4143,.T.);
#3460=EDGE_CURVE('',#5704,#6074,#4576,.T.);
#3461=EDGE_CURVE('',#5704,#5663,#4144,.T.);
#3462=EDGE_CURVE('',#5705,#6072,#4577,.T.);
#3463=EDGE_CURVE('',#5705,#5662,#4145,.T.);
#3464=EDGE_CURVE('',#5706,#6070,#4578,.T.);
#3465=EDGE_CURVE('',#5706,#5661,#4146,.T.);
#3466=EDGE_CURVE('',#5707,#6068,#4579,.T.);
#3467=EDGE_CURVE('',#5707,#5660,#4147,.T.);
#3468=EDGE_CURVE('',#5708,#6066,#4580,.T.);
#3469=EDGE_CURVE('',#5708,#5659,#4148,.T.);
#3470=EDGE_CURVE('',#5709,#6064,#4581,.T.);
#3471=EDGE_CURVE('',#5709,#5658,#4149,.T.);
#3472=EDGE_CURVE('',#5710,#6062,#4582,.T.);
#3473=EDGE_CURVE('',#5710,#5657,#4150,.T.);
#3474=EDGE_CURVE('',#5711,#6060,#4583,.T.);
#3475=EDGE_CURVE('',#5711,#5656,#4151,.T.);
#3476=EDGE_CURVE('',#5712,#6058,#4584,.T.);
#3477=EDGE_CURVE('',#5712,#5655,#4152,.T.);
#3478=EDGE_CURVE('',#5713,#6056,#4585,.T.);
#3479=EDGE_CURVE('',#5713,#5654,#4153,.T.);
#3480=EDGE_CURVE('',#5714,#6054,#4586,.T.);
#3481=EDGE_CURVE('',#5714,#5653,#4154,.T.);
#3482=EDGE_CURVE('',#5715,#6052,#4587,.T.);
#3483=EDGE_CURVE('',#5715,#5652,#4155,.T.);
#3484=EDGE_CURVE('',#5716,#6050,#4588,.T.);
#3485=EDGE_CURVE('',#5716,#5651,#4156,.T.);
#3486=EDGE_CURVE('',#5717,#6048,#4589,.T.);
#3487=EDGE_CURVE('',#5717,#5650,#4157,.T.);
#3488=EDGE_CURVE('',#5718,#6046,#4590,.T.);
#3489=EDGE_CURVE('',#5718,#5649,#4158,.T.);
#3490=EDGE_CURVE('',#5719,#6044,#4591,.T.);
#3491=EDGE_CURVE('',#5719,#5648,#4159,.T.);
#3492=EDGE_CURVE('',#5720,#6042,#4592,.T.);
#3493=EDGE_CURVE('',#5720,#5647,#4160,.T.);
#3494=EDGE_CURVE('',#5721,#6040,#4593,.T.);
#3495=EDGE_CURVE('',#5721,#5646,#4161,.T.);
#3496=EDGE_CURVE('',#5722,#6038,#4594,.T.);
#3497=EDGE_CURVE('',#5722,#5645,#4162,.T.);
#3498=EDGE_CURVE('',#5723,#6036,#4595,.T.);
#3499=EDGE_CURVE('',#5723,#5644,#4163,.T.);
#3500=EDGE_CURVE('',#5724,#6034,#4596,.T.);
#3501=EDGE_CURVE('',#5724,#5643,#4164,.T.);
#3502=EDGE_CURVE('',#5725,#6032,#4597,.T.);
#3503=EDGE_CURVE('',#5725,#5642,#4165,.T.);
#3504=EDGE_CURVE('',#5726,#6030,#4598,.T.);
#3505=EDGE_CURVE('',#5726,#5641,#4166,.T.);
#3506=EDGE_CURVE('',#5727,#6028,#4599,.T.);
#3507=EDGE_CURVE('',#5727,#5640,#4167,.T.);
#3508=EDGE_CURVE('',#5728,#6026,#4600,.T.);
#3509=EDGE_CURVE('',#5728,#5639,#4168,.T.);
#3510=EDGE_CURVE('',#5729,#6024,#4601,.T.);
#3511=EDGE_CURVE('',#5729,#5638,#4169,.T.);
#3512=EDGE_CURVE('',#5730,#6022,#4602,.T.);
#3513=EDGE_CURVE('',#5730,#5637,#4170,.T.);
#3514=EDGE_CURVE('',#5731,#6020,#4603,.T.);
#3515=EDGE_CURVE('',#5731,#5636,#4171,.T.);
#3516=EDGE_CURVE('',#5732,#6018,#4604,.T.);
#3517=EDGE_CURVE('',#5732,#5635,#4172,.T.);
#3518=EDGE_CURVE('',#5733,#6016,#4605,.T.);
#3519=EDGE_CURVE('',#5733,#5634,#4173,.T.);
#3520=EDGE_CURVE('',#5734,#6014,#4606,.T.);
#3521=EDGE_CURVE('',#5734,#5633,#4174,.T.);
#3522=EDGE_CURVE('',#5735,#6012,#4607,.T.);
#3523=EDGE_CURVE('',#5735,#5632,#4175,.T.);
#3524=EDGE_CURVE('',#5736,#6010,#4608,.T.);
#3525=EDGE_CURVE('',#5736,#5631,#4176,.T.);
#3526=EDGE_CURVE('',#5737,#6008,#4609,.T.);
#3527=EDGE_CURVE('',#5737,#5630,#4177,.T.);
#3528=EDGE_CURVE('',#5738,#6006,#4610,.T.);
#3529=EDGE_CURVE('',#5738,#5629,#4178,.T.);
#3530=EDGE_CURVE('',#5739,#6004,#4611,.T.);
#3531=EDGE_CURVE('',#5739,#5628,#4179,.T.);
#3532=EDGE_CURVE('',#5740,#6002,#4612,.T.);
#3533=EDGE_CURVE('',#5740,#5627,#4180,.T.);
#3534=EDGE_CURVE('',#5741,#6000,#4613,.T.);
#3535=EDGE_CURVE('',#5741,#5626,#4181,.T.);
#3536=EDGE_CURVE('',#5742,#5998,#4614,.T.);
#3537=EDGE_CURVE('',#5742,#5625,#4182,.T.);
#3538=EDGE_CURVE('',#5743,#5996,#4615,.T.);
#3539=EDGE_CURVE('',#5743,#5624,#4183,.T.);
#3540=EDGE_CURVE('',#5744,#5994,#4616,.T.);
#3541=EDGE_CURVE('',#5744,#5623,#4184,.T.);
#3542=EDGE_CURVE('',#5745,#5992,#4617,.T.);
#3543=EDGE_CURVE('',#5745,#5622,#4185,.T.);
#3544=EDGE_CURVE('',#5746,#5990,#4618,.T.);
#3545=EDGE_CURVE('',#5746,#5621,#4186,.T.);
#3546=EDGE_CURVE('',#5747,#5988,#4619,.T.);
#3547=EDGE_CURVE('',#5747,#5620,#4187,.T.);
#3548=EDGE_CURVE('',#5748,#5986,#4620,.T.);
#3549=EDGE_CURVE('',#5748,#5619,#4188,.T.);
#3550=EDGE_CURVE('',#5749,#5984,#4621,.T.);
#3551=EDGE_CURVE('',#5749,#5618,#4189,.T.);
#3552=EDGE_CURVE('',#5750,#5982,#4622,.T.);
#3553=EDGE_CURVE('',#5750,#5617,#4190,.T.);
#3554=EDGE_CURVE('',#5751,#5980,#4623,.T.);
#3555=EDGE_CURVE('',#5751,#5616,#4191,.T.);
#3556=EDGE_CURVE('',#5752,#5978,#4624,.T.);
#3557=EDGE_CURVE('',#5752,#5615,#4192,.T.);
#3558=EDGE_CURVE('',#5753,#5976,#4625,.T.);
#3559=EDGE_CURVE('',#5753,#5614,#4193,.T.);
#3560=EDGE_CURVE('',#5754,#5974,#4626,.T.);
#3561=EDGE_CURVE('',#5754,#5613,#4194,.T.);
#3562=EDGE_CURVE('',#5755,#5972,#4627,.T.);
#3563=EDGE_CURVE('',#5755,#5612,#4195,.T.);
#3564=EDGE_CURVE('',#5756,#5970,#4628,.T.);
#3565=EDGE_CURVE('',#5756,#5611,#4196,.T.);
#3566=EDGE_CURVE('',#5757,#5968,#4629,.T.);
#3567=EDGE_CURVE('',#5757,#5610,#4197,.T.);
#3568=EDGE_CURVE('',#5758,#5966,#4630,.T.);
#3569=EDGE_CURVE('',#5758,#5609,#4198,.T.);
#3570=EDGE_CURVE('',#5759,#5964,#4631,.T.);
#3571=EDGE_CURVE('',#5759,#5608,#4199,.T.);
#3572=EDGE_CURVE('',#5760,#5962,#4632,.T.);
#3573=EDGE_CURVE('',#5760,#5607,#4200,.T.);
#3574=EDGE_CURVE('',#5761,#5960,#4633,.T.);
#3575=EDGE_CURVE('',#5761,#5606,#4201,.T.);
#3576=EDGE_CURVE('',#5762,#5958,#4634,.T.);
#3577=EDGE_CURVE('',#5762,#5605,#4202,.T.);
#3578=EDGE_CURVE('',#5763,#5956,#4635,.T.);
#3579=EDGE_CURVE('',#5763,#5604,#4203,.T.);
#3580=EDGE_CURVE('',#5764,#5954,#4636,.T.);
#3581=EDGE_CURVE('',#5764,#5603,#4204,.T.);
#3582=EDGE_CURVE('',#5765,#5952,#4637,.T.);
#3583=EDGE_CURVE('',#5765,#5602,#4205,.T.);
#3584=EDGE_CURVE('',#5766,#5950,#4638,.T.);
#3585=EDGE_CURVE('',#5766,#5601,#4206,.T.);
#3586=EDGE_CURVE('',#5767,#5948,#4639,.T.);
#3587=EDGE_CURVE('',#5767,#5600,#4207,.T.);
#3588=EDGE_CURVE('',#5768,#5946,#4640,.T.);
#3589=EDGE_CURVE('',#5768,#5599,#4208,.T.);
#3590=EDGE_CURVE('',#5769,#5944,#4641,.T.);
#3591=EDGE_CURVE('',#5769,#5598,#4209,.T.);
#3592=EDGE_CURVE('',#5770,#5942,#4642,.T.);
#3593=EDGE_CURVE('',#5770,#5597,#4210,.T.);
#3594=EDGE_CURVE('',#5771,#5940,#4643,.T.);
#3595=EDGE_CURVE('',#5771,#5596,#4211,.T.);
#3596=EDGE_CURVE('',#5772,#5938,#4644,.T.);
#3597=EDGE_CURVE('',#5772,#5595,#4212,.T.);
#3598=EDGE_CURVE('',#5773,#5936,#4645,.T.);
#3599=EDGE_CURVE('',#5773,#5594,#4213,.T.);
#3600=EDGE_CURVE('',#5774,#5934,#4646,.T.);
#3601=EDGE_CURVE('',#5774,#5593,#4214,.T.);
#3602=EDGE_CURVE('',#5775,#5932,#4647,.T.);
#3603=EDGE_CURVE('',#5775,#5592,#4215,.T.);
#3604=EDGE_CURVE('',#5776,#5930,#4648,.T.);
#3605=EDGE_CURVE('',#5776,#5591,#4216,.T.);
#3606=EDGE_CURVE('',#5777,#5928,#4649,.T.);
#3607=EDGE_CURVE('',#5777,#5590,#4217,.T.);
#3608=EDGE_CURVE('',#5778,#5926,#4650,.T.);
#3609=EDGE_CURVE('',#5778,#5589,#4218,.T.);
#3610=EDGE_CURVE('',#5779,#5924,#4651,.T.);
#3611=EDGE_CURVE('',#5779,#5588,#4219,.T.);
#3612=EDGE_CURVE('',#5780,#5922,#4652,.T.);
#3613=EDGE_CURVE('',#5780,#5587,#4220,.T.);
#3614=EDGE_CURVE('',#5781,#5920,#4653,.T.);
#3615=EDGE_CURVE('',#5781,#5586,#4221,.T.);
#3616=EDGE_CURVE('',#5782,#5918,#4654,.T.);
#3617=EDGE_CURVE('',#5782,#5585,#4222,.T.);
#3618=EDGE_CURVE('',#5783,#5916,#4655,.T.);
#3619=EDGE_CURVE('',#5783,#5584,#4223,.T.);
#3620=EDGE_CURVE('',#5784,#5914,#4656,.T.);
#3621=EDGE_CURVE('',#5784,#5583,#4224,.T.);
#3622=EDGE_CURVE('',#5785,#5912,#4657,.T.);
#3623=EDGE_CURVE('',#5785,#5582,#4225,.T.);
#3624=EDGE_CURVE('',#5786,#5910,#4658,.T.);
#3625=EDGE_CURVE('',#5786,#5581,#4226,.T.);
#3626=EDGE_CURVE('',#5787,#5908,#4659,.T.);
#3627=EDGE_CURVE('',#5787,#5580,#4227,.T.);
#3628=EDGE_CURVE('',#5788,#5906,#4660,.T.);
#3629=EDGE_CURVE('',#5788,#5579,#4228,.T.);
#3630=EDGE_CURVE('',#5789,#5904,#4661,.T.);
#3631=EDGE_CURVE('',#5789,#5578,#4229,.T.);
#3632=EDGE_CURVE('',#5790,#5902,#4662,.T.);
#3633=EDGE_CURVE('',#5790,#5577,#4230,.T.);
#3634=EDGE_CURVE('',#5791,#5900,#4663,.T.);
#3635=EDGE_CURVE('',#5791,#5576,#4231,.T.);
#3636=EDGE_CURVE('',#5792,#5898,#4664,.T.);
#3637=EDGE_CURVE('',#5792,#5575,#4232,.T.);
#3638=EDGE_CURVE('',#5793,#5896,#4665,.T.);
#3639=EDGE_CURVE('',#5793,#5574,#4233,.T.);
#3640=EDGE_CURVE('',#5794,#5894,#4666,.T.);
#3641=EDGE_CURVE('',#5794,#5573,#4234,.T.);
#3642=EDGE_CURVE('',#5795,#5892,#4667,.T.);
#3643=EDGE_CURVE('',#5795,#5572,#4235,.T.);
#3644=EDGE_CURVE('',#5796,#5890,#4668,.T.);
#3645=EDGE_CURVE('',#5796,#5571,#4236,.T.);
#3646=EDGE_CURVE('',#5797,#5888,#4669,.T.);
#3647=EDGE_CURVE('',#5797,#5570,#4237,.T.);
#3648=EDGE_CURVE('',#5798,#5886,#4670,.T.);
#3649=EDGE_CURVE('',#5798,#5569,#4238,.T.);
#3650=EDGE_CURVE('',#5799,#5884,#4671,.T.);
#3651=EDGE_CURVE('',#5799,#5568,#4239,.T.);
#3652=EDGE_CURVE('',#5800,#5882,#4672,.T.);
#3653=EDGE_CURVE('',#5800,#5567,#4240,.T.);
#3654=EDGE_CURVE('',#5801,#5880,#4673,.T.);
#3655=EDGE_CURVE('',#5801,#5566,#4241,.T.);
#3656=EDGE_CURVE('',#5802,#5878,#4674,.T.);
#3657=EDGE_CURVE('',#5802,#5565,#4242,.T.);
#3658=EDGE_CURVE('',#5803,#5876,#4675,.T.);
#3659=EDGE_CURVE('',#5803,#5564,#4243,.T.);
#3660=EDGE_CURVE('',#5804,#5874,#4676,.T.);
#3661=EDGE_CURVE('',#5804,#5563,#4244,.T.);
#3662=EDGE_CURVE('',#5805,#5872,#4677,.T.);
#3663=EDGE_CURVE('',#5805,#5562,#4245,.T.);
#3664=EDGE_CURVE('',#5806,#5870,#4678,.T.);
#3665=EDGE_CURVE('',#5806,#5561,#4246,.T.);
#3666=EDGE_CURVE('',#5807,#5868,#4679,.T.);
#3667=EDGE_CURVE('',#5807,#5560,#4247,.T.);
#3668=EDGE_CURVE('',#5808,#5866,#4680,.T.);
#3669=EDGE_CURVE('',#5808,#5559,#4248,.T.);
#3670=EDGE_CURVE('',#5809,#5864,#4681,.T.);
#3671=EDGE_CURVE('',#5809,#5558,#4249,.T.);
#3672=EDGE_CURVE('',#5810,#5862,#4682,.T.);
#3673=EDGE_CURVE('',#5810,#5557,#4250,.T.);
#3674=EDGE_CURVE('',#5811,#5860,#4683,.T.);
#3675=EDGE_CURVE('',#5811,#5556,#4251,.T.);
#3676=EDGE_CURVE('',#5812,#5858,#4684,.T.);
#3677=EDGE_CURVE('',#5812,#5555,#4252,.T.);
#3678=EDGE_CURVE('',#5813,#5856,#4685,.T.);
#3679=EDGE_CURVE('',#5813,#5554,#4253,.T.);
#3680=EDGE_CURVE('',#5814,#5854,#4686,.T.);
#3681=EDGE_CURVE('',#5814,#5553,#4254,.T.);
#3682=EDGE_CURVE('',#5815,#5852,#4687,.T.);
#3683=EDGE_CURVE('',#5815,#5552,#4255,.T.);
#3684=EDGE_CURVE('',#5816,#5850,#4688,.T.);
#3685=EDGE_CURVE('',#5816,#5551,#4256,.T.);
#3686=EDGE_CURVE('',#5817,#5848,#4689,.T.);
#3687=EDGE_CURVE('',#5817,#5550,#4257,.T.);
#3688=EDGE_CURVE('',#5818,#5846,#4690,.T.);
#3689=EDGE_CURVE('',#5818,#5549,#4258,.T.);
#3690=EDGE_CURVE('',#5819,#5844,#4691,.T.);
#3691=EDGE_CURVE('',#5819,#5548,#4259,.T.);
#3692=EDGE_CURVE('',#5820,#5842,#4692,.T.);
#3693=EDGE_CURVE('',#5820,#5547,#4260,.T.);
#3694=EDGE_CURVE('',#5821,#5840,#4693,.T.);
#3695=EDGE_CURVE('',#5821,#5546,#4261,.T.);
#3696=EDGE_CURVE('',#5822,#5838,#4694,.T.);
#3697=EDGE_CURVE('',#5822,#5545,#4262,.T.);
#3698=EDGE_CURVE('',#5823,#5836,#4695,.T.);
#3699=EDGE_CURVE('',#5823,#5544,#4263,.T.);
#3700=EDGE_CURVE('',#5824,#5834,#4696,.T.);
#3701=EDGE_CURVE('',#5824,#5543,#4264,.T.);
#3702=EDGE_CURVE('',#5825,#5832,#4697,.T.);
#3703=EDGE_CURVE('',#5825,#5542,#4265,.T.);
#3704=EDGE_CURVE('',#5826,#5830,#4698,.T.);
#3705=EDGE_CURVE('',#5826,#5541,#4266,.T.);
#3706=EDGE_CURVE('',#5827,#5828,#4699,.T.);
#3707=EDGE_CURVE('',#5827,#5540,#4267,.T.);
#3708=EDGE_CURVE('',#5828,#5829,#4268,.T.);
#3709=EDGE_CURVE('',#5829,#5540,#4700,.T.);
#3710=EDGE_CURVE('',#5828,#5827,#4701,.T.);
#3711=EDGE_CURVE('',#5830,#5831,#4269,.T.);
#3712=EDGE_CURVE('',#5831,#5541,#4702,.T.);
#3713=EDGE_CURVE('',#5830,#5826,#4703,.T.);
#3714=EDGE_CURVE('',#5832,#5833,#4270,.T.);
#3715=EDGE_CURVE('',#5833,#5542,#4704,.T.);
#3716=EDGE_CURVE('',#5832,#5825,#4705,.T.);
#3717=EDGE_CURVE('',#5834,#5835,#4271,.T.);
#3718=EDGE_CURVE('',#5835,#5543,#4706,.T.);
#3719=EDGE_CURVE('',#5834,#5824,#4707,.T.);
#3720=EDGE_CURVE('',#5836,#5837,#4272,.T.);
#3721=EDGE_CURVE('',#5837,#5544,#4708,.T.);
#3722=EDGE_CURVE('',#5836,#5823,#4709,.T.);
#3723=EDGE_CURVE('',#5838,#5839,#4273,.T.);
#3724=EDGE_CURVE('',#5839,#5545,#4710,.T.);
#3725=EDGE_CURVE('',#5838,#5822,#4711,.T.);
#3726=EDGE_CURVE('',#5840,#5841,#4274,.T.);
#3727=EDGE_CURVE('',#5841,#5546,#4712,.T.);
#3728=EDGE_CURVE('',#5840,#5821,#4713,.T.);
#3729=EDGE_CURVE('',#5842,#5843,#4275,.T.);
#3730=EDGE_CURVE('',#5843,#5547,#4714,.T.);
#3731=EDGE_CURVE('',#5842,#5820,#4715,.T.);
#3732=EDGE_CURVE('',#5844,#5845,#4276,.T.);
#3733=EDGE_CURVE('',#5845,#5548,#4716,.T.);
#3734=EDGE_CURVE('',#5844,#5819,#4717,.T.);
#3735=EDGE_CURVE('',#5846,#5847,#4277,.T.);
#3736=EDGE_CURVE('',#5847,#5549,#4718,.T.);
#3737=EDGE_CURVE('',#5846,#5818,#4719,.T.);
#3738=EDGE_CURVE('',#5848,#5849,#4278,.T.);
#3739=EDGE_CURVE('',#5849,#5550,#4720,.T.);
#3740=EDGE_CURVE('',#5848,#5817,#4721,.T.);
#3741=EDGE_CURVE('',#5850,#5851,#4279,.T.);
#3742=EDGE_CURVE('',#5851,#5551,#4722,.T.);
#3743=EDGE_CURVE('',#5850,#5816,#4723,.T.);
#3744=EDGE_CURVE('',#5852,#5853,#4280,.T.);
#3745=EDGE_CURVE('',#5853,#5552,#4724,.T.);
#3746=EDGE_CURVE('',#5852,#5815,#4725,.T.);
#3747=EDGE_CURVE('',#5854,#5855,#4281,.T.);
#3748=EDGE_CURVE('',#5855,#5553,#4726,.T.);
#3749=EDGE_CURVE('',#5854,#5814,#4727,.T.);
#3750=EDGE_CURVE('',#5856,#5857,#4282,.T.);
#3751=EDGE_CURVE('',#5857,#5554,#4728,.T.);
#3752=EDGE_CURVE('',#5856,#5813,#4729,.T.);
#3753=EDGE_CURVE('',#5858,#5859,#4283,.T.);
#3754=EDGE_CURVE('',#5859,#5555,#4730,.T.);
#3755=EDGE_CURVE('',#5858,#5812,#4731,.T.);
#3756=EDGE_CURVE('',#5860,#5861,#4284,.T.);
#3757=EDGE_CURVE('',#5861,#5556,#4732,.T.);
#3758=EDGE_CURVE('',#5860,#5811,#4733,.T.);
#3759=EDGE_CURVE('',#5862,#5863,#4285,.T.);
#3760=EDGE_CURVE('',#5863,#5557,#4734,.T.);
#3761=EDGE_CURVE('',#5862,#5810,#4735,.T.);
#3762=EDGE_CURVE('',#5864,#5865,#4286,.T.);
#3763=EDGE_CURVE('',#5865,#5558,#4736,.T.);
#3764=EDGE_CURVE('',#5864,#5809,#4737,.T.);
#3765=EDGE_CURVE('',#5866,#5867,#4287,.T.);
#3766=EDGE_CURVE('',#5867,#5559,#4738,.T.);
#3767=EDGE_CURVE('',#5866,#5808,#4739,.T.);
#3768=EDGE_CURVE('',#5868,#5869,#4288,.T.);
#3769=EDGE_CURVE('',#5869,#5560,#4740,.T.);
#3770=EDGE_CURVE('',#5868,#5807,#4741,.T.);
#3771=EDGE_CURVE('',#5870,#5871,#4289,.T.);
#3772=EDGE_CURVE('',#5871,#5561,#4742,.T.);
#3773=EDGE_CURVE('',#5870,#5806,#4743,.T.);
#3774=EDGE_CURVE('',#5872,#5873,#4290,.T.);
#3775=EDGE_CURVE('',#5873,#5562,#4744,.T.);
#3776=EDGE_CURVE('',#5872,#5805,#4745,.T.);
#3777=EDGE_CURVE('',#5874,#5875,#4291,.T.);
#3778=EDGE_CURVE('',#5875,#5563,#4746,.T.);
#3779=EDGE_CURVE('',#5874,#5804,#4747,.T.);
#3780=EDGE_CURVE('',#5876,#5877,#4292,.T.);
#3781=EDGE_CURVE('',#5877,#5564,#4748,.T.);
#3782=EDGE_CURVE('',#5876,#5803,#4749,.T.);
#3783=EDGE_CURVE('',#5878,#5879,#4293,.T.);
#3784=EDGE_CURVE('',#5879,#5565,#4750,.T.);
#3785=EDGE_CURVE('',#5878,#5802,#4751,.T.);
#3786=EDGE_CURVE('',#5880,#5881,#4294,.T.);
#3787=EDGE_CURVE('',#5881,#5566,#4752,.T.);
#3788=EDGE_CURVE('',#5880,#5801,#4753,.T.);
#3789=EDGE_CURVE('',#5882,#5883,#4295,.T.);
#3790=EDGE_CURVE('',#5883,#5567,#4754,.T.);
#3791=EDGE_CURVE('',#5882,#5800,#4755,.T.);
#3792=EDGE_CURVE('',#5884,#5885,#4296,.T.);
#3793=EDGE_CURVE('',#5885,#5568,#4756,.T.);
#3794=EDGE_CURVE('',#5884,#5799,#4757,.T.);
#3795=EDGE_CURVE('',#5886,#5887,#4297,.T.);
#3796=EDGE_CURVE('',#5887,#5569,#4758,.T.);
#3797=EDGE_CURVE('',#5886,#5798,#4759,.T.);
#3798=EDGE_CURVE('',#5888,#5889,#4298,.T.);
#3799=EDGE_CURVE('',#5889,#5570,#4760,.T.);
#3800=EDGE_CURVE('',#5888,#5797,#4761,.T.);
#3801=EDGE_CURVE('',#5890,#5891,#4299,.T.);
#3802=EDGE_CURVE('',#5891,#5571,#4762,.T.);
#3803=EDGE_CURVE('',#5890,#5796,#4763,.T.);
#3804=EDGE_CURVE('',#5892,#5893,#4300,.T.);
#3805=EDGE_CURVE('',#5893,#5572,#4764,.T.);
#3806=EDGE_CURVE('',#5892,#5795,#4765,.T.);
#3807=EDGE_CURVE('',#5894,#5895,#4301,.T.);
#3808=EDGE_CURVE('',#5895,#5573,#4766,.T.);
#3809=EDGE_CURVE('',#5894,#5794,#4767,.T.);
#3810=EDGE_CURVE('',#5896,#5897,#4302,.T.);
#3811=EDGE_CURVE('',#5897,#5574,#4768,.T.);
#3812=EDGE_CURVE('',#5896,#5793,#4769,.T.);
#3813=EDGE_CURVE('',#5898,#5899,#4303,.T.);
#3814=EDGE_CURVE('',#5899,#5575,#4770,.T.);
#3815=EDGE_CURVE('',#5898,#5792,#4771,.T.);
#3816=EDGE_CURVE('',#5900,#5901,#4304,.T.);
#3817=EDGE_CURVE('',#5901,#5576,#4772,.T.);
#3818=EDGE_CURVE('',#5900,#5791,#4773,.T.);
#3819=EDGE_CURVE('',#5902,#5903,#4305,.T.);
#3820=EDGE_CURVE('',#5903,#5577,#4774,.T.);
#3821=EDGE_CURVE('',#5902,#5790,#4775,.T.);
#3822=EDGE_CURVE('',#5904,#5905,#4306,.T.);
#3823=EDGE_CURVE('',#5905,#5578,#4776,.T.);
#3824=EDGE_CURVE('',#5904,#5789,#4777,.T.);
#3825=EDGE_CURVE('',#5906,#5907,#4307,.T.);
#3826=EDGE_CURVE('',#5907,#5579,#4778,.T.);
#3827=EDGE_CURVE('',#5906,#5788,#4779,.T.);
#3828=EDGE_CURVE('',#5908,#5909,#4308,.T.);
#3829=EDGE_CURVE('',#5909,#5580,#4780,.T.);
#3830=EDGE_CURVE('',#5908,#5787,#4781,.T.);
#3831=EDGE_CURVE('',#5910,#5911,#4309,.T.);
#3832=EDGE_CURVE('',#5911,#5581,#4782,.T.);
#3833=EDGE_CURVE('',#5910,#5786,#4783,.T.);
#3834=EDGE_CURVE('',#5912,#5913,#4310,.T.);
#3835=EDGE_CURVE('',#5913,#5582,#4784,.T.);
#3836=EDGE_CURVE('',#5912,#5785,#4785,.T.);
#3837=EDGE_CURVE('',#5914,#5915,#4311,.T.);
#3838=EDGE_CURVE('',#5915,#5583,#4786,.T.);
#3839=EDGE_CURVE('',#5914,#5784,#4787,.T.);
#3840=EDGE_CURVE('',#5916,#5917,#4312,.T.);
#3841=EDGE_CURVE('',#5917,#5584,#4788,.T.);
#3842=EDGE_CURVE('',#5916,#5783,#4789,.T.);
#3843=EDGE_CURVE('',#5918,#5919,#4313,.T.);
#3844=EDGE_CURVE('',#5919,#5585,#4790,.T.);
#3845=EDGE_CURVE('',#5918,#5782,#4791,.T.);
#3846=EDGE_CURVE('',#5920,#5921,#4314,.T.);
#3847=EDGE_CURVE('',#5921,#5586,#4792,.T.);
#3848=EDGE_CURVE('',#5920,#5781,#4793,.T.);
#3849=EDGE_CURVE('',#5922,#5923,#4315,.T.);
#3850=EDGE_CURVE('',#5923,#5587,#4794,.T.);
#3851=EDGE_CURVE('',#5922,#5780,#4795,.T.);
#3852=EDGE_CURVE('',#5924,#5925,#4316,.T.);
#3853=EDGE_CURVE('',#5925,#5588,#4796,.T.);
#3854=EDGE_CURVE('',#5924,#5779,#4797,.T.);
#3855=EDGE_CURVE('',#5926,#5927,#4317,.T.);
#3856=EDGE_CURVE('',#5927,#5589,#4798,.T.);
#3857=EDGE_CURVE('',#5926,#5778,#4799,.T.);
#3858=EDGE_CURVE('',#5928,#5929,#4318,.T.);
#3859=EDGE_CURVE('',#5929,#5590,#4800,.T.);
#3860=EDGE_CURVE('',#5928,#5777,#4801,.T.);
#3861=EDGE_CURVE('',#5930,#5931,#4319,.T.);
#3862=EDGE_CURVE('',#5931,#5591,#4802,.T.);
#3863=EDGE_CURVE('',#5930,#5776,#4803,.T.);
#3864=EDGE_CURVE('',#5932,#5933,#4320,.T.);
#3865=EDGE_CURVE('',#5933,#5592,#4804,.T.);
#3866=EDGE_CURVE('',#5932,#5775,#4805,.T.);
#3867=EDGE_CURVE('',#5934,#5935,#4321,.T.);
#3868=EDGE_CURVE('',#5935,#5593,#4806,.T.);
#3869=EDGE_CURVE('',#5934,#5774,#4807,.T.);
#3870=EDGE_CURVE('',#5936,#5937,#4322,.T.);
#3871=EDGE_CURVE('',#5937,#5594,#4808,.T.);
#3872=EDGE_CURVE('',#5936,#5773,#4809,.T.);
#3873=EDGE_CURVE('',#5938,#5939,#4323,.T.);
#3874=EDGE_CURVE('',#5939,#5595,#4810,.T.);
#3875=EDGE_CURVE('',#5938,#5772,#4811,.T.);
#3876=EDGE_CURVE('',#5940,#5941,#4324,.T.);
#3877=EDGE_CURVE('',#5941,#5596,#4812,.T.);
#3878=EDGE_CURVE('',#5940,#5771,#4813,.T.);
#3879=EDGE_CURVE('',#5942,#5943,#4325,.T.);
#3880=EDGE_CURVE('',#5943,#5597,#4814,.T.);
#3881=EDGE_CURVE('',#5942,#5770,#4815,.T.);
#3882=EDGE_CURVE('',#5944,#5945,#4326,.T.);
#3883=EDGE_CURVE('',#5945,#5598,#4816,.T.);
#3884=EDGE_CURVE('',#5944,#5769,#4817,.T.);
#3885=EDGE_CURVE('',#5946,#5947,#4327,.T.);
#3886=EDGE_CURVE('',#5947,#5599,#4818,.T.);
#3887=EDGE_CURVE('',#5946,#5768,#4819,.T.);
#3888=EDGE_CURVE('',#5948,#5949,#4328,.T.);
#3889=EDGE_CURVE('',#5949,#5600,#4820,.T.);
#3890=EDGE_CURVE('',#5948,#5767,#4821,.T.);
#3891=EDGE_CURVE('',#5950,#5951,#4329,.T.);
#3892=EDGE_CURVE('',#5951,#5601,#4822,.T.);
#3893=EDGE_CURVE('',#5950,#5766,#4823,.T.);
#3894=EDGE_CURVE('',#5952,#5953,#4330,.T.);
#3895=EDGE_CURVE('',#5953,#5602,#4824,.T.);
#3896=EDGE_CURVE('',#5952,#5765,#4825,.T.);
#3897=EDGE_CURVE('',#5954,#5955,#4331,.T.);
#3898=EDGE_CURVE('',#5955,#5603,#4826,.T.);
#3899=EDGE_CURVE('',#5954,#5764,#4827,.T.);
#3900=EDGE_CURVE('',#5956,#5957,#4332,.T.);
#3901=EDGE_CURVE('',#5957,#5604,#4828,.T.);
#3902=EDGE_CURVE('',#5956,#5763,#4829,.T.);
#3903=EDGE_CURVE('',#5958,#5959,#4333,.T.);
#3904=EDGE_CURVE('',#5959,#5605,#4830,.T.);
#3905=EDGE_CURVE('',#5958,#5762,#4831,.T.);
#3906=EDGE_CURVE('',#5960,#5961,#4334,.T.);
#3907=EDGE_CURVE('',#5961,#5606,#4832,.T.);
#3908=EDGE_CURVE('',#5960,#5761,#4833,.T.);
#3909=EDGE_CURVE('',#5962,#5963,#4335,.T.);
#3910=EDGE_CURVE('',#5963,#5607,#4834,.T.);
#3911=EDGE_CURVE('',#5962,#5760,#4835,.T.);
#3912=EDGE_CURVE('',#5964,#5965,#4336,.T.);
#3913=EDGE_CURVE('',#5965,#5608,#4836,.T.);
#3914=EDGE_CURVE('',#5964,#5759,#4837,.T.);
#3915=EDGE_CURVE('',#5966,#5967,#4337,.T.);
#3916=EDGE_CURVE('',#5967,#5609,#4838,.T.);
#3917=EDGE_CURVE('',#5966,#5758,#4839,.T.);
#3918=EDGE_CURVE('',#5968,#5969,#4338,.T.);
#3919=EDGE_CURVE('',#5969,#5610,#4840,.T.);
#3920=EDGE_CURVE('',#5968,#5757,#4841,.T.);
#3921=EDGE_CURVE('',#5970,#5971,#4339,.T.);
#3922=EDGE_CURVE('',#5971,#5611,#4842,.T.);
#3923=EDGE_CURVE('',#5970,#5756,#4843,.T.);
#3924=EDGE_CURVE('',#5972,#5973,#4340,.T.);
#3925=EDGE_CURVE('',#5973,#5612,#4844,.T.);
#3926=EDGE_CURVE('',#5972,#5755,#4845,.T.);
#3927=EDGE_CURVE('',#5974,#5975,#4341,.T.);
#3928=EDGE_CURVE('',#5975,#5613,#4846,.T.);
#3929=EDGE_CURVE('',#5974,#5754,#4847,.T.);
#3930=EDGE_CURVE('',#5976,#5977,#4342,.T.);
#3931=EDGE_CURVE('',#5977,#5614,#4848,.T.);
#3932=EDGE_CURVE('',#5976,#5753,#4849,.T.);
#3933=EDGE_CURVE('',#5978,#5979,#4343,.T.);
#3934=EDGE_CURVE('',#5979,#5615,#4850,.T.);
#3935=EDGE_CURVE('',#5978,#5752,#4851,.T.);
#3936=EDGE_CURVE('',#5980,#5981,#4344,.T.);
#3937=EDGE_CURVE('',#5981,#5616,#4852,.T.);
#3938=EDGE_CURVE('',#5980,#5751,#4853,.T.);
#3939=EDGE_CURVE('',#5982,#5983,#4345,.T.);
#3940=EDGE_CURVE('',#5983,#5617,#4854,.T.);
#3941=EDGE_CURVE('',#5982,#5750,#4855,.T.);
#3942=EDGE_CURVE('',#5984,#5985,#4346,.T.);
#3943=EDGE_CURVE('',#5985,#5618,#4856,.T.);
#3944=EDGE_CURVE('',#5984,#5749,#4857,.T.);
#3945=EDGE_CURVE('',#5986,#5987,#4347,.T.);
#3946=EDGE_CURVE('',#5987,#5619,#4858,.T.);
#3947=EDGE_CURVE('',#5986,#5748,#4859,.T.);
#3948=EDGE_CURVE('',#5988,#5989,#4348,.T.);
#3949=EDGE_CURVE('',#5989,#5620,#4860,.T.);
#3950=EDGE_CURVE('',#5988,#5747,#4861,.T.);
#3951=EDGE_CURVE('',#5990,#5991,#4349,.T.);
#3952=EDGE_CURVE('',#5991,#5621,#4862,.T.);
#3953=EDGE_CURVE('',#5990,#5746,#4863,.T.);
#3954=EDGE_CURVE('',#5992,#5993,#4350,.T.);
#3955=EDGE_CURVE('',#5993,#5622,#4864,.T.);
#3956=EDGE_CURVE('',#5992,#5745,#4865,.T.);
#3957=EDGE_CURVE('',#5994,#5995,#4351,.T.);
#3958=EDGE_CURVE('',#5995,#5623,#4866,.T.);
#3959=EDGE_CURVE('',#5994,#5744,#4867,.T.);
#3960=EDGE_CURVE('',#5996,#5997,#4352,.T.);
#3961=EDGE_CURVE('',#5997,#5624,#4868,.T.);
#3962=EDGE_CURVE('',#5996,#5743,#4869,.T.);
#3963=EDGE_CURVE('',#5998,#5999,#4353,.T.);
#3964=EDGE_CURVE('',#5999,#5625,#4870,.T.);
#3965=EDGE_CURVE('',#5998,#5742,#4871,.T.);
#3966=EDGE_CURVE('',#6000,#6001,#4354,.T.);
#3967=EDGE_CURVE('',#6001,#5626,#4872,.T.);
#3968=EDGE_CURVE('',#6000,#5741,#4873,.T.);
#3969=EDGE_CURVE('',#6002,#6003,#4355,.T.);
#3970=EDGE_CURVE('',#6003,#5627,#4874,.T.);
#3971=EDGE_CURVE('',#6002,#5740,#4875,.T.);
#3972=EDGE_CURVE('',#6004,#6005,#4356,.T.);
#3973=EDGE_CURVE('',#6005,#5628,#4876,.T.);
#3974=EDGE_CURVE('',#6004,#5739,#4877,.T.);
#3975=EDGE_CURVE('',#6006,#6007,#4357,.T.);
#3976=EDGE_CURVE('',#6007,#5629,#4878,.T.);
#3977=EDGE_CURVE('',#6006,#5738,#4879,.T.);
#3978=EDGE_CURVE('',#6008,#6009,#4358,.T.);
#3979=EDGE_CURVE('',#6009,#5630,#4880,.T.);
#3980=EDGE_CURVE('',#6008,#5737,#4881,.T.);
#3981=EDGE_CURVE('',#6010,#6011,#4359,.T.);
#3982=EDGE_CURVE('',#6011,#5631,#4882,.T.);
#3983=EDGE_CURVE('',#6010,#5736,#4883,.T.);
#3984=EDGE_CURVE('',#6012,#6013,#4360,.T.);
#3985=EDGE_CURVE('',#6013,#5632,#4884,.T.);
#3986=EDGE_CURVE('',#6012,#5735,#4885,.T.);
#3987=EDGE_CURVE('',#6014,#6015,#4361,.T.);
#3988=EDGE_CURVE('',#6015,#5633,#4886,.T.);
#3989=EDGE_CURVE('',#6014,#5734,#4887,.T.);
#3990=EDGE_CURVE('',#6016,#6017,#4362,.T.);
#3991=EDGE_CURVE('',#6017,#5634,#4888,.T.);
#3992=EDGE_CURVE('',#6016,#5733,#4889,.T.);
#3993=EDGE_CURVE('',#6018,#6019,#4363,.T.);
#3994=EDGE_CURVE('',#6019,#5635,#4890,.T.);
#3995=EDGE_CURVE('',#6018,#5732,#4891,.T.);
#3996=EDGE_CURVE('',#6020,#6021,#4364,.T.);
#3997=EDGE_CURVE('',#6021,#5636,#4892,.T.);
#3998=EDGE_CURVE('',#6020,#5731,#4893,.T.);
#3999=EDGE_CURVE('',#6022,#6023,#4365,.T.);
#4000=EDGE_CURVE('',#6023,#5637,#4894,.T.);
#4001=EDGE_CURVE('',#6022,#5730,#4895,.T.);
#4002=EDGE_CURVE('',#6024,#6025,#4366,.T.);
#4003=EDGE_CURVE('',#6025,#5638,#4896,.T.);
#4004=EDGE_CURVE('',#6024,#5729,#4897,.T.);
#4005=EDGE_CURVE('',#6026,#6027,#4367,.T.);
#4006=EDGE_CURVE('',#6027,#5639,#4898,.T.);
#4007=EDGE_CURVE('',#6026,#5728,#4899,.T.);
#4008=EDGE_CURVE('',#6028,#6029,#4368,.T.);
#4009=EDGE_CURVE('',#6029,#5640,#4900,.T.);
#4010=EDGE_CURVE('',#6028,#5727,#4901,.T.);
#4011=EDGE_CURVE('',#6030,#6031,#4369,.T.);
#4012=EDGE_CURVE('',#6031,#5641,#4902,.T.);
#4013=EDGE_CURVE('',#6030,#5726,#4903,.T.);
#4014=EDGE_CURVE('',#6032,#6033,#4370,.T.);
#4015=EDGE_CURVE('',#6033,#5642,#4904,.T.);
#4016=EDGE_CURVE('',#6032,#5725,#4905,.T.);
#4017=EDGE_CURVE('',#6034,#6035,#4371,.T.);
#4018=EDGE_CURVE('',#6035,#5643,#4906,.T.);
#4019=EDGE_CURVE('',#6034,#5724,#4907,.T.);
#4020=EDGE_CURVE('',#6036,#6037,#4372,.T.);
#4021=EDGE_CURVE('',#6037,#5644,#4908,.T.);
#4022=EDGE_CURVE('',#6036,#5723,#4909,.T.);
#4023=EDGE_CURVE('',#6038,#6039,#4373,.T.);
#4024=EDGE_CURVE('',#6039,#5645,#4910,.T.);
#4025=EDGE_CURVE('',#6038,#5722,#4911,.T.);
#4026=EDGE_CURVE('',#6040,#6041,#4374,.T.);
#4027=EDGE_CURVE('',#6041,#5646,#4912,.T.);
#4028=EDGE_CURVE('',#6040,#5721,#4913,.T.);
#4029=EDGE_CURVE('',#6042,#6043,#4375,.T.);
#4030=EDGE_CURVE('',#6043,#5647,#4914,.T.);
#4031=EDGE_CURVE('',#6042,#5720,#4915,.T.);
#4032=EDGE_CURVE('',#6044,#6045,#4376,.T.);
#4033=EDGE_CURVE('',#6045,#5648,#4916,.T.);
#4034=EDGE_CURVE('',#6044,#5719,#4917,.T.);
#4035=EDGE_CURVE('',#6046,#6047,#4377,.T.);
#4036=EDGE_CURVE('',#6047,#5649,#4918,.T.);
#4037=EDGE_CURVE('',#6046,#5718,#4919,.T.);
#4038=EDGE_CURVE('',#6048,#6049,#4378,.T.);
#4039=EDGE_CURVE('',#6049,#5650,#4920,.T.);
#4040=EDGE_CURVE('',#6048,#5717,#4921,.T.);
#4041=EDGE_CURVE('',#6050,#6051,#4379,.T.);
#4042=EDGE_CURVE('',#6051,#5651,#4922,.T.);
#4043=EDGE_CURVE('',#6050,#5716,#4923,.T.);
#4044=EDGE_CURVE('',#6052,#6053,#4380,.T.);
#4045=EDGE_CURVE('',#6053,#5652,#4924,.T.);
#4046=EDGE_CURVE('',#6052,#5715,#4925,.T.);
#4047=EDGE_CURVE('',#6054,#6055,#4381,.T.);
#4048=EDGE_CURVE('',#6055,#5653,#4926,.T.);
#4049=EDGE_CURVE('',#6054,#5714,#4927,.T.);
#4050=EDGE_CURVE('',#6056,#6057,#4382,.T.);
#4051=EDGE_CURVE('',#6057,#5654,#4928,.T.);
#4052=EDGE_CURVE('',#6056,#5713,#4929,.T.);
#4053=EDGE_CURVE('',#6058,#6059,#4383,.T.);
#4054=EDGE_CURVE('',#6059,#5655,#4930,.T.);
#4055=EDGE_CURVE('',#6058,#5712,#4931,.T.);
#4056=EDGE_CURVE('',#6060,#6061,#4384,.T.);
#4057=EDGE_CURVE('',#6061,#5656,#4932,.T.);
#4058=EDGE_CURVE('',#6060,#5711,#4933,.T.);
#4059=EDGE_CURVE('',#6062,#6063,#4385,.T.);
#4060=EDGE_CURVE('',#6063,#5657,#4934,.T.);
#4061=EDGE_CURVE('',#6062,#5710,#4935,.T.);
#4062=EDGE_CURVE('',#6064,#6065,#4386,.T.);
#4063=EDGE_CURVE('',#6065,#5658,#4936,.T.);
#4064=EDGE_CURVE('',#6064,#5709,#4937,.T.);
#4065=EDGE_CURVE('',#6066,#6067,#4387,.T.);
#4066=EDGE_CURVE('',#6067,#5659,#4938,.T.);
#4067=EDGE_CURVE('',#6066,#5708,#4939,.T.);
#4068=EDGE_CURVE('',#6068,#6069,#4388,.T.);
#4069=EDGE_CURVE('',#6069,#5660,#4940,.T.);
#4070=EDGE_CURVE('',#6068,#5707,#4941,.T.);
#4071=EDGE_CURVE('',#6070,#6071,#4389,.T.);
#4072=EDGE_CURVE('',#6071,#5661,#4942,.T.);
#4073=EDGE_CURVE('',#6070,#5706,#4943,.T.);
#4074=EDGE_CURVE('',#6072,#6073,#4390,.T.);
#4075=EDGE_CURVE('',#6073,#5662,#4944,.T.);
#4076=EDGE_CURVE('',#6072,#5705,#4945,.T.);
#4077=EDGE_CURVE('',#6074,#6075,#4391,.T.);
#4078=EDGE_CURVE('',#6075,#5663,#4946,.T.);
#4079=EDGE_CURVE('',#6074,#5704,#4947,.T.);
#4080=EDGE_CURVE('',#6076,#6077,#4392,.T.);
#4081=EDGE_CURVE('',#6077,#5664,#4948,.T.);
#4082=EDGE_CURVE('',#6076,#5703,#4949,.T.);
#4083=EDGE_CURVE('',#6078,#6079,#4393,.T.);
#4084=EDGE_CURVE('',#6079,#5665,#4950,.T.);
#4085=EDGE_CURVE('',#6078,#5702,#4951,.T.);
#4086=EDGE_CURVE('',#6080,#6081,#4394,.T.);
#4087=EDGE_CURVE('',#6081,#5666,#4952,.T.);
#4088=EDGE_CURVE('',#6080,#5701,#4953,.T.);
#4089=EDGE_CURVE('',#6082,#6083,#4395,.T.);
#4090=EDGE_CURVE('',#6083,#5667,#4954,.T.);
#4091=EDGE_CURVE('',#6082,#5700,#4955,.T.);
#4092=EDGE_CURVE('',#6084,#6085,#4396,.T.);
#4093=EDGE_CURVE('',#6085,#5668,#4956,.T.);
#4094=EDGE_CURVE('',#6084,#5699,#4957,.T.);
#4095=EDGE_CURVE('',#6086,#6087,#4397,.T.);
#4096=EDGE_CURVE('',#6087,#5669,#4958,.T.);
#4097=EDGE_CURVE('',#6086,#5698,#4959,.T.);
#4098=EDGE_CURVE('',#6088,#6089,#4398,.T.);
#4099=EDGE_CURVE('',#6089,#5670,#4960,.T.);
#4100=EDGE_CURVE('',#6088,#5697,#4961,.T.);
#4101=EDGE_CURVE('',#6090,#6091,#4399,.T.);
#4102=EDGE_CURVE('',#6091,#5671,#4962,.T.);
#4103=EDGE_CURVE('',#6090,#5696,#4963,.T.);
#4104=EDGE_CURVE('',#6092,#6093,#4400,.T.);
#4105=EDGE_CURVE('',#6093,#5672,#4964,.T.);
#4106=EDGE_CURVE('',#6092,#5695,#4965,.T.);
#4107=EDGE_CURVE('',#6094,#6095,#4401,.T.);
#4108=EDGE_CURVE('',#6095,#5673,#4966,.T.);
#4109=EDGE_CURVE('',#6094,#5694,#4967,.T.);
#4110=EDGE_CURVE('',#6096,#6097,#4402,.T.);
#4111=EDGE_CURVE('',#6097,#5674,#4968,.T.);
#4112=EDGE_CURVE('',#6096,#5693,#4969,.T.);
#4113=EDGE_CURVE('',#6098,#6099,#4403,.T.);
#4114=EDGE_CURVE('',#6099,#5675,#4970,.T.);
#4115=EDGE_CURVE('',#6098,#5692,#4971,.T.);
#4116=EDGE_CURVE('',#6100,#6101,#4404,.T.);
#4117=EDGE_CURVE('',#6101,#5676,#4972,.T.);
#4118=EDGE_CURVE('',#6100,#5691,#4973,.T.);
#4119=EDGE_CURVE('',#6102,#6103,#4405,.T.);
#4120=EDGE_CURVE('',#6103,#5677,#4974,.T.);
#4121=EDGE_CURVE('',#6102,#5690,#4975,.T.);
#4122=EDGE_CURVE('',#6104,#6105,#4406,.T.);
#4123=EDGE_CURVE('',#6105,#5678,#4976,.T.);
#4124=EDGE_CURVE('',#6104,#5689,#4977,.T.);
#4125=EDGE_CURVE('',#6106,#6107,#4407,.T.);
#4126=EDGE_CURVE('',#6107,#5679,#4978,.T.);
#4127=EDGE_CURVE('',#6106,#5688,#4979,.T.);
#4128=(
BOUNDED_CURVE()
B_SPLINE_CURVE(1,(#10601,#10602),.UNSPECIFIED.,.F.,.F.)
B_SPLINE_CURVE_WITH_KNOTS((2,2),(2.,3.8),.UNSPECIFIED.)
CURVE()
GEOMETRIC_REPRESENTATION_ITEM()
RATIONAL_B_SPLINE_CURVE((1.,1.))
REPRESENTATION_ITEM('')
);
#4129=(
BOUNDED_CURVE()
B_SPLINE_CURVE(1,(#10606,#10607),.UNSPECIFIED.,.F.,.F.)
B_SPLINE_CURVE_WITH_KNOTS((2,2),(2.,3.8),.UNSPECIFIED.)
CURVE()
GEOMETRIC_REPRESENTATION_ITEM()
RATIONAL_B_SPLINE_CURVE((1.,1.))
REPRESENTATION_ITEM('')
);
#4130=(
BOUNDED_CURVE()
B_SPLINE_CURVE(1,(#10611,#10612),.UNSPECIFIED.,.F.,.F.)
B_SPLINE_CURVE_WITH_KNOTS((2,2),(2.,3.8),.UNSPECIFIED.)
CURVE()
GEOMETRIC_REPRESENTATION_ITEM()
RATIONAL_B_SPLINE_CURVE((1.,1.))
REPRESENTATION_ITEM('')
);
#4131=(
BOUNDED_CURVE()
B_SPLINE_CURVE(1,(#10616,#10617),.UNSPECIFIED.,.F.,.F.)
B_SPLINE_CURVE_WITH_KNOTS((2,2),(2.,3.8),.UNSPECIFIED.)
CURVE()
GEOMETRIC_REPRESENTATION_ITEM()
RATIONAL_B_SPLINE_CURVE((1.,1.))
REPRESENTATION_ITEM('')
);
#4132=(
BOUNDED_CURVE()
B_SPLINE_CURVE(1,(#10621,#10622),.UNSPECIFIED.,.F.,.F.)
B_SPLINE_CURVE_WITH_KNOTS((2,2),(2.,3.8),.UNSPECIFIED.)
CURVE()
GEOMETRIC_REPRESENTATION_ITEM()
RATIONAL_B_SPLINE_CURVE((1.,1.))
REPRESENTATION_ITEM('')
);
#4133=(
BOUNDED_CURVE()
B_SPLINE_CURVE(1,(#10626,#10627),.UNSPECIFIED.,.F.,.F.)
B_SPLINE_CURVE_WITH_KNOTS((2,2),(2.,3.8),.UNSPECIFIED.)
CURVE()
GEOMETRIC_REPRESENTATION_ITEM()
RATIONAL_B_SPLINE_CURVE((1.,1.))
REPRESENTATION_ITEM('')
);
#4134=(
BOUNDED_CURVE()
B_SPLINE_CURVE(1,(#10631,#10632),.UNSPECIFIED.,.F.,.F.)
B_SPLINE_CURVE_WITH_KNOTS((2,2),(2.,3.8),.UNSPECIFIED.)
CURVE()
GEOMETRIC_REPRESENTATION_ITEM()
RATIONAL_B_SPLINE_CURVE((1.,1.))
REPRESENTATION_ITEM('')
);
#4135=(
BOUNDED_CURVE()
B_SPLINE_CURVE(1,(#10636,#10637),.UNSPECIFIED.,.F.,.F.)
B_SPLINE_CURVE_WITH_KNOTS((2,2),(2.,3.8),.UNSPECIFIED.)
CURVE()
GEOMETRIC_REPRESENTATION_ITEM()
RATIONAL_B_SPLINE_CURVE((1.,1.))
REPRESENTATION_ITEM('')
);
#4136=(
BOUNDED_CURVE()
B_SPLINE_CURVE(1,(#10641,#10642),.UNSPECIFIED.,.F.,.F.)
B_SPLINE_CURVE_WITH_KNOTS((2,2),(2.,3.8),.UNSPECIFIED.)
CURVE()
GEOMETRIC_REPRESENTATION_ITEM()
RATIONAL_B_SPLINE_CURVE((1.,1.))
REPRESENTATION_ITEM('')
);
#4137=(
BOUNDED_CURVE()
B_SPLINE_CURVE(1,(#10646,#10647),.UNSPECIFIED.,.F.,.F.)
B_SPLINE_CURVE_WITH_KNOTS((2,2),(2.,3.8),.UNSPECIFIED.)
CURVE()
GEOMETRIC_REPRESENTATION_ITEM()
RATIONAL_B_SPLINE_CURVE((1.,1.))
REPRESENTATION_ITEM('')
);
#4138=(
BOUNDED_CURVE()
B_SPLINE_CURVE(1,(#10651,#10652),.UNSPECIFIED.,.F.,.F.)
B_SPLINE_CURVE_WITH_KNOTS((2,2),(2.,3.8),.UNSPECIFIED.)
CURVE()
GEOMETRIC_REPRESENTATION_ITEM()
RATIONAL_B_SPLINE_CURVE((1.,1.))
REPRESENTATION_ITEM('')
);
#4139=(
BOUNDED_CURVE()
B_SPLINE_CURVE(1,(#10656,#10657),.UNSPECIFIED.,.F.,.F.)
B_SPLINE_CURVE_WITH_KNOTS((2,2),(2.,3.8),.UNSPECIFIED.)
CURVE()
GEOMETRIC_REPRESENTATION_ITEM()
RATIONAL_B_SPLINE_CURVE((1.,1.))
REPRESENTATION_ITEM('')
);
#4140=(
BOUNDED_CURVE()
B_SPLINE_CURVE(1,(#10661,#10662),.UNSPECIFIED.,.F.,.F.)
B_SPLINE_CURVE_WITH_KNOTS((2,2),(2.,3.8),.UNSPECIFIED.)
CURVE()
GEOMETRIC_REPRESENTATION_ITEM()
RATIONAL_B_SPLINE_CURVE((1.,1.))
REPRESENTATION_ITEM('')
);
#4141=(
BOUNDED_CURVE()
B_SPLINE_CURVE(1,(#10666,#10667),.UNSPECIFIED.,.F.,.F.)
B_SPLINE_CURVE_WITH_KNOTS((2,2),(2.,3.8),.UNSPECIFIED.)
CURVE()
GEOMETRIC_REPRESENTATION_ITEM()
RATIONAL_B_SPLINE_CURVE((1.,1.))
REPRESENTATION_ITEM('')
);
#4142=(
BOUNDED_CURVE()
B_SPLINE_CURVE(1,(#10671,#10672),.UNSPECIFIED.,.F.,.F.)
B_SPLINE_CURVE_WITH_KNOTS((2,2),(2.,3.8),.UNSPECIFIED.)
CURVE()
GEOMETRIC_REPRESENTATION_ITEM()
RATIONAL_B_SPLINE_CURVE((1.,1.))
REPRESENTATION_ITEM('')
);
#4143=(
BOUNDED_CURVE()
B_SPLINE_CURVE(1,(#10676,#10677),.UNSPECIFIED.,.F.,.F.)
B_SPLINE_CURVE_WITH_KNOTS((2,2),(2.,3.8),.UNSPECIFIED.)
CURVE()
GEOMETRIC_REPRESENTATION_ITEM()
RATIONAL_B_SPLINE_CURVE((1.,1.))
REPRESENTATION_ITEM('')
);
#4144=(
BOUNDED_CURVE()
B_SPLINE_CURVE(1,(#10681,#10682),.UNSPECIFIED.,.F.,.F.)
B_SPLINE_CURVE_WITH_KNOTS((2,2),(2.,3.8),.UNSPECIFIED.)
CURVE()
GEOMETRIC_REPRESENTATION_ITEM()
RATIONAL_B_SPLINE_CURVE((1.,1.))
REPRESENTATION_ITEM('')
);
#4145=(
BOUNDED_CURVE()
B_SPLINE_CURVE(1,(#10686,#10687),.UNSPECIFIED.,.F.,.F.)
B_SPLINE_CURVE_WITH_KNOTS((2,2),(2.,3.8),.UNSPECIFIED.)
CURVE()
GEOMETRIC_REPRESENTATION_ITEM()
RATIONAL_B_SPLINE_CURVE((1.,1.))
REPRESENTATION_ITEM('')
);
#4146=(
BOUNDED_CURVE()
B_SPLINE_CURVE(1,(#10691,#10692),.UNSPECIFIED.,.F.,.F.)
B_SPLINE_CURVE_WITH_KNOTS((2,2),(2.,3.8),.UNSPECIFIED.)
CURVE()
GEOMETRIC_REPRESENTATION_ITEM()
RATIONAL_B_SPLINE_CURVE((1.,1.))
REPRESENTATION_ITEM('')
);
#4147=(
BOUNDED_CURVE()
B_SPLINE_CURVE(1,(#10696,#10697),.UNSPECIFIED.,.F.,.F.)
B_SPLINE_CURVE_WITH_KNOTS((2,2),(2.,3.8),.UNSPECIFIED.)
CURVE()
GEOMETRIC_REPRESENTATION_ITEM()
RATIONAL_B_SPLINE_CURVE((1.,1.))
REPRESENTATION_ITEM('')
);
#4148=(
BOUNDED_CURVE()
B_SPLINE_CURVE(1,(#10701,#10702),.UNSPECIFIED.,.F.,.F.)
B_SPLINE_CURVE_WITH_KNOTS((2,2),(2.,3.8),.UNSPECIFIED.)
CURVE()
GEOMETRIC_REPRESENTATION_ITEM()
RATIONAL_B_SPLINE_CURVE((1.,1.))
REPRESENTATION_ITEM('')
);
#4149=(
BOUNDED_CURVE()
B_SPLINE_CURVE(1,(#10706,#10707),.UNSPECIFIED.,.F.,.F.)
B_SPLINE_CURVE_WITH_KNOTS((2,2),(2.,3.8),.UNSPECIFIED.)
CURVE()
GEOMETRIC_REPRESENTATION_ITEM()
RATIONAL_B_SPLINE_CURVE((1.,1.))
REPRESENTATION_ITEM('')
);
#4150=(
BOUNDED_CURVE()
B_SPLINE_CURVE(1,(#10711,#10712),.UNSPECIFIED.,.F.,.F.)
B_SPLINE_CURVE_WITH_KNOTS((2,2),(2.,3.8),.UNSPECIFIED.)
CURVE()
GEOMETRIC_REPRESENTATION_ITEM()
RATIONAL_B_SPLINE_CURVE((1.,1.))
REPRESENTATION_ITEM('')
);
#4151=(
BOUNDED_CURVE()
B_SPLINE_CURVE(1,(#10716,#10717),.UNSPECIFIED.,.F.,.F.)
B_SPLINE_CURVE_WITH_KNOTS((2,2),(2.,3.8),.UNSPECIFIED.)
CURVE()
GEOMETRIC_REPRESENTATION_ITEM()
RATIONAL_B_SPLINE_CURVE((1.,1.))
REPRESENTATION_ITEM('')
);
#4152=(
BOUNDED_CURVE()
B_SPLINE_CURVE(1,(#10721,#10722),.UNSPECIFIED.,.F.,.F.)
B_SPLINE_CURVE_WITH_KNOTS((2,2),(2.,3.8),.UNSPECIFIED.)
CURVE()
GEOMETRIC_REPRESENTATION_ITEM()
RATIONAL_B_SPLINE_CURVE((1.,1.))
REPRESENTATION_ITEM('')
);
#4153=(
BOUNDED_CURVE()
B_SPLINE_CURVE(1,(#10726,#10727),.UNSPECIFIED.,.F.,.F.)
B_SPLINE_CURVE_WITH_KNOTS((2,2),(2.,3.8),.UNSPECIFIED.)
CURVE()
GEOMETRIC_REPRESENTATION_ITEM()
RATIONAL_B_SPLINE_CURVE((1.,1.))
REPRESENTATION_ITEM('')
);
#4154=(
BOUNDED_CURVE()
B_SPLINE_CURVE(1,(#10731,#10732),.UNSPECIFIED.,.F.,.F.)
B_SPLINE_CURVE_WITH_KNOTS((2,2),(2.,3.8),.UNSPECIFIED.)
CURVE()
GEOMETRIC_REPRESENTATION_ITEM()
RATIONAL_B_SPLINE_CURVE((1.,1.))
REPRESENTATION_ITEM('')
);
#4155=(
BOUNDED_CURVE()
B_SPLINE_CURVE(1,(#10736,#10737),.UNSPECIFIED.,.F.,.F.)
B_SPLINE_CURVE_WITH_KNOTS((2,2),(2.,3.8),.UNSPECIFIED.)
CURVE()
GEOMETRIC_REPRESENTATION_ITEM()
RATIONAL_B_SPLINE_CURVE((1.,1.))
REPRESENTATION_ITEM('')
);
#4156=(
BOUNDED_CURVE()
B_SPLINE_CURVE(1,(#10741,#10742),.UNSPECIFIED.,.F.,.F.)
B_SPLINE_CURVE_WITH_KNOTS((2,2),(2.,3.8),.UNSPECIFIED.)
CURVE()
GEOMETRIC_REPRESENTATION_ITEM()
RATIONAL_B_SPLINE_CURVE((1.,1.))
REPRESENTATION_ITEM('')
);
#4157=(
BOUNDED_CURVE()
B_SPLINE_CURVE(1,(#10746,#10747),.UNSPECIFIED.,.F.,.F.)
B_SPLINE_CURVE_WITH_KNOTS((2,2),(2.,3.8),.UNSPECIFIED.)
CURVE()
GEOMETRIC_REPRESENTATION_ITEM()
RATIONAL_B_SPLINE_CURVE((1.,1.))
REPRESENTATION_ITEM('')
);
#4158=(
BOUNDED_CURVE()
B_SPLINE_CURVE(1,(#10751,#10752),.UNSPECIFIED.,.F.,.F.)
B_SPLINE_CURVE_WITH_KNOTS((2,2),(2.,3.8),.UNSPECIFIED.)
CURVE()
GEOMETRIC_REPRESENTATION_ITEM()
RATIONAL_B_SPLINE_CURVE((1.,1.))
REPRESENTATION_ITEM('')
);
#4159=(
BOUNDED_CURVE()
B_SPLINE_CURVE(1,(#10756,#10757),.UNSPECIFIED.,.F.,.F.)
B_SPLINE_CURVE_WITH_KNOTS((2,2),(2.,3.8),.UNSPECIFIED.)
CURVE()
GEOMETRIC_REPRESENTATION_ITEM()
RATIONAL_B_SPLINE_CURVE((1.,1.))
REPRESENTATION_ITEM('')
);
#4160=(
BOUNDED_CURVE()
B_SPLINE_CURVE(1,(#10761,#10762),.UNSPECIFIED.,.F.,.F.)
B_SPLINE_CURVE_WITH_KNOTS((2,2),(2.,3.8),.UNSPECIFIED.)
CURVE()
GEOMETRIC_REPRESENTATION_ITEM()
RATIONAL_B_SPLINE_CURVE((1.,1.))
REPRESENTATION_ITEM('')
);
#4161=(
BOUNDED_CURVE()
B_SPLINE_CURVE(1,(#10766,#10767),.UNSPECIFIED.,.F.,.F.)
B_SPLINE_CURVE_WITH_KNOTS((2,2),(2.,3.8),.UNSPECIFIED.)
CURVE()
GEOMETRIC_REPRESENTATION_ITEM()
RATIONAL_B_SPLINE_CURVE((1.,1.))
REPRESENTATION_ITEM('')
);
#4162=(
BOUNDED_CURVE()
B_SPLINE_CURVE(1,(#10771,#10772),.UNSPECIFIED.,.F.,.F.)
B_SPLINE_CURVE_WITH_KNOTS((2,2),(2.,3.8),.UNSPECIFIED.)
CURVE()
GEOMETRIC_REPRESENTATION_ITEM()
RATIONAL_B_SPLINE_CURVE((1.,1.))
REPRESENTATION_ITEM('')
);
#4163=(
BOUNDED_CURVE()
B_SPLINE_CURVE(1,(#10776,#10777),.UNSPECIFIED.,.F.,.F.)
B_SPLINE_CURVE_WITH_KNOTS((2,2),(2.,3.8),.UNSPECIFIED.)
CURVE()
GEOMETRIC_REPRESENTATION_ITEM()
RATIONAL_B_SPLINE_CURVE((1.,1.))
REPRESENTATION_ITEM('')
);
#4164=(
BOUNDED_CURVE()
B_SPLINE_CURVE(1,(#10781,#10782),.UNSPECIFIED.,.F.,.F.)
B_SPLINE_CURVE_WITH_KNOTS((2,2),(2.,3.8),.UNSPECIFIED.)
CURVE()
GEOMETRIC_REPRESENTATION_ITEM()
RATIONAL_B_SPLINE_CURVE((1.,1.))
REPRESENTATION_ITEM('')
);
#4165=(
BOUNDED_CURVE()
B_SPLINE_CURVE(1,(#10786,#10787),.UNSPECIFIED.,.F.,.F.)
B_SPLINE_CURVE_WITH_KNOTS((2,2),(2.,3.8),.UNSPECIFIED.)
CURVE()
GEOMETRIC_REPRESENTATION_ITEM()
RATIONAL_B_SPLINE_CURVE((1.,1.))
REPRESENTATION_ITEM('')
);
#4166=(
BOUNDED_CURVE()
B_SPLINE_CURVE(1,(#10791,#10792),.UNSPECIFIED.,.F.,.F.)
B_SPLINE_CURVE_WITH_KNOTS((2,2),(2.,3.8),.UNSPECIFIED.)
CURVE()
GEOMETRIC_REPRESENTATION_ITEM()
RATIONAL_B_SPLINE_CURVE((1.,1.))
REPRESENTATION_ITEM('')
);
#4167=(
BOUNDED_CURVE()
B_SPLINE_CURVE(1,(#10796,#10797),.UNSPECIFIED.,.F.,.F.)
B_SPLINE_CURVE_WITH_KNOTS((2,2),(2.,3.8),.UNSPECIFIED.)
CURVE()
GEOMETRIC_REPRESENTATION_ITEM()
RATIONAL_B_SPLINE_CURVE((1.,1.))
REPRESENTATION_ITEM('')
);
#4168=(
BOUNDED_CURVE()
B_SPLINE_CURVE(1,(#10801,#10802),.UNSPECIFIED.,.F.,.F.)
B_SPLINE_CURVE_WITH_KNOTS((2,2),(2.,3.8),.UNSPECIFIED.)
CURVE()
GEOMETRIC_REPRESENTATION_ITEM()
RATIONAL_B_SPLINE_CURVE((1.,1.))
REPRESENTATION_ITEM('')
);
#4169=(
BOUNDED_CURVE()
B_SPLINE_CURVE(1,(#10806,#10807),.UNSPECIFIED.,.F.,.F.)
B_SPLINE_CURVE_WITH_KNOTS((2,2),(2.,3.8),.UNSPECIFIED.)
CURVE()
GEOMETRIC_REPRESENTATION_ITEM()
RATIONAL_B_SPLINE_CURVE((1.,1.))
REPRESENTATION_ITEM('')
);
#4170=(
BOUNDED_CURVE()
B_SPLINE_CURVE(1,(#10811,#10812),.UNSPECIFIED.,.F.,.F.)
B_SPLINE_CURVE_WITH_KNOTS((2,2),(2.,3.8),.UNSPECIFIED.)
CURVE()
GEOMETRIC_REPRESENTATION_ITEM()
RATIONAL_B_SPLINE_CURVE((1.,1.))
REPRESENTATION_ITEM('')
);
#4171=(
BOUNDED_CURVE()
B_SPLINE_CURVE(1,(#10816,#10817),.UNSPECIFIED.,.F.,.F.)
B_SPLINE_CURVE_WITH_KNOTS((2,2),(2.,3.8),.UNSPECIFIED.)
CURVE()
GEOMETRIC_REPRESENTATION_ITEM()
RATIONAL_B_SPLINE_CURVE((1.,1.))
REPRESENTATION_ITEM('')
);
#4172=(
BOUNDED_CURVE()
B_SPLINE_CURVE(1,(#10821,#10822),.UNSPECIFIED.,.F.,.F.)
B_SPLINE_CURVE_WITH_KNOTS((2,2),(2.,3.8),.UNSPECIFIED.)
CURVE()
GEOMETRIC_REPRESENTATION_ITEM()
RATIONAL_B_SPLINE_CURVE((1.,1.))
REPRESENTATION_ITEM('')
);
#4173=(
BOUNDED_CURVE()
B_SPLINE_CURVE(1,(#10826,#10827),.UNSPECIFIED.,.F.,.F.)
B_SPLINE_CURVE_WITH_KNOTS((2,2),(2.,3.8),.UNSPECIFIED.)
CURVE()
GEOMETRIC_REPRESENTATION_ITEM()
RATIONAL_B_SPLINE_CURVE((1.,1.))
REPRESENTATION_ITEM('')
);
#4174=(
BOUNDED_CURVE()
B_SPLINE_CURVE(1,(#10831,#10832),.UNSPECIFIED.,.F.,.F.)
B_SPLINE_CURVE_WITH_KNOTS((2,2),(2.,3.8),.UNSPECIFIED.)
CURVE()
GEOMETRIC_REPRESENTATION_ITEM()
RATIONAL_B_SPLINE_CURVE((1.,1.))
REPRESENTATION_ITEM('')
);
#4175=(
BOUNDED_CURVE()
B_SPLINE_CURVE(1,(#10836,#10837),.UNSPECIFIED.,.F.,.F.)
B_SPLINE_CURVE_WITH_KNOTS((2,2),(2.,3.8),.UNSPECIFIED.)
CURVE()
GEOMETRIC_REPRESENTATION_ITEM()
RATIONAL_B_SPLINE_CURVE((1.,1.))
REPRESENTATION_ITEM('')
);
#4176=(
BOUNDED_CURVE()
B_SPLINE_CURVE(1,(#10841,#10842),.UNSPECIFIED.,.F.,.F.)
B_SPLINE_CURVE_WITH_KNOTS((2,2),(2.,3.8),.UNSPECIFIED.)
CURVE()
GEOMETRIC_REPRESENTATION_ITEM()
RATIONAL_B_SPLINE_CURVE((1.,1.))
REPRESENTATION_ITEM('')
);
#4177=(
BOUNDED_CURVE()
B_SPLINE_CURVE(1,(#10846,#10847),.UNSPECIFIED.,.F.,.F.)
B_SPLINE_CURVE_WITH_KNOTS((2,2),(2.,3.8),.UNSPECIFIED.)
CURVE()
GEOMETRIC_REPRESENTATION_ITEM()
RATIONAL_B_SPLINE_CURVE((1.,1.))
REPRESENTATION_ITEM('')
);
#4178=(
BOUNDED_CURVE()
B_SPLINE_CURVE(1,(#10851,#10852),.UNSPECIFIED.,.F.,.F.)
B_SPLINE_CURVE_WITH_KNOTS((2,2),(2.,3.8),.UNSPECIFIED.)
CURVE()
GEOMETRIC_REPRESENTATION_ITEM()
RATIONAL_B_SPLINE_CURVE((1.,1.))
REPRESENTATION_ITEM('')
);
#4179=(
BOUNDED_CURVE()
B_SPLINE_CURVE(1,(#10856,#10857),.UNSPECIFIED.,.F.,.F.)
B_SPLINE_CURVE_WITH_KNOTS((2,2),(2.,3.8),.UNSPECIFIED.)
CURVE()
GEOMETRIC_REPRESENTATION_ITEM()
RATIONAL_B_SPLINE_CURVE((1.,1.))
REPRESENTATION_ITEM('')
);
#4180=(
BOUNDED_CURVE()
B_SPLINE_CURVE(1,(#10861,#10862),.UNSPECIFIED.,.F.,.F.)
B_SPLINE_CURVE_WITH_KNOTS((2,2),(2.,3.8),.UNSPECIFIED.)
CURVE()
GEOMETRIC_REPRESENTATION_ITEM()
RATIONAL_B_SPLINE_CURVE((1.,1.))
REPRESENTATION_ITEM('')
);
#4181=(
BOUNDED_CURVE()
B_SPLINE_CURVE(1,(#10866,#10867),.UNSPECIFIED.,.F.,.F.)
B_SPLINE_CURVE_WITH_KNOTS((2,2),(2.,3.8),.UNSPECIFIED.)
CURVE()
GEOMETRIC_REPRESENTATION_ITEM()
RATIONAL_B_SPLINE_CURVE((1.,1.))
REPRESENTATION_ITEM('')
);
#4182=(
BOUNDED_CURVE()
B_SPLINE_CURVE(1,(#10871,#10872),.UNSPECIFIED.,.F.,.F.)
B_SPLINE_CURVE_WITH_KNOTS((2,2),(2.,3.8),.UNSPECIFIED.)
CURVE()
GEOMETRIC_REPRESENTATION_ITEM()
RATIONAL_B_SPLINE_CURVE((1.,1.))
REPRESENTATION_ITEM('')
);
#4183=(
BOUNDED_CURVE()
B_SPLINE_CURVE(1,(#10876,#10877),.UNSPECIFIED.,.F.,.F.)
B_SPLINE_CURVE_WITH_KNOTS((2,2),(2.,3.8),.UNSPECIFIED.)
CURVE()
GEOMETRIC_REPRESENTATION_ITEM()
RATIONAL_B_SPLINE_CURVE((1.,1.))
REPRESENTATION_ITEM('')
);
#4184=(
BOUNDED_CURVE()
B_SPLINE_CURVE(1,(#10881,#10882),.UNSPECIFIED.,.F.,.F.)
B_SPLINE_CURVE_WITH_KNOTS((2,2),(2.,3.8),.UNSPECIFIED.)
CURVE()
GEOMETRIC_REPRESENTATION_ITEM()
RATIONAL_B_SPLINE_CURVE((1.,1.))
REPRESENTATION_ITEM('')
);
#4185=(
BOUNDED_CURVE()
B_SPLINE_CURVE(1,(#10886,#10887),.UNSPECIFIED.,.F.,.F.)
B_SPLINE_CURVE_WITH_KNOTS((2,2),(2.,3.8),.UNSPECIFIED.)
CURVE()
GEOMETRIC_REPRESENTATION_ITEM()
RATIONAL_B_SPLINE_CURVE((1.,1.))
REPRESENTATION_ITEM('')
);
#4186=(
BOUNDED_CURVE()
B_SPLINE_CURVE(1,(#10891,#10892),.UNSPECIFIED.,.F.,.F.)
B_SPLINE_CURVE_WITH_KNOTS((2,2),(2.,3.8),.UNSPECIFIED.)
CURVE()
GEOMETRIC_REPRESENTATION_ITEM()
RATIONAL_B_SPLINE_CURVE((1.,1.))
REPRESENTATION_ITEM('')
);
#4187=(
BOUNDED_CURVE()
B_SPLINE_CURVE(1,(#10896,#10897),.UNSPECIFIED.,.F.,.F.)
B_SPLINE_CURVE_WITH_KNOTS((2,2),(2.,3.8),.UNSPECIFIED.)
CURVE()
GEOMETRIC_REPRESENTATION_ITEM()
RATIONAL_B_SPLINE_CURVE((1.,1.))
REPRESENTATION_ITEM('')
);
#4188=(
BOUNDED_CURVE()
B_SPLINE_CURVE(1,(#10901,#10902),.UNSPECIFIED.,.F.,.F.)
B_SPLINE_CURVE_WITH_KNOTS((2,2),(2.,3.8),.UNSPECIFIED.)
CURVE()
GEOMETRIC_REPRESENTATION_ITEM()
RATIONAL_B_SPLINE_CURVE((1.,1.))
REPRESENTATION_ITEM('')
);
#4189=(
BOUNDED_CURVE()
B_SPLINE_CURVE(1,(#10906,#10907),.UNSPECIFIED.,.F.,.F.)
B_SPLINE_CURVE_WITH_KNOTS((2,2),(2.,3.8),.UNSPECIFIED.)
CURVE()
GEOMETRIC_REPRESENTATION_ITEM()
RATIONAL_B_SPLINE_CURVE((1.,1.))
REPRESENTATION_ITEM('')
);
#4190=(
BOUNDED_CURVE()
B_SPLINE_CURVE(1,(#10911,#10912),.UNSPECIFIED.,.F.,.F.)
B_SPLINE_CURVE_WITH_KNOTS((2,2),(2.,3.8),.UNSPECIFIED.)
CURVE()
GEOMETRIC_REPRESENTATION_ITEM()
RATIONAL_B_SPLINE_CURVE((1.,1.))
REPRESENTATION_ITEM('')
);
#4191=(
BOUNDED_CURVE()
B_SPLINE_CURVE(1,(#10916,#10917),.UNSPECIFIED.,.F.,.F.)
B_SPLINE_CURVE_WITH_KNOTS((2,2),(2.,3.8),.UNSPECIFIED.)
CURVE()
GEOMETRIC_REPRESENTATION_ITEM()
RATIONAL_B_SPLINE_CURVE((1.,1.))
REPRESENTATION_ITEM('')
);
#4192=(
BOUNDED_CURVE()
B_SPLINE_CURVE(1,(#10921,#10922),.UNSPECIFIED.,.F.,.F.)
B_SPLINE_CURVE_WITH_KNOTS((2,2),(2.,3.8),.UNSPECIFIED.)
CURVE()
GEOMETRIC_REPRESENTATION_ITEM()
RATIONAL_B_SPLINE_CURVE((1.,1.))
REPRESENTATION_ITEM('')
);
#4193=(
BOUNDED_CURVE()
B_SPLINE_CURVE(1,(#10926,#10927),.UNSPECIFIED.,.F.,.F.)
B_SPLINE_CURVE_WITH_KNOTS((2,2),(2.,3.8),.UNSPECIFIED.)
CURVE()
GEOMETRIC_REPRESENTATION_ITEM()
RATIONAL_B_SPLINE_CURVE((1.,1.))
REPRESENTATION_ITEM('')
);
#4194=(
BOUNDED_CURVE()
B_SPLINE_CURVE(1,(#10931,#10932),.UNSPECIFIED.,.F.,.F.)
B_SPLINE_CURVE_WITH_KNOTS((2,2),(2.,3.8),.UNSPECIFIED.)
CURVE()
GEOMETRIC_REPRESENTATION_ITEM()
RATIONAL_B_SPLINE_CURVE((1.,1.))
REPRESENTATION_ITEM('')
);
#4195=(
BOUNDED_CURVE()
B_SPLINE_CURVE(1,(#10936,#10937),.UNSPECIFIED.,.F.,.F.)
B_SPLINE_CURVE_WITH_KNOTS((2,2),(2.,3.8),.UNSPECIFIED.)
CURVE()
GEOMETRIC_REPRESENTATION_ITEM()
RATIONAL_B_SPLINE_CURVE((1.,1.))
REPRESENTATION_ITEM('')
);
#4196=(
BOUNDED_CURVE()
B_SPLINE_CURVE(1,(#10941,#10942),.UNSPECIFIED.,.F.,.F.)
B_SPLINE_CURVE_WITH_KNOTS((2,2),(2.,3.8),.UNSPECIFIED.)
CURVE()
GEOMETRIC_REPRESENTATION_ITEM()
RATIONAL_B_SPLINE_CURVE((1.,1.))
REPRESENTATION_ITEM('')
);
#4197=(
BOUNDED_CURVE()
B_SPLINE_CURVE(1,(#10946,#10947),.UNSPECIFIED.,.F.,.F.)
B_SPLINE_CURVE_WITH_KNOTS((2,2),(2.,3.8),.UNSPECIFIED.)
CURVE()
GEOMETRIC_REPRESENTATION_ITEM()
RATIONAL_B_SPLINE_CURVE((1.,1.))
REPRESENTATION_ITEM('')
);
#4198=(
BOUNDED_CURVE()
B_SPLINE_CURVE(1,(#10951,#10952),.UNSPECIFIED.,.F.,.F.)
B_SPLINE_CURVE_WITH_KNOTS((2,2),(2.,3.8),.UNSPECIFIED.)
CURVE()
GEOMETRIC_REPRESENTATION_ITEM()
RATIONAL_B_SPLINE_CURVE((1.,1.))
REPRESENTATION_ITEM('')
);
#4199=(
BOUNDED_CURVE()
B_SPLINE_CURVE(1,(#10956,#10957),.UNSPECIFIED.,.F.,.F.)
B_SPLINE_CURVE_WITH_KNOTS((2,2),(2.,3.8),.UNSPECIFIED.)
CURVE()
GEOMETRIC_REPRESENTATION_ITEM()
RATIONAL_B_SPLINE_CURVE((1.,1.))
REPRESENTATION_ITEM('')
);
#4200=(
BOUNDED_CURVE()
B_SPLINE_CURVE(1,(#10961,#10962),.UNSPECIFIED.,.F.,.F.)
B_SPLINE_CURVE_WITH_KNOTS((2,2),(2.,3.8),.UNSPECIFIED.)
CURVE()
GEOMETRIC_REPRESENTATION_ITEM()
RATIONAL_B_SPLINE_CURVE((1.,1.))
REPRESENTATION_ITEM('')
);
#4201=(
BOUNDED_CURVE()
B_SPLINE_CURVE(1,(#10966,#10967),.UNSPECIFIED.,.F.,.F.)
B_SPLINE_CURVE_WITH_KNOTS((2,2),(2.,3.8),.UNSPECIFIED.)
CURVE()
GEOMETRIC_REPRESENTATION_ITEM()
RATIONAL_B_SPLINE_CURVE((1.,1.))
REPRESENTATION_ITEM('')
);
#4202=(
BOUNDED_CURVE()
B_SPLINE_CURVE(1,(#10971,#10972),.UNSPECIFIED.,.F.,.F.)
B_SPLINE_CURVE_WITH_KNOTS((2,2),(2.,3.8),.UNSPECIFIED.)
CURVE()
GEOMETRIC_REPRESENTATION_ITEM()
RATIONAL_B_SPLINE_CURVE((1.,1.))
REPRESENTATION_ITEM('')
);
#4203=(
BOUNDED_CURVE()
B_SPLINE_CURVE(1,(#10976,#10977),.UNSPECIFIED.,.F.,.F.)
B_SPLINE_CURVE_WITH_KNOTS((2,2),(2.,3.8),.UNSPECIFIED.)
CURVE()
GEOMETRIC_REPRESENTATION_ITEM()
RATIONAL_B_SPLINE_CURVE((1.,1.))
REPRESENTATION_ITEM('')
);
#4204=(
BOUNDED_CURVE()
B_SPLINE_CURVE(1,(#10981,#10982),.UNSPECIFIED.,.F.,.F.)
B_SPLINE_CURVE_WITH_KNOTS((2,2),(2.,3.8),.UNSPECIFIED.)
CURVE()
GEOMETRIC_REPRESENTATION_ITEM()
RATIONAL_B_SPLINE_CURVE((1.,1.))
REPRESENTATION_ITEM('')
);
#4205=(
BOUNDED_CURVE()
B_SPLINE_CURVE(1,(#10986,#10987),.UNSPECIFIED.,.F.,.F.)
B_SPLINE_CURVE_WITH_KNOTS((2,2),(2.,3.8),.UNSPECIFIED.)
CURVE()
GEOMETRIC_REPRESENTATION_ITEM()
RATIONAL_B_SPLINE_CURVE((1.,1.))
REPRESENTATION_ITEM('')
);
#4206=(
BOUNDED_CURVE()
B_SPLINE_CURVE(1,(#10991,#10992),.UNSPECIFIED.,.F.,.F.)
B_SPLINE_CURVE_WITH_KNOTS((2,2),(2.,3.8),.UNSPECIFIED.)
CURVE()
GEOMETRIC_REPRESENTATION_ITEM()
RATIONAL_B_SPLINE_CURVE((1.,1.))
REPRESENTATION_ITEM('')
);
#4207=(
BOUNDED_CURVE()
B_SPLINE_CURVE(1,(#10996,#10997),.UNSPECIFIED.,.F.,.F.)
B_SPLINE_CURVE_WITH_KNOTS((2,2),(2.,3.8),.UNSPECIFIED.)
CURVE()
GEOMETRIC_REPRESENTATION_ITEM()
RATIONAL_B_SPLINE_CURVE((1.,1.))
REPRESENTATION_ITEM('')
);
#4208=(
BOUNDED_CURVE()
B_SPLINE_CURVE(1,(#11001,#11002),.UNSPECIFIED.,.F.,.F.)
B_SPLINE_CURVE_WITH_KNOTS((2,2),(2.,3.8),.UNSPECIFIED.)
CURVE()
GEOMETRIC_REPRESENTATION_ITEM()
RATIONAL_B_SPLINE_CURVE((1.,1.))
REPRESENTATION_ITEM('')
);
#4209=(
BOUNDED_CURVE()
B_SPLINE_CURVE(1,(#11006,#11007),.UNSPECIFIED.,.F.,.F.)
B_SPLINE_CURVE_WITH_KNOTS((2,2),(2.,3.8),.UNSPECIFIED.)
CURVE()
GEOMETRIC_REPRESENTATION_ITEM()
RATIONAL_B_SPLINE_CURVE((1.,1.))
REPRESENTATION_ITEM('')
);
#4210=(
BOUNDED_CURVE()
B_SPLINE_CURVE(1,(#11011,#11012),.UNSPECIFIED.,.F.,.F.)
B_SPLINE_CURVE_WITH_KNOTS((2,2),(2.,3.8),.UNSPECIFIED.)
CURVE()
GEOMETRIC_REPRESENTATION_ITEM()
RATIONAL_B_SPLINE_CURVE((1.,1.))
REPRESENTATION_ITEM('')
);
#4211=(
BOUNDED_CURVE()
B_SPLINE_CURVE(1,(#11016,#11017),.UNSPECIFIED.,.F.,.F.)
B_SPLINE_CURVE_WITH_KNOTS((2,2),(2.,3.8),.UNSPECIFIED.)
CURVE()
GEOMETRIC_REPRESENTATION_ITEM()
RATIONAL_B_SPLINE_CURVE((1.,1.))
REPRESENTATION_ITEM('')
);
#4212=(
BOUNDED_CURVE()
B_SPLINE_CURVE(1,(#11021,#11022),.UNSPECIFIED.,.F.,.F.)
B_SPLINE_CURVE_WITH_KNOTS((2,2),(2.,3.8),.UNSPECIFIED.)
CURVE()
GEOMETRIC_REPRESENTATION_ITEM()
RATIONAL_B_SPLINE_CURVE((1.,1.))
REPRESENTATION_ITEM('')
);
#4213=(
BOUNDED_CURVE()
B_SPLINE_CURVE(1,(#11026,#11027),.UNSPECIFIED.,.F.,.F.)
B_SPLINE_CURVE_WITH_KNOTS((2,2),(2.,3.8),.UNSPECIFIED.)
CURVE()
GEOMETRIC_REPRESENTATION_ITEM()
RATIONAL_B_SPLINE_CURVE((1.,1.))
REPRESENTATION_ITEM('')
);
#4214=(
BOUNDED_CURVE()
B_SPLINE_CURVE(1,(#11031,#11032),.UNSPECIFIED.,.F.,.F.)
B_SPLINE_CURVE_WITH_KNOTS((2,2),(2.,3.8),.UNSPECIFIED.)
CURVE()
GEOMETRIC_REPRESENTATION_ITEM()
RATIONAL_B_SPLINE_CURVE((1.,1.))
REPRESENTATION_ITEM('')
);
#4215=(
BOUNDED_CURVE()
B_SPLINE_CURVE(1,(#11036,#11037),.UNSPECIFIED.,.F.,.F.)
B_SPLINE_CURVE_WITH_KNOTS((2,2),(2.,3.8),.UNSPECIFIED.)
CURVE()
GEOMETRIC_REPRESENTATION_ITEM()
RATIONAL_B_SPLINE_CURVE((1.,1.))
REPRESENTATION_ITEM('')
);
#4216=(
BOUNDED_CURVE()
B_SPLINE_CURVE(1,(#11041,#11042),.UNSPECIFIED.,.F.,.F.)
B_SPLINE_CURVE_WITH_KNOTS((2,2),(2.,3.8),.UNSPECIFIED.)
CURVE()
GEOMETRIC_REPRESENTATION_ITEM()
RATIONAL_B_SPLINE_CURVE((1.,1.))
REPRESENTATION_ITEM('')
);
#4217=(
BOUNDED_CURVE()
B_SPLINE_CURVE(1,(#11046,#11047),.UNSPECIFIED.,.F.,.F.)
B_SPLINE_CURVE_WITH_KNOTS((2,2),(2.,3.8),.UNSPECIFIED.)
CURVE()
GEOMETRIC_REPRESENTATION_ITEM()
RATIONAL_B_SPLINE_CURVE((1.,1.))
REPRESENTATION_ITEM('')
);
#4218=(
BOUNDED_CURVE()
B_SPLINE_CURVE(1,(#11051,#11052),.UNSPECIFIED.,.F.,.F.)
B_SPLINE_CURVE_WITH_KNOTS((2,2),(2.,3.8),.UNSPECIFIED.)
CURVE()
GEOMETRIC_REPRESENTATION_ITEM()
RATIONAL_B_SPLINE_CURVE((1.,1.))
REPRESENTATION_ITEM('')
);
#4219=(
BOUNDED_CURVE()
B_SPLINE_CURVE(1,(#11056,#11057),.UNSPECIFIED.,.F.,.F.)
B_SPLINE_CURVE_WITH_KNOTS((2,2),(2.,3.8),.UNSPECIFIED.)
CURVE()
GEOMETRIC_REPRESENTATION_ITEM()
RATIONAL_B_SPLINE_CURVE((1.,1.))
REPRESENTATION_ITEM('')
);
#4220=(
BOUNDED_CURVE()
B_SPLINE_CURVE(1,(#11061,#11062),.UNSPECIFIED.,.F.,.F.)
B_SPLINE_CURVE_WITH_KNOTS((2,2),(2.,3.8),.UNSPECIFIED.)
CURVE()
GEOMETRIC_REPRESENTATION_ITEM()
RATIONAL_B_SPLINE_CURVE((1.,1.))
REPRESENTATION_ITEM('')
);
#4221=(
BOUNDED_CURVE()
B_SPLINE_CURVE(1,(#11066,#11067),.UNSPECIFIED.,.F.,.F.)
B_SPLINE_CURVE_WITH_KNOTS((2,2),(2.,3.8),.UNSPECIFIED.)
CURVE()
GEOMETRIC_REPRESENTATION_ITEM()
RATIONAL_B_SPLINE_CURVE((1.,1.))
REPRESENTATION_ITEM('')
);
#4222=(
BOUNDED_CURVE()
B_SPLINE_CURVE(1,(#11071,#11072),.UNSPECIFIED.,.F.,.F.)
B_SPLINE_CURVE_WITH_KNOTS((2,2),(2.,3.8),.UNSPECIFIED.)
CURVE()
GEOMETRIC_REPRESENTATION_ITEM()
RATIONAL_B_SPLINE_CURVE((1.,1.))
REPRESENTATION_ITEM('')
);
#4223=(
BOUNDED_CURVE()
B_SPLINE_CURVE(1,(#11076,#11077),.UNSPECIFIED.,.F.,.F.)
B_SPLINE_CURVE_WITH_KNOTS((2,2),(2.,3.8),.UNSPECIFIED.)
CURVE()
GEOMETRIC_REPRESENTATION_ITEM()
RATIONAL_B_SPLINE_CURVE((1.,1.))
REPRESENTATION_ITEM('')
);
#4224=(
BOUNDED_CURVE()
B_SPLINE_CURVE(1,(#11081,#11082),.UNSPECIFIED.,.F.,.F.)
B_SPLINE_CURVE_WITH_KNOTS((2,2),(2.,3.8),.UNSPECIFIED.)
CURVE()
GEOMETRIC_REPRESENTATION_ITEM()
RATIONAL_B_SPLINE_CURVE((1.,1.))
REPRESENTATION_ITEM('')
);
#4225=(
BOUNDED_CURVE()
B_SPLINE_CURVE(1,(#11086,#11087),.UNSPECIFIED.,.F.,.F.)
B_SPLINE_CURVE_WITH_KNOTS((2,2),(2.,3.8),.UNSPECIFIED.)
CURVE()
GEOMETRIC_REPRESENTATION_ITEM()
RATIONAL_B_SPLINE_CURVE((1.,1.))
REPRESENTATION_ITEM('')
);
#4226=(
BOUNDED_CURVE()
B_SPLINE_CURVE(1,(#11091,#11092),.UNSPECIFIED.,.F.,.F.)
B_SPLINE_CURVE_WITH_KNOTS((2,2),(2.,3.8),.UNSPECIFIED.)
CURVE()
GEOMETRIC_REPRESENTATION_ITEM()
RATIONAL_B_SPLINE_CURVE((1.,1.))
REPRESENTATION_ITEM('')
);
#4227=(
BOUNDED_CURVE()
B_SPLINE_CURVE(1,(#11096,#11097),.UNSPECIFIED.,.F.,.F.)
B_SPLINE_CURVE_WITH_KNOTS((2,2),(2.,3.8),.UNSPECIFIED.)
CURVE()
GEOMETRIC_REPRESENTATION_ITEM()
RATIONAL_B_SPLINE_CURVE((1.,1.))
REPRESENTATION_ITEM('')
);
#4228=(
BOUNDED_CURVE()
B_SPLINE_CURVE(1,(#11101,#11102),.UNSPECIFIED.,.F.,.F.)
B_SPLINE_CURVE_WITH_KNOTS((2,2),(2.,3.8),.UNSPECIFIED.)
CURVE()
GEOMETRIC_REPRESENTATION_ITEM()
RATIONAL_B_SPLINE_CURVE((1.,1.))
REPRESENTATION_ITEM('')
);
#4229=(
BOUNDED_CURVE()
B_SPLINE_CURVE(1,(#11106,#11107),.UNSPECIFIED.,.F.,.F.)
B_SPLINE_CURVE_WITH_KNOTS((2,2),(2.,3.8),.UNSPECIFIED.)
CURVE()
GEOMETRIC_REPRESENTATION_ITEM()
RATIONAL_B_SPLINE_CURVE((1.,1.))
REPRESENTATION_ITEM('')
);
#4230=(
BOUNDED_CURVE()
B_SPLINE_CURVE(1,(#11111,#11112),.UNSPECIFIED.,.F.,.F.)
B_SPLINE_CURVE_WITH_KNOTS((2,2),(2.,3.8),.UNSPECIFIED.)
CURVE()
GEOMETRIC_REPRESENTATION_ITEM()
RATIONAL_B_SPLINE_CURVE((1.,1.))
REPRESENTATION_ITEM('')
);
#4231=(
BOUNDED_CURVE()
B_SPLINE_CURVE(1,(#11116,#11117),.UNSPECIFIED.,.F.,.F.)
B_SPLINE_CURVE_WITH_KNOTS((2,2),(2.,3.8),.UNSPECIFIED.)
CURVE()
GEOMETRIC_REPRESENTATION_ITEM()
RATIONAL_B_SPLINE_CURVE((1.,1.))
REPRESENTATION_ITEM('')
);
#4232=(
BOUNDED_CURVE()
B_SPLINE_CURVE(1,(#11121,#11122),.UNSPECIFIED.,.F.,.F.)
B_SPLINE_CURVE_WITH_KNOTS((2,2),(2.,3.8),.UNSPECIFIED.)
CURVE()
GEOMETRIC_REPRESENTATION_ITEM()
RATIONAL_B_SPLINE_CURVE((1.,1.))
REPRESENTATION_ITEM('')
);
#4233=(
BOUNDED_CURVE()
B_SPLINE_CURVE(1,(#11126,#11127),.UNSPECIFIED.,.F.,.F.)
B_SPLINE_CURVE_WITH_KNOTS((2,2),(2.,3.8),.UNSPECIFIED.)
CURVE()
GEOMETRIC_REPRESENTATION_ITEM()
RATIONAL_B_SPLINE_CURVE((1.,1.))
REPRESENTATION_ITEM('')
);
#4234=(
BOUNDED_CURVE()
B_SPLINE_CURVE(1,(#11131,#11132),.UNSPECIFIED.,.F.,.F.)
B_SPLINE_CURVE_WITH_KNOTS((2,2),(2.,3.8),.UNSPECIFIED.)
CURVE()
GEOMETRIC_REPRESENTATION_ITEM()
RATIONAL_B_SPLINE_CURVE((1.,1.))
REPRESENTATION_ITEM('')
);
#4235=(
BOUNDED_CURVE()
B_SPLINE_CURVE(1,(#11136,#11137),.UNSPECIFIED.,.F.,.F.)
B_SPLINE_CURVE_WITH_KNOTS((2,2),(2.,3.8),.UNSPECIFIED.)
CURVE()
GEOMETRIC_REPRESENTATION_ITEM()
RATIONAL_B_SPLINE_CURVE((1.,1.))
REPRESENTATION_ITEM('')
);
#4236=(
BOUNDED_CURVE()
B_SPLINE_CURVE(1,(#11141,#11142),.UNSPECIFIED.,.F.,.F.)
B_SPLINE_CURVE_WITH_KNOTS((2,2),(2.,3.8),.UNSPECIFIED.)
CURVE()
GEOMETRIC_REPRESENTATION_ITEM()
RATIONAL_B_SPLINE_CURVE((1.,1.))
REPRESENTATION_ITEM('')
);
#4237=(
BOUNDED_CURVE()
B_SPLINE_CURVE(1,(#11146,#11147),.UNSPECIFIED.,.F.,.F.)
B_SPLINE_CURVE_WITH_KNOTS((2,2),(2.,3.8),.UNSPECIFIED.)
CURVE()
GEOMETRIC_REPRESENTATION_ITEM()
RATIONAL_B_SPLINE_CURVE((1.,1.))
REPRESENTATION_ITEM('')
);
#4238=(
BOUNDED_CURVE()
B_SPLINE_CURVE(1,(#11151,#11152),.UNSPECIFIED.,.F.,.F.)
B_SPLINE_CURVE_WITH_KNOTS((2,2),(2.,3.8),.UNSPECIFIED.)
CURVE()
GEOMETRIC_REPRESENTATION_ITEM()
RATIONAL_B_SPLINE_CURVE((1.,1.))
REPRESENTATION_ITEM('')
);
#4239=(
BOUNDED_CURVE()
B_SPLINE_CURVE(1,(#11156,#11157),.UNSPECIFIED.,.F.,.F.)
B_SPLINE_CURVE_WITH_KNOTS((2,2),(2.,3.8),.UNSPECIFIED.)
CURVE()
GEOMETRIC_REPRESENTATION_ITEM()
RATIONAL_B_SPLINE_CURVE((1.,1.))
REPRESENTATION_ITEM('')
);
#4240=(
BOUNDED_CURVE()
B_SPLINE_CURVE(1,(#11161,#11162),.UNSPECIFIED.,.F.,.F.)
B_SPLINE_CURVE_WITH_KNOTS((2,2),(2.,3.8),.UNSPECIFIED.)
CURVE()
GEOMETRIC_REPRESENTATION_ITEM()
RATIONAL_B_SPLINE_CURVE((1.,1.))
REPRESENTATION_ITEM('')
);
#4241=(
BOUNDED_CURVE()
B_SPLINE_CURVE(1,(#11166,#11167),.UNSPECIFIED.,.F.,.F.)
B_SPLINE_CURVE_WITH_KNOTS((2,2),(2.,3.8),.UNSPECIFIED.)
CURVE()
GEOMETRIC_REPRESENTATION_ITEM()
RATIONAL_B_SPLINE_CURVE((1.,1.))
REPRESENTATION_ITEM('')
);
#4242=(
BOUNDED_CURVE()
B_SPLINE_CURVE(1,(#11171,#11172),.UNSPECIFIED.,.F.,.F.)
B_SPLINE_CURVE_WITH_KNOTS((2,2),(2.,3.8),.UNSPECIFIED.)
CURVE()
GEOMETRIC_REPRESENTATION_ITEM()
RATIONAL_B_SPLINE_CURVE((1.,1.))
REPRESENTATION_ITEM('')
);
#4243=(
BOUNDED_CURVE()
B_SPLINE_CURVE(1,(#11176,#11177),.UNSPECIFIED.,.F.,.F.)
B_SPLINE_CURVE_WITH_KNOTS((2,2),(2.,3.8),.UNSPECIFIED.)
CURVE()
GEOMETRIC_REPRESENTATION_ITEM()
RATIONAL_B_SPLINE_CURVE((1.,1.))
REPRESENTATION_ITEM('')
);
#4244=(
BOUNDED_CURVE()
B_SPLINE_CURVE(1,(#11181,#11182),.UNSPECIFIED.,.F.,.F.)
B_SPLINE_CURVE_WITH_KNOTS((2,2),(2.,3.8),.UNSPECIFIED.)
CURVE()
GEOMETRIC_REPRESENTATION_ITEM()
RATIONAL_B_SPLINE_CURVE((1.,1.))
REPRESENTATION_ITEM('')
);
#4245=(
BOUNDED_CURVE()
B_SPLINE_CURVE(1,(#11186,#11187),.UNSPECIFIED.,.F.,.F.)
B_SPLINE_CURVE_WITH_KNOTS((2,2),(2.,3.8),.UNSPECIFIED.)
CURVE()
GEOMETRIC_REPRESENTATION_ITEM()
RATIONAL_B_SPLINE_CURVE((1.,1.))
REPRESENTATION_ITEM('')
);
#4246=(
BOUNDED_CURVE()
B_SPLINE_CURVE(1,(#11191,#11192),.UNSPECIFIED.,.F.,.F.)
B_SPLINE_CURVE_WITH_KNOTS((2,2),(2.,3.8),.UNSPECIFIED.)
CURVE()
GEOMETRIC_REPRESENTATION_ITEM()
RATIONAL_B_SPLINE_CURVE((1.,1.))
REPRESENTATION_ITEM('')
);
#4247=(
BOUNDED_CURVE()
B_SPLINE_CURVE(1,(#11196,#11197),.UNSPECIFIED.,.F.,.F.)
B_SPLINE_CURVE_WITH_KNOTS((2,2),(2.,3.8),.UNSPECIFIED.)
CURVE()
GEOMETRIC_REPRESENTATION_ITEM()
RATIONAL_B_SPLINE_CURVE((1.,1.))
REPRESENTATION_ITEM('')
);
#4248=(
BOUNDED_CURVE()
B_SPLINE_CURVE(1,(#11201,#11202),.UNSPECIFIED.,.F.,.F.)
B_SPLINE_CURVE_WITH_KNOTS((2,2),(2.,3.8),.UNSPECIFIED.)
CURVE()
GEOMETRIC_REPRESENTATION_ITEM()
RATIONAL_B_SPLINE_CURVE((1.,1.))
REPRESENTATION_ITEM('')
);
#4249=(
BOUNDED_CURVE()
B_SPLINE_CURVE(1,(#11206,#11207),.UNSPECIFIED.,.F.,.F.)
B_SPLINE_CURVE_WITH_KNOTS((2,2),(2.,3.8),.UNSPECIFIED.)
CURVE()
GEOMETRIC_REPRESENTATION_ITEM()
RATIONAL_B_SPLINE_CURVE((1.,1.))
REPRESENTATION_ITEM('')
);
#4250=(
BOUNDED_CURVE()
B_SPLINE_CURVE(1,(#11211,#11212),.UNSPECIFIED.,.F.,.F.)
B_SPLINE_CURVE_WITH_KNOTS((2,2),(2.,3.8),.UNSPECIFIED.)
CURVE()
GEOMETRIC_REPRESENTATION_ITEM()
RATIONAL_B_SPLINE_CURVE((1.,1.))
REPRESENTATION_ITEM('')
);
#4251=(
BOUNDED_CURVE()
B_SPLINE_CURVE(1,(#11216,#11217),.UNSPECIFIED.,.F.,.F.)
B_SPLINE_CURVE_WITH_KNOTS((2,2),(2.,3.8),.UNSPECIFIED.)
CURVE()
GEOMETRIC_REPRESENTATION_ITEM()
RATIONAL_B_SPLINE_CURVE((1.,1.))
REPRESENTATION_ITEM('')
);
#4252=(
BOUNDED_CURVE()
B_SPLINE_CURVE(1,(#11221,#11222),.UNSPECIFIED.,.F.,.F.)
B_SPLINE_CURVE_WITH_KNOTS((2,2),(2.,3.8),.UNSPECIFIED.)
CURVE()
GEOMETRIC_REPRESENTATION_ITEM()
RATIONAL_B_SPLINE_CURVE((1.,1.))
REPRESENTATION_ITEM('')
);
#4253=(
BOUNDED_CURVE()
B_SPLINE_CURVE(1,(#11226,#11227),.UNSPECIFIED.,.F.,.F.)
B_SPLINE_CURVE_WITH_KNOTS((2,2),(2.,3.8),.UNSPECIFIED.)
CURVE()
GEOMETRIC_REPRESENTATION_ITEM()
RATIONAL_B_SPLINE_CURVE((1.,1.))
REPRESENTATION_ITEM('')
);
#4254=(
BOUNDED_CURVE()
B_SPLINE_CURVE(1,(#11231,#11232),.UNSPECIFIED.,.F.,.F.)
B_SPLINE_CURVE_WITH_KNOTS((2,2),(2.,3.8),.UNSPECIFIED.)
CURVE()
GEOMETRIC_REPRESENTATION_ITEM()
RATIONAL_B_SPLINE_CURVE((1.,1.))
REPRESENTATION_ITEM('')
);
#4255=(
BOUNDED_CURVE()
B_SPLINE_CURVE(1,(#11236,#11237),.UNSPECIFIED.,.F.,.F.)
B_SPLINE_CURVE_WITH_KNOTS((2,2),(2.,3.8),.UNSPECIFIED.)
CURVE()
GEOMETRIC_REPRESENTATION_ITEM()
RATIONAL_B_SPLINE_CURVE((1.,1.))
REPRESENTATION_ITEM('')
);
#4256=(
BOUNDED_CURVE()
B_SPLINE_CURVE(1,(#11241,#11242),.UNSPECIFIED.,.F.,.F.)
B_SPLINE_CURVE_WITH_KNOTS((2,2),(2.,3.8),.UNSPECIFIED.)
CURVE()
GEOMETRIC_REPRESENTATION_ITEM()
RATIONAL_B_SPLINE_CURVE((1.,1.))
REPRESENTATION_ITEM('')
);
#4257=(
BOUNDED_CURVE()
B_SPLINE_CURVE(1,(#11246,#11247),.UNSPECIFIED.,.F.,.F.)
B_SPLINE_CURVE_WITH_KNOTS((2,2),(2.,3.8),.UNSPECIFIED.)
CURVE()
GEOMETRIC_REPRESENTATION_ITEM()
RATIONAL_B_SPLINE_CURVE((1.,1.))
REPRESENTATION_ITEM('')
);
#4258=(
BOUNDED_CURVE()
B_SPLINE_CURVE(1,(#11251,#11252),.UNSPECIFIED.,.F.,.F.)
B_SPLINE_CURVE_WITH_KNOTS((2,2),(2.,3.8),.UNSPECIFIED.)
CURVE()
GEOMETRIC_REPRESENTATION_ITEM()
RATIONAL_B_SPLINE_CURVE((1.,1.))
REPRESENTATION_ITEM('')
);
#4259=(
BOUNDED_CURVE()
B_SPLINE_CURVE(1,(#11256,#11257),.UNSPECIFIED.,.F.,.F.)
B_SPLINE_CURVE_WITH_KNOTS((2,2),(2.,3.8),.UNSPECIFIED.)
CURVE()
GEOMETRIC_REPRESENTATION_ITEM()
RATIONAL_B_SPLINE_CURVE((1.,1.))
REPRESENTATION_ITEM('')
);
#4260=(
BOUNDED_CURVE()
B_SPLINE_CURVE(1,(#11261,#11262),.UNSPECIFIED.,.F.,.F.)
B_SPLINE_CURVE_WITH_KNOTS((2,2),(2.,3.8),.UNSPECIFIED.)
CURVE()
GEOMETRIC_REPRESENTATION_ITEM()
RATIONAL_B_SPLINE_CURVE((1.,1.))
REPRESENTATION_ITEM('')
);
#4261=(
BOUNDED_CURVE()
B_SPLINE_CURVE(1,(#11266,#11267),.UNSPECIFIED.,.F.,.F.)
B_SPLINE_CURVE_WITH_KNOTS((2,2),(2.,3.8),.UNSPECIFIED.)
CURVE()
GEOMETRIC_REPRESENTATION_ITEM()
RATIONAL_B_SPLINE_CURVE((1.,1.))
REPRESENTATION_ITEM('')
);
#4262=(
BOUNDED_CURVE()
B_SPLINE_CURVE(1,(#11271,#11272),.UNSPECIFIED.,.F.,.F.)
B_SPLINE_CURVE_WITH_KNOTS((2,2),(2.,3.8),.UNSPECIFIED.)
CURVE()
GEOMETRIC_REPRESENTATION_ITEM()
RATIONAL_B_SPLINE_CURVE((1.,1.))
REPRESENTATION_ITEM('')
);
#4263=(
BOUNDED_CURVE()
B_SPLINE_CURVE(1,(#11276,#11277),.UNSPECIFIED.,.F.,.F.)
B_SPLINE_CURVE_WITH_KNOTS((2,2),(2.,3.8),.UNSPECIFIED.)
CURVE()
GEOMETRIC_REPRESENTATION_ITEM()
RATIONAL_B_SPLINE_CURVE((1.,1.))
REPRESENTATION_ITEM('')
);
#4264=(
BOUNDED_CURVE()
B_SPLINE_CURVE(1,(#11281,#11282),.UNSPECIFIED.,.F.,.F.)
B_SPLINE_CURVE_WITH_KNOTS((2,2),(2.,3.8),.UNSPECIFIED.)
CURVE()
GEOMETRIC_REPRESENTATION_ITEM()
RATIONAL_B_SPLINE_CURVE((1.,1.))
REPRESENTATION_ITEM('')
);
#4265=(
BOUNDED_CURVE()
B_SPLINE_CURVE(1,(#11286,#11287),.UNSPECIFIED.,.F.,.F.)
B_SPLINE_CURVE_WITH_KNOTS((2,2),(2.,3.8),.UNSPECIFIED.)
CURVE()
GEOMETRIC_REPRESENTATION_ITEM()
RATIONAL_B_SPLINE_CURVE((1.,1.))
REPRESENTATION_ITEM('')
);
#4266=(
BOUNDED_CURVE()
B_SPLINE_CURVE(1,(#11291,#11292),.UNSPECIFIED.,.F.,.F.)
B_SPLINE_CURVE_WITH_KNOTS((2,2),(2.,3.8),.UNSPECIFIED.)
CURVE()
GEOMETRIC_REPRESENTATION_ITEM()
RATIONAL_B_SPLINE_CURVE((1.,1.))
REPRESENTATION_ITEM('')
);
#4267=(
BOUNDED_CURVE()
B_SPLINE_CURVE(1,(#11296,#11297),.UNSPECIFIED.,.F.,.F.)
B_SPLINE_CURVE_WITH_KNOTS((2,2),(2.,3.8),.UNSPECIFIED.)
CURVE()
GEOMETRIC_REPRESENTATION_ITEM()
RATIONAL_B_SPLINE_CURVE((1.,1.))
REPRESENTATION_ITEM('')
);
#4268=(
BOUNDED_CURVE()
B_SPLINE_CURVE(1,(#11298,#11299),.UNSPECIFIED.,.F.,.F.)
B_SPLINE_CURVE_WITH_KNOTS((2,2),(2.,3.8),.UNSPECIFIED.)
CURVE()
GEOMETRIC_REPRESENTATION_ITEM()
RATIONAL_B_SPLINE_CURVE((1.,1.))
REPRESENTATION_ITEM('')
);
#4269=(
BOUNDED_CURVE()
B_SPLINE_CURVE(1,(#11306,#11307),.UNSPECIFIED.,.F.,.F.)
B_SPLINE_CURVE_WITH_KNOTS((2,2),(2.,3.8),.UNSPECIFIED.)
CURVE()
GEOMETRIC_REPRESENTATION_ITEM()
RATIONAL_B_SPLINE_CURVE((1.,1.))
REPRESENTATION_ITEM('')
);
#4270=(
BOUNDED_CURVE()
B_SPLINE_CURVE(1,(#11314,#11315),.UNSPECIFIED.,.F.,.F.)
B_SPLINE_CURVE_WITH_KNOTS((2,2),(2.,3.8),.UNSPECIFIED.)
CURVE()
GEOMETRIC_REPRESENTATION_ITEM()
RATIONAL_B_SPLINE_CURVE((1.,1.))
REPRESENTATION_ITEM('')
);
#4271=(
BOUNDED_CURVE()
B_SPLINE_CURVE(1,(#11322,#11323),.UNSPECIFIED.,.F.,.F.)
B_SPLINE_CURVE_WITH_KNOTS((2,2),(2.,3.8),.UNSPECIFIED.)
CURVE()
GEOMETRIC_REPRESENTATION_ITEM()
RATIONAL_B_SPLINE_CURVE((1.,1.))
REPRESENTATION_ITEM('')
);
#4272=(
BOUNDED_CURVE()
B_SPLINE_CURVE(1,(#11330,#11331),.UNSPECIFIED.,.F.,.F.)
B_SPLINE_CURVE_WITH_KNOTS((2,2),(2.,3.8),.UNSPECIFIED.)
CURVE()
GEOMETRIC_REPRESENTATION_ITEM()
RATIONAL_B_SPLINE_CURVE((1.,1.))
REPRESENTATION_ITEM('')
);
#4273=(
BOUNDED_CURVE()
B_SPLINE_CURVE(1,(#11338,#11339),.UNSPECIFIED.,.F.,.F.)
B_SPLINE_CURVE_WITH_KNOTS((2,2),(2.,3.8),.UNSPECIFIED.)
CURVE()
GEOMETRIC_REPRESENTATION_ITEM()
RATIONAL_B_SPLINE_CURVE((1.,1.))
REPRESENTATION_ITEM('')
);
#4274=(
BOUNDED_CURVE()
B_SPLINE_CURVE(1,(#11346,#11347),.UNSPECIFIED.,.F.,.F.)
B_SPLINE_CURVE_WITH_KNOTS((2,2),(2.,3.8),.UNSPECIFIED.)
CURVE()
GEOMETRIC_REPRESENTATION_ITEM()
RATIONAL_B_SPLINE_CURVE((1.,1.))
REPRESENTATION_ITEM('')
);
#4275=(
BOUNDED_CURVE()
B_SPLINE_CURVE(1,(#11354,#11355),.UNSPECIFIED.,.F.,.F.)
B_SPLINE_CURVE_WITH_KNOTS((2,2),(2.,3.8),.UNSPECIFIED.)
CURVE()
GEOMETRIC_REPRESENTATION_ITEM()
RATIONAL_B_SPLINE_CURVE((1.,1.))
REPRESENTATION_ITEM('')
);
#4276=(
BOUNDED_CURVE()
B_SPLINE_CURVE(1,(#11362,#11363),.UNSPECIFIED.,.F.,.F.)
B_SPLINE_CURVE_WITH_KNOTS((2,2),(2.,3.8),.UNSPECIFIED.)
CURVE()
GEOMETRIC_REPRESENTATION_ITEM()
RATIONAL_B_SPLINE_CURVE((1.,1.))
REPRESENTATION_ITEM('')
);
#4277=(
BOUNDED_CURVE()
B_SPLINE_CURVE(1,(#11370,#11371),.UNSPECIFIED.,.F.,.F.)
B_SPLINE_CURVE_WITH_KNOTS((2,2),(2.,3.8),.UNSPECIFIED.)
CURVE()
GEOMETRIC_REPRESENTATION_ITEM()
RATIONAL_B_SPLINE_CURVE((1.,1.))
REPRESENTATION_ITEM('')
);
#4278=(
BOUNDED_CURVE()
B_SPLINE_CURVE(1,(#11378,#11379),.UNSPECIFIED.,.F.,.F.)
B_SPLINE_CURVE_WITH_KNOTS((2,2),(2.,3.8),.UNSPECIFIED.)
CURVE()
GEOMETRIC_REPRESENTATION_ITEM()
RATIONAL_B_SPLINE_CURVE((1.,1.))
REPRESENTATION_ITEM('')
);
#4279=(
BOUNDED_CURVE()
B_SPLINE_CURVE(1,(#11386,#11387),.UNSPECIFIED.,.F.,.F.)
B_SPLINE_CURVE_WITH_KNOTS((2,2),(2.,3.8),.UNSPECIFIED.)
CURVE()
GEOMETRIC_REPRESENTATION_ITEM()
RATIONAL_B_SPLINE_CURVE((1.,1.))
REPRESENTATION_ITEM('')
);
#4280=(
BOUNDED_CURVE()
B_SPLINE_CURVE(1,(#11394,#11395),.UNSPECIFIED.,.F.,.F.)
B_SPLINE_CURVE_WITH_KNOTS((2,2),(2.,3.8),.UNSPECIFIED.)
CURVE()
GEOMETRIC_REPRESENTATION_ITEM()
RATIONAL_B_SPLINE_CURVE((1.,1.))
REPRESENTATION_ITEM('')
);
#4281=(
BOUNDED_CURVE()
B_SPLINE_CURVE(1,(#11402,#11403),.UNSPECIFIED.,.F.,.F.)
B_SPLINE_CURVE_WITH_KNOTS((2,2),(2.,3.8),.UNSPECIFIED.)
CURVE()
GEOMETRIC_REPRESENTATION_ITEM()
RATIONAL_B_SPLINE_CURVE((1.,1.))
REPRESENTATION_ITEM('')
);
#4282=(
BOUNDED_CURVE()
B_SPLINE_CURVE(1,(#11410,#11411),.UNSPECIFIED.,.F.,.F.)
B_SPLINE_CURVE_WITH_KNOTS((2,2),(2.,3.8),.UNSPECIFIED.)
CURVE()
GEOMETRIC_REPRESENTATION_ITEM()
RATIONAL_B_SPLINE_CURVE((1.,1.))
REPRESENTATION_ITEM('')
);
#4283=(
BOUNDED_CURVE()
B_SPLINE_CURVE(1,(#11418,#11419),.UNSPECIFIED.,.F.,.F.)
B_SPLINE_CURVE_WITH_KNOTS((2,2),(2.,3.8),.UNSPECIFIED.)
CURVE()
GEOMETRIC_REPRESENTATION_ITEM()
RATIONAL_B_SPLINE_CURVE((1.,1.))
REPRESENTATION_ITEM('')
);
#4284=(
BOUNDED_CURVE()
B_SPLINE_CURVE(1,(#11426,#11427),.UNSPECIFIED.,.F.,.F.)
B_SPLINE_CURVE_WITH_KNOTS((2,2),(2.,3.8),.UNSPECIFIED.)
CURVE()
GEOMETRIC_REPRESENTATION_ITEM()
RATIONAL_B_SPLINE_CURVE((1.,1.))
REPRESENTATION_ITEM('')
);
#4285=(
BOUNDED_CURVE()
B_SPLINE_CURVE(1,(#11434,#11435),.UNSPECIFIED.,.F.,.F.)
B_SPLINE_CURVE_WITH_KNOTS((2,2),(2.,3.8),.UNSPECIFIED.)
CURVE()
GEOMETRIC_REPRESENTATION_ITEM()
RATIONAL_B_SPLINE_CURVE((1.,1.))
REPRESENTATION_ITEM('')
);
#4286=(
BOUNDED_CURVE()
B_SPLINE_CURVE(1,(#11442,#11443),.UNSPECIFIED.,.F.,.F.)
B_SPLINE_CURVE_WITH_KNOTS((2,2),(2.,3.8),.UNSPECIFIED.)
CURVE()
GEOMETRIC_REPRESENTATION_ITEM()
RATIONAL_B_SPLINE_CURVE((1.,1.))
REPRESENTATION_ITEM('')
);
#4287=(
BOUNDED_CURVE()
B_SPLINE_CURVE(1,(#11450,#11451),.UNSPECIFIED.,.F.,.F.)
B_SPLINE_CURVE_WITH_KNOTS((2,2),(2.,3.8),.UNSPECIFIED.)
CURVE()
GEOMETRIC_REPRESENTATION_ITEM()
RATIONAL_B_SPLINE_CURVE((1.,1.))
REPRESENTATION_ITEM('')
);
#4288=(
BOUNDED_CURVE()
B_SPLINE_CURVE(1,(#11458,#11459),.UNSPECIFIED.,.F.,.F.)
B_SPLINE_CURVE_WITH_KNOTS((2,2),(2.,3.8),.UNSPECIFIED.)
CURVE()
GEOMETRIC_REPRESENTATION_ITEM()
RATIONAL_B_SPLINE_CURVE((1.,1.))
REPRESENTATION_ITEM('')
);
#4289=(
BOUNDED_CURVE()
B_SPLINE_CURVE(1,(#11466,#11467),.UNSPECIFIED.,.F.,.F.)
B_SPLINE_CURVE_WITH_KNOTS((2,2),(2.,3.8),.UNSPECIFIED.)
CURVE()
GEOMETRIC_REPRESENTATION_ITEM()
RATIONAL_B_SPLINE_CURVE((1.,1.))
REPRESENTATION_ITEM('')
);
#4290=(
BOUNDED_CURVE()
B_SPLINE_CURVE(1,(#11474,#11475),.UNSPECIFIED.,.F.,.F.)
B_SPLINE_CURVE_WITH_KNOTS((2,2),(2.,3.8),.UNSPECIFIED.)
CURVE()
GEOMETRIC_REPRESENTATION_ITEM()
RATIONAL_B_SPLINE_CURVE((1.,1.))
REPRESENTATION_ITEM('')
);
#4291=(
BOUNDED_CURVE()
B_SPLINE_CURVE(1,(#11482,#11483),.UNSPECIFIED.,.F.,.F.)
B_SPLINE_CURVE_WITH_KNOTS((2,2),(2.,3.8),.UNSPECIFIED.)
CURVE()
GEOMETRIC_REPRESENTATION_ITEM()
RATIONAL_B_SPLINE_CURVE((1.,1.))
REPRESENTATION_ITEM('')
);
#4292=(
BOUNDED_CURVE()
B_SPLINE_CURVE(1,(#11490,#11491),.UNSPECIFIED.,.F.,.F.)
B_SPLINE_CURVE_WITH_KNOTS((2,2),(2.,3.8),.UNSPECIFIED.)
CURVE()
GEOMETRIC_REPRESENTATION_ITEM()
RATIONAL_B_SPLINE_CURVE((1.,1.))
REPRESENTATION_ITEM('')
);
#4293=(
BOUNDED_CURVE()
B_SPLINE_CURVE(1,(#11498,#11499),.UNSPECIFIED.,.F.,.F.)
B_SPLINE_CURVE_WITH_KNOTS((2,2),(2.,3.8),.UNSPECIFIED.)
CURVE()
GEOMETRIC_REPRESENTATION_ITEM()
RATIONAL_B_SPLINE_CURVE((1.,1.))
REPRESENTATION_ITEM('')
);
#4294=(
BOUNDED_CURVE()
B_SPLINE_CURVE(1,(#11506,#11507),.UNSPECIFIED.,.F.,.F.)
B_SPLINE_CURVE_WITH_KNOTS((2,2),(2.,3.8),.UNSPECIFIED.)
CURVE()
GEOMETRIC_REPRESENTATION_ITEM()
RATIONAL_B_SPLINE_CURVE((1.,1.))
REPRESENTATION_ITEM('')
);
#4295=(
BOUNDED_CURVE()
B_SPLINE_CURVE(1,(#11514,#11515),.UNSPECIFIED.,.F.,.F.)
B_SPLINE_CURVE_WITH_KNOTS((2,2),(2.,3.8),.UNSPECIFIED.)
CURVE()
GEOMETRIC_REPRESENTATION_ITEM()
RATIONAL_B_SPLINE_CURVE((1.,1.))
REPRESENTATION_ITEM('')
);
#4296=(
BOUNDED_CURVE()
B_SPLINE_CURVE(1,(#11522,#11523),.UNSPECIFIED.,.F.,.F.)
B_SPLINE_CURVE_WITH_KNOTS((2,2),(2.,3.8),.UNSPECIFIED.)
CURVE()
GEOMETRIC_REPRESENTATION_ITEM()
RATIONAL_B_SPLINE_CURVE((1.,1.))
REPRESENTATION_ITEM('')
);
#4297=(
BOUNDED_CURVE()
B_SPLINE_CURVE(1,(#11530,#11531),.UNSPECIFIED.,.F.,.F.)
B_SPLINE_CURVE_WITH_KNOTS((2,2),(2.,3.8),.UNSPECIFIED.)
CURVE()
GEOMETRIC_REPRESENTATION_ITEM()
RATIONAL_B_SPLINE_CURVE((1.,1.))
REPRESENTATION_ITEM('')
);
#4298=(
BOUNDED_CURVE()
B_SPLINE_CURVE(1,(#11538,#11539),.UNSPECIFIED.,.F.,.F.)
B_SPLINE_CURVE_WITH_KNOTS((2,2),(2.,3.8),.UNSPECIFIED.)
CURVE()
GEOMETRIC_REPRESENTATION_ITEM()
RATIONAL_B_SPLINE_CURVE((1.,1.))
REPRESENTATION_ITEM('')
);
#4299=(
BOUNDED_CURVE()
B_SPLINE_CURVE(1,(#11546,#11547),.UNSPECIFIED.,.F.,.F.)
B_SPLINE_CURVE_WITH_KNOTS((2,2),(2.,3.8),.UNSPECIFIED.)
CURVE()
GEOMETRIC_REPRESENTATION_ITEM()
RATIONAL_B_SPLINE_CURVE((1.,1.))
REPRESENTATION_ITEM('')
);
#4300=(
BOUNDED_CURVE()
B_SPLINE_CURVE(1,(#11554,#11555),.UNSPECIFIED.,.F.,.F.)
B_SPLINE_CURVE_WITH_KNOTS((2,2),(2.,3.8),.UNSPECIFIED.)
CURVE()
GEOMETRIC_REPRESENTATION_ITEM()
RATIONAL_B_SPLINE_CURVE((1.,1.))
REPRESENTATION_ITEM('')
);
#4301=(
BOUNDED_CURVE()
B_SPLINE_CURVE(1,(#11562,#11563),.UNSPECIFIED.,.F.,.F.)
B_SPLINE_CURVE_WITH_KNOTS((2,2),(2.,3.8),.UNSPECIFIED.)
CURVE()
GEOMETRIC_REPRESENTATION_ITEM()
RATIONAL_B_SPLINE_CURVE((1.,1.))
REPRESENTATION_ITEM('')
);
#4302=(
BOUNDED_CURVE()
B_SPLINE_CURVE(1,(#11570,#11571),.UNSPECIFIED.,.F.,.F.)
B_SPLINE_CURVE_WITH_KNOTS((2,2),(2.,3.8),.UNSPECIFIED.)
CURVE()
GEOMETRIC_REPRESENTATION_ITEM()
RATIONAL_B_SPLINE_CURVE((1.,1.))
REPRESENTATION_ITEM('')
);
#4303=(
BOUNDED_CURVE()
B_SPLINE_CURVE(1,(#11578,#11579),.UNSPECIFIED.,.F.,.F.)
B_SPLINE_CURVE_WITH_KNOTS((2,2),(2.,3.8),.UNSPECIFIED.)
CURVE()
GEOMETRIC_REPRESENTATION_ITEM()
RATIONAL_B_SPLINE_CURVE((1.,1.))
REPRESENTATION_ITEM('')
);
#4304=(
BOUNDED_CURVE()
B_SPLINE_CURVE(1,(#11586,#11587),.UNSPECIFIED.,.F.,.F.)
B_SPLINE_CURVE_WITH_KNOTS((2,2),(2.,3.8),.UNSPECIFIED.)
CURVE()
GEOMETRIC_REPRESENTATION_ITEM()
RATIONAL_B_SPLINE_CURVE((1.,1.))
REPRESENTATION_ITEM('')
);
#4305=(
BOUNDED_CURVE()
B_SPLINE_CURVE(1,(#11594,#11595),.UNSPECIFIED.,.F.,.F.)
B_SPLINE_CURVE_WITH_KNOTS((2,2),(2.,3.8),.UNSPECIFIED.)
CURVE()
GEOMETRIC_REPRESENTATION_ITEM()
RATIONAL_B_SPLINE_CURVE((1.,1.))
REPRESENTATION_ITEM('')
);
#4306=(
BOUNDED_CURVE()
B_SPLINE_CURVE(1,(#11602,#11603),.UNSPECIFIED.,.F.,.F.)
B_SPLINE_CURVE_WITH_KNOTS((2,2),(2.,3.8),.UNSPECIFIED.)
CURVE()
GEOMETRIC_REPRESENTATION_ITEM()
RATIONAL_B_SPLINE_CURVE((1.,1.))
REPRESENTATION_ITEM('')
);
#4307=(
BOUNDED_CURVE()
B_SPLINE_CURVE(1,(#11610,#11611),.UNSPECIFIED.,.F.,.F.)
B_SPLINE_CURVE_WITH_KNOTS((2,2),(2.,3.8),.UNSPECIFIED.)
CURVE()
GEOMETRIC_REPRESENTATION_ITEM()
RATIONAL_B_SPLINE_CURVE((1.,1.))
REPRESENTATION_ITEM('')
);
#4308=(
BOUNDED_CURVE()
B_SPLINE_CURVE(1,(#11618,#11619),.UNSPECIFIED.,.F.,.F.)
B_SPLINE_CURVE_WITH_KNOTS((2,2),(2.,3.8),.UNSPECIFIED.)
CURVE()
GEOMETRIC_REPRESENTATION_ITEM()
RATIONAL_B_SPLINE_CURVE((1.,1.))
REPRESENTATION_ITEM('')
);
#4309=(
BOUNDED_CURVE()
B_SPLINE_CURVE(1,(#11626,#11627),.UNSPECIFIED.,.F.,.F.)
B_SPLINE_CURVE_WITH_KNOTS((2,2),(2.,3.8),.UNSPECIFIED.)
CURVE()
GEOMETRIC_REPRESENTATION_ITEM()
RATIONAL_B_SPLINE_CURVE((1.,1.))
REPRESENTATION_ITEM('')
);
#4310=(
BOUNDED_CURVE()
B_SPLINE_CURVE(1,(#11634,#11635),.UNSPECIFIED.,.F.,.F.)
B_SPLINE_CURVE_WITH_KNOTS((2,2),(2.,3.8),.UNSPECIFIED.)
CURVE()
GEOMETRIC_REPRESENTATION_ITEM()
RATIONAL_B_SPLINE_CURVE((1.,1.))
REPRESENTATION_ITEM('')
);
#4311=(
BOUNDED_CURVE()
B_SPLINE_CURVE(1,(#11642,#11643),.UNSPECIFIED.,.F.,.F.)
B_SPLINE_CURVE_WITH_KNOTS((2,2),(2.,3.8),.UNSPECIFIED.)
CURVE()
GEOMETRIC_REPRESENTATION_ITEM()
RATIONAL_B_SPLINE_CURVE((1.,1.))
REPRESENTATION_ITEM('')
);
#4312=(
BOUNDED_CURVE()
B_SPLINE_CURVE(1,(#11650,#11651),.UNSPECIFIED.,.F.,.F.)
B_SPLINE_CURVE_WITH_KNOTS((2,2),(2.,3.8),.UNSPECIFIED.)
CURVE()
GEOMETRIC_REPRESENTATION_ITEM()
RATIONAL_B_SPLINE_CURVE((1.,1.))
REPRESENTATION_ITEM('')
);
#4313=(
BOUNDED_CURVE()
B_SPLINE_CURVE(1,(#11658,#11659),.UNSPECIFIED.,.F.,.F.)
B_SPLINE_CURVE_WITH_KNOTS((2,2),(2.,3.8),.UNSPECIFIED.)
CURVE()
GEOMETRIC_REPRESENTATION_ITEM()
RATIONAL_B_SPLINE_CURVE((1.,1.))
REPRESENTATION_ITEM('')
);
#4314=(
BOUNDED_CURVE()
B_SPLINE_CURVE(1,(#11666,#11667),.UNSPECIFIED.,.F.,.F.)
B_SPLINE_CURVE_WITH_KNOTS((2,2),(2.,3.8),.UNSPECIFIED.)
CURVE()
GEOMETRIC_REPRESENTATION_ITEM()
RATIONAL_B_SPLINE_CURVE((1.,1.))
REPRESENTATION_ITEM('')
);
#4315=(
BOUNDED_CURVE()
B_SPLINE_CURVE(1,(#11674,#11675),.UNSPECIFIED.,.F.,.F.)
B_SPLINE_CURVE_WITH_KNOTS((2,2),(2.,3.8),.UNSPECIFIED.)
CURVE()
GEOMETRIC_REPRESENTATION_ITEM()
RATIONAL_B_SPLINE_CURVE((1.,1.))
REPRESENTATION_ITEM('')
);
#4316=(
BOUNDED_CURVE()
B_SPLINE_CURVE(1,(#11682,#11683),.UNSPECIFIED.,.F.,.F.)
B_SPLINE_CURVE_WITH_KNOTS((2,2),(2.,3.8),.UNSPECIFIED.)
CURVE()
GEOMETRIC_REPRESENTATION_ITEM()
RATIONAL_B_SPLINE_CURVE((1.,1.))
REPRESENTATION_ITEM('')
);
#4317=(
BOUNDED_CURVE()
B_SPLINE_CURVE(1,(#11690,#11691),.UNSPECIFIED.,.F.,.F.)
B_SPLINE_CURVE_WITH_KNOTS((2,2),(2.,3.8),.UNSPECIFIED.)
CURVE()
GEOMETRIC_REPRESENTATION_ITEM()
RATIONAL_B_SPLINE_CURVE((1.,1.))
REPRESENTATION_ITEM('')
);
#4318=(
BOUNDED_CURVE()
B_SPLINE_CURVE(1,(#11698,#11699),.UNSPECIFIED.,.F.,.F.)
B_SPLINE_CURVE_WITH_KNOTS((2,2),(2.,3.8),.UNSPECIFIED.)
CURVE()
GEOMETRIC_REPRESENTATION_ITEM()
RATIONAL_B_SPLINE_CURVE((1.,1.))
REPRESENTATION_ITEM('')
);
#4319=(
BOUNDED_CURVE()
B_SPLINE_CURVE(1,(#11706,#11707),.UNSPECIFIED.,.F.,.F.)
B_SPLINE_CURVE_WITH_KNOTS((2,2),(2.,3.8),.UNSPECIFIED.)
CURVE()
GEOMETRIC_REPRESENTATION_ITEM()
RATIONAL_B_SPLINE_CURVE((1.,1.))
REPRESENTATION_ITEM('')
);
#4320=(
BOUNDED_CURVE()
B_SPLINE_CURVE(1,(#11714,#11715),.UNSPECIFIED.,.F.,.F.)
B_SPLINE_CURVE_WITH_KNOTS((2,2),(2.,3.8),.UNSPECIFIED.)
CURVE()
GEOMETRIC_REPRESENTATION_ITEM()
RATIONAL_B_SPLINE_CURVE((1.,1.))
REPRESENTATION_ITEM('')
);
#4321=(
BOUNDED_CURVE()
B_SPLINE_CURVE(1,(#11722,#11723),.UNSPECIFIED.,.F.,.F.)
B_SPLINE_CURVE_WITH_KNOTS((2,2),(2.,3.8),.UNSPECIFIED.)
CURVE()
GEOMETRIC_REPRESENTATION_ITEM()
RATIONAL_B_SPLINE_CURVE((1.,1.))
REPRESENTATION_ITEM('')
);
#4322=(
BOUNDED_CURVE()
B_SPLINE_CURVE(1,(#11730,#11731),.UNSPECIFIED.,.F.,.F.)
B_SPLINE_CURVE_WITH_KNOTS((2,2),(2.,3.8),.UNSPECIFIED.)
CURVE()
GEOMETRIC_REPRESENTATION_ITEM()
RATIONAL_B_SPLINE_CURVE((1.,1.))
REPRESENTATION_ITEM('')
);
#4323=(
BOUNDED_CURVE()
B_SPLINE_CURVE(1,(#11738,#11739),.UNSPECIFIED.,.F.,.F.)
B_SPLINE_CURVE_WITH_KNOTS((2,2),(2.,3.8),.UNSPECIFIED.)
CURVE()
GEOMETRIC_REPRESENTATION_ITEM()
RATIONAL_B_SPLINE_CURVE((1.,1.))
REPRESENTATION_ITEM('')
);
#4324=(
BOUNDED_CURVE()
B_SPLINE_CURVE(1,(#11746,#11747),.UNSPECIFIED.,.F.,.F.)
B_SPLINE_CURVE_WITH_KNOTS((2,2),(2.,3.8),.UNSPECIFIED.)
CURVE()
GEOMETRIC_REPRESENTATION_ITEM()
RATIONAL_B_SPLINE_CURVE((1.,1.))
REPRESENTATION_ITEM('')
);
#4325=(
BOUNDED_CURVE()
B_SPLINE_CURVE(1,(#11754,#11755),.UNSPECIFIED.,.F.,.F.)
B_SPLINE_CURVE_WITH_KNOTS((2,2),(2.,3.8),.UNSPECIFIED.)
CURVE()
GEOMETRIC_REPRESENTATION_ITEM()
RATIONAL_B_SPLINE_CURVE((1.,1.))
REPRESENTATION_ITEM('')
);
#4326=(
BOUNDED_CURVE()
B_SPLINE_CURVE(1,(#11762,#11763),.UNSPECIFIED.,.F.,.F.)
B_SPLINE_CURVE_WITH_KNOTS((2,2),(2.,3.8),.UNSPECIFIED.)
CURVE()
GEOMETRIC_REPRESENTATION_ITEM()
RATIONAL_B_SPLINE_CURVE((1.,1.))
REPRESENTATION_ITEM('')
);
#4327=(
BOUNDED_CURVE()
B_SPLINE_CURVE(1,(#11770,#11771),.UNSPECIFIED.,.F.,.F.)
B_SPLINE_CURVE_WITH_KNOTS((2,2),(2.,3.8),.UNSPECIFIED.)
CURVE()
GEOMETRIC_REPRESENTATION_ITEM()
RATIONAL_B_SPLINE_CURVE((1.,1.))
REPRESENTATION_ITEM('')
);
#4328=(
BOUNDED_CURVE()
B_SPLINE_CURVE(1,(#11778,#11779),.UNSPECIFIED.,.F.,.F.)
B_SPLINE_CURVE_WITH_KNOTS((2,2),(2.,3.8),.UNSPECIFIED.)
CURVE()
GEOMETRIC_REPRESENTATION_ITEM()
RATIONAL_B_SPLINE_CURVE((1.,1.))
REPRESENTATION_ITEM('')
);
#4329=(
BOUNDED_CURVE()
B_SPLINE_CURVE(1,(#11786,#11787),.UNSPECIFIED.,.F.,.F.)
B_SPLINE_CURVE_WITH_KNOTS((2,2),(2.,3.8),.UNSPECIFIED.)
CURVE()
GEOMETRIC_REPRESENTATION_ITEM()
RATIONAL_B_SPLINE_CURVE((1.,1.))
REPRESENTATION_ITEM('')
);
#4330=(
BOUNDED_CURVE()
B_SPLINE_CURVE(1,(#11794,#11795),.UNSPECIFIED.,.F.,.F.)
B_SPLINE_CURVE_WITH_KNOTS((2,2),(2.,3.8),.UNSPECIFIED.)
CURVE()
GEOMETRIC_REPRESENTATION_ITEM()
RATIONAL_B_SPLINE_CURVE((1.,1.))
REPRESENTATION_ITEM('')
);
#4331=(
BOUNDED_CURVE()
B_SPLINE_CURVE(1,(#11802,#11803),.UNSPECIFIED.,.F.,.F.)
B_SPLINE_CURVE_WITH_KNOTS((2,2),(2.,3.8),.UNSPECIFIED.)
CURVE()
GEOMETRIC_REPRESENTATION_ITEM()
RATIONAL_B_SPLINE_CURVE((1.,1.))
REPRESENTATION_ITEM('')
);
#4332=(
BOUNDED_CURVE()
B_SPLINE_CURVE(1,(#11810,#11811),.UNSPECIFIED.,.F.,.F.)
B_SPLINE_CURVE_WITH_KNOTS((2,2),(2.,3.8),.UNSPECIFIED.)
CURVE()
GEOMETRIC_REPRESENTATION_ITEM()
RATIONAL_B_SPLINE_CURVE((1.,1.))
REPRESENTATION_ITEM('')
);
#4333=(
BOUNDED_CURVE()
B_SPLINE_CURVE(1,(#11818,#11819),.UNSPECIFIED.,.F.,.F.)
B_SPLINE_CURVE_WITH_KNOTS((2,2),(2.,3.8),.UNSPECIFIED.)
CURVE()
GEOMETRIC_REPRESENTATION_ITEM()
RATIONAL_B_SPLINE_CURVE((1.,1.))
REPRESENTATION_ITEM('')
);
#4334=(
BOUNDED_CURVE()
B_SPLINE_CURVE(1,(#11826,#11827),.UNSPECIFIED.,.F.,.F.)
B_SPLINE_CURVE_WITH_KNOTS((2,2),(2.,3.8),.UNSPECIFIED.)
CURVE()
GEOMETRIC_REPRESENTATION_ITEM()
RATIONAL_B_SPLINE_CURVE((1.,1.))
REPRESENTATION_ITEM('')
);
#4335=(
BOUNDED_CURVE()
B_SPLINE_CURVE(1,(#11834,#11835),.UNSPECIFIED.,.F.,.F.)
B_SPLINE_CURVE_WITH_KNOTS((2,2),(2.,3.8),.UNSPECIFIED.)
CURVE()
GEOMETRIC_REPRESENTATION_ITEM()
RATIONAL_B_SPLINE_CURVE((1.,1.))
REPRESENTATION_ITEM('')
);
#4336=(
BOUNDED_CURVE()
B_SPLINE_CURVE(1,(#11842,#11843),.UNSPECIFIED.,.F.,.F.)
B_SPLINE_CURVE_WITH_KNOTS((2,2),(2.,3.8),.UNSPECIFIED.)
CURVE()
GEOMETRIC_REPRESENTATION_ITEM()
RATIONAL_B_SPLINE_CURVE((1.,1.))
REPRESENTATION_ITEM('')
);
#4337=(
BOUNDED_CURVE()
B_SPLINE_CURVE(1,(#11850,#11851),.UNSPECIFIED.,.F.,.F.)
B_SPLINE_CURVE_WITH_KNOTS((2,2),(2.,3.8),.UNSPECIFIED.)
CURVE()
GEOMETRIC_REPRESENTATION_ITEM()
RATIONAL_B_SPLINE_CURVE((1.,1.))
REPRESENTATION_ITEM('')
);
#4338=(
BOUNDED_CURVE()
B_SPLINE_CURVE(1,(#11858,#11859),.UNSPECIFIED.,.F.,.F.)
B_SPLINE_CURVE_WITH_KNOTS((2,2),(2.,3.8),.UNSPECIFIED.)
CURVE()
GEOMETRIC_REPRESENTATION_ITEM()
RATIONAL_B_SPLINE_CURVE((1.,1.))
REPRESENTATION_ITEM('')
);
#4339=(
BOUNDED_CURVE()
B_SPLINE_CURVE(1,(#11866,#11867),.UNSPECIFIED.,.F.,.F.)
B_SPLINE_CURVE_WITH_KNOTS((2,2),(2.,3.8),.UNSPECIFIED.)
CURVE()
GEOMETRIC_REPRESENTATION_ITEM()
RATIONAL_B_SPLINE_CURVE((1.,1.))
REPRESENTATION_ITEM('')
);
#4340=(
BOUNDED_CURVE()
B_SPLINE_CURVE(1,(#11874,#11875),.UNSPECIFIED.,.F.,.F.)
B_SPLINE_CURVE_WITH_KNOTS((2,2),(2.,3.8),.UNSPECIFIED.)
CURVE()
GEOMETRIC_REPRESENTATION_ITEM()
RATIONAL_B_SPLINE_CURVE((1.,1.))
REPRESENTATION_ITEM('')
);
#4341=(
BOUNDED_CURVE()
B_SPLINE_CURVE(1,(#11882,#11883),.UNSPECIFIED.,.F.,.F.)
B_SPLINE_CURVE_WITH_KNOTS((2,2),(2.,3.8),.UNSPECIFIED.)
CURVE()
GEOMETRIC_REPRESENTATION_ITEM()
RATIONAL_B_SPLINE_CURVE((1.,1.))
REPRESENTATION_ITEM('')
);
#4342=(
BOUNDED_CURVE()
B_SPLINE_CURVE(1,(#11890,#11891),.UNSPECIFIED.,.F.,.F.)
B_SPLINE_CURVE_WITH_KNOTS((2,2),(2.,3.8),.UNSPECIFIED.)
CURVE()
GEOMETRIC_REPRESENTATION_ITEM()
RATIONAL_B_SPLINE_CURVE((1.,1.))
REPRESENTATION_ITEM('')
);
#4343=(
BOUNDED_CURVE()
B_SPLINE_CURVE(1,(#11898,#11899),.UNSPECIFIED.,.F.,.F.)
B_SPLINE_CURVE_WITH_KNOTS((2,2),(2.,3.8),.UNSPECIFIED.)
CURVE()
GEOMETRIC_REPRESENTATION_ITEM()
RATIONAL_B_SPLINE_CURVE((1.,1.))
REPRESENTATION_ITEM('')
);
#4344=(
BOUNDED_CURVE()
B_SPLINE_CURVE(1,(#11906,#11907),.UNSPECIFIED.,.F.,.F.)
B_SPLINE_CURVE_WITH_KNOTS((2,2),(2.,3.8),.UNSPECIFIED.)
CURVE()
GEOMETRIC_REPRESENTATION_ITEM()
RATIONAL_B_SPLINE_CURVE((1.,1.))
REPRESENTATION_ITEM('')
);
#4345=(
BOUNDED_CURVE()
B_SPLINE_CURVE(1,(#11914,#11915),.UNSPECIFIED.,.F.,.F.)
B_SPLINE_CURVE_WITH_KNOTS((2,2),(2.,3.8),.UNSPECIFIED.)
CURVE()
GEOMETRIC_REPRESENTATION_ITEM()
RATIONAL_B_SPLINE_CURVE((1.,1.))
REPRESENTATION_ITEM('')
);
#4346=(
BOUNDED_CURVE()
B_SPLINE_CURVE(1,(#11922,#11923),.UNSPECIFIED.,.F.,.F.)
B_SPLINE_CURVE_WITH_KNOTS((2,2),(2.,3.8),.UNSPECIFIED.)
CURVE()
GEOMETRIC_REPRESENTATION_ITEM()
RATIONAL_B_SPLINE_CURVE((1.,1.))
REPRESENTATION_ITEM('')
);
#4347=(
BOUNDED_CURVE()
B_SPLINE_CURVE(1,(#11930,#11931),.UNSPECIFIED.,.F.,.F.)
B_SPLINE_CURVE_WITH_KNOTS((2,2),(2.,3.8),.UNSPECIFIED.)
CURVE()
GEOMETRIC_REPRESENTATION_ITEM()
RATIONAL_B_SPLINE_CURVE((1.,1.))
REPRESENTATION_ITEM('')
);
#4348=(
BOUNDED_CURVE()
B_SPLINE_CURVE(1,(#11938,#11939),.UNSPECIFIED.,.F.,.F.)
B_SPLINE_CURVE_WITH_KNOTS((2,2),(2.,3.8),.UNSPECIFIED.)
CURVE()
GEOMETRIC_REPRESENTATION_ITEM()
RATIONAL_B_SPLINE_CURVE((1.,1.))
REPRESENTATION_ITEM('')
);
#4349=(
BOUNDED_CURVE()
B_SPLINE_CURVE(1,(#11946,#11947),.UNSPECIFIED.,.F.,.F.)
B_SPLINE_CURVE_WITH_KNOTS((2,2),(2.,3.8),.UNSPECIFIED.)
CURVE()
GEOMETRIC_REPRESENTATION_ITEM()
RATIONAL_B_SPLINE_CURVE((1.,1.))
REPRESENTATION_ITEM('')
);
#4350=(
BOUNDED_CURVE()
B_SPLINE_CURVE(1,(#11954,#11955),.UNSPECIFIED.,.F.,.F.)
B_SPLINE_CURVE_WITH_KNOTS((2,2),(2.,3.8),.UNSPECIFIED.)
CURVE()
GEOMETRIC_REPRESENTATION_ITEM()
RATIONAL_B_SPLINE_CURVE((1.,1.))
REPRESENTATION_ITEM('')
);
#4351=(
BOUNDED_CURVE()
B_SPLINE_CURVE(1,(#11962,#11963),.UNSPECIFIED.,.F.,.F.)
B_SPLINE_CURVE_WITH_KNOTS((2,2),(2.,3.8),.UNSPECIFIED.)
CURVE()
GEOMETRIC_REPRESENTATION_ITEM()
RATIONAL_B_SPLINE_CURVE((1.,1.))
REPRESENTATION_ITEM('')
);
#4352=(
BOUNDED_CURVE()
B_SPLINE_CURVE(1,(#11970,#11971),.UNSPECIFIED.,.F.,.F.)
B_SPLINE_CURVE_WITH_KNOTS((2,2),(2.,3.8),.UNSPECIFIED.)
CURVE()
GEOMETRIC_REPRESENTATION_ITEM()
RATIONAL_B_SPLINE_CURVE((1.,1.))
REPRESENTATION_ITEM('')
);
#4353=(
BOUNDED_CURVE()
B_SPLINE_CURVE(1,(#11978,#11979),.UNSPECIFIED.,.F.,.F.)
B_SPLINE_CURVE_WITH_KNOTS((2,2),(2.,3.8),.UNSPECIFIED.)
CURVE()
GEOMETRIC_REPRESENTATION_ITEM()
RATIONAL_B_SPLINE_CURVE((1.,1.))
REPRESENTATION_ITEM('')
);
#4354=(
BOUNDED_CURVE()
B_SPLINE_CURVE(1,(#11986,#11987),.UNSPECIFIED.,.F.,.F.)
B_SPLINE_CURVE_WITH_KNOTS((2,2),(2.,3.8),.UNSPECIFIED.)
CURVE()
GEOMETRIC_REPRESENTATION_ITEM()
RATIONAL_B_SPLINE_CURVE((1.,1.))
REPRESENTATION_ITEM('')
);
#4355=(
BOUNDED_CURVE()
B_SPLINE_CURVE(1,(#11994,#11995),.UNSPECIFIED.,.F.,.F.)
B_SPLINE_CURVE_WITH_KNOTS((2,2),(2.,3.8),.UNSPECIFIED.)
CURVE()
GEOMETRIC_REPRESENTATION_ITEM()
RATIONAL_B_SPLINE_CURVE((1.,1.))
REPRESENTATION_ITEM('')
);
#4356=(
BOUNDED_CURVE()
B_SPLINE_CURVE(1,(#12002,#12003),.UNSPECIFIED.,.F.,.F.)
B_SPLINE_CURVE_WITH_KNOTS((2,2),(2.,3.8),.UNSPECIFIED.)
CURVE()
GEOMETRIC_REPRESENTATION_ITEM()
RATIONAL_B_SPLINE_CURVE((1.,1.))
REPRESENTATION_ITEM('')
);
#4357=(
BOUNDED_CURVE()
B_SPLINE_CURVE(1,(#12010,#12011),.UNSPECIFIED.,.F.,.F.)
B_SPLINE_CURVE_WITH_KNOTS((2,2),(2.,3.8),.UNSPECIFIED.)
CURVE()
GEOMETRIC_REPRESENTATION_ITEM()
RATIONAL_B_SPLINE_CURVE((1.,1.))
REPRESENTATION_ITEM('')
);
#4358=(
BOUNDED_CURVE()
B_SPLINE_CURVE(1,(#12018,#12019),.UNSPECIFIED.,.F.,.F.)
B_SPLINE_CURVE_WITH_KNOTS((2,2),(2.,3.8),.UNSPECIFIED.)
CURVE()
GEOMETRIC_REPRESENTATION_ITEM()
RATIONAL_B_SPLINE_CURVE((1.,1.))
REPRESENTATION_ITEM('')
);
#4359=(
BOUNDED_CURVE()
B_SPLINE_CURVE(1,(#12026,#12027),.UNSPECIFIED.,.F.,.F.)
B_SPLINE_CURVE_WITH_KNOTS((2,2),(2.,3.8),.UNSPECIFIED.)
CURVE()
GEOMETRIC_REPRESENTATION_ITEM()
RATIONAL_B_SPLINE_CURVE((1.,1.))
REPRESENTATION_ITEM('')
);
#4360=(
BOUNDED_CURVE()
B_SPLINE_CURVE(1,(#12034,#12035),.UNSPECIFIED.,.F.,.F.)
B_SPLINE_CURVE_WITH_KNOTS((2,2),(2.,3.8),.UNSPECIFIED.)
CURVE()
GEOMETRIC_REPRESENTATION_ITEM()
RATIONAL_B_SPLINE_CURVE((1.,1.))
REPRESENTATION_ITEM('')
);
#4361=(
BOUNDED_CURVE()
B_SPLINE_CURVE(1,(#12042,#12043),.UNSPECIFIED.,.F.,.F.)
B_SPLINE_CURVE_WITH_KNOTS((2,2),(2.,3.8),.UNSPECIFIED.)
CURVE()
GEOMETRIC_REPRESENTATION_ITEM()
RATIONAL_B_SPLINE_CURVE((1.,1.))
REPRESENTATION_ITEM('')
);
#4362=(
BOUNDED_CURVE()
B_SPLINE_CURVE(1,(#12050,#12051),.UNSPECIFIED.,.F.,.F.)
B_SPLINE_CURVE_WITH_KNOTS((2,2),(2.,3.8),.UNSPECIFIED.)
CURVE()
GEOMETRIC_REPRESENTATION_ITEM()
RATIONAL_B_SPLINE_CURVE((1.,1.))
REPRESENTATION_ITEM('')
);
#4363=(
BOUNDED_CURVE()
B_SPLINE_CURVE(1,(#12058,#12059),.UNSPECIFIED.,.F.,.F.)
B_SPLINE_CURVE_WITH_KNOTS((2,2),(2.,3.8),.UNSPECIFIED.)
CURVE()
GEOMETRIC_REPRESENTATION_ITEM()
RATIONAL_B_SPLINE_CURVE((1.,1.))
REPRESENTATION_ITEM('')
);
#4364=(
BOUNDED_CURVE()
B_SPLINE_CURVE(1,(#12066,#12067),.UNSPECIFIED.,.F.,.F.)
B_SPLINE_CURVE_WITH_KNOTS((2,2),(2.,3.8),.UNSPECIFIED.)
CURVE()
GEOMETRIC_REPRESENTATION_ITEM()
RATIONAL_B_SPLINE_CURVE((1.,1.))
REPRESENTATION_ITEM('')
);
#4365=(
BOUNDED_CURVE()
B_SPLINE_CURVE(1,(#12074,#12075),.UNSPECIFIED.,.F.,.F.)
B_SPLINE_CURVE_WITH_KNOTS((2,2),(2.,3.8),.UNSPECIFIED.)
CURVE()
GEOMETRIC_REPRESENTATION_ITEM()
RATIONAL_B_SPLINE_CURVE((1.,1.))
REPRESENTATION_ITEM('')
);
#4366=(
BOUNDED_CURVE()
B_SPLINE_CURVE(1,(#12082,#12083),.UNSPECIFIED.,.F.,.F.)
B_SPLINE_CURVE_WITH_KNOTS((2,2),(2.,3.8),.UNSPECIFIED.)
CURVE()
GEOMETRIC_REPRESENTATION_ITEM()
RATIONAL_B_SPLINE_CURVE((1.,1.))
REPRESENTATION_ITEM('')
);
#4367=(
BOUNDED_CURVE()
B_SPLINE_CURVE(1,(#12090,#12091),.UNSPECIFIED.,.F.,.F.)
B_SPLINE_CURVE_WITH_KNOTS((2,2),(2.,3.8),.UNSPECIFIED.)
CURVE()
GEOMETRIC_REPRESENTATION_ITEM()
RATIONAL_B_SPLINE_CURVE((1.,1.))
REPRESENTATION_ITEM('')
);
#4368=(
BOUNDED_CURVE()
B_SPLINE_CURVE(1,(#12098,#12099),.UNSPECIFIED.,.F.,.F.)
B_SPLINE_CURVE_WITH_KNOTS((2,2),(2.,3.8),.UNSPECIFIED.)
CURVE()
GEOMETRIC_REPRESENTATION_ITEM()
RATIONAL_B_SPLINE_CURVE((1.,1.))
REPRESENTATION_ITEM('')
);
#4369=(
BOUNDED_CURVE()
B_SPLINE_CURVE(1,(#12106,#12107),.UNSPECIFIED.,.F.,.F.)
B_SPLINE_CURVE_WITH_KNOTS((2,2),(2.,3.8),.UNSPECIFIED.)
CURVE()
GEOMETRIC_REPRESENTATION_ITEM()
RATIONAL_B_SPLINE_CURVE((1.,1.))
REPRESENTATION_ITEM('')
);
#4370=(
BOUNDED_CURVE()
B_SPLINE_CURVE(1,(#12114,#12115),.UNSPECIFIED.,.F.,.F.)
B_SPLINE_CURVE_WITH_KNOTS((2,2),(2.,3.8),.UNSPECIFIED.)
CURVE()
GEOMETRIC_REPRESENTATION_ITEM()
RATIONAL_B_SPLINE_CURVE((1.,1.))
REPRESENTATION_ITEM('')
);
#4371=(
BOUNDED_CURVE()
B_SPLINE_CURVE(1,(#12122,#12123),.UNSPECIFIED.,.F.,.F.)
B_SPLINE_CURVE_WITH_KNOTS((2,2),(2.,3.8),.UNSPECIFIED.)
CURVE()
GEOMETRIC_REPRESENTATION_ITEM()
RATIONAL_B_SPLINE_CURVE((1.,1.))
REPRESENTATION_ITEM('')
);
#4372=(
BOUNDED_CURVE()
B_SPLINE_CURVE(1,(#12130,#12131),.UNSPECIFIED.,.F.,.F.)
B_SPLINE_CURVE_WITH_KNOTS((2,2),(2.,3.8),.UNSPECIFIED.)
CURVE()
GEOMETRIC_REPRESENTATION_ITEM()
RATIONAL_B_SPLINE_CURVE((1.,1.))
REPRESENTATION_ITEM('')
);
#4373=(
BOUNDED_CURVE()
B_SPLINE_CURVE(1,(#12138,#12139),.UNSPECIFIED.,.F.,.F.)
B_SPLINE_CURVE_WITH_KNOTS((2,2),(2.,3.8),.UNSPECIFIED.)
CURVE()
GEOMETRIC_REPRESENTATION_ITEM()
RATIONAL_B_SPLINE_CURVE((1.,1.))
REPRESENTATION_ITEM('')
);
#4374=(
BOUNDED_CURVE()
B_SPLINE_CURVE(1,(#12146,#12147),.UNSPECIFIED.,.F.,.F.)
B_SPLINE_CURVE_WITH_KNOTS((2,2),(2.,3.8),.UNSPECIFIED.)
CURVE()
GEOMETRIC_REPRESENTATION_ITEM()
RATIONAL_B_SPLINE_CURVE((1.,1.))
REPRESENTATION_ITEM('')
);
#4375=(
BOUNDED_CURVE()
B_SPLINE_CURVE(1,(#12154,#12155),.UNSPECIFIED.,.F.,.F.)
B_SPLINE_CURVE_WITH_KNOTS((2,2),(2.,3.8),.UNSPECIFIED.)
CURVE()
GEOMETRIC_REPRESENTATION_ITEM()
RATIONAL_B_SPLINE_CURVE((1.,1.))
REPRESENTATION_ITEM('')
);
#4376=(
BOUNDED_CURVE()
B_SPLINE_CURVE(1,(#12162,#12163),.UNSPECIFIED.,.F.,.F.)
B_SPLINE_CURVE_WITH_KNOTS((2,2),(2.,3.8),.UNSPECIFIED.)
CURVE()
GEOMETRIC_REPRESENTATION_ITEM()
RATIONAL_B_SPLINE_CURVE((1.,1.))
REPRESENTATION_ITEM('')
);
#4377=(
BOUNDED_CURVE()
B_SPLINE_CURVE(1,(#12170,#12171),.UNSPECIFIED.,.F.,.F.)
B_SPLINE_CURVE_WITH_KNOTS((2,2),(2.,3.8),.UNSPECIFIED.)
CURVE()
GEOMETRIC_REPRESENTATION_ITEM()
RATIONAL_B_SPLINE_CURVE((1.,1.))
REPRESENTATION_ITEM('')
);
#4378=(
BOUNDED_CURVE()
B_SPLINE_CURVE(1,(#12178,#12179),.UNSPECIFIED.,.F.,.F.)
B_SPLINE_CURVE_WITH_KNOTS((2,2),(2.,3.8),.UNSPECIFIED.)
CURVE()
GEOMETRIC_REPRESENTATION_ITEM()
RATIONAL_B_SPLINE_CURVE((1.,1.))
REPRESENTATION_ITEM('')
);
#4379=(
BOUNDED_CURVE()
B_SPLINE_CURVE(1,(#12186,#12187),.UNSPECIFIED.,.F.,.F.)
B_SPLINE_CURVE_WITH_KNOTS((2,2),(2.,3.8),.UNSPECIFIED.)
CURVE()
GEOMETRIC_REPRESENTATION_ITEM()
RATIONAL_B_SPLINE_CURVE((1.,1.))
REPRESENTATION_ITEM('')
);
#4380=(
BOUNDED_CURVE()
B_SPLINE_CURVE(1,(#12194,#12195),.UNSPECIFIED.,.F.,.F.)
B_SPLINE_CURVE_WITH_KNOTS((2,2),(2.,3.8),.UNSPECIFIED.)
CURVE()
GEOMETRIC_REPRESENTATION_ITEM()
RATIONAL_B_SPLINE_CURVE((1.,1.))
REPRESENTATION_ITEM('')
);
#4381=(
BOUNDED_CURVE()
B_SPLINE_CURVE(1,(#12202,#12203),.UNSPECIFIED.,.F.,.F.)
B_SPLINE_CURVE_WITH_KNOTS((2,2),(2.,3.8),.UNSPECIFIED.)
CURVE()
GEOMETRIC_REPRESENTATION_ITEM()
RATIONAL_B_SPLINE_CURVE((1.,1.))
REPRESENTATION_ITEM('')
);
#4382=(
BOUNDED_CURVE()
B_SPLINE_CURVE(1,(#12210,#12211),.UNSPECIFIED.,.F.,.F.)
B_SPLINE_CURVE_WITH_KNOTS((2,2),(2.,3.8),.UNSPECIFIED.)
CURVE()
GEOMETRIC_REPRESENTATION_ITEM()
RATIONAL_B_SPLINE_CURVE((1.,1.))
REPRESENTATION_ITEM('')
);
#4383=(
BOUNDED_CURVE()
B_SPLINE_CURVE(1,(#12218,#12219),.UNSPECIFIED.,.F.,.F.)
B_SPLINE_CURVE_WITH_KNOTS((2,2),(2.,3.8),.UNSPECIFIED.)
CURVE()
GEOMETRIC_REPRESENTATION_ITEM()
RATIONAL_B_SPLINE_CURVE((1.,1.))
REPRESENTATION_ITEM('')
);
#4384=(
BOUNDED_CURVE()
B_SPLINE_CURVE(1,(#12226,#12227),.UNSPECIFIED.,.F.,.F.)
B_SPLINE_CURVE_WITH_KNOTS((2,2),(2.,3.8),.UNSPECIFIED.)
CURVE()
GEOMETRIC_REPRESENTATION_ITEM()
RATIONAL_B_SPLINE_CURVE((1.,1.))
REPRESENTATION_ITEM('')
);
#4385=(
BOUNDED_CURVE()
B_SPLINE_CURVE(1,(#12234,#12235),.UNSPECIFIED.,.F.,.F.)
B_SPLINE_CURVE_WITH_KNOTS((2,2),(2.,3.8),.UNSPECIFIED.)
CURVE()
GEOMETRIC_REPRESENTATION_ITEM()
RATIONAL_B_SPLINE_CURVE((1.,1.))
REPRESENTATION_ITEM('')
);
#4386=(
BOUNDED_CURVE()
B_SPLINE_CURVE(1,(#12242,#12243),.UNSPECIFIED.,.F.,.F.)
B_SPLINE_CURVE_WITH_KNOTS((2,2),(2.,3.8),.UNSPECIFIED.)
CURVE()
GEOMETRIC_REPRESENTATION_ITEM()
RATIONAL_B_SPLINE_CURVE((1.,1.))
REPRESENTATION_ITEM('')
);
#4387=(
BOUNDED_CURVE()
B_SPLINE_CURVE(1,(#12250,#12251),.UNSPECIFIED.,.F.,.F.)
B_SPLINE_CURVE_WITH_KNOTS((2,2),(2.,3.8),.UNSPECIFIED.)
CURVE()
GEOMETRIC_REPRESENTATION_ITEM()
RATIONAL_B_SPLINE_CURVE((1.,1.))
REPRESENTATION_ITEM('')
);
#4388=(
BOUNDED_CURVE()
B_SPLINE_CURVE(1,(#12258,#12259),.UNSPECIFIED.,.F.,.F.)
B_SPLINE_CURVE_WITH_KNOTS((2,2),(2.,3.8),.UNSPECIFIED.)
CURVE()
GEOMETRIC_REPRESENTATION_ITEM()
RATIONAL_B_SPLINE_CURVE((1.,1.))
REPRESENTATION_ITEM('')
);
#4389=(
BOUNDED_CURVE()
B_SPLINE_CURVE(1,(#12266,#12267),.UNSPECIFIED.,.F.,.F.)
B_SPLINE_CURVE_WITH_KNOTS((2,2),(2.,3.8),.UNSPECIFIED.)
CURVE()
GEOMETRIC_REPRESENTATION_ITEM()
RATIONAL_B_SPLINE_CURVE((1.,1.))
REPRESENTATION_ITEM('')
);
#4390=(
BOUNDED_CURVE()
B_SPLINE_CURVE(1,(#12274,#12275),.UNSPECIFIED.,.F.,.F.)
B_SPLINE_CURVE_WITH_KNOTS((2,2),(2.,3.8),.UNSPECIFIED.)
CURVE()
GEOMETRIC_REPRESENTATION_ITEM()
RATIONAL_B_SPLINE_CURVE((1.,1.))
REPRESENTATION_ITEM('')
);
#4391=(
BOUNDED_CURVE()
B_SPLINE_CURVE(1,(#12282,#12283),.UNSPECIFIED.,.F.,.F.)
B_SPLINE_CURVE_WITH_KNOTS((2,2),(2.,3.8),.UNSPECIFIED.)
CURVE()
GEOMETRIC_REPRESENTATION_ITEM()
RATIONAL_B_SPLINE_CURVE((1.,1.))
REPRESENTATION_ITEM('')
);
#4392=(
BOUNDED_CURVE()
B_SPLINE_CURVE(1,(#12290,#12291),.UNSPECIFIED.,.F.,.F.)
B_SPLINE_CURVE_WITH_KNOTS((2,2),(2.,3.8),.UNSPECIFIED.)
CURVE()
GEOMETRIC_REPRESENTATION_ITEM()
RATIONAL_B_SPLINE_CURVE((1.,1.))
REPRESENTATION_ITEM('')
);
#4393=(
BOUNDED_CURVE()
B_SPLINE_CURVE(1,(#12298,#12299),.UNSPECIFIED.,.F.,.F.)
B_SPLINE_CURVE_WITH_KNOTS((2,2),(2.,3.8),.UNSPECIFIED.)
CURVE()
GEOMETRIC_REPRESENTATION_ITEM()
RATIONAL_B_SPLINE_CURVE((1.,1.))
REPRESENTATION_ITEM('')
);
#4394=(
BOUNDED_CURVE()
B_SPLINE_CURVE(1,(#12306,#12307),.UNSPECIFIED.,.F.,.F.)
B_SPLINE_CURVE_WITH_KNOTS((2,2),(2.,3.8),.UNSPECIFIED.)
CURVE()
GEOMETRIC_REPRESENTATION_ITEM()
RATIONAL_B_SPLINE_CURVE((1.,1.))
REPRESENTATION_ITEM('')
);
#4395=(
BOUNDED_CURVE()
B_SPLINE_CURVE(1,(#12314,#12315),.UNSPECIFIED.,.F.,.F.)
B_SPLINE_CURVE_WITH_KNOTS((2,2),(2.,3.8),.UNSPECIFIED.)
CURVE()
GEOMETRIC_REPRESENTATION_ITEM()
RATIONAL_B_SPLINE_CURVE((1.,1.))
REPRESENTATION_ITEM('')
);
#4396=(
BOUNDED_CURVE()
B_SPLINE_CURVE(1,(#12322,#12323),.UNSPECIFIED.,.F.,.F.)
B_SPLINE_CURVE_WITH_KNOTS((2,2),(2.,3.8),.UNSPECIFIED.)
CURVE()
GEOMETRIC_REPRESENTATION_ITEM()
RATIONAL_B_SPLINE_CURVE((1.,1.))
REPRESENTATION_ITEM('')
);
#4397=(
BOUNDED_CURVE()
B_SPLINE_CURVE(1,(#12330,#12331),.UNSPECIFIED.,.F.,.F.)
B_SPLINE_CURVE_WITH_KNOTS((2,2),(2.,3.8),.UNSPECIFIED.)
CURVE()
GEOMETRIC_REPRESENTATION_ITEM()
RATIONAL_B_SPLINE_CURVE((1.,1.))
REPRESENTATION_ITEM('')
);
#4398=(
BOUNDED_CURVE()
B_SPLINE_CURVE(1,(#12338,#12339),.UNSPECIFIED.,.F.,.F.)
B_SPLINE_CURVE_WITH_KNOTS((2,2),(2.,3.8),.UNSPECIFIED.)
CURVE()
GEOMETRIC_REPRESENTATION_ITEM()
RATIONAL_B_SPLINE_CURVE((1.,1.))
REPRESENTATION_ITEM('')
);
#4399=(
BOUNDED_CURVE()
B_SPLINE_CURVE(1,(#12346,#12347),.UNSPECIFIED.,.F.,.F.)
B_SPLINE_CURVE_WITH_KNOTS((2,2),(2.,3.8),.UNSPECIFIED.)
CURVE()
GEOMETRIC_REPRESENTATION_ITEM()
RATIONAL_B_SPLINE_CURVE((1.,1.))
REPRESENTATION_ITEM('')
);
#4400=(
BOUNDED_CURVE()
B_SPLINE_CURVE(1,(#12354,#12355),.UNSPECIFIED.,.F.,.F.)
B_SPLINE_CURVE_WITH_KNOTS((2,2),(2.,3.8),.UNSPECIFIED.)
CURVE()
GEOMETRIC_REPRESENTATION_ITEM()
RATIONAL_B_SPLINE_CURVE((1.,1.))
REPRESENTATION_ITEM('')
);
#4401=(
BOUNDED_CURVE()
B_SPLINE_CURVE(1,(#12362,#12363),.UNSPECIFIED.,.F.,.F.)
B_SPLINE_CURVE_WITH_KNOTS((2,2),(2.,3.8),.UNSPECIFIED.)
CURVE()
GEOMETRIC_REPRESENTATION_ITEM()
RATIONAL_B_SPLINE_CURVE((1.,1.))
REPRESENTATION_ITEM('')
);
#4402=(
BOUNDED_CURVE()
B_SPLINE_CURVE(1,(#12370,#12371),.UNSPECIFIED.,.F.,.F.)
B_SPLINE_CURVE_WITH_KNOTS((2,2),(2.,3.8),.UNSPECIFIED.)
CURVE()
GEOMETRIC_REPRESENTATION_ITEM()
RATIONAL_B_SPLINE_CURVE((1.,1.))
REPRESENTATION_ITEM('')
);
#4403=(
BOUNDED_CURVE()
B_SPLINE_CURVE(1,(#12378,#12379),.UNSPECIFIED.,.F.,.F.)
B_SPLINE_CURVE_WITH_KNOTS((2,2),(2.,3.8),.UNSPECIFIED.)
CURVE()
GEOMETRIC_REPRESENTATION_ITEM()
RATIONAL_B_SPLINE_CURVE((1.,1.))
REPRESENTATION_ITEM('')
);
#4404=(
BOUNDED_CURVE()
B_SPLINE_CURVE(1,(#12386,#12387),.UNSPECIFIED.,.F.,.F.)
B_SPLINE_CURVE_WITH_KNOTS((2,2),(2.,3.8),.UNSPECIFIED.)
CURVE()
GEOMETRIC_REPRESENTATION_ITEM()
RATIONAL_B_SPLINE_CURVE((1.,1.))
REPRESENTATION_ITEM('')
);
#4405=(
BOUNDED_CURVE()
B_SPLINE_CURVE(1,(#12394,#12395),.UNSPECIFIED.,.F.,.F.)
B_SPLINE_CURVE_WITH_KNOTS((2,2),(2.,3.8),.UNSPECIFIED.)
CURVE()
GEOMETRIC_REPRESENTATION_ITEM()
RATIONAL_B_SPLINE_CURVE((1.,1.))
REPRESENTATION_ITEM('')
);
#4406=(
BOUNDED_CURVE()
B_SPLINE_CURVE(1,(#12402,#12403),.UNSPECIFIED.,.F.,.F.)
B_SPLINE_CURVE_WITH_KNOTS((2,2),(2.,3.8),.UNSPECIFIED.)
CURVE()
GEOMETRIC_REPRESENTATION_ITEM()
RATIONAL_B_SPLINE_CURVE((1.,1.))
REPRESENTATION_ITEM('')
);
#4407=(
BOUNDED_CURVE()
B_SPLINE_CURVE(1,(#12410,#12411),.UNSPECIFIED.,.F.,.F.)
B_SPLINE_CURVE_WITH_KNOTS((2,2),(2.,3.8),.UNSPECIFIED.)
CURVE()
GEOMETRIC_REPRESENTATION_ITEM()
RATIONAL_B_SPLINE_CURVE((1.,1.))
REPRESENTATION_ITEM('')
);
#4408=B_SPLINE_CURVE_WITH_KNOTS('',1,(#10574,#10575),.UNSPECIFIED.,.F.,
 .F.,(2,2),(0.,154.),.UNSPECIFIED.);
#4409=B_SPLINE_CURVE_WITH_KNOTS('',1,(#10576,#10577),.UNSPECIFIED.,.F.,
 .F.,(2,2),(0.,2.),.UNSPECIFIED.);
#4410=B_SPLINE_CURVE_WITH_KNOTS('',1,(#10578,#10579),.UNSPECIFIED.,.F.,
 .F.,(2,2),(0.,154.),.UNSPECIFIED.);
#4411=B_SPLINE_CURVE_WITH_KNOTS('',1,(#10580,#10581),.UNSPECIFIED.,.F.,
 .F.,(2,2),(0.,2.),.UNSPECIFIED.);
#4412=B_SPLINE_CURVE_WITH_KNOTS('',1,(#10582,#10583),.UNSPECIFIED.,.F.,
 .F.,(2,2),(154.,264.),.UNSPECIFIED.);
#4413=B_SPLINE_CURVE_WITH_KNOTS('',1,(#10584,#10585),.UNSPECIFIED.,.F.,
 .F.,(2,2),(0.,2.),.UNSPECIFIED.);
#4414=B_SPLINE_CURVE_WITH_KNOTS('',1,(#10586,#10587),.UNSPECIFIED.,.F.,
 .F.,(2,2),(154.,264.),.UNSPECIFIED.);
#4415=B_SPLINE_CURVE_WITH_KNOTS('',1,(#10588,#10589),.UNSPECIFIED.,.F.,
 .F.,(2,2),(264.,418.),.UNSPECIFIED.);
#4416=B_SPLINE_CURVE_WITH_KNOTS('',1,(#10590,#10591),.UNSPECIFIED.,.F.,
 .F.,(2,2),(0.,2.),.UNSPECIFIED.);
#4417=B_SPLINE_CURVE_WITH_KNOTS('',1,(#10592,#10593),.UNSPECIFIED.,.F.,
 .F.,(2,2),(264.,418.),.UNSPECIFIED.);
#4418=B_SPLINE_CURVE_WITH_KNOTS('',1,(#10594,#10595),.UNSPECIFIED.,.F.,
 .F.,(2,2),(418.,528.),.UNSPECIFIED.);
#4419=B_SPLINE_CURVE_WITH_KNOTS('',1,(#10596,#10597),.UNSPECIFIED.,.F.,
 .F.,(2,2),(418.,528.),.UNSPECIFIED.);
#4420=TRIMMED_CURVE($,#4980,(#10155),(#10156),.T.,.CARTESIAN.);
#4421=TRIMMED_CURVE($,#4981,(#10158),(#10159),.T.,.CARTESIAN.);
#4422=TRIMMED_CURVE($,#4982,(#10161),(#10162),.T.,.CARTESIAN.);
#4423=TRIMMED_CURVE($,#4983,(#10164),(#10165),.T.,.CARTESIAN.);
#4424=TRIMMED_CURVE($,#4984,(#10167),(#10168),.T.,.CARTESIAN.);
#4425=TRIMMED_CURVE($,#4985,(#10170),(#10171),.T.,.CARTESIAN.);
#4426=TRIMMED_CURVE($,#4986,(#10173),(#10174),.T.,.CARTESIAN.);
#4427=TRIMMED_CURVE($,#4987,(#10176),(#10177),.T.,.CARTESIAN.);
#4428=TRIMMED_CURVE($,#4988,(#10179),(#10180),.T.,.CARTESIAN.);
#4429=TRIMMED_CURVE($,#4989,(#10182),(#10183),.T.,.CARTESIAN.);
#4430=TRIMMED_CURVE($,#4990,(#10185),(#10186),.T.,.CARTESIAN.);
#4431=TRIMMED_CURVE($,#4991,(#10188),(#10189),.T.,.CARTESIAN.);
#4432=TRIMMED_CURVE($,#4992,(#10191),(#10192),.T.,.CARTESIAN.);
#4433=TRIMMED_CURVE($,#4993,(#10194),(#10195),.T.,.CARTESIAN.);
#4434=TRIMMED_CURVE($,#4994,(#10197),(#10198),.T.,.CARTESIAN.);
#4435=TRIMMED_CURVE($,#4995,(#10200),(#10201),.T.,.CARTESIAN.);
#4436=TRIMMED_CURVE($,#4996,(#10203),(#10204),.T.,.CARTESIAN.);
#4437=TRIMMED_CURVE($,#4997,(#10206),(#10207),.T.,.CARTESIAN.);
#4438=TRIMMED_CURVE($,#4998,(#10209),(#10210),.T.,.CARTESIAN.);
#4439=TRIMMED_CURVE($,#4999,(#10212),(#10213),.T.,.CARTESIAN.);
#4440=TRIMMED_CURVE($,#5000,(#10215),(#10216),.T.,.CARTESIAN.);
#4441=TRIMMED_CURVE($,#5001,(#10218),(#10219),.T.,.CARTESIAN.);
#4442=TRIMMED_CURVE($,#5002,(#10221),(#10222),.T.,.CARTESIAN.);
#4443=TRIMMED_CURVE($,#5003,(#10224),(#10225),.T.,.CARTESIAN.);
#4444=TRIMMED_CURVE($,#5004,(#10227),(#10228),.T.,.CARTESIAN.);
#4445=TRIMMED_CURVE($,#5005,(#10230),(#10231),.T.,.CARTESIAN.);
#4446=TRIMMED_CURVE($,#5006,(#10233),(#10234),.T.,.CARTESIAN.);
#4447=TRIMMED_CURVE($,#5007,(#10236),(#10237),.T.,.CARTESIAN.);
#4448=TRIMMED_CURVE($,#5008,(#10239),(#10240),.T.,.CARTESIAN.);
#4449=TRIMMED_CURVE($,#5009,(#10242),(#10243),.T.,.CARTESIAN.);
#4450=TRIMMED_CURVE($,#5010,(#10245),(#10246),.T.,.CARTESIAN.);
#4451=TRIMMED_CURVE($,#5011,(#10248),(#10249),.T.,.CARTESIAN.);
#4452=TRIMMED_CURVE($,#5012,(#10251),(#10252),.T.,.CARTESIAN.);
#4453=TRIMMED_CURVE($,#5013,(#10254),(#10255),.T.,.CARTESIAN.);
#4454=TRIMMED_CURVE($,#5014,(#10257),(#10258),.T.,.CARTESIAN.);
#4455=TRIMMED_CURVE($,#5015,(#10260),(#10261),.T.,.CARTESIAN.);
#4456=TRIMMED_CURVE($,#5016,(#10263),(#10264),.T.,.CARTESIAN.);
#4457=TRIMMED_CURVE($,#5017,(#10266),(#10267),.T.,.CARTESIAN.);
#4458=TRIMMED_CURVE($,#5018,(#10269),(#10270),.T.,.CARTESIAN.);
#4459=TRIMMED_CURVE($,#5019,(#10272),(#10273),.T.,.CARTESIAN.);
#4460=TRIMMED_CURVE($,#5020,(#10275),(#10276),.T.,.CARTESIAN.);
#4461=TRIMMED_CURVE($,#5021,(#10278),(#10279),.T.,.CARTESIAN.);
#4462=TRIMMED_CURVE($,#5022,(#10281),(#10282),.T.,.CARTESIAN.);
#4463=TRIMMED_CURVE($,#5023,(#10284),(#10285),.T.,.CARTESIAN.);
#4464=TRIMMED_CURVE($,#5024,(#10287),(#10288),.T.,.CARTESIAN.);
#4465=TRIMMED_CURVE($,#5025,(#10290),(#10291),.T.,.CARTESIAN.);
#4466=TRIMMED_CURVE($,#5026,(#10293),(#10294),.T.,.CARTESIAN.);
#4467=TRIMMED_CURVE($,#5027,(#10296),(#10297),.T.,.CARTESIAN.);
#4468=TRIMMED_CURVE($,#5028,(#10299),(#10300),.T.,.CARTESIAN.);
#4469=TRIMMED_CURVE($,#5029,(#10302),(#10303),.T.,.CARTESIAN.);
#4470=TRIMMED_CURVE($,#5030,(#10305),(#10306),.T.,.CARTESIAN.);
#4471=TRIMMED_CURVE($,#5031,(#10308),(#10309),.T.,.CARTESIAN.);
#4472=TRIMMED_CURVE($,#5032,(#10311),(#10312),.T.,.CARTESIAN.);
#4473=TRIMMED_CURVE($,#5033,(#10314),(#10315),.T.,.CARTESIAN.);
#4474=TRIMMED_CURVE($,#5034,(#10317),(#10318),.T.,.CARTESIAN.);
#4475=TRIMMED_CURVE($,#5035,(#10320),(#10321),.T.,.CARTESIAN.);
#4476=TRIMMED_CURVE($,#5036,(#10323),(#10324),.T.,.CARTESIAN.);
#4477=TRIMMED_CURVE($,#5037,(#10326),(#10327),.T.,.CARTESIAN.);
#4478=TRIMMED_CURVE($,#5038,(#10329),(#10330),.T.,.CARTESIAN.);
#4479=TRIMMED_CURVE($,#5039,(#10332),(#10333),.T.,.CARTESIAN.);
#4480=TRIMMED_CURVE($,#5040,(#10335),(#10336),.T.,.CARTESIAN.);
#4481=TRIMMED_CURVE($,#5041,(#10338),(#10339),.T.,.CARTESIAN.);
#4482=TRIMMED_CURVE($,#5042,(#10341),(#10342),.T.,.CARTESIAN.);
#4483=TRIMMED_CURVE($,#5043,(#10344),(#10345),.T.,.CARTESIAN.);
#4484=TRIMMED_CURVE($,#5044,(#10347),(#10348),.T.,.CARTESIAN.);
#4485=TRIMMED_CURVE($,#5045,(#10350),(#10351),.T.,.CARTESIAN.);
#4486=TRIMMED_CURVE($,#5046,(#10353),(#10354),.T.,.CARTESIAN.);
#4487=TRIMMED_CURVE($,#5047,(#10356),(#10357),.T.,.CARTESIAN.);
#4488=TRIMMED_CURVE($,#5048,(#10359),(#10360),.T.,.CARTESIAN.);
#4489=TRIMMED_CURVE($,#5049,(#10362),(#10363),.T.,.CARTESIAN.);
#4490=TRIMMED_CURVE($,#5050,(#10365),(#10366),.T.,.CARTESIAN.);
#4491=TRIMMED_CURVE($,#5051,(#10368),(#10369),.T.,.CARTESIAN.);
#4492=TRIMMED_CURVE($,#5052,(#10371),(#10372),.T.,.CARTESIAN.);
#4493=TRIMMED_CURVE($,#5053,(#10374),(#10375),.T.,.CARTESIAN.);
#4494=TRIMMED_CURVE($,#5054,(#10377),(#10378),.T.,.CARTESIAN.);
#4495=TRIMMED_CURVE($,#5055,(#10380),(#10381),.T.,.CARTESIAN.);
#4496=TRIMMED_CURVE($,#5056,(#10383),(#10384),.T.,.CARTESIAN.);
#4497=TRIMMED_CURVE($,#5057,(#10386),(#10387),.T.,.CARTESIAN.);
#4498=TRIMMED_CURVE($,#5058,(#10389),(#10390),.T.,.CARTESIAN.);
#4499=TRIMMED_CURVE($,#5059,(#10392),(#10393),.T.,.CARTESIAN.);
#4500=TRIMMED_CURVE($,#5060,(#10395),(#10396),.T.,.CARTESIAN.);
#4501=TRIMMED_CURVE($,#5061,(#10398),(#10399),.T.,.CARTESIAN.);
#4502=TRIMMED_CURVE($,#5062,(#10401),(#10402),.T.,.CARTESIAN.);
#4503=TRIMMED_CURVE($,#5063,(#10404),(#10405),.T.,.CARTESIAN.);
#4504=TRIMMED_CURVE($,#5064,(#10407),(#10408),.T.,.CARTESIAN.);
#4505=TRIMMED_CURVE($,#5065,(#10410),(#10411),.T.,.CARTESIAN.);
#4506=TRIMMED_CURVE($,#5066,(#10413),(#10414),.T.,.CARTESIAN.);
#4507=TRIMMED_CURVE($,#5067,(#10416),(#10417),.T.,.CARTESIAN.);
#4508=TRIMMED_CURVE($,#5068,(#10419),(#10420),.T.,.CARTESIAN.);
#4509=TRIMMED_CURVE($,#5069,(#10422),(#10423),.T.,.CARTESIAN.);
#4510=TRIMMED_CURVE($,#5070,(#10425),(#10426),.T.,.CARTESIAN.);
#4511=TRIMMED_CURVE($,#5071,(#10428),(#10429),.T.,.CARTESIAN.);
#4512=TRIMMED_CURVE($,#5072,(#10431),(#10432),.T.,.CARTESIAN.);
#4513=TRIMMED_CURVE($,#5073,(#10434),(#10435),.T.,.CARTESIAN.);
#4514=TRIMMED_CURVE($,#5074,(#10437),(#10438),.T.,.CARTESIAN.);
#4515=TRIMMED_CURVE($,#5075,(#10440),(#10441),.T.,.CARTESIAN.);
#4516=TRIMMED_CURVE($,#5076,(#10443),(#10444),.T.,.CARTESIAN.);
#4517=TRIMMED_CURVE($,#5077,(#10446),(#10447),.T.,.CARTESIAN.);
#4518=TRIMMED_CURVE($,#5078,(#10449),(#10450),.T.,.CARTESIAN.);
#4519=TRIMMED_CURVE($,#5079,(#10452),(#10453),.T.,.CARTESIAN.);
#4520=TRIMMED_CURVE($,#5080,(#10455),(#10456),.T.,.CARTESIAN.);
#4521=TRIMMED_CURVE($,#5081,(#10458),(#10459),.T.,.CARTESIAN.);
#4522=TRIMMED_CURVE($,#5082,(#10461),(#10462),.T.,.CARTESIAN.);
#4523=TRIMMED_CURVE($,#5083,(#10464),(#10465),.T.,.CARTESIAN.);
#4524=TRIMMED_CURVE($,#5084,(#10467),(#10468),.T.,.CARTESIAN.);
#4525=TRIMMED_CURVE($,#5085,(#10470),(#10471),.T.,.CARTESIAN.);
#4526=TRIMMED_CURVE($,#5086,(#10473),(#10474),.T.,.CARTESIAN.);
#4527=TRIMMED_CURVE($,#5087,(#10476),(#10477),.T.,.CARTESIAN.);
#4528=TRIMMED_CURVE($,#5088,(#10479),(#10480),.T.,.CARTESIAN.);
#4529=TRIMMED_CURVE($,#5089,(#10482),(#10483),.T.,.CARTESIAN.);
#4530=TRIMMED_CURVE($,#5090,(#10485),(#10486),.T.,.CARTESIAN.);
#4531=TRIMMED_CURVE($,#5091,(#10488),(#10489),.T.,.CARTESIAN.);
#4532=TRIMMED_CURVE($,#5092,(#10491),(#10492),.T.,.CARTESIAN.);
#4533=TRIMMED_CURVE($,#5093,(#10494),(#10495),.T.,.CARTESIAN.);
#4534=TRIMMED_CURVE($,#5094,(#10497),(#10498),.T.,.CARTESIAN.);
#4535=TRIMMED_CURVE($,#5095,(#10500),(#10501),.T.,.CARTESIAN.);
#4536=TRIMMED_CURVE($,#5096,(#10503),(#10504),.T.,.CARTESIAN.);
#4537=TRIMMED_CURVE($,#5097,(#10506),(#10507),.T.,.CARTESIAN.);
#4538=TRIMMED_CURVE($,#5098,(#10509),(#10510),.T.,.CARTESIAN.);
#4539=TRIMMED_CURVE($,#5099,(#10512),(#10513),.T.,.CARTESIAN.);
#4540=TRIMMED_CURVE($,#5100,(#10515),(#10516),.T.,.CARTESIAN.);
#4541=TRIMMED_CURVE($,#5101,(#10518),(#10519),.T.,.CARTESIAN.);
#4542=TRIMMED_CURVE($,#5102,(#10521),(#10522),.T.,.CARTESIAN.);
#4543=TRIMMED_CURVE($,#5103,(#10524),(#10525),.T.,.CARTESIAN.);
#4544=TRIMMED_CURVE($,#5104,(#10527),(#10528),.T.,.CARTESIAN.);
#4545=TRIMMED_CURVE($,#5105,(#10530),(#10531),.T.,.CARTESIAN.);
#4546=TRIMMED_CURVE($,#5106,(#10533),(#10534),.T.,.CARTESIAN.);
#4547=TRIMMED_CURVE($,#5107,(#10536),(#10537),.T.,.CARTESIAN.);
#4548=TRIMMED_CURVE($,#5108,(#10539),(#10540),.T.,.CARTESIAN.);
#4549=TRIMMED_CURVE($,#5109,(#10542),(#10543),.T.,.CARTESIAN.);
#4550=TRIMMED_CURVE($,#5110,(#10545),(#10546),.T.,.CARTESIAN.);
#4551=TRIMMED_CURVE($,#5111,(#10548),(#10549),.T.,.CARTESIAN.);
#4552=TRIMMED_CURVE($,#5112,(#10551),(#10552),.T.,.CARTESIAN.);
#4553=TRIMMED_CURVE($,#5113,(#10554),(#10555),.T.,.CARTESIAN.);
#4554=TRIMMED_CURVE($,#5114,(#10557),(#10558),.T.,.CARTESIAN.);
#4555=TRIMMED_CURVE($,#5115,(#10560),(#10561),.T.,.CARTESIAN.);
#4556=TRIMMED_CURVE($,#5116,(#10563),(#10564),.T.,.CARTESIAN.);
#4557=TRIMMED_CURVE($,#5117,(#10566),(#10567),.T.,.CARTESIAN.);
#4558=TRIMMED_CURVE($,#5118,(#10569),(#10570),.T.,.CARTESIAN.);
#4559=TRIMMED_CURVE($,#5119,(#10572),(#10573),.T.,.CARTESIAN.);
#4560=TRIMMED_CURVE($,#5120,(#10599),(#10600),.T.,.CARTESIAN.);
#4561=TRIMMED_CURVE($,#5121,(#10604),(#10605),.T.,.CARTESIAN.);
#4562=TRIMMED_CURVE($,#5122,(#10609),(#10610),.T.,.CARTESIAN.);
#4563=TRIMMED_CURVE($,#5123,(#10614),(#10615),.T.,.CARTESIAN.);
#4564=TRIMMED_CURVE($,#5124,(#10619),(#10620),.T.,.CARTESIAN.);
#4565=TRIMMED_CURVE($,#5125,(#10624),(#10625),.T.,.CARTESIAN.);
#4566=TRIMMED_CURVE($,#5126,(#10629),(#10630),.T.,.CARTESIAN.);
#4567=TRIMMED_CURVE($,#5127,(#10634),(#10635),.T.,.CARTESIAN.);
#4568=TRIMMED_CURVE($,#5128,(#10639),(#10640),.T.,.CARTESIAN.);
#4569=TRIMMED_CURVE($,#5129,(#10644),(#10645),.T.,.CARTESIAN.);
#4570=TRIMMED_CURVE($,#5130,(#10649),(#10650),.T.,.CARTESIAN.);
#4571=TRIMMED_CURVE($,#5131,(#10654),(#10655),.T.,.CARTESIAN.);
#4572=TRIMMED_CURVE($,#5132,(#10659),(#10660),.T.,.CARTESIAN.);
#4573=TRIMMED_CURVE($,#5133,(#10664),(#10665),.T.,.CARTESIAN.);
#4574=TRIMMED_CURVE($,#5134,(#10669),(#10670),.T.,.CARTESIAN.);
#4575=TRIMMED_CURVE($,#5135,(#10674),(#10675),.T.,.CARTESIAN.);
#4576=TRIMMED_CURVE($,#5136,(#10679),(#10680),.T.,.CARTESIAN.);
#4577=TRIMMED_CURVE($,#5137,(#10684),(#10685),.T.,.CARTESIAN.);
#4578=TRIMMED_CURVE($,#5138,(#10689),(#10690),.T.,.CARTESIAN.);
#4579=TRIMMED_CURVE($,#5139,(#10694),(#10695),.T.,.CARTESIAN.);
#4580=TRIMMED_CURVE($,#5140,(#10699),(#10700),.T.,.CARTESIAN.);
#4581=TRIMMED_CURVE($,#5141,(#10704),(#10705),.T.,.CARTESIAN.);
#4582=TRIMMED_CURVE($,#5142,(#10709),(#10710),.T.,.CARTESIAN.);
#4583=TRIMMED_CURVE($,#5143,(#10714),(#10715),.T.,.CARTESIAN.);
#4584=TRIMMED_CURVE($,#5144,(#10719),(#10720),.T.,.CARTESIAN.);
#4585=TRIMMED_CURVE($,#5145,(#10724),(#10725),.T.,.CARTESIAN.);
#4586=TRIMMED_CURVE($,#5146,(#10729),(#10730),.T.,.CARTESIAN.);
#4587=TRIMMED_CURVE($,#5147,(#10734),(#10735),.T.,.CARTESIAN.);
#4588=TRIMMED_CURVE($,#5148,(#10739),(#10740),.T.,.CARTESIAN.);
#4589=TRIMMED_CURVE($,#5149,(#10744),(#10745),.T.,.CARTESIAN.);
#4590=TRIMMED_CURVE($,#5150,(#10749),(#10750),.T.,.CARTESIAN.);
#4591=TRIMMED_CURVE($,#5151,(#10754),(#10755),.T.,.CARTESIAN.);
#4592=TRIMMED_CURVE($,#5152,(#10759),(#10760),.T.,.CARTESIAN.);
#4593=TRIMMED_CURVE($,#5153,(#10764),(#10765),.T.,.CARTESIAN.);
#4594=TRIMMED_CURVE($,#5154,(#10769),(#10770),.T.,.CARTESIAN.);
#4595=TRIMMED_CURVE($,#5155,(#10774),(#10775),.T.,.CARTESIAN.);
#4596=TRIMMED_CURVE($,#5156,(#10779),(#10780),.T.,.CARTESIAN.);
#4597=TRIMMED_CURVE($,#5157,(#10784),(#10785),.T.,.CARTESIAN.);
#4598=TRIMMED_CURVE($,#5158,(#10789),(#10790),.T.,.CARTESIAN.);
#4599=TRIMMED_CURVE($,#5159,(#10794),(#10795),.T.,.CARTESIAN.);
#4600=TRIMMED_CURVE($,#5160,(#10799),(#10800),.T.,.CARTESIAN.);
#4601=TRIMMED_CURVE($,#5161,(#10804),(#10805),.T.,.CARTESIAN.);
#4602=TRIMMED_CURVE($,#5162,(#10809),(#10810),.T.,.CARTESIAN.);
#4603=TRIMMED_CURVE($,#5163,(#10814),(#10815),.T.,.CARTESIAN.);
#4604=TRIMMED_CURVE($,#5164,(#10819),(#10820),.T.,.CARTESIAN.);
#4605=TRIMMED_CURVE($,#5165,(#10824),(#10825),.T.,.CARTESIAN.);
#4606=TRIMMED_CURVE($,#5166,(#10829),(#10830),.T.,.CARTESIAN.);
#4607=TRIMMED_CURVE($,#5167,(#10834),(#10835),.T.,.CARTESIAN.);
#4608=TRIMMED_CURVE($,#5168,(#10839),(#10840),.T.,.CARTESIAN.);
#4609=TRIMMED_CURVE($,#5169,(#10844),(#10845),.T.,.CARTESIAN.);
#4610=TRIMMED_CURVE($,#5170,(#10849),(#10850),.T.,.CARTESIAN.);
#4611=TRIMMED_CURVE($,#5171,(#10854),(#10855),.T.,.CARTESIAN.);
#4612=TRIMMED_CURVE($,#5172,(#10859),(#10860),.T.,.CARTESIAN.);
#4613=TRIMMED_CURVE($,#5173,(#10864),(#10865),.T.,.CARTESIAN.);
#4614=TRIMMED_CURVE($,#5174,(#10869),(#10870),.T.,.CARTESIAN.);
#4615=TRIMMED_CURVE($,#5175,(#10874),(#10875),.T.,.CARTESIAN.);
#4616=TRIMMED_CURVE($,#5176,(#10879),(#10880),.T.,.CARTESIAN.);
#4617=TRIMMED_CURVE($,#5177,(#10884),(#10885),.T.,.CARTESIAN.);
#4618=TRIMMED_CURVE($,#5178,(#10889),(#10890),.T.,.CARTESIAN.);
#4619=TRIMMED_CURVE($,#5179,(#10894),(#10895),.T.,.CARTESIAN.);
#4620=TRIMMED_CURVE($,#5180,(#10899),(#10900),.T.,.CARTESIAN.);
#4621=TRIMMED_CURVE($,#5181,(#10904),(#10905),.T.,.CARTESIAN.);
#4622=TRIMMED_CURVE($,#5182,(#10909),(#10910),.T.,.CARTESIAN.);
#4623=TRIMMED_CURVE($,#5183,(#10914),(#10915),.T.,.CARTESIAN.);
#4624=TRIMMED_CURVE($,#5184,(#10919),(#10920),.T.,.CARTESIAN.);
#4625=TRIMMED_CURVE($,#5185,(#10924),(#10925),.T.,.CARTESIAN.);
#4626=TRIMMED_CURVE($,#5186,(#10929),(#10930),.T.,.CARTESIAN.);
#4627=TRIMMED_CURVE($,#5187,(#10934),(#10935),.T.,.CARTESIAN.);
#4628=TRIMMED_CURVE($,#5188,(#10939),(#10940),.T.,.CARTESIAN.);
#4629=TRIMMED_CURVE($,#5189,(#10944),(#10945),.T.,.CARTESIAN.);
#4630=TRIMMED_CURVE($,#5190,(#10949),(#10950),.T.,.CARTESIAN.);
#4631=TRIMMED_CURVE($,#5191,(#10954),(#10955),.T.,.CARTESIAN.);
#4632=TRIMMED_CURVE($,#5192,(#10959),(#10960),.T.,.CARTESIAN.);
#4633=TRIMMED_CURVE($,#5193,(#10964),(#10965),.T.,.CARTESIAN.);
#4634=TRIMMED_CURVE($,#5194,(#10969),(#10970),.T.,.CARTESIAN.);
#4635=TRIMMED_CURVE($,#5195,(#10974),(#10975),.T.,.CARTESIAN.);
#4636=TRIMMED_CURVE($,#5196,(#10979),(#10980),.T.,.CARTESIAN.);
#4637=TRIMMED_CURVE($,#5197,(#10984),(#10985),.T.,.CARTESIAN.);
#4638=TRIMMED_CURVE($,#5198,(#10989),(#10990),.T.,.CARTESIAN.);
#4639=TRIMMED_CURVE($,#5199,(#10994),(#10995),.T.,.CARTESIAN.);
#4640=TRIMMED_CURVE($,#5200,(#10999),(#11000),.T.,.CARTESIAN.);
#4641=TRIMMED_CURVE($,#5201,(#11004),(#11005),.T.,.CARTESIAN.);
#4642=TRIMMED_CURVE($,#5202,(#11009),(#11010),.T.,.CARTESIAN.);
#4643=TRIMMED_CURVE($,#5203,(#11014),(#11015),.T.,.CARTESIAN.);
#4644=TRIMMED_CURVE($,#5204,(#11019),(#11020),.T.,.CARTESIAN.);
#4645=TRIMMED_CURVE($,#5205,(#11024),(#11025),.T.,.CARTESIAN.);
#4646=TRIMMED_CURVE($,#5206,(#11029),(#11030),.T.,.CARTESIAN.);
#4647=TRIMMED_CURVE($,#5207,(#11034),(#11035),.T.,.CARTESIAN.);
#4648=TRIMMED_CURVE($,#5208,(#11039),(#11040),.T.,.CARTESIAN.);
#4649=TRIMMED_CURVE($,#5209,(#11044),(#11045),.T.,.CARTESIAN.);
#4650=TRIMMED_CURVE($,#5210,(#11049),(#11050),.T.,.CARTESIAN.);
#4651=TRIMMED_CURVE($,#5211,(#11054),(#11055),.T.,.CARTESIAN.);
#4652=TRIMMED_CURVE($,#5212,(#11059),(#11060),.T.,.CARTESIAN.);
#4653=TRIMMED_CURVE($,#5213,(#11064),(#11065),.T.,.CARTESIAN.);
#4654=TRIMMED_CURVE($,#5214,(#11069),(#11070),.T.,.CARTESIAN.);
#4655=TRIMMED_CURVE($,#5215,(#11074),(#11075),.T.,.CARTESIAN.);
#4656=TRIMMED_CURVE($,#5216,(#11079),(#11080),.T.,.CARTESIAN.);
#4657=TRIMMED_CURVE($,#5217,(#11084),(#11085),.T.,.CARTESIAN.);
#4658=TRIMMED_CURVE($,#5218,(#11089),(#11090),.T.,.CARTESIAN.);
#4659=TRIMMED_CURVE($,#5219,(#11094),(#11095),.T.,.CARTESIAN.);
#4660=TRIMMED_CURVE($,#5220,(#11099),(#11100),.T.,.CARTESIAN.);
#4661=TRIMMED_CURVE($,#5221,(#11104),(#11105),.T.,.CARTESIAN.);
#4662=TRIMMED_CURVE($,#5222,(#11109),(#11110),.T.,.CARTESIAN.);
#4663=TRIMMED_CURVE($,#5223,(#11114),(#11115),.T.,.CARTESIAN.);
#4664=TRIMMED_CURVE($,#5224,(#11119),(#11120),.T.,.CARTESIAN.);
#4665=TRIMMED_CURVE($,#5225,(#11124),(#11125),.T.,.CARTESIAN.);
#4666=TRIMMED_CURVE($,#5226,(#11129),(#11130),.T.,.CARTESIAN.);
#4667=TRIMMED_CURVE($,#5227,(#11134),(#11135),.T.,.CARTESIAN.);
#4668=TRIMMED_CURVE($,#5228,(#11139),(#11140),.T.,.CARTESIAN.);
#4669=TRIMMED_CURVE($,#5229,(#11144),(#11145),.T.,.CARTESIAN.);
#4670=TRIMMED_CURVE($,#5230,(#11149),(#11150),.T.,.CARTESIAN.);
#4671=TRIMMED_CURVE($,#5231,(#11154),(#11155),.T.,.CARTESIAN.);
#4672=TRIMMED_CURVE($,#5232,(#11159),(#11160),.T.,.CARTESIAN.);
#4673=TRIMMED_CURVE($,#5233,(#11164),(#11165),.T.,.CARTESIAN.);
#4674=TRIMMED_CURVE($,#5234,(#11169),(#11170),.T.,.CARTESIAN.);
#4675=TRIMMED_CURVE($,#5235,(#11174),(#11175),.T.,.CARTESIAN.);
#4676=TRIMMED_CURVE($,#5236,(#11179),(#11180),.T.,.CARTESIAN.);
#4677=TRIMMED_CURVE($,#5237,(#11184),(#11185),.T.,.CARTESIAN.);
#4678=TRIMMED_CURVE($,#5238,(#11189),(#11190),.T.,.CARTESIAN.);
#4679=TRIMMED_CURVE($,#5239,(#11194),(#11195),.T.,.CARTESIAN.);
#4680=TRIMMED_CURVE($,#5240,(#11199),(#11200),.T.,.CARTESIAN.);
#4681=TRIMMED_CURVE($,#5241,(#11204),(#11205),.T.,.CARTESIAN.);
#4682=TRIMMED_CURVE($,#5242,(#11209),(#11210),.T.,.CARTESIAN.);
#4683=TRIMMED_CURVE($,#5243,(#11214),(#11215),.T.,.CARTESIAN.);
#4684=TRIMMED_CURVE($,#5244,(#11219),(#11220),.T.,.CARTESIAN.);
#4685=TRIMMED_CURVE($,#5245,(#11224),(#11225),.T.,.CARTESIAN.);
#4686=TRIMMED_CURVE($,#5246,(#11229),(#11230),.T.,.CARTESIAN.);
#4687=TRIMMED_CURVE($,#5247,(#11234),(#11235),.T.,.CARTESIAN.);
#4688=TRIMMED_CURVE($,#5248,(#11239),(#11240),.T.,.CARTESIAN.);
#4689=TRIMMED_CURVE($,#5249,(#11244),(#11245),.T.,.CARTESIAN.);
#4690=TRIMMED_CURVE($,#5250,(#11249),(#11250),.T.,.CARTESIAN.);
#4691=TRIMMED_CURVE($,#5251,(#11254),(#11255),.T.,.CARTESIAN.);
#4692=TRIMMED_CURVE($,#5252,(#11259),(#11260),.T.,.CARTESIAN.);
#4693=TRIMMED_CURVE($,#5253,(#11264),(#11265),.T.,.CARTESIAN.);
#4694=TRIMMED_CURVE($,#5254,(#11269),(#11270),.T.,.CARTESIAN.);
#4695=TRIMMED_CURVE($,#5255,(#11274),(#11275),.T.,.CARTESIAN.);
#4696=TRIMMED_CURVE($,#5256,(#11279),(#11280),.T.,.CARTESIAN.);
#4697=TRIMMED_CURVE($,#5257,(#11284),(#11285),.T.,.CARTESIAN.);
#4698=TRIMMED_CURVE($,#5258,(#11289),(#11290),.T.,.CARTESIAN.);
#4699=TRIMMED_CURVE($,#5259,(#11294),(#11295),.T.,.CARTESIAN.);
#4700=TRIMMED_CURVE($,#5260,(#11301),(#11302),.T.,.CARTESIAN.);
#4701=TRIMMED_CURVE($,#5261,(#11304),(#11305),.T.,.CARTESIAN.);
#4702=TRIMMED_CURVE($,#5262,(#11309),(#11310),.T.,.CARTESIAN.);
#4703=TRIMMED_CURVE($,#5263,(#11312),(#11313),.T.,.CARTESIAN.);
#4704=TRIMMED_CURVE($,#5264,(#11317),(#11318),.T.,.CARTESIAN.);
#4705=TRIMMED_CURVE($,#5265,(#11320),(#11321),.T.,.CARTESIAN.);
#4706=TRIMMED_CURVE($,#5266,(#11325),(#11326),.T.,.CARTESIAN.);
#4707=TRIMMED_CURVE($,#5267,(#11328),(#11329),.T.,.CARTESIAN.);
#4708=TRIMMED_CURVE($,#5268,(#11333),(#11334),.T.,.CARTESIAN.);
#4709=TRIMMED_CURVE($,#5269,(#11336),(#11337),.T.,.CARTESIAN.);
#4710=TRIMMED_CURVE($,#5270,(#11341),(#11342),.T.,.CARTESIAN.);
#4711=TRIMMED_CURVE($,#5271,(#11344),(#11345),.T.,.CARTESIAN.);
#4712=TRIMMED_CURVE($,#5272,(#11349),(#11350),.T.,.CARTESIAN.);
#4713=TRIMMED_CURVE($,#5273,(#11352),(#11353),.T.,.CARTESIAN.);
#4714=TRIMMED_CURVE($,#5274,(#11357),(#11358),.T.,.CARTESIAN.);
#4715=TRIMMED_CURVE($,#5275,(#11360),(#11361),.T.,.CARTESIAN.);
#4716=TRIMMED_CURVE($,#5276,(#11365),(#11366),.T.,.CARTESIAN.);
#4717=TRIMMED_CURVE($,#5277,(#11368),(#11369),.T.,.CARTESIAN.);
#4718=TRIMMED_CURVE($,#5278,(#11373),(#11374),.T.,.CARTESIAN.);
#4719=TRIMMED_CURVE($,#5279,(#11376),(#11377),.T.,.CARTESIAN.);
#4720=TRIMMED_CURVE($,#5280,(#11381),(#11382),.T.,.CARTESIAN.);
#4721=TRIMMED_CURVE($,#5281,(#11384),(#11385),.T.,.CARTESIAN.);
#4722=TRIMMED_CURVE($,#5282,(#11389),(#11390),.T.,.CARTESIAN.);
#4723=TRIMMED_CURVE($,#5283,(#11392),(#11393),.T.,.CARTESIAN.);
#4724=TRIMMED_CURVE($,#5284,(#11397),(#11398),.T.,.CARTESIAN.);
#4725=TRIMMED_CURVE($,#5285,(#11400),(#11401),.T.,.CARTESIAN.);
#4726=TRIMMED_CURVE($,#5286,(#11405),(#11406),.T.,.CARTESIAN.);
#4727=TRIMMED_CURVE($,#5287,(#11408),(#11409),.T.,.CARTESIAN.);
#4728=TRIMMED_CURVE($,#5288,(#11413),(#11414),.T.,.CARTESIAN.);
#4729=TRIMMED_CURVE($,#5289,(#11416),(#11417),.T.,.CARTESIAN.);
#4730=TRIMMED_CURVE($,#5290,(#11421),(#11422),.T.,.CARTESIAN.);
#4731=TRIMMED_CURVE($,#5291,(#11424),(#11425),.T.,.CARTESIAN.);
#4732=TRIMMED_CURVE($,#5292,(#11429),(#11430),.T.,.CARTESIAN.);
#4733=TRIMMED_CURVE($,#5293,(#11432),(#11433),.T.,.CARTESIAN.);
#4734=TRIMMED_CURVE($,#5294,(#11437),(#11438),.T.,.CARTESIAN.);
#4735=TRIMMED_CURVE($,#5295,(#11440),(#11441),.T.,.CARTESIAN.);
#4736=TRIMMED_CURVE($,#5296,(#11445),(#11446),.T.,.CARTESIAN.);
#4737=TRIMMED_CURVE($,#5297,(#11448),(#11449),.T.,.CARTESIAN.);
#4738=TRIMMED_CURVE($,#5298,(#11453),(#11454),.T.,.CARTESIAN.);
#4739=TRIMMED_CURVE($,#5299,(#11456),(#11457),.T.,.CARTESIAN.);
#4740=TRIMMED_CURVE($,#5300,(#11461),(#11462),.T.,.CARTESIAN.);
#4741=TRIMMED_CURVE($,#5301,(#11464),(#11465),.T.,.CARTESIAN.);
#4742=TRIMMED_CURVE($,#5302,(#11469),(#11470),.T.,.CARTESIAN.);
#4743=TRIMMED_CURVE($,#5303,(#11472),(#11473),.T.,.CARTESIAN.);
#4744=TRIMMED_CURVE($,#5304,(#11477),(#11478),.T.,.CARTESIAN.);
#4745=TRIMMED_CURVE($,#5305,(#11480),(#11481),.T.,.CARTESIAN.);
#4746=TRIMMED_CURVE($,#5306,(#11485),(#11486),.T.,.CARTESIAN.);
#4747=TRIMMED_CURVE($,#5307,(#11488),(#11489),.T.,.CARTESIAN.);
#4748=TRIMMED_CURVE($,#5308,(#11493),(#11494),.T.,.CARTESIAN.);
#4749=TRIMMED_CURVE($,#5309,(#11496),(#11497),.T.,.CARTESIAN.);
#4750=TRIMMED_CURVE($,#5310,(#11501),(#11502),.T.,.CARTESIAN.);
#4751=TRIMMED_CURVE($,#5311,(#11504),(#11505),.T.,.CARTESIAN.);
#4752=TRIMMED_CURVE($,#5312,(#11509),(#11510),.T.,.CARTESIAN.);
#4753=TRIMMED_CURVE($,#5313,(#11512),(#11513),.T.,.CARTESIAN.);
#4754=TRIMMED_CURVE($,#5314,(#11517),(#11518),.T.,.CARTESIAN.);
#4755=TRIMMED_CURVE($,#5315,(#11520),(#11521),.T.,.CARTESIAN.);
#4756=TRIMMED_CURVE($,#5316,(#11525),(#11526),.T.,.CARTESIAN.);
#4757=TRIMMED_CURVE($,#5317,(#11528),(#11529),.T.,.CARTESIAN.);
#4758=TRIMMED_CURVE($,#5318,(#11533),(#11534),.T.,.CARTESIAN.);
#4759=TRIMMED_CURVE($,#5319,(#11536),(#11537),.T.,.CARTESIAN.);
#4760=TRIMMED_CURVE($,#5320,(#11541),(#11542),.T.,.CARTESIAN.);
#4761=TRIMMED_CURVE($,#5321,(#11544),(#11545),.T.,.CARTESIAN.);
#4762=TRIMMED_CURVE($,#5322,(#11549),(#11550),.T.,.CARTESIAN.);
#4763=TRIMMED_CURVE($,#5323,(#11552),(#11553),.T.,.CARTESIAN.);
#4764=TRIMMED_CURVE($,#5324,(#11557),(#11558),.T.,.CARTESIAN.);
#4765=TRIMMED_CURVE($,#5325,(#11560),(#11561),.T.,.CARTESIAN.);
#4766=TRIMMED_CURVE($,#5326,(#11565),(#11566),.T.,.CARTESIAN.);
#4767=TRIMMED_CURVE($,#5327,(#11568),(#11569),.T.,.CARTESIAN.);
#4768=TRIMMED_CURVE($,#5328,(#11573),(#11574),.T.,.CARTESIAN.);
#4769=TRIMMED_CURVE($,#5329,(#11576),(#11577),.T.,.CARTESIAN.);
#4770=TRIMMED_CURVE($,#5330,(#11581),(#11582),.T.,.CARTESIAN.);
#4771=TRIMMED_CURVE($,#5331,(#11584),(#11585),.T.,.CARTESIAN.);
#4772=TRIMMED_CURVE($,#5332,(#11589),(#11590),.T.,.CARTESIAN.);
#4773=TRIMMED_CURVE($,#5333,(#11592),(#11593),.T.,.CARTESIAN.);
#4774=TRIMMED_CURVE($,#5334,(#11597),(#11598),.T.,.CARTESIAN.);
#4775=TRIMMED_CURVE($,#5335,(#11600),(#11601),.T.,.CARTESIAN.);
#4776=TRIMMED_CURVE($,#5336,(#11605),(#11606),.T.,.CARTESIAN.);
#4777=TRIMMED_CURVE($,#5337,(#11608),(#11609),.T.,.CARTESIAN.);
#4778=TRIMMED_CURVE($,#5338,(#11613),(#11614),.T.,.CARTESIAN.);
#4779=TRIMMED_CURVE($,#5339,(#11616),(#11617),.T.,.CARTESIAN.);
#4780=TRIMMED_CURVE($,#5340,(#11621),(#11622),.T.,.CARTESIAN.);
#4781=TRIMMED_CURVE($,#5341,(#11624),(#11625),.T.,.CARTESIAN.);
#4782=TRIMMED_CURVE($,#5342,(#11629),(#11630),.T.,.CARTESIAN.);
#4783=TRIMMED_CURVE($,#5343,(#11632),(#11633),.T.,.CARTESIAN.);
#4784=TRIMMED_CURVE($,#5344,(#11637),(#11638),.T.,.CARTESIAN.);
#4785=TRIMMED_CURVE($,#5345,(#11640),(#11641),.T.,.CARTESIAN.);
#4786=TRIMMED_CURVE($,#5346,(#11645),(#11646),.T.,.CARTESIAN.);
#4787=TRIMMED_CURVE($,#5347,(#11648),(#11649),.T.,.CARTESIAN.);
#4788=TRIMMED_CURVE($,#5348,(#11653),(#11654),.T.,.CARTESIAN.);
#4789=TRIMMED_CURVE($,#5349,(#11656),(#11657),.T.,.CARTESIAN.);
#4790=TRIMMED_CURVE($,#5350,(#11661),(#11662),.T.,.CARTESIAN.);
#4791=TRIMMED_CURVE($,#5351,(#11664),(#11665),.T.,.CARTESIAN.);
#4792=TRIMMED_CURVE($,#5352,(#11669),(#11670),.T.,.CARTESIAN.);
#4793=TRIMMED_CURVE($,#5353,(#11672),(#11673),.T.,.CARTESIAN.);
#4794=TRIMMED_CURVE($,#5354,(#11677),(#11678),.T.,.CARTESIAN.);
#4795=TRIMMED_CURVE($,#5355,(#11680),(#11681),.T.,.CARTESIAN.);
#4796=TRIMMED_CURVE($,#5356,(#11685),(#11686),.T.,.CARTESIAN.);
#4797=TRIMMED_CURVE($,#5357,(#11688),(#11689),.T.,.CARTESIAN.);
#4798=TRIMMED_CURVE($,#5358,(#11693),(#11694),.T.,.CARTESIAN.);
#4799=TRIMMED_CURVE($,#5359,(#11696),(#11697),.T.,.CARTESIAN.);
#4800=TRIMMED_CURVE($,#5360,(#11701),(#11702),.T.,.CARTESIAN.);
#4801=TRIMMED_CURVE($,#5361,(#11704),(#11705),.T.,.CARTESIAN.);
#4802=TRIMMED_CURVE($,#5362,(#11709),(#11710),.T.,.CARTESIAN.);
#4803=TRIMMED_CURVE($,#5363,(#11712),(#11713),.T.,.CARTESIAN.);
#4804=TRIMMED_CURVE($,#5364,(#11717),(#11718),.T.,.CARTESIAN.);
#4805=TRIMMED_CURVE($,#5365,(#11720),(#11721),.T.,.CARTESIAN.);
#4806=TRIMMED_CURVE($,#5366,(#11725),(#11726),.T.,.CARTESIAN.);
#4807=TRIMMED_CURVE($,#5367,(#11728),(#11729),.T.,.CARTESIAN.);
#4808=TRIMMED_CURVE($,#5368,(#11733),(#11734),.T.,.CARTESIAN.);
#4809=TRIMMED_CURVE($,#5369,(#11736),(#11737),.T.,.CARTESIAN.);
#4810=TRIMMED_CURVE($,#5370,(#11741),(#11742),.T.,.CARTESIAN.);
#4811=TRIMMED_CURVE($,#5371,(#11744),(#11745),.T.,.CARTESIAN.);
#4812=TRIMMED_CURVE($,#5372,(#11749),(#11750),.T.,.CARTESIAN.);
#4813=TRIMMED_CURVE($,#5373,(#11752),(#11753),.T.,.CARTESIAN.);
#4814=TRIMMED_CURVE($,#5374,(#11757),(#11758),.T.,.CARTESIAN.);
#4815=TRIMMED_CURVE($,#5375,(#11760),(#11761),.T.,.CARTESIAN.);
#4816=TRIMMED_CURVE($,#5376,(#11765),(#11766),.T.,.CARTESIAN.);
#4817=TRIMMED_CURVE($,#5377,(#11768),(#11769),.T.,.CARTESIAN.);
#4818=TRIMMED_CURVE($,#5378,(#11773),(#11774),.T.,.CARTESIAN.);
#4819=TRIMMED_CURVE($,#5379,(#11776),(#11777),.T.,.CARTESIAN.);
#4820=TRIMMED_CURVE($,#5380,(#11781),(#11782),.T.,.CARTESIAN.);
#4821=TRIMMED_CURVE($,#5381,(#11784),(#11785),.T.,.CARTESIAN.);
#4822=TRIMMED_CURVE($,#5382,(#11789),(#11790),.T.,.CARTESIAN.);
#4823=TRIMMED_CURVE($,#5383,(#11792),(#11793),.T.,.CARTESIAN.);
#4824=TRIMMED_CURVE($,#5384,(#11797),(#11798),.T.,.CARTESIAN.);
#4825=TRIMMED_CURVE($,#5385,(#11800),(#11801),.T.,.CARTESIAN.);
#4826=TRIMMED_CURVE($,#5386,(#11805),(#11806),.T.,.CARTESIAN.);
#4827=TRIMMED_CURVE($,#5387,(#11808),(#11809),.T.,.CARTESIAN.);
#4828=TRIMMED_CURVE($,#5388,(#11813),(#11814),.T.,.CARTESIAN.);
#4829=TRIMMED_CURVE($,#5389,(#11816),(#11817),.T.,.CARTESIAN.);
#4830=TRIMMED_CURVE($,#5390,(#11821),(#11822),.T.,.CARTESIAN.);
#4831=TRIMMED_CURVE($,#5391,(#11824),(#11825),.T.,.CARTESIAN.);
#4832=TRIMMED_CURVE($,#5392,(#11829),(#11830),.T.,.CARTESIAN.);
#4833=TRIMMED_CURVE($,#5393,(#11832),(#11833),.T.,.CARTESIAN.);
#4834=TRIMMED_CURVE($,#5394,(#11837),(#11838),.T.,.CARTESIAN.);
#4835=TRIMMED_CURVE($,#5395,(#11840),(#11841),.T.,.CARTESIAN.);
#4836=TRIMMED_CURVE($,#5396,(#11845),(#11846),.T.,.CARTESIAN.);
#4837=TRIMMED_CURVE($,#5397,(#11848),(#11849),.T.,.CARTESIAN.);
#4838=TRIMMED_CURVE($,#5398,(#11853),(#11854),.T.,.CARTESIAN.);
#4839=TRIMMED_CURVE($,#5399,(#11856),(#11857),.T.,.CARTESIAN.);
#4840=TRIMMED_CURVE($,#5400,(#11861),(#11862),.T.,.CARTESIAN.);
#4841=TRIMMED_CURVE($,#5401,(#11864),(#11865),.T.,.CARTESIAN.);
#4842=TRIMMED_CURVE($,#5402,(#11869),(#11870),.T.,.CARTESIAN.);
#4843=TRIMMED_CURVE($,#5403,(#11872),(#11873),.T.,.CARTESIAN.);
#4844=TRIMMED_CURVE($,#5404,(#11877),(#11878),.T.,.CARTESIAN.);
#4845=TRIMMED_CURVE($,#5405,(#11880),(#11881),.T.,.CARTESIAN.);
#4846=TRIMMED_CURVE($,#5406,(#11885),(#11886),.T.,.CARTESIAN.);
#4847=TRIMMED_CURVE($,#5407,(#11888),(#11889),.T.,.CARTESIAN.);
#4848=TRIMMED_CURVE($,#5408,(#11893),(#11894),.T.,.CARTESIAN.);
#4849=TRIMMED_CURVE($,#5409,(#11896),(#11897),.T.,.CARTESIAN.);
#4850=TRIMMED_CURVE($,#5410,(#11901),(#11902),.T.,.CARTESIAN.);
#4851=TRIMMED_CURVE($,#5411,(#11904),(#11905),.T.,.CARTESIAN.);
#4852=TRIMMED_CURVE($,#5412,(#11909),(#11910),.T.,.CARTESIAN.);
#4853=TRIMMED_CURVE($,#5413,(#11912),(#11913),.T.,.CARTESIAN.);
#4854=TRIMMED_CURVE($,#5414,(#11917),(#11918),.T.,.CARTESIAN.);
#4855=TRIMMED_CURVE($,#5415,(#11920),(#11921),.T.,.CARTESIAN.);
#4856=TRIMMED_CURVE($,#5416,(#11925),(#11926),.T.,.CARTESIAN.);
#4857=TRIMMED_CURVE($,#5417,(#11928),(#11929),.T.,.CARTESIAN.);
#4858=TRIMMED_CURVE($,#5418,(#11933),(#11934),.T.,.CARTESIAN.);
#4859=TRIMMED_CURVE($,#5419,(#11936),(#11937),.T.,.CARTESIAN.);
#4860=TRIMMED_CURVE($,#5420,(#11941),(#11942),.T.,.CARTESIAN.);
#4861=TRIMMED_CURVE($,#5421,(#11944),(#11945),.T.,.CARTESIAN.);
#4862=TRIMMED_CURVE($,#5422,(#11949),(#11950),.T.,.CARTESIAN.);
#4863=TRIMMED_CURVE($,#5423,(#11952),(#11953),.T.,.CARTESIAN.);
#4864=TRIMMED_CURVE($,#5424,(#11957),(#11958),.T.,.CARTESIAN.);
#4865=TRIMMED_CURVE($,#5425,(#11960),(#11961),.T.,.CARTESIAN.);
#4866=TRIMMED_CURVE($,#5426,(#11965),(#11966),.T.,.CARTESIAN.);
#4867=TRIMMED_CURVE($,#5427,(#11968),(#11969),.T.,.CARTESIAN.);
#4868=TRIMMED_CURVE($,#5428,(#11973),(#11974),.T.,.CARTESIAN.);
#4869=TRIMMED_CURVE($,#5429,(#11976),(#11977),.T.,.CARTESIAN.);
#4870=TRIMMED_CURVE($,#5430,(#11981),(#11982),.T.,.CARTESIAN.);
#4871=TRIMMED_CURVE($,#5431,(#11984),(#11985),.T.,.CARTESIAN.);
#4872=TRIMMED_CURVE($,#5432,(#11989),(#11990),.T.,.CARTESIAN.);
#4873=TRIMMED_CURVE($,#5433,(#11992),(#11993),.T.,.CARTESIAN.);
#4874=TRIMMED_CURVE($,#5434,(#11997),(#11998),.T.,.CARTESIAN.);
#4875=TRIMMED_CURVE($,#5435,(#12000),(#12001),.T.,.CARTESIAN.);
#4876=TRIMMED_CURVE($,#5436,(#12005),(#12006),.T.,.CARTESIAN.);
#4877=TRIMMED_CURVE($,#5437,(#12008),(#12009),.T.,.CARTESIAN.);
#4878=TRIMMED_CURVE($,#5438,(#12013),(#12014),.T.,.CARTESIAN.);
#4879=TRIMMED_CURVE($,#5439,(#12016),(#12017),.T.,.CARTESIAN.);
#4880=TRIMMED_CURVE($,#5440,(#12021),(#12022),.T.,.CARTESIAN.);
#4881=TRIMMED_CURVE($,#5441,(#12024),(#12025),.T.,.CARTESIAN.);
#4882=TRIMMED_CURVE($,#5442,(#12029),(#12030),.T.,.CARTESIAN.);
#4883=TRIMMED_CURVE($,#5443,(#12032),(#12033),.T.,.CARTESIAN.);
#4884=TRIMMED_CURVE($,#5444,(#12037),(#12038),.T.,.CARTESIAN.);
#4885=TRIMMED_CURVE($,#5445,(#12040),(#12041),.T.,.CARTESIAN.);
#4886=TRIMMED_CURVE($,#5446,(#12045),(#12046),.T.,.CARTESIAN.);
#4887=TRIMMED_CURVE($,#5447,(#12048),(#12049),.T.,.CARTESIAN.);
#4888=TRIMMED_CURVE($,#5448,(#12053),(#12054),.T.,.CARTESIAN.);
#4889=TRIMMED_CURVE($,#5449,(#12056),(#12057),.T.,.CARTESIAN.);
#4890=TRIMMED_CURVE($,#5450,(#12061),(#12062),.T.,.CARTESIAN.);
#4891=TRIMMED_CURVE($,#5451,(#12064),(#12065),.T.,.CARTESIAN.);
#4892=TRIMMED_CURVE($,#5452,(#12069),(#12070),.T.,.CARTESIAN.);
#4893=TRIMMED_CURVE($,#5453,(#12072),(#12073),.T.,.CARTESIAN.);
#4894=TRIMMED_CURVE($,#5454,(#12077),(#12078),.T.,.CARTESIAN.);
#4895=TRIMMED_CURVE($,#5455,(#12080),(#12081),.T.,.CARTESIAN.);
#4896=TRIMMED_CURVE($,#5456,(#12085),(#12086),.T.,.CARTESIAN.);
#4897=TRIMMED_CURVE($,#5457,(#12088),(#12089),.T.,.CARTESIAN.);
#4898=TRIMMED_CURVE($,#5458,(#12093),(#12094),.T.,.CARTESIAN.);
#4899=TRIMMED_CURVE($,#5459,(#12096),(#12097),.T.,.CARTESIAN.);
#4900=TRIMMED_CURVE($,#5460,(#12101),(#12102),.T.,.CARTESIAN.);
#4901=TRIMMED_CURVE($,#5461,(#12104),(#12105),.T.,.CARTESIAN.);
#4902=TRIMMED_CURVE($,#5462,(#12109),(#12110),.T.,.CARTESIAN.);
#4903=TRIMMED_CURVE($,#5463,(#12112),(#12113),.T.,.CARTESIAN.);
#4904=TRIMMED_CURVE($,#5464,(#12117),(#12118),.T.,.CARTESIAN.);
#4905=TRIMMED_CURVE($,#5465,(#12120),(#12121),.T.,.CARTESIAN.);
#4906=TRIMMED_CURVE($,#5466,(#12125),(#12126),.T.,.CARTESIAN.);
#4907=TRIMMED_CURVE($,#5467,(#12128),(#12129),.T.,.CARTESIAN.);
#4908=TRIMMED_CURVE($,#5468,(#12133),(#12134),.T.,.CARTESIAN.);
#4909=TRIMMED_CURVE($,#5469,(#12136),(#12137),.T.,.CARTESIAN.);
#4910=TRIMMED_CURVE($,#5470,(#12141),(#12142),.T.,.CARTESIAN.);
#4911=TRIMMED_CURVE($,#5471,(#12144),(#12145),.T.,.CARTESIAN.);
#4912=TRIMMED_CURVE($,#5472,(#12149),(#12150),.T.,.CARTESIAN.);
#4913=TRIMMED_CURVE($,#5473,(#12152),(#12153),.T.,.CARTESIAN.);
#4914=TRIMMED_CURVE($,#5474,(#12157),(#12158),.T.,.CARTESIAN.);
#4915=TRIMMED_CURVE($,#5475,(#12160),(#12161),.T.,.CARTESIAN.);
#4916=TRIMMED_CURVE($,#5476,(#12165),(#12166),.T.,.CARTESIAN.);
#4917=TRIMMED_CURVE($,#5477,(#12168),(#12169),.T.,.CARTESIAN.);
#4918=TRIMMED_CURVE($,#5478,(#12173),(#12174),.T.,.CARTESIAN.);
#4919=TRIMMED_CURVE($,#5479,(#12176),(#12177),.T.,.CARTESIAN.);
#4920=TRIMMED_CURVE($,#5480,(#12181),(#12182),.T.,.CARTESIAN.);
#4921=TRIMMED_CURVE($,#5481,(#12184),(#12185),.T.,.CARTESIAN.);
#4922=TRIMMED_CURVE($,#5482,(#12189),(#12190),.T.,.CARTESIAN.);
#4923=TRIMMED_CURVE($,#5483,(#12192),(#12193),.T.,.CARTESIAN.);
#4924=TRIMMED_CURVE($,#5484,(#12197),(#12198),.T.,.CARTESIAN.);
#4925=TRIMMED_CURVE($,#5485,(#12200),(#12201),.T.,.CARTESIAN.);
#4926=TRIMMED_CURVE($,#5486,(#12205),(#12206),.T.,.CARTESIAN.);
#4927=TRIMMED_CURVE($,#5487,(#12208),(#12209),.T.,.CARTESIAN.);
#4928=TRIMMED_CURVE($,#5488,(#12213),(#12214),.T.,.CARTESIAN.);
#4929=TRIMMED_CURVE($,#5489,(#12216),(#12217),.T.,.CARTESIAN.);
#4930=TRIMMED_CURVE($,#5490,(#12221),(#12222),.T.,.CARTESIAN.);
#4931=TRIMMED_CURVE($,#5491,(#12224),(#12225),.T.,.CARTESIAN.);
#4932=TRIMMED_CURVE($,#5492,(#12229),(#12230),.T.,.CARTESIAN.);
#4933=TRIMMED_CURVE($,#5493,(#12232),(#12233),.T.,.CARTESIAN.);
#4934=TRIMMED_CURVE($,#5494,(#12237),(#12238),.T.,.CARTESIAN.);
#4935=TRIMMED_CURVE($,#5495,(#12240),(#12241),.T.,.CARTESIAN.);
#4936=TRIMMED_CURVE($,#5496,(#12245),(#12246),.T.,.CARTESIAN.);
#4937=TRIMMED_CURVE($,#5497,(#12248),(#12249),.T.,.CARTESIAN.);
#4938=TRIMMED_CURVE($,#5498,(#12253),(#12254),.T.,.CARTESIAN.);
#4939=TRIMMED_CURVE($,#5499,(#12256),(#12257),.T.,.CARTESIAN.);
#4940=TRIMMED_CURVE($,#5500,(#12261),(#12262),.T.,.CARTESIAN.);
#4941=TRIMMED_CURVE($,#5501,(#12264),(#12265),.T.,.CARTESIAN.);
#4942=TRIMMED_CURVE($,#5502,(#12269),(#12270),.T.,.CARTESIAN.);
#4943=TRIMMED_CURVE($,#5503,(#12272),(#12273),.T.,.CARTESIAN.);
#4944=TRIMMED_CURVE($,#5504,(#12277),(#12278),.T.,.CARTESIAN.);
#4945=TRIMMED_CURVE($,#5505,(#12280),(#12281),.T.,.CARTESIAN.);
#4946=TRIMMED_CURVE($,#5506,(#12285),(#12286),.T.,.CARTESIAN.);
#4947=TRIMMED_CURVE($,#5507,(#12288),(#12289),.T.,.CARTESIAN.);
#4948=TRIMMED_CURVE($,#5508,(#12293),(#12294),.T.,.CARTESIAN.);
#4949=TRIMMED_CURVE($,#5509,(#12296),(#12297),.T.,.CARTESIAN.);
#4950=TRIMMED_CURVE($,#5510,(#12301),(#12302),.T.,.CARTESIAN.);
#4951=TRIMMED_CURVE($,#5511,(#12304),(#12305),.T.,.CARTESIAN.);
#4952=TRIMMED_CURVE($,#5512,(#12309),(#12310),.T.,.CARTESIAN.);
#4953=TRIMMED_CURVE($,#5513,(#12312),(#12313),.T.,.CARTESIAN.);
#4954=TRIMMED_CURVE($,#5514,(#12317),(#12318),.T.,.CARTESIAN.);
#4955=TRIMMED_CURVE($,#5515,(#12320),(#12321),.T.,.CARTESIAN.);
#4956=TRIMMED_CURVE($,#5516,(#12325),(#12326),.T.,.CARTESIAN.);
#4957=TRIMMED_CURVE($,#5517,(#12328),(#12329),.T.,.CARTESIAN.);
#4958=TRIMMED_CURVE($,#5518,(#12333),(#12334),.T.,.CARTESIAN.);
#4959=TRIMMED_CURVE($,#5519,(#12336),(#12337),.T.,.CARTESIAN.);
#4960=TRIMMED_CURVE($,#5520,(#12341),(#12342),.T.,.CARTESIAN.);
#4961=TRIMMED_CURVE($,#5521,(#12344),(#12345),.T.,.CARTESIAN.);
#4962=TRIMMED_CURVE($,#5522,(#12349),(#12350),.T.,.CARTESIAN.);
#4963=TRIMMED_CURVE($,#5523,(#12352),(#12353),.T.,.CARTESIAN.);
#4964=TRIMMED_CURVE($,#5524,(#12357),(#12358),.T.,.CARTESIAN.);
#4965=TRIMMED_CURVE($,#5525,(#12360),(#12361),.T.,.CARTESIAN.);
#4966=TRIMMED_CURVE($,#5526,(#12365),(#12366),.T.,.CARTESIAN.);
#4967=TRIMMED_CURVE($,#5527,(#12368),(#12369),.T.,.CARTESIAN.);
#4968=TRIMMED_CURVE($,#5528,(#12373),(#12374),.T.,.CARTESIAN.);
#4969=TRIMMED_CURVE($,#5529,(#12376),(#12377),.T.,.CARTESIAN.);
#4970=TRIMMED_CURVE($,#5530,(#12381),(#12382),.T.,.CARTESIAN.);
#4971=TRIMMED_CURVE($,#5531,(#12384),(#12385),.T.,.CARTESIAN.);
#4972=TRIMMED_CURVE($,#5532,(#12389),(#12390),.T.,.CARTESIAN.);
#4973=TRIMMED_CURVE($,#5533,(#12392),(#12393),.T.,.CARTESIAN.);
#4974=TRIMMED_CURVE($,#5534,(#12397),(#12398),.T.,.CARTESIAN.);
#4975=TRIMMED_CURVE($,#5535,(#12400),(#12401),.T.,.CARTESIAN.);
#4976=TRIMMED_CURVE($,#5536,(#12405),(#12406),.T.,.CARTESIAN.);
#4977=TRIMMED_CURVE($,#5537,(#12408),(#12409),.T.,.CARTESIAN.);
#4978=TRIMMED_CURVE($,#5538,(#12413),(#12414),.T.,.CARTESIAN.);
#4979=TRIMMED_CURVE($,#5539,(#12416),(#12417),.T.,.CARTESIAN.);
#4980=CIRCLE('',#7048,3.38461538461539);
#4981=CIRCLE('',#7049,3.38461538461539);
#4982=CIRCLE('',#7050,3.38461538461539);
#4983=CIRCLE('',#7051,3.38461538461539);
#4984=CIRCLE('',#7052,3.38461538461539);
#4985=CIRCLE('',#7053,3.38461538461539);
#4986=CIRCLE('',#7054,3.38461538461539);
#4987=CIRCLE('',#7055,3.38461538461539);
#4988=CIRCLE('',#7056,3.38461538461536);
#4989=CIRCLE('',#7057,3.38461538461539);
#4990=CIRCLE('',#7058,3.38461538461536);
#4991=CIRCLE('',#7059,3.38461538461539);
#4992=CIRCLE('',#7060,3.38461538461539);
#4993=CIRCLE('',#7061,3.38461538461539);
#4994=CIRCLE('',#7062,3.38461538461539);
#4995=CIRCLE('',#7063,3.38461538461539);
#4996=CIRCLE('',#7064,3.38461538461539);
#4997=CIRCLE('',#7065,3.3846153846154);
#4998=CIRCLE('',#7066,3.38461538461537);
#4999=CIRCLE('',#7067,3.38461538461539);
#5000=CIRCLE('',#7068,3.38461538461539);
#5001=CIRCLE('',#7069,3.38461538461539);
#5002=CIRCLE('',#7070,3.3846153846154);
#5003=CIRCLE('',#7071,3.38461538461539);
#5004=CIRCLE('',#7072,3.38461538461539);
#5005=CIRCLE('',#7073,3.38461538461539);
#5006=CIRCLE('',#7074,3.38461538461536);
#5007=CIRCLE('',#7075,3.38461538461539);
#5008=CIRCLE('',#7076,3.3846153846154);
#5009=CIRCLE('',#7077,3.38461538461539);
#5010=CIRCLE('',#7078,3.38461538461537);
#5011=CIRCLE('',#7079,3.38461538461539);
#5012=CIRCLE('',#7080,3.38461538461537);
#5013=CIRCLE('',#7081,3.38461538461537);
#5014=CIRCLE('',#7082,3.3846153846154);
#5015=CIRCLE('',#7083,3.38461538461537);
#5016=CIRCLE('',#7084,3.3846153846154);
#5017=CIRCLE('',#7085,3.3846153846154);
#5018=CIRCLE('',#7086,3.3846153846154);
#5019=CIRCLE('',#7087,3.38461538461542);
#5020=CIRCLE('',#7088,3.38461538461539);
#5021=CIRCLE('',#7089,3.38461538461537);
#5022=CIRCLE('',#7090,3.38461538461539);
#5023=CIRCLE('',#7091,3.38461538461539);
#5024=CIRCLE('',#7092,3.38461538461539);
#5025=CIRCLE('',#7093,3.38461538461542);
#5026=CIRCLE('',#7094,3.38461538461539);
#5027=CIRCLE('',#7095,3.38461538461542);
#5028=CIRCLE('',#7096,3.38461538461539);
#5029=CIRCLE('',#7097,3.38461538461536);
#5030=CIRCLE('',#7098,3.38461538461537);
#5031=CIRCLE('',#7099,3.38461538461539);
#5032=CIRCLE('',#7100,3.38461538461539);
#5033=CIRCLE('',#7101,3.38461538461539);
#5034=CIRCLE('',#7102,3.38461538461537);
#5035=CIRCLE('',#7103,3.38461538461539);
#5036=CIRCLE('',#7104,3.38461538461539);
#5037=CIRCLE('',#7105,3.3846153846154);
#5038=CIRCLE('',#7106,3.38461538461537);
#5039=CIRCLE('',#7107,3.38461538461539);
#5040=CIRCLE('',#7108,3.38461538461539);
#5041=CIRCLE('',#7109,3.38461538461539);
#5042=CIRCLE('',#7110,3.38461538461539);
#5043=CIRCLE('',#7111,3.38461538461542);
#5044=CIRCLE('',#7112,3.38461538461539);
#5045=CIRCLE('',#7113,3.38461538461536);
#5046=CIRCLE('',#7114,3.38461538461538);
#5047=CIRCLE('',#7115,3.38461538461539);
#5048=CIRCLE('',#7116,3.38461538461539);
#5049=CIRCLE('',#7117,3.38461538461542);
#5050=CIRCLE('',#7118,3.38461538461539);
#5051=CIRCLE('',#7119,3.38461538461537);
#5052=CIRCLE('',#7120,3.38461538461539);
#5053=CIRCLE('',#7121,3.38461538461541);
#5054=CIRCLE('',#7122,3.38461538461536);
#5055=CIRCLE('',#7123,3.38461538461539);
#5056=CIRCLE('',#7124,3.38461538461542);
#5057=CIRCLE('',#7125,3.38461538461539);
#5058=CIRCLE('',#7126,3.38461538461539);
#5059=CIRCLE('',#7127,3.38461538461539);
#5060=CIRCLE('',#7128,3.38461538461539);
#5061=CIRCLE('',#7129,3.38461538461539);
#5062=CIRCLE('',#7130,3.38461538461536);
#5063=CIRCLE('',#7131,3.38461538461539);
#5064=CIRCLE('',#7132,3.38461538461536);
#5065=CIRCLE('',#7133,3.38461538461536);
#5066=CIRCLE('',#7134,3.38461538461539);
#5067=CIRCLE('',#7135,3.38461538461538);
#5068=CIRCLE('',#7136,3.38461538461539);
#5069=CIRCLE('',#7137,3.38461538461538);
#5070=CIRCLE('',#7138,3.38461538461539);
#5071=CIRCLE('',#7139,3.38461538461539);
#5072=CIRCLE('',#7140,3.38461538461536);
#5073=CIRCLE('',#7141,3.38461538461539);
#5074=CIRCLE('',#7142,3.38461538461537);
#5075=CIRCLE('',#7143,3.38461538461539);
#5076=CIRCLE('',#7144,3.38461538461539);
#5077=CIRCLE('',#7145,3.38461538461538);
#5078=CIRCLE('',#7146,3.3846153846154);
#5079=CIRCLE('',#7147,3.38461538461536);
#5080=CIRCLE('',#7148,3.38461538461537);
#5081=CIRCLE('',#7149,3.38461538461537);
#5082=CIRCLE('',#7150,3.38461538461539);
#5083=CIRCLE('',#7151,3.38461538461539);
#5084=CIRCLE('',#7152,3.38461538461539);
#5085=CIRCLE('',#7153,3.38461538461537);
#5086=CIRCLE('',#7154,3.38461538461536);
#5087=CIRCLE('',#7155,3.38461538461539);
#5088=CIRCLE('',#7156,3.38461538461536);
#5089=CIRCLE('',#7157,3.38461538461539);
#5090=CIRCLE('',#7158,3.38461538461539);
#5091=CIRCLE('',#7159,3.38461538461537);
#5092=CIRCLE('',#7160,3.38461538461539);
#5093=CIRCLE('',#7161,3.3846153846154);
#5094=CIRCLE('',#7162,3.38461538461537);
#5095=CIRCLE('',#7163,3.38461538461539);
#5096=CIRCLE('',#7164,3.38461538461537);
#5097=CIRCLE('',#7165,3.38461538461537);
#5098=CIRCLE('',#7166,3.38461538461539);
#5099=CIRCLE('',#7167,3.38461538461537);
#5100=CIRCLE('',#7168,3.38461538461536);
#5101=CIRCLE('',#7169,3.3846153846154);
#5102=CIRCLE('',#7170,3.38461538461539);
#5103=CIRCLE('',#7171,3.38461538461536);
#5104=CIRCLE('',#7172,3.38461538461537);
#5105=CIRCLE('',#7173,3.38461538461537);
#5106=CIRCLE('',#7174,3.38461538461539);
#5107=CIRCLE('',#7175,3.3846153846154);
#5108=CIRCLE('',#7176,3.38461538461539);
#5109=CIRCLE('',#7177,3.38461538461539);
#5110=CIRCLE('',#7178,3.38461538461539);
#5111=CIRCLE('',#7179,3.38461538461539);
#5112=CIRCLE('',#7180,3.38461538461539);
#5113=CIRCLE('',#7181,3.38461538461539);
#5114=CIRCLE('',#7182,3.38461538461536);
#5115=CIRCLE('',#7183,3.38461538461539);
#5116=CIRCLE('',#7184,3.3846153846154);
#5117=CIRCLE('',#7185,3.38461538461539);
#5118=CIRCLE('',#7186,3.38461538461539);
#5119=CIRCLE('',#7187,3.38461538461536);
#5120=CIRCLE('',#7188,3.38461538461536);
#5121=CIRCLE('',#7189,3.38461538461539);
#5122=CIRCLE('',#7190,3.38461538461539);
#5123=CIRCLE('',#7191,3.3846153846154);
#5124=CIRCLE('',#7192,3.38461538461539);
#5125=CIRCLE('',#7193,3.38461538461536);
#5126=CIRCLE('',#7194,3.38461538461539);
#5127=CIRCLE('',#7195,3.38461538461539);
#5128=CIRCLE('',#7196,3.38461538461539);
#5129=CIRCLE('',#7197,3.38461538461539);
#5130=CIRCLE('',#7198,3.38461538461539);
#5131=CIRCLE('',#7199,3.38461538461539);
#5132=CIRCLE('',#7200,3.3846153846154);
#5133=CIRCLE('',#7201,3.38461538461539);
#5134=CIRCLE('',#7202,3.38461538461537);
#5135=CIRCLE('',#7203,3.38461538461537);
#5136=CIRCLE('',#7204,3.38461538461536);
#5137=CIRCLE('',#7205,3.38461538461539);
#5138=CIRCLE('',#7206,3.3846153846154);
#5139=CIRCLE('',#7207,3.38461538461536);
#5140=CIRCLE('',#7208,3.38461538461537);
#5141=CIRCLE('',#7209,3.38461538461539);
#5142=CIRCLE('',#7210,3.38461538461537);
#5143=CIRCLE('',#7211,3.38461538461537);
#5144=CIRCLE('',#7212,3.38461538461539);
#5145=CIRCLE('',#7213,3.38461538461537);
#5146=CIRCLE('',#7214,3.3846153846154);
#5147=CIRCLE('',#7215,3.38461538461539);
#5148=CIRCLE('',#7216,3.38461538461537);
#5149=CIRCLE('',#7217,3.38461538461539);
#5150=CIRCLE('',#7218,3.38461538461539);
#5151=CIRCLE('',#7219,3.38461538461536);
#5152=CIRCLE('',#7220,3.38461538461539);
#5153=CIRCLE('',#7221,3.38461538461536);
#5154=CIRCLE('',#7222,3.38461538461537);
#5155=CIRCLE('',#7223,3.38461538461539);
#5156=CIRCLE('',#7224,3.38461538461539);
#5157=CIRCLE('',#7225,3.38461538461539);
#5158=CIRCLE('',#7226,3.38461538461537);
#5159=CIRCLE('',#7227,3.38461538461537);
#5160=CIRCLE('',#7228,3.38461538461536);
#5161=CIRCLE('',#7229,3.3846153846154);
#5162=CIRCLE('',#7230,3.38461538461538);
#5163=CIRCLE('',#7231,3.38461538461539);
#5164=CIRCLE('',#7232,3.38461538461539);
#5165=CIRCLE('',#7233,3.38461538461537);
#5166=CIRCLE('',#7234,3.38461538461539);
#5167=CIRCLE('',#7235,3.38461538461536);
#5168=CIRCLE('',#7236,3.38461538461539);
#5169=CIRCLE('',#7237,3.38461538461539);
#5170=CIRCLE('',#7238,3.38461538461538);
#5171=CIRCLE('',#7239,3.38461538461539);
#5172=CIRCLE('',#7240,3.38461538461538);
#5173=CIRCLE('',#7241,3.38461538461539);
#5174=CIRCLE('',#7242,3.38461538461536);
#5175=CIRCLE('',#7243,3.38461538461536);
#5176=CIRCLE('',#7244,3.38461538461539);
#5177=CIRCLE('',#7245,3.38461538461536);
#5178=CIRCLE('',#7246,3.38461538461539);
#5179=CIRCLE('',#7247,3.38461538461539);
#5180=CIRCLE('',#7248,3.38461538461539);
#5181=CIRCLE('',#7249,3.38461538461539);
#5182=CIRCLE('',#7250,3.38461538461539);
#5183=CIRCLE('',#7251,3.38461538461542);
#5184=CIRCLE('',#7252,3.38461538461539);
#5185=CIRCLE('',#7253,3.38461538461536);
#5186=CIRCLE('',#7254,3.38461538461541);
#5187=CIRCLE('',#7255,3.38461538461539);
#5188=CIRCLE('',#7256,3.38461538461537);
#5189=CIRCLE('',#7257,3.38461538461539);
#5190=CIRCLE('',#7258,3.38461538461542);
#5191=CIRCLE('',#7259,3.38461538461539);
#5192=CIRCLE('',#7260,3.38461538461539);
#5193=CIRCLE('',#7261,3.38461538461538);
#5194=CIRCLE('',#7262,3.38461538461536);
#5195=CIRCLE('',#7263,3.38461538461539);
#5196=CIRCLE('',#7264,3.38461538461542);
#5197=CIRCLE('',#7265,3.38461538461539);
#5198=CIRCLE('',#7266,3.38461538461539);
#5199=CIRCLE('',#7267,3.38461538461539);
#5200=CIRCLE('',#7268,3.38461538461539);
#5201=CIRCLE('',#7269,3.38461538461537);
#5202=CIRCLE('',#7270,3.3846153846154);
#5203=CIRCLE('',#7271,3.38461538461539);
#5204=CIRCLE('',#7272,3.38461538461539);
#5205=CIRCLE('',#7273,3.38461538461537);
#5206=CIRCLE('',#7274,3.38461538461539);
#5207=CIRCLE('',#7275,3.38461538461539);
#5208=CIRCLE('',#7276,3.38461538461539);
#5209=CIRCLE('',#7277,3.38461538461537);
#5210=CIRCLE('',#7278,3.38461538461536);
#5211=CIRCLE('',#7279,3.38461538461539);
#5212=CIRCLE('',#7280,3.38461538461542);
#5213=CIRCLE('',#7281,3.38461538461539);
#5214=CIRCLE('',#7282,3.38461538461542);
#5215=CIRCLE('',#7283,3.38461538461539);
#5216=CIRCLE('',#7284,3.38461538461539);
#5217=CIRCLE('',#7285,3.38461538461539);
#5218=CIRCLE('',#7286,3.38461538461537);
#5219=CIRCLE('',#7287,3.38461538461539);
#5220=CIRCLE('',#7288,3.38461538461542);
#5221=CIRCLE('',#7289,3.3846153846154);
#5222=CIRCLE('',#7290,3.3846153846154);
#5223=CIRCLE('',#7291,3.3846153846154);
#5224=CIRCLE('',#7292,3.38461538461537);
#5225=CIRCLE('',#7293,3.3846153846154);
#5226=CIRCLE('',#7294,3.38461538461537);
#5227=CIRCLE('',#7295,3.38461538461537);
#5228=CIRCLE('',#7296,3.38461538461539);
#5229=CIRCLE('',#7297,3.38461538461537);
#5230=CIRCLE('',#7298,3.38461538461539);
#5231=CIRCLE('',#7299,3.3846153846154);
#5232=CIRCLE('',#7300,3.38461538461539);
#5233=CIRCLE('',#7301,3.38461538461536);
#5234=CIRCLE('',#7302,3.38461538461539);
#5235=CIRCLE('',#7303,3.38461538461539);
#5236=CIRCLE('',#7304,3.38461538461539);
#5237=CIRCLE('',#7305,3.3846153846154);
#5238=CIRCLE('',#7306,3.38461538461539);
#5239=CIRCLE('',#7307,3.38461538461539);
#5240=CIRCLE('',#7308,3.38461538461539);
#5241=CIRCLE('',#7309,3.38461538461537);
#5242=CIRCLE('',#7310,3.3846153846154);
#5243=CIRCLE('',#7311,3.38461538461539);
#5244=CIRCLE('',#7312,3.38461538461539);
#5245=CIRCLE('',#7313,3.38461538461539);
#5246=CIRCLE('',#7314,3.38461538461539);
#5247=CIRCLE('',#7315,3.38461538461539);
#5248=CIRCLE('',#7316,3.38461538461539);
#5249=CIRCLE('',#7317,3.38461538461536);
#5250=CIRCLE('',#7318,3.38461538461539);
#5251=CIRCLE('',#7319,3.38461538461536);
#5252=CIRCLE('',#7320,3.38461538461539);
#5253=CIRCLE('',#7321,3.38461538461539);
#5254=CIRCLE('',#7322,3.38461538461539);
#5255=CIRCLE('',#7323,3.38461538461539);
#5256=CIRCLE('',#7324,3.38461538461539);
#5257=CIRCLE('',#7325,3.38461538461539);
#5258=CIRCLE('',#7326,3.38461538461539);
#5259=CIRCLE('',#7327,3.38461538461539);
#5260=CIRCLE('',#7328,3.38461538461539);
#5261=CIRCLE('',#7329,3.38461538461539);
#5262=CIRCLE('',#7330,3.38461538461539);
#5263=CIRCLE('',#7331,3.38461538461539);
#5264=CIRCLE('',#7332,3.38461538461537);
#5265=CIRCLE('',#7333,3.38461538461537);
#5266=CIRCLE('',#7334,3.38461538461539);
#5267=CIRCLE('',#7335,3.38461538461539);
#5268=CIRCLE('',#7336,3.38461538461539);
#5269=CIRCLE('',#7337,3.38461538461539);
#5270=CIRCLE('',#7338,3.38461538461539);
#5271=CIRCLE('',#7339,3.38461538461539);
#5272=CIRCLE('',#7340,3.38461538461539);
#5273=CIRCLE('',#7341,3.38461538461539);
#5274=CIRCLE('',#7342,3.38461538461539);
#5275=CIRCLE('',#7343,3.38461538461539);
#5276=CIRCLE('',#7344,3.38461538461542);
#5277=CIRCLE('',#7345,3.38461538461542);
#5278=CIRCLE('',#7346,3.38461538461536);
#5279=CIRCLE('',#7347,3.38461538461536);
#5280=CIRCLE('',#7348,3.38461538461539);
#5281=CIRCLE('',#7349,3.38461538461539);
#5282=CIRCLE('',#7350,3.38461538461539);
#5283=CIRCLE('',#7351,3.38461538461539);
#5284=CIRCLE('',#7352,3.38461538461539);
#5285=CIRCLE('',#7353,3.38461538461539);
#5286=CIRCLE('',#7354,3.38461538461542);
#5287=CIRCLE('',#7355,3.38461538461542);
#5288=CIRCLE('',#7356,3.3846153846154);
#5289=CIRCLE('',#7357,3.3846153846154);
#5290=CIRCLE('',#7358,3.38461538461539);
#5291=CIRCLE('',#7359,3.38461538461539);
#5292=CIRCLE('',#7360,3.38461538461539);
#5293=CIRCLE('',#7361,3.38461538461539);
#5294=CIRCLE('',#7362,3.3846153846154);
#5295=CIRCLE('',#7363,3.3846153846154);
#5296=CIRCLE('',#7364,3.38461538461536);
#5297=CIRCLE('',#7365,3.38461538461536);
#5298=CIRCLE('',#7366,3.38461538461539);
#5299=CIRCLE('',#7367,3.38461538461539);
#5300=CIRCLE('',#7368,3.38461538461539);
#5301=CIRCLE('',#7369,3.38461538461539);
#5302=CIRCLE('',#7370,3.38461538461542);
#5303=CIRCLE('',#7371,3.38461538461542);
#5304=CIRCLE('',#7372,3.3846153846154);
#5305=CIRCLE('',#7373,3.3846153846154);
#5306=CIRCLE('',#7374,3.38461538461539);
#5307=CIRCLE('',#7375,3.38461538461539);
#5308=CIRCLE('',#7376,3.38461538461539);
#5309=CIRCLE('',#7377,3.38461538461539);
#5310=CIRCLE('',#7378,3.38461538461537);
#5311=CIRCLE('',#7379,3.38461538461537);
#5312=CIRCLE('',#7380,3.38461538461537);
#5313=CIRCLE('',#7381,3.38461538461537);
#5314=CIRCLE('',#7382,3.38461538461539);
#5315=CIRCLE('',#7383,3.38461538461539);
#5316=CIRCLE('',#7384,3.38461538461542);
#5317=CIRCLE('',#7385,3.38461538461542);
#5318=CIRCLE('',#7386,3.38461538461539);
#5319=CIRCLE('',#7387,3.38461538461539);
#5320=CIRCLE('',#7388,3.3846153846154);
#5321=CIRCLE('',#7389,3.3846153846154);
#5322=CIRCLE('',#7390,3.3846153846154);
#5323=CIRCLE('',#7391,3.3846153846154);
#5324=CIRCLE('',#7392,3.38461538461539);
#5325=CIRCLE('',#7393,3.38461538461539);
#5326=CIRCLE('',#7394,3.38461538461539);
#5327=CIRCLE('',#7395,3.38461538461539);
#5328=CIRCLE('',#7396,3.38461538461539);
#5329=CIRCLE('',#7397,3.38461538461539);
#5330=CIRCLE('',#7398,3.3846153846154);
#5331=CIRCLE('',#7399,3.3846153846154);
#5332=CIRCLE('',#7400,3.3846153846154);
#5333=CIRCLE('',#7401,3.3846153846154);
#5334=CIRCLE('',#7402,3.38461538461537);
#5335=CIRCLE('',#7403,3.38461538461537);
#5336=CIRCLE('',#7404,3.38461538461537);
#5337=CIRCLE('',#7405,3.38461538461537);
#5338=CIRCLE('',#7406,3.38461538461537);
#5339=CIRCLE('',#7407,3.38461538461537);
#5340=CIRCLE('',#7408,3.3846153846154);
#5341=CIRCLE('',#7409,3.3846153846154);
#5342=CIRCLE('',#7410,3.38461538461539);
#5343=CIRCLE('',#7411,3.38461538461539);
#5344=CIRCLE('',#7412,3.38461538461539);
#5345=CIRCLE('',#7413,3.38461538461539);
#5346=CIRCLE('',#7414,3.38461538461537);
#5347=CIRCLE('',#7415,3.38461538461537);
#5348=CIRCLE('',#7416,3.3846153846154);
#5349=CIRCLE('',#7417,3.3846153846154);
#5350=CIRCLE('',#7418,3.3846153846154);
#5351=CIRCLE('',#7419,3.3846153846154);
#5352=CIRCLE('',#7420,3.38461538461539);
#5353=CIRCLE('',#7421,3.38461538461539);
#5354=CIRCLE('',#7422,3.38461538461539);
#5355=CIRCLE('',#7423,3.38461538461539);
#5356=CIRCLE('',#7424,3.38461538461537);
#5357=CIRCLE('',#7425,3.38461538461537);
#5358=CIRCLE('',#7426,3.38461538461537);
#5359=CIRCLE('',#7427,3.38461538461537);
#5360=CIRCLE('',#7428,3.3846153846154);
#5361=CIRCLE('',#7429,3.3846153846154);
#5362=CIRCLE('',#7430,3.38461538461539);
#5363=CIRCLE('',#7431,3.38461538461539);
#5364=CIRCLE('',#7432,3.38461538461539);
#5365=CIRCLE('',#7433,3.38461538461539);
#5366=CIRCLE('',#7434,3.38461538461536);
#5367=CIRCLE('',#7435,3.38461538461536);
#5368=CIRCLE('',#7436,3.3846153846154);
#5369=CIRCLE('',#7437,3.3846153846154);
#5370=CIRCLE('',#7438,3.3846153846154);
#5371=CIRCLE('',#7439,3.3846153846154);
#5372=CIRCLE('',#7440,3.38461538461539);
#5373=CIRCLE('',#7441,3.38461538461539);
#5374=CIRCLE('',#7442,3.38461538461538);
#5375=CIRCLE('',#7443,3.38461538461538);
#5376=CIRCLE('',#7444,3.38461538461539);
#5377=CIRCLE('',#7445,3.38461538461539);
#5378=CIRCLE('',#7446,3.3846153846154);
#5379=CIRCLE('',#7447,3.3846153846154);
#5380=CIRCLE('',#7448,3.38461538461538);
#5381=CIRCLE('',#7449,3.38461538461538);
#5382=CIRCLE('',#7450,3.3846153846154);
#5383=CIRCLE('',#7451,3.3846153846154);
#5384=CIRCLE('',#7452,3.38461538461539);
#5385=CIRCLE('',#7453,3.38461538461539);
#5386=CIRCLE('',#7454,3.38461538461539);
#5387=CIRCLE('',#7455,3.38461538461539);
#5388=CIRCLE('',#7456,3.38461538461538);
#5389=CIRCLE('',#7457,3.38461538461538);
#5390=CIRCLE('',#7458,3.38461538461537);
#5391=CIRCLE('',#7459,3.38461538461537);
#5392=CIRCLE('',#7460,3.38461538461537);
#5393=CIRCLE('',#7461,3.38461538461537);
#5394=CIRCLE('',#7462,3.38461538461539);
#5395=CIRCLE('',#7463,3.38461538461539);
#5396=CIRCLE('',#7464,3.38461538461539);
#5397=CIRCLE('',#7465,3.38461538461539);
#5398=CIRCLE('',#7466,3.38461538461542);
#5399=CIRCLE('',#7467,3.38461538461542);
#5400=CIRCLE('',#7468,3.38461538461541);
#5401=CIRCLE('',#7469,3.38461538461541);
#5402=CIRCLE('',#7470,3.38461538461539);
#5403=CIRCLE('',#7471,3.38461538461539);
#5404=CIRCLE('',#7472,3.38461538461539);
#5405=CIRCLE('',#7473,3.38461538461539);
#5406=CIRCLE('',#7474,3.38461538461539);
#5407=CIRCLE('',#7475,3.38461538461539);
#5408=CIRCLE('',#7476,3.38461538461539);
#5409=CIRCLE('',#7477,3.38461538461539);
#5410=CIRCLE('',#7478,3.38461538461537);
#5411=CIRCLE('',#7479,3.38461538461537);
#5412=CIRCLE('',#7480,3.38461538461539);
#5413=CIRCLE('',#7481,3.38461538461539);
#5414=CIRCLE('',#7482,3.38461538461539);
#5415=CIRCLE('',#7483,3.38461538461539);
#5416=CIRCLE('',#7484,3.38461538461536);
#5417=CIRCLE('',#7485,3.38461538461536);
#5418=CIRCLE('',#7486,3.38461538461539);
#5419=CIRCLE('',#7487,3.38461538461539);
#5420=CIRCLE('',#7488,3.38461538461539);
#5421=CIRCLE('',#7489,3.38461538461539);
#5422=CIRCLE('',#7490,3.38461538461539);
#5423=CIRCLE('',#7491,3.38461538461539);
#5424=CIRCLE('',#7492,3.38461538461537);
#5425=CIRCLE('',#7493,3.38461538461537);
#5426=CIRCLE('',#7494,3.38461538461538);
#5427=CIRCLE('',#7495,3.38461538461538);
#5428=CIRCLE('',#7496,3.38461538461542);
#5429=CIRCLE('',#7497,3.38461538461542);
#5430=CIRCLE('',#7498,3.38461538461539);
#5431=CIRCLE('',#7499,3.38461538461539);
#5432=CIRCLE('',#7500,3.38461538461541);
#5433=CIRCLE('',#7501,3.38461538461541);
#5434=CIRCLE('',#7502,3.38461538461539);
#5435=CIRCLE('',#7503,3.38461538461539);
#5436=CIRCLE('',#7504,3.38461538461536);
#5437=CIRCLE('',#7505,3.38461538461536);
#5438=CIRCLE('',#7506,3.38461538461538);
#5439=CIRCLE('',#7507,3.38461538461538);
#5440=CIRCLE('',#7508,3.38461538461539);
#5441=CIRCLE('',#7509,3.38461538461539);
#5442=CIRCLE('',#7510,3.38461538461537);
#5443=CIRCLE('',#7511,3.38461538461537);
#5444=CIRCLE('',#7512,3.3846153846154);
#5445=CIRCLE('',#7513,3.3846153846154);
#5446=CIRCLE('',#7514,3.38461538461539);
#5447=CIRCLE('',#7515,3.38461538461539);
#5448=CIRCLE('',#7516,3.3846153846154);
#5449=CIRCLE('',#7517,3.3846153846154);
#5450=CIRCLE('',#7518,3.38461538461539);
#5451=CIRCLE('',#7519,3.38461538461539);
#5452=CIRCLE('',#7520,3.3846153846154);
#5453=CIRCLE('',#7521,3.3846153846154);
#5454=CIRCLE('',#7522,3.38461538461538);
#5455=CIRCLE('',#7523,3.38461538461538);
#5456=CIRCLE('',#7524,3.38461538461538);
#5457=CIRCLE('',#7525,3.38461538461538);
#5458=CIRCLE('',#7526,3.38461538461539);
#5459=CIRCLE('',#7527,3.38461538461539);
#5460=CIRCLE('',#7528,3.3846153846154);
#5461=CIRCLE('',#7529,3.3846153846154);
#5462=CIRCLE('',#7530,3.38461538461537);
#5463=CIRCLE('',#7531,3.38461538461537);
#5464=CIRCLE('',#7532,3.38461538461539);
#5465=CIRCLE('',#7533,3.38461538461539);
#5466=CIRCLE('',#7534,3.3846153846154);
#5467=CIRCLE('',#7535,3.3846153846154);
#5468=CIRCLE('',#7536,3.38461538461539);
#5469=CIRCLE('',#7537,3.38461538461539);
#5470=CIRCLE('',#7538,3.3846153846154);
#5471=CIRCLE('',#7539,3.3846153846154);
#5472=CIRCLE('',#7540,3.38461538461537);
#5473=CIRCLE('',#7541,3.38461538461537);
#5474=CIRCLE('',#7542,3.38461538461537);
#5475=CIRCLE('',#7543,3.38461538461537);
#5476=CIRCLE('',#7544,3.38461538461542);
#5477=CIRCLE('',#7545,3.38461538461542);
#5478=CIRCLE('',#7546,3.38461538461539);
#5479=CIRCLE('',#7547,3.38461538461539);
#5480=CIRCLE('',#7548,3.3846153846154);
#5481=CIRCLE('',#7549,3.3846153846154);
#5482=CIRCLE('',#7550,3.38461538461539);
#5483=CIRCLE('',#7551,3.38461538461539);
#5484=CIRCLE('',#7552,3.38461538461539);
#5485=CIRCLE('',#7553,3.38461538461539);
#5486=CIRCLE('',#7554,3.3846153846154);
#5487=CIRCLE('',#7555,3.3846153846154);
#5488=CIRCLE('',#7556,3.38461538461536);
#5489=CIRCLE('',#7557,3.38461538461536);
#5490=CIRCLE('',#7558,3.3846153846154);
#5491=CIRCLE('',#7559,3.3846153846154);
#5492=CIRCLE('',#7560,3.38461538461539);
#5493=CIRCLE('',#7561,3.38461538461539);
#5494=CIRCLE('',#7562,3.38461538461539);
#5495=CIRCLE('',#7563,3.38461538461539);
#5496=CIRCLE('',#7564,3.38461538461537);
#5497=CIRCLE('',#7565,3.38461538461537);
#5498=CIRCLE('',#7566,3.38461538461539);
#5499=CIRCLE('',#7567,3.38461538461539);
#5500=CIRCLE('',#7568,3.38461538461539);
#5501=CIRCLE('',#7569,3.38461538461539);
#5502=CIRCLE('',#7570,3.38461538461537);
#5503=CIRCLE('',#7571,3.38461538461537);
#5504=CIRCLE('',#7572,3.38461538461539);
#5505=CIRCLE('',#7573,3.38461538461539);
#5506=CIRCLE('',#7574,3.38461538461536);
#5507=CIRCLE('',#7575,3.38461538461536);
#5508=CIRCLE('',#7576,3.38461538461542);
#5509=CIRCLE('',#7577,3.38461538461542);
#5510=CIRCLE('',#7578,3.38461538461539);
#5511=CIRCLE('',#7579,3.38461538461539);
#5512=CIRCLE('',#7580,3.38461538461539);
#5513=CIRCLE('',#7581,3.38461538461539);
#5514=CIRCLE('',#7582,3.38461538461539);
#5515=CIRCLE('',#7583,3.38461538461539);
#5516=CIRCLE('',#7584,3.38461538461539);
#5517=CIRCLE('',#7585,3.38461538461539);
#5518=CIRCLE('',#7586,3.38461538461542);
#5519=CIRCLE('',#7587,3.38461538461542);
#5520=CIRCLE('',#7588,3.3846153846154);
#5521=CIRCLE('',#7589,3.3846153846154);
#5522=CIRCLE('',#7590,3.38461538461539);
#5523=CIRCLE('',#7591,3.38461538461539);
#5524=CIRCLE('',#7592,3.38461538461539);
#5525=CIRCLE('',#7593,3.38461538461539);
#5526=CIRCLE('',#7594,3.38461538461539);
#5527=CIRCLE('',#7595,3.38461538461539);
#5528=CIRCLE('',#7596,3.38461538461539);
#5529=CIRCLE('',#7597,3.38461538461539);
#5530=CIRCLE('',#7598,3.38461538461539);
#5531=CIRCLE('',#7599,3.38461538461539);
#5532=CIRCLE('',#7600,3.38461538461542);
#5533=CIRCLE('',#7601,3.38461538461542);
#5534=CIRCLE('',#7602,3.38461538461539);
#5535=CIRCLE('',#7603,3.38461538461539);
#5536=CIRCLE('',#7604,3.38461538461539);
#5537=CIRCLE('',#7605,3.38461538461539);
#5538=CIRCLE('',#7606,3.38461538461539);
#5539=CIRCLE('',#7607,3.38461538461539);
#5540=VERTEX_POINT('',#9586);
#5541=VERTEX_POINT('',#9587);
#5542=VERTEX_POINT('',#9588);
#5543=VERTEX_POINT('',#9589);
#5544=VERTEX_POINT('',#9590);
#5545=VERTEX_POINT('',#9591);
#5546=VERTEX_POINT('',#9592);
#5547=VERTEX_POINT('',#9593);
#5548=VERTEX_POINT('',#9594);
#5549=VERTEX_POINT('',#9595);
#5550=VERTEX_POINT('',#9596);
#5551=VERTEX_POINT('',#9597);
#5552=VERTEX_POINT('',#9598);
#5553=VERTEX_POINT('',#9599);
#5554=VERTEX_POINT('',#9600);
#5555=VERTEX_POINT('',#9601);
#5556=VERTEX_POINT('',#9602);
#5557=VERTEX_POINT('',#9603);
#5558=VERTEX_POINT('',#9604);
#5559=VERTEX_POINT('',#9605);
#5560=VERTEX_POINT('',#9606);
#5561=VERTEX_POINT('',#9607);
#5562=VERTEX_POINT('',#9608);
#5563=VERTEX_POINT('',#9609);
#5564=VERTEX_POINT('',#9610);
#5565=VERTEX_POINT('',#9611);
#5566=VERTEX_POINT('',#9612);
#5567=VERTEX_POINT('',#9613);
#5568=VERTEX_POINT('',#9614);
#5569=VERTEX_POINT('',#9615);
#5570=VERTEX_POINT('',#9616);
#5571=VERTEX_POINT('',#9617);
#5572=VERTEX_POINT('',#9618);
#5573=VERTEX_POINT('',#9619);
#5574=VERTEX_POINT('',#9620);
#5575=VERTEX_POINT('',#9621);
#5576=VERTEX_POINT('',#9622);
#5577=VERTEX_POINT('',#9623);
#5578=VERTEX_POINT('',#9624);
#5579=VERTEX_POINT('',#9625);
#5580=VERTEX_POINT('',#9626);
#5581=VERTEX_POINT('',#9627);
#5582=VERTEX_POINT('',#9628);
#5583=VERTEX_POINT('',#9629);
#5584=VERTEX_POINT('',#9630);
#5585=VERTEX_POINT('',#9631);
#5586=VERTEX_POINT('',#9632);
#5587=VERTEX_POINT('',#9633);
#5588=VERTEX_POINT('',#9634);
#5589=VERTEX_POINT('',#9635);
#5590=VERTEX_POINT('',#9636);
#5591=VERTEX_POINT('',#9637);
#5592=VERTEX_POINT('',#9638);
#5593=VERTEX_POINT('',#9639);
#5594=VERTEX_POINT('',#9640);
#5595=VERTEX_POINT('',#9641);
#5596=VERTEX_POINT('',#9642);
#5597=VERTEX_POINT('',#9643);
#5598=VERTEX_POINT('',#9644);
#5599=VERTEX_POINT('',#9645);
#5600=VERTEX_POINT('',#9646);
#5601=VERTEX_POINT('',#9647);
#5602=VERTEX_POINT('',#9648);
#5603=VERTEX_POINT('',#9649);
#5604=VERTEX_POINT('',#9650);
#5605=VERTEX_POINT('',#9651);
#5606=VERTEX_POINT('',#9652);
#5607=VERTEX_POINT('',#9653);
#5608=VERTEX_POINT('',#9654);
#5609=VERTEX_POINT('',#9655);
#5610=VERTEX_POINT('',#9656);
#5611=VERTEX_POINT('',#9657);
#5612=VERTEX_POINT('',#9658);
#5613=VERTEX_POINT('',#9659);
#5614=VERTEX_POINT('',#9660);
#5615=VERTEX_POINT('',#9661);
#5616=VERTEX_POINT('',#9662);
#5617=VERTEX_POINT('',#9663);
#5618=VERTEX_POINT('',#9664);
#5619=VERTEX_POINT('',#9665);
#5620=VERTEX_POINT('',#9666);
#5621=VERTEX_POINT('',#9667);
#5622=VERTEX_POINT('',#9668);
#5623=VERTEX_POINT('',#9669);
#5624=VERTEX_POINT('',#9670);
#5625=VERTEX_POINT('',#9671);
#5626=VERTEX_POINT('',#9672);
#5627=VERTEX_POINT('',#9673);
#5628=VERTEX_POINT('',#9674);
#5629=VERTEX_POINT('',#9675);
#5630=VERTEX_POINT('',#9676);
#5631=VERTEX_POINT('',#9677);
#5632=VERTEX_POINT('',#9678);
#5633=VERTEX_POINT('',#9679);
#5634=VERTEX_POINT('',#9680);
#5635=VERTEX_POINT('',#9681);
#5636=VERTEX_POINT('',#9682);
#5637=VERTEX_POINT('',#9683);
#5638=VERTEX_POINT('',#9684);
#5639=VERTEX_POINT('',#9685);
#5640=VERTEX_POINT('',#9686);
#5641=VERTEX_POINT('',#9687);
#5642=VERTEX_POINT('',#9688);
#5643=VERTEX_POINT('',#9689);
#5644=VERTEX_POINT('',#9690);
#5645=VERTEX_POINT('',#9691);
#5646=VERTEX_POINT('',#9692);
#5647=VERTEX_POINT('',#9693);
#5648=VERTEX_POINT('',#9694);
#5649=VERTEX_POINT('',#9695);
#5650=VERTEX_POINT('',#9696);
#5651=VERTEX_POINT('',#9697);
#5652=VERTEX_POINT('',#9698);
#5653=VERTEX_POINT('',#9699);
#5654=VERTEX_POINT('',#9700);
#5655=VERTEX_POINT('',#9701);
#5656=VERTEX_POINT('',#9702);
#5657=VERTEX_POINT('',#9703);
#5658=VERTEX_POINT('',#9704);
#5659=VERTEX_POINT('',#9705);
#5660=VERTEX_POINT('',#9706);
#5661=VERTEX_POINT('',#9707);
#5662=VERTEX_POINT('',#9708);
#5663=VERTEX_POINT('',#9709);
#5664=VERTEX_POINT('',#9710);
#5665=VERTEX_POINT('',#9711);
#5666=VERTEX_POINT('',#9712);
#5667=VERTEX_POINT('',#9713);
#5668=VERTEX_POINT('',#9714);
#5669=VERTEX_POINT('',#9715);
#5670=VERTEX_POINT('',#9716);
#5671=VERTEX_POINT('',#9717);
#5672=VERTEX_POINT('',#9718);
#5673=VERTEX_POINT('',#9719);
#5674=VERTEX_POINT('',#9720);
#5675=VERTEX_POINT('',#9721);
#5676=VERTEX_POINT('',#9722);
#5677=VERTEX_POINT('',#9723);
#5678=VERTEX_POINT('',#9724);
#5679=VERTEX_POINT('',#9725);
#5680=VERTEX_POINT('',#9726);
#5681=VERTEX_POINT('',#9727);
#5682=VERTEX_POINT('',#9728);
#5683=VERTEX_POINT('',#9729);
#5684=VERTEX_POINT('',#9730);
#5685=VERTEX_POINT('',#9731);
#5686=VERTEX_POINT('',#9732);
#5687=VERTEX_POINT('',#9733);
#5688=VERTEX_POINT('',#9734);
#5689=VERTEX_POINT('',#9735);
#5690=VERTEX_POINT('',#9736);
#5691=VERTEX_POINT('',#9737);
#5692=VERTEX_POINT('',#9738);
#5693=VERTEX_POINT('',#9739);
#5694=VERTEX_POINT('',#9740);
#5695=VERTEX_POINT('',#9741);
#5696=VERTEX_POINT('',#9742);
#5697=VERTEX_POINT('',#9743);
#5698=VERTEX_POINT('',#9744);
#5699=VERTEX_POINT('',#9745);
#5700=VERTEX_POINT('',#9746);
#5701=VERTEX_POINT('',#9747);
#5702=VERTEX_POINT('',#9748);
#5703=VERTEX_POINT('',#9749);
#5704=VERTEX_POINT('',#9750);
#5705=VERTEX_POINT('',#9751);
#5706=VERTEX_POINT('',#9752);
#5707=VERTEX_POINT('',#9753);
#5708=VERTEX_POINT('',#9754);
#5709=VERTEX_POINT('',#9755);
#5710=VERTEX_POINT('',#9756);
#5711=VERTEX_POINT('',#9757);
#5712=VERTEX_POINT('',#9758);
#5713=VERTEX_POINT('',#9759);
#5714=VERTEX_POINT('',#9760);
#5715=VERTEX_POINT('',#9761);
#5716=VERTEX_POINT('',#9762);
#5717=VERTEX_POINT('',#9763);
#5718=VERTEX_POINT('',#9764);
#5719=VERTEX_POINT('',#9765);
#5720=VERTEX_POINT('',#9766);
#5721=VERTEX_POINT('',#9767);
#5722=VERTEX_POINT('',#9768);
#5723=VERTEX_POINT('',#9769);
#5724=VERTEX_POINT('',#9770);
#5725=VERTEX_POINT('',#9771);
#5726=VERTEX_POINT('',#9772);
#5727=VERTEX_POINT('',#9773);
#5728=VERTEX_POINT('',#9774);
#5729=VERTEX_POINT('',#9775);
#5730=VERTEX_POINT('',#9776);
#5731=VERTEX_POINT('',#9777);
#5732=VERTEX_POINT('',#9778);
#5733=VERTEX_POINT('',#9779);
#5734=VERTEX_POINT('',#9780);
#5735=VERTEX_POINT('',#9781);
#5736=VERTEX_POINT('',#9782);
#5737=VERTEX_POINT('',#9783);
#5738=VERTEX_POINT('',#9784);
#5739=VERTEX_POINT('',#9785);
#5740=VERTEX_POINT('',#9786);
#5741=VERTEX_POINT('',#9787);
#5742=VERTEX_POINT('',#9788);
#5743=VERTEX_POINT('',#9789);
#5744=VERTEX_POINT('',#9790);
#5745=VERTEX_POINT('',#9791);
#5746=VERTEX_POINT('',#9792);
#5747=VERTEX_POINT('',#9793);
#5748=VERTEX_POINT('',#9794);
#5749=VERTEX_POINT('',#9795);
#5750=VERTEX_POINT('',#9796);
#5751=VERTEX_POINT('',#9797);
#5752=VERTEX_POINT('',#9798);
#5753=VERTEX_POINT('',#9799);
#5754=VERTEX_POINT('',#9800);
#5755=VERTEX_POINT('',#9801);
#5756=VERTEX_POINT('',#9802);
#5757=VERTEX_POINT('',#9803);
#5758=VERTEX_POINT('',#9804);
#5759=VERTEX_POINT('',#9805);
#5760=VERTEX_POINT('',#9806);
#5761=VERTEX_POINT('',#9807);
#5762=VERTEX_POINT('',#9808);
#5763=VERTEX_POINT('',#9809);
#5764=VERTEX_POINT('',#9810);
#5765=VERTEX_POINT('',#9811);
#5766=VERTEX_POINT('',#9812);
#5767=VERTEX_POINT('',#9813);
#5768=VERTEX_POINT('',#9814);
#5769=VERTEX_POINT('',#9815);
#5770=VERTEX_POINT('',#9816);
#5771=VERTEX_POINT('',#9817);
#5772=VERTEX_POINT('',#9818);
#5773=VERTEX_POINT('',#9819);
#5774=VERTEX_POINT('',#9820);
#5775=VERTEX_POINT('',#9821);
#5776=VERTEX_POINT('',#9822);
#5777=VERTEX_POINT('',#9823);
#5778=VERTEX_POINT('',#9824);
#5779=VERTEX_POINT('',#9825);
#5780=VERTEX_POINT('',#9826);
#5781=VERTEX_POINT('',#9827);
#5782=VERTEX_POINT('',#9828);
#5783=VERTEX_POINT('',#9829);
#5784=VERTEX_POINT('',#9830);
#5785=VERTEX_POINT('',#9831);
#5786=VERTEX_POINT('',#9832);
#5787=VERTEX_POINT('',#9833);
#5788=VERTEX_POINT('',#9834);
#5789=VERTEX_POINT('',#9835);
#5790=VERTEX_POINT('',#9836);
#5791=VERTEX_POINT('',#9837);
#5792=VERTEX_POINT('',#9838);
#5793=VERTEX_POINT('',#9839);
#5794=VERTEX_POINT('',#9840);
#5795=VERTEX_POINT('',#9841);
#5796=VERTEX_POINT('',#9842);
#5797=VERTEX_POINT('',#9843);
#5798=VERTEX_POINT('',#9844);
#5799=VERTEX_POINT('',#9845);
#5800=VERTEX_POINT('',#9846);
#5801=VERTEX_POINT('',#9847);
#5802=VERTEX_POINT('',#9848);
#5803=VERTEX_POINT('',#9849);
#5804=VERTEX_POINT('',#9850);
#5805=VERTEX_POINT('',#9851);
#5806=VERTEX_POINT('',#9852);
#5807=VERTEX_POINT('',#9853);
#5808=VERTEX_POINT('',#9854);
#5809=VERTEX_POINT('',#9855);
#5810=VERTEX_POINT('',#9856);
#5811=VERTEX_POINT('',#9857);
#5812=VERTEX_POINT('',#9858);
#5813=VERTEX_POINT('',#9859);
#5814=VERTEX_POINT('',#9860);
#5815=VERTEX_POINT('',#9861);
#5816=VERTEX_POINT('',#9862);
#5817=VERTEX_POINT('',#9863);
#5818=VERTEX_POINT('',#9864);
#5819=VERTEX_POINT('',#9865);
#5820=VERTEX_POINT('',#9866);
#5821=VERTEX_POINT('',#9867);
#5822=VERTEX_POINT('',#9868);
#5823=VERTEX_POINT('',#9869);
#5824=VERTEX_POINT('',#9870);
#5825=VERTEX_POINT('',#9871);
#5826=VERTEX_POINT('',#9872);
#5827=VERTEX_POINT('',#9873);
#5828=VERTEX_POINT('',#9874);
#5829=VERTEX_POINT('',#9875);
#5830=VERTEX_POINT('',#9876);
#5831=VERTEX_POINT('',#9877);
#5832=VERTEX_POINT('',#9878);
#5833=VERTEX_POINT('',#9879);
#5834=VERTEX_POINT('',#9880);
#5835=VERTEX_POINT('',#9881);
#5836=VERTEX_POINT('',#9882);
#5837=VERTEX_POINT('',#9883);
#5838=VERTEX_POINT('',#9884);
#5839=VERTEX_POINT('',#9885);
#5840=VERTEX_POINT('',#9886);
#5841=VERTEX_POINT('',#9887);
#5842=VERTEX_POINT('',#9888);
#5843=VERTEX_POINT('',#9889);
#5844=VERTEX_POINT('',#9890);
#5845=VERTEX_POINT('',#9891);
#5846=VERTEX_POINT('',#9892);
#5847=VERTEX_POINT('',#9893);
#5848=VERTEX_POINT('',#9894);
#5849=VERTEX_POINT('',#9895);
#5850=VERTEX_POINT('',#9896);
#5851=VERTEX_POINT('',#9897);
#5852=VERTEX_POINT('',#9898);
#5853=VERTEX_POINT('',#9899);
#5854=VERTEX_POINT('',#9900);
#5855=VERTEX_POINT('',#9901);
#5856=VERTEX_POINT('',#9902);
#5857=VERTEX_POINT('',#9903);
#5858=VERTEX_POINT('',#9904);
#5859=VERTEX_POINT('',#9905);
#5860=VERTEX_POINT('',#9906);
#5861=VERTEX_POINT('',#9907);
#5862=VERTEX_POINT('',#9908);
#5863=VERTEX_POINT('',#9909);
#5864=VERTEX_POINT('',#9910);
#5865=VERTEX_POINT('',#9911);
#5866=VERTEX_POINT('',#9912);
#5867=VERTEX_POINT('',#9913);
#5868=VERTEX_POINT('',#9914);
#5869=VERTEX_POINT('',#9915);
#5870=VERTEX_POINT('',#9916);
#5871=VERTEX_POINT('',#9917);
#5872=VERTEX_POINT('',#9918);
#5873=VERTEX_POINT('',#9919);
#5874=VERTEX_POINT('',#9920);
#5875=VERTEX_POINT('',#9921);
#5876=VERTEX_POINT('',#9922);
#5877=VERTEX_POINT('',#9923);
#5878=VERTEX_POINT('',#9924);
#5879=VERTEX_POINT('',#9925);
#5880=VERTEX_POINT('',#9926);
#5881=VERTEX_POINT('',#9927);
#5882=VERTEX_POINT('',#9928);
#5883=VERTEX_POINT('',#9929);
#5884=VERTEX_POINT('',#9930);
#5885=VERTEX_POINT('',#9931);
#5886=VERTEX_POINT('',#9932);
#5887=VERTEX_POINT('',#9933);
#5888=VERTEX_POINT('',#9934);
#5889=VERTEX_POINT('',#9935);
#5890=VERTEX_POINT('',#9936);
#5891=VERTEX_POINT('',#9937);
#5892=VERTEX_POINT('',#9938);
#5893=VERTEX_POINT('',#9939);
#5894=VERTEX_POINT('',#9940);
#5895=VERTEX_POINT('',#9941);
#5896=VERTEX_POINT('',#9942);
#5897=VERTEX_POINT('',#9943);
#5898=VERTEX_POINT('',#9944);
#5899=VERTEX_POINT('',#9945);
#5900=VERTEX_POINT('',#9946);
#5901=VERTEX_POINT('',#9947);
#5902=VERTEX_POINT('',#9948);
#5903=VERTEX_POINT('',#9949);
#5904=VERTEX_POINT('',#9950);
#5905=VERTEX_POINT('',#9951);
#5906=VERTEX_POINT('',#9952);
#5907=VERTEX_POINT('',#9953);
#5908=VERTEX_POINT('',#9954);
#5909=VERTEX_POINT('',#9955);
#5910=VERTEX_POINT('',#9956);
#5911=VERTEX_POINT('',#9957);
#5912=VERTEX_POINT('',#9958);
#5913=VERTEX_POINT('',#9959);
#5914=VERTEX_POINT('',#9960);
#5915=VERTEX_POINT('',#9961);
#5916=VERTEX_POINT('',#9962);
#5917=VERTEX_POINT('',#9963);
#5918=VERTEX_POINT('',#9964);
#5919=VERTEX_POINT('',#9965);
#5920=VERTEX_POINT('',#9966);
#5921=VERTEX_POINT('',#9967);
#5922=VERTEX_POINT('',#9968);
#5923=VERTEX_POINT('',#9969);
#5924=VERTEX_POINT('',#9970);
#5925=VERTEX_POINT('',#9971);
#5926=VERTEX_POINT('',#9972);
#5927=VERTEX_POINT('',#9973);
#5928=VERTEX_POINT('',#9974);
#5929=VERTEX_POINT('',#9975);
#5930=VERTEX_POINT('',#9976);
#5931=VERTEX_POINT('',#9977);
#5932=VERTEX_POINT('',#9978);
#5933=VERTEX_POINT('',#9979);
#5934=VERTEX_POINT('',#9980);
#5935=VERTEX_POINT('',#9981);
#5936=VERTEX_POINT('',#9982);
#5937=VERTEX_POINT('',#9983);
#5938=VERTEX_POINT('',#9984);
#5939=VERTEX_POINT('',#9985);
#5940=VERTEX_POINT('',#9986);
#5941=VERTEX_POINT('',#9987);
#5942=VERTEX_POINT('',#9988);
#5943=VERTEX_POINT('',#9989);
#5944=VERTEX_POINT('',#9990);
#5945=VERTEX_POINT('',#9991);
#5946=VERTEX_POINT('',#9992);
#5947=VERTEX_POINT('',#9993);
#5948=VERTEX_POINT('',#9994);
#5949=VERTEX_POINT('',#9995);
#5950=VERTEX_POINT('',#9996);
#5951=VERTEX_POINT('',#9997);
#5952=VERTEX_POINT('',#9998);
#5953=VERTEX_POINT('',#9999);
#5954=VERTEX_POINT('',#10000);
#5955=VERTEX_POINT('',#10001);
#5956=VERTEX_POINT('',#10002);
#5957=VERTEX_POINT('',#10003);
#5958=VERTEX_POINT('',#10004);
#5959=VERTEX_POINT('',#10005);
#5960=VERTEX_POINT('',#10006);
#5961=VERTEX_POINT('',#10007);
#5962=VERTEX_POINT('',#10008);
#5963=VERTEX_POINT('',#10009);
#5964=VERTEX_POINT('',#10010);
#5965=VERTEX_POINT('',#10011);
#5966=VERTEX_POINT('',#10012);
#5967=VERTEX_POINT('',#10013);
#5968=VERTEX_POINT('',#10014);
#5969=VERTEX_POINT('',#10015);
#5970=VERTEX_POINT('',#10016);
#5971=VERTEX_POINT('',#10017);
#5972=VERTEX_POINT('',#10018);
#5973=VERTEX_POINT('',#10019);
#5974=VERTEX_POINT('',#10020);
#5975=VERTEX_POINT('',#10021);
#5976=VERTEX_POINT('',#10022);
#5977=VERTEX_POINT('',#10023);
#5978=VERTEX_POINT('',#10024);
#5979=VERTEX_POINT('',#10025);
#5980=VERTEX_POINT('',#10026);
#5981=VERTEX_POINT('',#10027);
#5982=VERTEX_POINT('',#10028);
#5983=VERTEX_POINT('',#10029);
#5984=VERTEX_POINT('',#10030);
#5985=VERTEX_POINT('',#10031);
#5986=VERTEX_POINT('',#10032);
#5987=VERTEX_POINT('',#10033);
#5988=VERTEX_POINT('',#10034);
#5989=VERTEX_POINT('',#10035);
#5990=VERTEX_POINT('',#10036);
#5991=VERTEX_POINT('',#10037);
#5992=VERTEX_POINT('',#10038);
#5993=VERTEX_POINT('',#10039);
#5994=VERTEX_POINT('',#10040);
#5995=VERTEX_POINT('',#10041);
#5996=VERTEX_POINT('',#10042);
#5997=VERTEX_POINT('',#10043);
#5998=VERTEX_POINT('',#10044);
#5999=VERTEX_POINT('',#10045);
#6000=VERTEX_POINT('',#10046);
#6001=VERTEX_POINT('',#10047);
#6002=VERTEX_POINT('',#10048);
#6003=VERTEX_POINT('',#10049);
#6004=VERTEX_POINT('',#10050);
#6005=VERTEX_POINT('',#10051);
#6006=VERTEX_POINT('',#10052);
#6007=VERTEX_POINT('',#10053);
#6008=VERTEX_POINT('',#10054);
#6009=VERTEX_POINT('',#10055);
#6010=VERTEX_POINT('',#10056);
#6011=VERTEX_POINT('',#10057);
#6012=VERTEX_POINT('',#10058);
#6013=VERTEX_POINT('',#10059);
#6014=VERTEX_POINT('',#10060);
#6015=VERTEX_POINT('',#10061);
#6016=VERTEX_POINT('',#10062);
#6017=VERTEX_POINT('',#10063);
#6018=VERTEX_POINT('',#10064);
#6019=VERTEX_POINT('',#10065);
#6020=VERTEX_POINT('',#10066);
#6021=VERTEX_POINT('',#10067);
#6022=VERTEX_POINT('',#10068);
#6023=VERTEX_POINT('',#10069);
#6024=VERTEX_POINT('',#10070);
#6025=VERTEX_POINT('',#10071);
#6026=VERTEX_POINT('',#10072);
#6027=VERTEX_POINT('',#10073);
#6028=VERTEX_POINT('',#10074);
#6029=VERTEX_POINT('',#10075);
#6030=VERTEX_POINT('',#10076);
#6031=VERTEX_POINT('',#10077);
#6032=VERTEX_POINT('',#10078);
#6033=VERTEX_POINT('',#10079);
#6034=VERTEX_POINT('',#10080);
#6035=VERTEX_POINT('',#10081);
#6036=VERTEX_POINT('',#10082);
#6037=VERTEX_POINT('',#10083);
#6038=VERTEX_POINT('',#10084);
#6039=VERTEX_POINT('',#10085);
#6040=VERTEX_POINT('',#10086);
#6041=VERTEX_POINT('',#10087);
#6042=VERTEX_POINT('',#10088);
#6043=VERTEX_POINT('',#10089);
#6044=VERTEX_POINT('',#10090);
#6045=VERTEX_POINT('',#10091);
#6046=VERTEX_POINT('',#10092);
#6047=VERTEX_POINT('',#10093);
#6048=VERTEX_POINT('',#10094);
#6049=VERTEX_POINT('',#10095);
#6050=VERTEX_POINT('',#10096);
#6051=VERTEX_POINT('',#10097);
#6052=VERTEX_POINT('',#10098);
#6053=VERTEX_POINT('',#10099);
#6054=VERTEX_POINT('',#10100);
#6055=VERTEX_POINT('',#10101);
#6056=VERTEX_POINT('',#10102);
#6057=VERTEX_POINT('',#10103);
#6058=VERTEX_POINT('',#10104);
#6059=VERTEX_POINT('',#10105);
#6060=VERTEX_POINT('',#10106);
#6061=VERTEX_POINT('',#10107);
#6062=VERTEX_POINT('',#10108);
#6063=VERTEX_POINT('',#10109);
#6064=VERTEX_POINT('',#10110);
#6065=VERTEX_POINT('',#10111);
#6066=VERTEX_POINT('',#10112);
#6067=VERTEX_POINT('',#10113);
#6068=VERTEX_POINT('',#10114);
#6069=VERTEX_POINT('',#10115);
#6070=VERTEX_POINT('',#10116);
#6071=VERTEX_POINT('',#10117);
#6072=VERTEX_POINT('',#10118);
#6073=VERTEX_POINT('',#10119);
#6074=VERTEX_POINT('',#10120);
#6075=VERTEX_POINT('',#10121);
#6076=VERTEX_POINT('',#10122);
#6077=VERTEX_POINT('',#10123);
#6078=VERTEX_POINT('',#10124);
#6079=VERTEX_POINT('',#10125);
#6080=VERTEX_POINT('',#10126);
#6081=VERTEX_POINT('',#10127);
#6082=VERTEX_POINT('',#10128);
#6083=VERTEX_POINT('',#10129);
#6084=VERTEX_POINT('',#10130);
#6085=VERTEX_POINT('',#10131);
#6086=VERTEX_POINT('',#10132);
#6087=VERTEX_POINT('',#10133);
#6088=VERTEX_POINT('',#10134);
#6089=VERTEX_POINT('',#10135);
#6090=VERTEX_POINT('',#10136);
#6091=VERTEX_POINT('',#10137);
#6092=VERTEX_POINT('',#10138);
#6093=VERTEX_POINT('',#10139);
#6094=VERTEX_POINT('',#10140);
#6095=VERTEX_POINT('',#10141);
#6096=VERTEX_POINT('',#10142);
#6097=VERTEX_POINT('',#10143);
#6098=VERTEX_POINT('',#10144);
#6099=VERTEX_POINT('',#10145);
#6100=VERTEX_POINT('',#10146);
#6101=VERTEX_POINT('',#10147);
#6102=VERTEX_POINT('',#10148);
#6103=VERTEX_POINT('',#10149);
#6104=VERTEX_POINT('',#10150);
#6105=VERTEX_POINT('',#10151);
#6106=VERTEX_POINT('',#10152);
#6107=VERTEX_POINT('',#10153);
#6108=PLANE('',#6623);
#6109=PLANE('',#6625);
#6110=PLANE('',#6627);
#6111=PLANE('',#6629);
#6112=PLANE('',#6631);
#6113=PLANE('',#6633);
#6114=PLANE('',#6635);
#6115=PLANE('',#6637);
#6116=PLANE('',#6639);
#6117=PLANE('',#6641);
#6118=PLANE('',#6643);
#6119=PLANE('',#6645);
#6120=PLANE('',#6647);
#6121=PLANE('',#6649);
#6122=PLANE('',#6651);
#6123=PLANE('',#6653);
#6124=PLANE('',#6655);
#6125=PLANE('',#6657);
#6126=PLANE('',#6659);
#6127=PLANE('',#6661);
#6128=PLANE('',#6663);
#6129=PLANE('',#6665);
#6130=PLANE('',#6667);
#6131=PLANE('',#6669);
#6132=PLANE('',#6671);
#6133=PLANE('',#6673);
#6134=PLANE('',#6675);
#6135=PLANE('',#6677);
#6136=PLANE('',#6679);
#6137=PLANE('',#6681);
#6138=PLANE('',#6683);
#6139=PLANE('',#6685);
#6140=PLANE('',#6687);
#6141=PLANE('',#6689);
#6142=PLANE('',#6691);
#6143=PLANE('',#6693);
#6144=PLANE('',#6695);
#6145=PLANE('',#6697);
#6146=PLANE('',#6699);
#6147=PLANE('',#6701);
#6148=PLANE('',#6703);
#6149=PLANE('',#6705);
#6150=PLANE('',#6707);
#6151=PLANE('',#6709);
#6152=PLANE('',#6711);
#6153=PLANE('',#6713);
#6154=PLANE('',#6715);
#6155=PLANE('',#6717);
#6156=PLANE('',#6719);
#6157=PLANE('',#6721);
#6158=PLANE('',#6723);
#6159=PLANE('',#6725);
#6160=PLANE('',#6727);
#6161=PLANE('',#6729);
#6162=PLANE('',#6731);
#6163=PLANE('',#6733);
#6164=PLANE('',#6735);
#6165=PLANE('',#6737);
#6166=PLANE('',#6739);
#6167=PLANE('',#6741);
#6168=PLANE('',#6743);
#6169=PLANE('',#6745);
#6170=PLANE('',#6747);
#6171=PLANE('',#6749);
#6172=PLANE('',#6751);
#6173=PLANE('',#6753);
#6174=PLANE('',#6755);
#6175=PLANE('',#6757);
#6176=PLANE('',#6759);
#6177=PLANE('',#6761);
#6178=PLANE('',#6763);
#6179=PLANE('',#6765);
#6180=PLANE('',#6767);
#6181=PLANE('',#6769);
#6182=PLANE('',#6771);
#6183=PLANE('',#6773);
#6184=PLANE('',#6775);
#6185=PLANE('',#6777);
#6186=PLANE('',#6779);
#6187=PLANE('',#6781);
#6188=PLANE('',#6783);
#6189=PLANE('',#6785);
#6190=PLANE('',#6787);
#6191=PLANE('',#6789);
#6192=PLANE('',#6791);
#6193=PLANE('',#6793);
#6194=PLANE('',#6795);
#6195=PLANE('',#6797);
#6196=PLANE('',#6799);
#6197=PLANE('',#6801);
#6198=PLANE('',#6803);
#6199=PLANE('',#6805);
#6200=PLANE('',#6807);
#6201=PLANE('',#6809);
#6202=PLANE('',#6811);
#6203=PLANE('',#6813);
#6204=PLANE('',#6815);
#6205=PLANE('',#6817);
#6206=PLANE('',#6819);
#6207=PLANE('',#6821);
#6208=PLANE('',#6823);
#6209=PLANE('',#6825);
#6210=PLANE('',#6827);
#6211=PLANE('',#6829);
#6212=PLANE('',#6831);
#6213=PLANE('',#6833);
#6214=PLANE('',#6835);
#6215=PLANE('',#6837);
#6216=PLANE('',#6839);
#6217=PLANE('',#6841);
#6218=PLANE('',#6843);
#6219=PLANE('',#6845);
#6220=PLANE('',#6847);
#6221=PLANE('',#6849);
#6222=PLANE('',#6851);
#6223=PLANE('',#6853);
#6224=PLANE('',#6855);
#6225=PLANE('',#6857);
#6226=PLANE('',#6859);
#6227=PLANE('',#6861);
#6228=PLANE('',#6863);
#6229=PLANE('',#6865);
#6230=PLANE('',#6867);
#6231=PLANE('',#6869);
#6232=PLANE('',#6871);
#6233=PLANE('',#6873);
#6234=PLANE('',#6875);
#6235=PLANE('',#6877);
#6236=PLANE('',#6879);
#6237=PLANE('',#6881);
#6238=PLANE('',#6883);
#6239=PLANE('',#6885);
#6240=PLANE('',#6887);
#6241=PLANE('',#6889);
#6242=PLANE('',#6891);
#6243=PLANE('',#6893);
#6244=PLANE('',#6895);
#6245=PLANE('',#6897);
#6246=PLANE('',#6899);
#6247=PLANE('',#6901);
#6248=PLANE('',#6902);
#6249=PLANE('',#6903);
#6250=PLANE('',#6904);
#6251=PLANE('',#6905);
#6252=PLANE('',#6906);
#6253=PLANE('',#6907);
#6254=CYLINDRICAL_SURFACE('',#6622,3.38461538461539);
#6255=CYLINDRICAL_SURFACE('',#6624,3.38461538461539);
#6256=CYLINDRICAL_SURFACE('',#6626,3.38461538461539);
#6257=CYLINDRICAL_SURFACE('',#6628,3.38461538461539);
#6258=CYLINDRICAL_SURFACE('',#6630,3.38461538461539);
#6259=CYLINDRICAL_SURFACE('',#6632,3.38461538461539);
#6260=CYLINDRICAL_SURFACE('',#6634,3.38461538461539);
#6261=CYLINDRICAL_SURFACE('',#6636,3.38461538461539);
#6262=CYLINDRICAL_SURFACE('',#6638,3.38461538461536);
#6263=CYLINDRICAL_SURFACE('',#6640,3.38461538461539);
#6264=CYLINDRICAL_SURFACE('',#6642,3.38461538461536);
#6265=CYLINDRICAL_SURFACE('',#6644,3.38461538461539);
#6266=CYLINDRICAL_SURFACE('',#6646,3.38461538461539);
#6267=CYLINDRICAL_SURFACE('',#6648,3.38461538461539);
#6268=CYLINDRICAL_SURFACE('',#6650,3.38461538461539);
#6269=CYLINDRICAL_SURFACE('',#6652,3.38461538461539);
#6270=CYLINDRICAL_SURFACE('',#6654,3.38461538461539);
#6271=CYLINDRICAL_SURFACE('',#6656,3.3846153846154);
#6272=CYLINDRICAL_SURFACE('',#6658,3.38461538461537);
#6273=CYLINDRICAL_SURFACE('',#6660,3.38461538461539);
#6274=CYLINDRICAL_SURFACE('',#6662,3.38461538461539);
#6275=CYLINDRICAL_SURFACE('',#6664,3.38461538461539);
#6276=CYLINDRICAL_SURFACE('',#6666,3.3846153846154);
#6277=CYLINDRICAL_SURFACE('',#6668,3.38461538461539);
#6278=CYLINDRICAL_SURFACE('',#6670,3.38461538461539);
#6279=CYLINDRICAL_SURFACE('',#6672,3.38461538461539);
#6280=CYLINDRICAL_SURFACE('',#6674,3.38461538461536);
#6281=CYLINDRICAL_SURFACE('',#6676,3.38461538461539);
#6282=CYLINDRICAL_SURFACE('',#6678,3.3846153846154);
#6283=CYLINDRICAL_SURFACE('',#6680,3.38461538461539);
#6284=CYLINDRICAL_SURFACE('',#6682,3.38461538461537);
#6285=CYLINDRICAL_SURFACE('',#6684,3.38461538461539);
#6286=CYLINDRICAL_SURFACE('',#6686,3.38461538461537);
#6287=CYLINDRICAL_SURFACE('',#6688,3.38461538461537);
#6288=CYLINDRICAL_SURFACE('',#6690,3.3846153846154);
#6289=CYLINDRICAL_SURFACE('',#6692,3.38461538461537);
#6290=CYLINDRICAL_SURFACE('',#6694,3.3846153846154);
#6291=CYLINDRICAL_SURFACE('',#6696,3.3846153846154);
#6292=CYLINDRICAL_SURFACE('',#6698,3.3846153846154);
#6293=CYLINDRICAL_SURFACE('',#6700,3.38461538461542);
#6294=CYLINDRICAL_SURFACE('',#6702,3.38461538461539);
#6295=CYLINDRICAL_SURFACE('',#6704,3.38461538461537);
#6296=CYLINDRICAL_SURFACE('',#6706,3.38461538461539);
#6297=CYLINDRICAL_SURFACE('',#6708,3.38461538461539);
#6298=CYLINDRICAL_SURFACE('',#6710,3.38461538461539);
#6299=CYLINDRICAL_SURFACE('',#6712,3.38461538461542);
#6300=CYLINDRICAL_SURFACE('',#6714,3.38461538461539);
#6301=CYLINDRICAL_SURFACE('',#6716,3.38461538461542);
#6302=CYLINDRICAL_SURFACE('',#6718,3.38461538461539);
#6303=CYLINDRICAL_SURFACE('',#6720,3.38461538461536);
#6304=CYLINDRICAL_SURFACE('',#6722,3.38461538461537);
#6305=CYLINDRICAL_SURFACE('',#6724,3.38461538461539);
#6306=CYLINDRICAL_SURFACE('',#6726,3.38461538461539);
#6307=CYLINDRICAL_SURFACE('',#6728,3.38461538461539);
#6308=CYLINDRICAL_SURFACE('',#6730,3.38461538461537);
#6309=CYLINDRICAL_SURFACE('',#6732,3.38461538461539);
#6310=CYLINDRICAL_SURFACE('',#6734,3.38461538461539);
#6311=CYLINDRICAL_SURFACE('',#6736,3.3846153846154);
#6312=CYLINDRICAL_SURFACE('',#6738,3.38461538461537);
#6313=CYLINDRICAL_SURFACE('',#6740,3.38461538461539);
#6314=CYLINDRICAL_SURFACE('',#6742,3.38461538461539);
#6315=CYLINDRICAL_SURFACE('',#6744,3.38461538461539);
#6316=CYLINDRICAL_SURFACE('',#6746,3.38461538461539);
#6317=CYLINDRICAL_SURFACE('',#6748,3.38461538461542);
#6318=CYLINDRICAL_SURFACE('',#6750,3.38461538461539);
#6319=CYLINDRICAL_SURFACE('',#6752,3.38461538461536);
#6320=CYLINDRICAL_SURFACE('',#6754,3.38461538461538);
#6321=CYLINDRICAL_SURFACE('',#6756,3.38461538461539);
#6322=CYLINDRICAL_SURFACE('',#6758,3.38461538461539);
#6323=CYLINDRICAL_SURFACE('',#6760,3.38461538461542);
#6324=CYLINDRICAL_SURFACE('',#6762,3.38461538461539);
#6325=CYLINDRICAL_SURFACE('',#6764,3.38461538461537);
#6326=CYLINDRICAL_SURFACE('',#6766,3.38461538461539);
#6327=CYLINDRICAL_SURFACE('',#6768,3.38461538461541);
#6328=CYLINDRICAL_SURFACE('',#6770,3.38461538461536);
#6329=CYLINDRICAL_SURFACE('',#6772,3.38461538461539);
#6330=CYLINDRICAL_SURFACE('',#6774,3.38461538461542);
#6331=CYLINDRICAL_SURFACE('',#6776,3.38461538461539);
#6332=CYLINDRICAL_SURFACE('',#6778,3.38461538461539);
#6333=CYLINDRICAL_SURFACE('',#6780,3.38461538461539);
#6334=CYLINDRICAL_SURFACE('',#6782,3.38461538461539);
#6335=CYLINDRICAL_SURFACE('',#6784,3.38461538461539);
#6336=CYLINDRICAL_SURFACE('',#6786,3.38461538461536);
#6337=CYLINDRICAL_SURFACE('',#6788,3.38461538461539);
#6338=CYLINDRICAL_SURFACE('',#6790,3.38461538461536);
#6339=CYLINDRICAL_SURFACE('',#6792,3.38461538461536);
#6340=CYLINDRICAL_SURFACE('',#6794,3.38461538461539);
#6341=CYLINDRICAL_SURFACE('',#6796,3.38461538461538);
#6342=CYLINDRICAL_SURFACE('',#6798,3.38461538461539);
#6343=CYLINDRICAL_SURFACE('',#6800,3.38461538461538);
#6344=CYLINDRICAL_SURFACE('',#6802,3.38461538461539);
#6345=CYLINDRICAL_SURFACE('',#6804,3.38461538461539);
#6346=CYLINDRICAL_SURFACE('',#6806,3.38461538461536);
#6347=CYLINDRICAL_SURFACE('',#6808,3.38461538461539);
#6348=CYLINDRICAL_SURFACE('',#6810,3.38461538461537);
#6349=CYLINDRICAL_SURFACE('',#6812,3.38461538461539);
#6350=CYLINDRICAL_SURFACE('',#6814,3.38461538461539);
#6351=CYLINDRICAL_SURFACE('',#6816,3.38461538461538);
#6352=CYLINDRICAL_SURFACE('',#6818,3.3846153846154);
#6353=CYLINDRICAL_SURFACE('',#6820,3.38461538461536);
#6354=CYLINDRICAL_SURFACE('',#6822,3.38461538461537);
#6355=CYLINDRICAL_SURFACE('',#6824,3.38461538461537);
#6356=CYLINDRICAL_SURFACE('',#6826,3.38461538461539);
#6357=CYLINDRICAL_SURFACE('',#6828,3.38461538461539);
#6358=CYLINDRICAL_SURFACE('',#6830,3.38461538461539);
#6359=CYLINDRICAL_SURFACE('',#6832,3.38461538461537);
#6360=CYLINDRICAL_SURFACE('',#6834,3.38461538461536);
#6361=CYLINDRICAL_SURFACE('',#6836,3.38461538461539);
#6362=CYLINDRICAL_SURFACE('',#6838,3.38461538461536);
#6363=CYLINDRICAL_SURFACE('',#6840,3.38461538461539);
#6364=CYLINDRICAL_SURFACE('',#6842,3.38461538461539);
#6365=CYLINDRICAL_SURFACE('',#6844,3.38461538461537);
#6366=CYLINDRICAL_SURFACE('',#6846,3.38461538461539);
#6367=CYLINDRICAL_SURFACE('',#6848,3.3846153846154);
#6368=CYLINDRICAL_SURFACE('',#6850,3.38461538461537);
#6369=CYLINDRICAL_SURFACE('',#6852,3.38461538461539);
#6370=CYLINDRICAL_SURFACE('',#6854,3.38461538461537);
#6371=CYLINDRICAL_SURFACE('',#6856,3.38461538461537);
#6372=CYLINDRICAL_SURFACE('',#6858,3.38461538461539);
#6373=CYLINDRICAL_SURFACE('',#6860,3.38461538461537);
#6374=CYLINDRICAL_SURFACE('',#6862,3.38461538461536);
#6375=CYLINDRICAL_SURFACE('',#6864,3.3846153846154);
#6376=CYLINDRICAL_SURFACE('',#6866,3.38461538461539);
#6377=CYLINDRICAL_SURFACE('',#6868,3.38461538461536);
#6378=CYLINDRICAL_SURFACE('',#6870,3.38461538461537);
#6379=CYLINDRICAL_SURFACE('',#6872,3.38461538461537);
#6380=CYLINDRICAL_SURFACE('',#6874,3.38461538461539);
#6381=CYLINDRICAL_SURFACE('',#6876,3.3846153846154);
#6382=CYLINDRICAL_SURFACE('',#6878,3.38461538461539);
#6383=CYLINDRICAL_SURFACE('',#6880,3.38461538461539);
#6384=CYLINDRICAL_SURFACE('',#6882,3.38461538461539);
#6385=CYLINDRICAL_SURFACE('',#6884,3.38461538461539);
#6386=CYLINDRICAL_SURFACE('',#6886,3.38461538461539);
#6387=CYLINDRICAL_SURFACE('',#6888,3.38461538461539);
#6388=CYLINDRICAL_SURFACE('',#6890,3.38461538461536);
#6389=CYLINDRICAL_SURFACE('',#6892,3.38461538461539);
#6390=CYLINDRICAL_SURFACE('',#6894,3.3846153846154);
#6391=CYLINDRICAL_SURFACE('',#6896,3.38461538461539);
#6392=CYLINDRICAL_SURFACE('',#6898,3.38461538461539);
#6393=CYLINDRICAL_SURFACE('',#6900,3.38461538461536);
#6394=CYLINDRICAL_SURFACE('',#6908,3.38461538461539);
#6395=CYLINDRICAL_SURFACE('',#6909,3.38461538461539);
#6396=CYLINDRICAL_SURFACE('',#6910,3.38461538461537);
#6397=CYLINDRICAL_SURFACE('',#6911,3.38461538461539);
#6398=CYLINDRICAL_SURFACE('',#6912,3.38461538461539);
#6399=CYLINDRICAL_SURFACE('',#6913,3.38461538461539);
#6400=CYLINDRICAL_SURFACE('',#6914,3.38461538461539);
#6401=CYLINDRICAL_SURFACE('',#6915,3.38461538461539);
#6402=CYLINDRICAL_SURFACE('',#6916,3.38461538461542);
#6403=CYLINDRICAL_SURFACE('',#6917,3.38461538461536);
#6404=CYLINDRICAL_SURFACE('',#6918,3.38461538461539);
#6405=CYLINDRICAL_SURFACE('',#6919,3.38461538461539);
#6406=CYLINDRICAL_SURFACE('',#6920,3.38461538461539);
#6407=CYLINDRICAL_SURFACE('',#6921,3.38461538461542);
#6408=CYLINDRICAL_SURFACE('',#6922,3.3846153846154);
#6409=CYLINDRICAL_SURFACE('',#6923,3.38461538461539);
#6410=CYLINDRICAL_SURFACE('',#6924,3.38461538461539);
#6411=CYLINDRICAL_SURFACE('',#6925,3.3846153846154);
#6412=CYLINDRICAL_SURFACE('',#6926,3.38461538461536);
#6413=CYLINDRICAL_SURFACE('',#6927,3.38461538461539);
#6414=CYLINDRICAL_SURFACE('',#6928,3.38461538461539);
#6415=CYLINDRICAL_SURFACE('',#6929,3.38461538461542);
#6416=CYLINDRICAL_SURFACE('',#6930,3.3846153846154);
#6417=CYLINDRICAL_SURFACE('',#6931,3.38461538461539);
#6418=CYLINDRICAL_SURFACE('',#6932,3.38461538461539);
#6419=CYLINDRICAL_SURFACE('',#6933,3.38461538461537);
#6420=CYLINDRICAL_SURFACE('',#6934,3.38461538461537);
#6421=CYLINDRICAL_SURFACE('',#6935,3.38461538461539);
#6422=CYLINDRICAL_SURFACE('',#6936,3.38461538461542);
#6423=CYLINDRICAL_SURFACE('',#6937,3.38461538461539);
#6424=CYLINDRICAL_SURFACE('',#6938,3.3846153846154);
#6425=CYLINDRICAL_SURFACE('',#6939,3.3846153846154);
#6426=CYLINDRICAL_SURFACE('',#6940,3.38461538461539);
#6427=CYLINDRICAL_SURFACE('',#6941,3.38461538461539);
#6428=CYLINDRICAL_SURFACE('',#6942,3.38461538461539);
#6429=CYLINDRICAL_SURFACE('',#6943,3.3846153846154);
#6430=CYLINDRICAL_SURFACE('',#6944,3.3846153846154);
#6431=CYLINDRICAL_SURFACE('',#6945,3.38461538461537);
#6432=CYLINDRICAL_SURFACE('',#6946,3.38461538461537);
#6433=CYLINDRICAL_SURFACE('',#6947,3.38461538461537);
#6434=CYLINDRICAL_SURFACE('',#6948,3.3846153846154);
#6435=CYLINDRICAL_SURFACE('',#6949,3.38461538461539);
#6436=CYLINDRICAL_SURFACE('',#6950,3.38461538461539);
#6437=CYLINDRICAL_SURFACE('',#6951,3.38461538461537);
#6438=CYLINDRICAL_SURFACE('',#6952,3.3846153846154);
#6439=CYLINDRICAL_SURFACE('',#6953,3.3846153846154);
#6440=CYLINDRICAL_SURFACE('',#6954,3.38461538461539);
#6441=CYLINDRICAL_SURFACE('',#6955,3.38461538461539);
#6442=CYLINDRICAL_SURFACE('',#6956,3.38461538461537);
#6443=CYLINDRICAL_SURFACE('',#6957,3.38461538461537);
#6444=CYLINDRICAL_SURFACE('',#6958,3.3846153846154);
#6445=CYLINDRICAL_SURFACE('',#6959,3.38461538461539);
#6446=CYLINDRICAL_SURFACE('',#6960,3.38461538461539);
#6447=CYLINDRICAL_SURFACE('',#6961,3.38461538461536);
#6448=CYLINDRICAL_SURFACE('',#6962,3.3846153846154);
#6449=CYLINDRICAL_SURFACE('',#6963,3.3846153846154);
#6450=CYLINDRICAL_SURFACE('',#6964,3.38461538461539);
#6451=CYLINDRICAL_SURFACE('',#6965,3.38461538461538);
#6452=CYLINDRICAL_SURFACE('',#6966,3.38461538461539);
#6453=CYLINDRICAL_SURFACE('',#6967,3.3846153846154);
#6454=CYLINDRICAL_SURFACE('',#6968,3.38461538461538);
#6455=CYLINDRICAL_SURFACE('',#6969,3.3846153846154);
#6456=CYLINDRICAL_SURFACE('',#6970,3.38461538461539);
#6457=CYLINDRICAL_SURFACE('',#6971,3.38461538461539);
#6458=CYLINDRICAL_SURFACE('',#6972,3.38461538461538);
#6459=CYLINDRICAL_SURFACE('',#6973,3.38461538461537);
#6460=CYLINDRICAL_SURFACE('',#6974,3.38461538461537);
#6461=CYLINDRICAL_SURFACE('',#6975,3.38461538461539);
#6462=CYLINDRICAL_SURFACE('',#6976,3.38461538461539);
#6463=CYLINDRICAL_SURFACE('',#6977,3.38461538461542);
#6464=CYLINDRICAL_SURFACE('',#6978,3.38461538461541);
#6465=CYLINDRICAL_SURFACE('',#6979,3.38461538461539);
#6466=CYLINDRICAL_SURFACE('',#6980,3.38461538461539);
#6467=CYLINDRICAL_SURFACE('',#6981,3.38461538461539);
#6468=CYLINDRICAL_SURFACE('',#6982,3.38461538461539);
#6469=CYLINDRICAL_SURFACE('',#6983,3.38461538461537);
#6470=CYLINDRICAL_SURFACE('',#6984,3.38461538461539);
#6471=CYLINDRICAL_SURFACE('',#6985,3.38461538461539);
#6472=CYLINDRICAL_SURFACE('',#6986,3.38461538461536);
#6473=CYLINDRICAL_SURFACE('',#6987,3.38461538461539);
#6474=CYLINDRICAL_SURFACE('',#6988,3.38461538461539);
#6475=CYLINDRICAL_SURFACE('',#6989,3.38461538461539);
#6476=CYLINDRICAL_SURFACE('',#6990,3.38461538461537);
#6477=CYLINDRICAL_SURFACE('',#6991,3.38461538461538);
#6478=CYLINDRICAL_SURFACE('',#6992,3.38461538461542);
#6479=CYLINDRICAL_SURFACE('',#6993,3.38461538461539);
#6480=CYLINDRICAL_SURFACE('',#6994,3.38461538461541);
#6481=CYLINDRICAL_SURFACE('',#6995,3.38461538461539);
#6482=CYLINDRICAL_SURFACE('',#6996,3.38461538461536);
#6483=CYLINDRICAL_SURFACE('',#6997,3.38461538461538);
#6484=CYLINDRICAL_SURFACE('',#6998,3.38461538461539);
#6485=CYLINDRICAL_SURFACE('',#6999,3.38461538461537);
#6486=CYLINDRICAL_SURFACE('',#7000,3.3846153846154);
#6487=CYLINDRICAL_SURFACE('',#7001,3.38461538461539);
#6488=CYLINDRICAL_SURFACE('',#7002,3.3846153846154);
#6489=CYLINDRICAL_SURFACE('',#7003,3.38461538461539);
#6490=CYLINDRICAL_SURFACE('',#7004,3.3846153846154);
#6491=CYLINDRICAL_SURFACE('',#7005,3.38461538461538);
#6492=CYLINDRICAL_SURFACE('',#7006,3.38461538461538);
#6493=CYLINDRICAL_SURFACE('',#7007,3.38461538461539);
#6494=CYLINDRICAL_SURFACE('',#7008,3.3846153846154);
#6495=CYLINDRICAL_SURFACE('',#7009,3.38461538461537);
#6496=CYLINDRICAL_SURFACE('',#7010,3.38461538461539);
#6497=CYLINDRICAL_SURFACE('',#7011,3.3846153846154);
#6498=CYLINDRICAL_SURFACE('',#7012,3.38461538461539);
#6499=CYLINDRICAL_SURFACE('',#7013,3.3846153846154);
#6500=CYLINDRICAL_SURFACE('',#7014,3.38461538461537);
#6501=CYLINDRICAL_SURFACE('',#7015,3.38461538461537);
#6502=CYLINDRICAL_SURFACE('',#7016,3.38461538461542);
#6503=CYLINDRICAL_SURFACE('',#7017,3.38461538461539);
#6504=CYLINDRICAL_SURFACE('',#7018,3.3846153846154);
#6505=CYLINDRICAL_SURFACE('',#7019,3.38461538461539);
#6506=CYLINDRICAL_SURFACE('',#7020,3.38461538461539);
#6507=CYLINDRICAL_SURFACE('',#7021,3.3846153846154);
#6508=CYLINDRICAL_SURFACE('',#7022,3.38461538461536);
#6509=CYLINDRICAL_SURFACE('',#7023,3.3846153846154);
#6510=CYLINDRICAL_SURFACE('',#7024,3.38461538461539);
#6511=CYLINDRICAL_SURFACE('',#7025,3.38461538461539);
#6512=CYLINDRICAL_SURFACE('',#7026,3.38461538461537);
#6513=CYLINDRICAL_SURFACE('',#7027,3.38461538461539);
#6514=CYLINDRICAL_SURFACE('',#7028,3.38461538461539);
#6515=CYLINDRICAL_SURFACE('',#7029,3.38461538461537);
#6516=CYLINDRICAL_SURFACE('',#7030,3.38461538461539);
#6517=CYLINDRICAL_SURFACE('',#7031,3.38461538461536);
#6518=CYLINDRICAL_SURFACE('',#7032,3.38461538461542);
#6519=CYLINDRICAL_SURFACE('',#7033,3.38461538461539);
#6520=CYLINDRICAL_SURFACE('',#7034,3.38461538461539);
#6521=CYLINDRICAL_SURFACE('',#7035,3.38461538461539);
#6522=CYLINDRICAL_SURFACE('',#7036,3.38461538461539);
#6523=CYLINDRICAL_SURFACE('',#7037,3.38461538461542);
#6524=CYLINDRICAL_SURFACE('',#7038,3.3846153846154);
#6525=CYLINDRICAL_SURFACE('',#7039,3.38461538461539);
#6526=CYLINDRICAL_SURFACE('',#7040,3.38461538461539);
#6527=CYLINDRICAL_SURFACE('',#7041,3.38461538461539);
#6528=CYLINDRICAL_SURFACE('',#7042,3.38461538461539);
#6529=CYLINDRICAL_SURFACE('',#7043,3.38461538461539);
#6530=CYLINDRICAL_SURFACE('',#7044,3.38461538461542);
#6531=CYLINDRICAL_SURFACE('',#7045,3.38461538461539);
#6532=CYLINDRICAL_SURFACE('',#7046,3.38461538461539);
#6533=CYLINDRICAL_SURFACE('',#7047,3.38461538461539);
#6534=SHAPE_DEFINITION_REPRESENTATION(#6535,#6620);
#6535=PRODUCT_DEFINITION_SHAPE($,$,#6537);
#6536=PRODUCT_DEFINITION_CONTEXT('3D Mechanical Parts',#6609,'design');
#6537=PRODUCT_DEFINITION('A','First version',#6579,#6536);
#6538=DATE_TIME_ROLE('classification_date');
#6539=DATE_TIME_ROLE('creation_date');
#6540=APPLIED_DATE_AND_TIME_ASSIGNMENT(#6564,#6538,(#6543));
#6541=APPLIED_DATE_AND_TIME_ASSIGNMENT(#6566,#6539,(#6537));
#6542=SECURITY_CLASSIFICATION_LEVEL('unclassified');
#6543=SECURITY_CLASSIFICATION('A','Security for version',#6542);
#6544=APPLIED_SECURITY_CLASSIFICATION_ASSIGNMENT(#6543,(#6579));
#6545=APPROVAL_ROLE('Version approval');
#6546=APPROVAL_ROLE('Version Security approval');
#6547=APPROVAL_ROLE('Definition approval');
#6548=APPROVAL_PERSON_ORGANIZATION(#6597,#6573,#6545);
#6549=APPROVAL_PERSON_ORGANIZATION(#6598,#6574,#6546);
#6550=APPROVAL_PERSON_ORGANIZATION(#6601,#6575,#6547);
#6551=COORDINATED_UNIVERSAL_TIME_OFFSET(5,0,.BEHIND.);
#6552=LOCAL_TIME(0,0,0.,#6551);
#6553=LOCAL_TIME(0,0,0.,#6551);
#6554=LOCAL_TIME(0,0,0.,#6551);
#6555=LOCAL_TIME(0,0,0.,#6551);
#6556=LOCAL_TIME(0,0,0.,#6551);
#6557=CALENDAR_DATE(1999,1,1);
#6558=CALENDAR_DATE(1999,1,1);
#6559=CALENDAR_DATE(1999,1,1);
#6560=CALENDAR_DATE(1999,1,1);
#6561=CALENDAR_DATE(1999,1,1);
#6562=DATE_AND_TIME(#6557,#6552);
#6563=DATE_AND_TIME(#6558,#6553);
#6564=DATE_AND_TIME(#6559,#6554);
#6565=DATE_AND_TIME(#6560,#6555);
#6566=DATE_AND_TIME(#6561,#6556);
#6567=APPROVAL_DATE_TIME(#6562,#6573);
#6568=APPROVAL_DATE_TIME(#6563,#6574);
#6569=APPROVAL_DATE_TIME(#6565,#6575);
#6570=APPROVAL_STATUS('not_yet_approved');
#6571=APPROVAL_STATUS('not_yet_approved');
#6572=APPROVAL_STATUS('approved');
#6573=APPROVAL(#6570,'Version approval');
#6574=APPROVAL(#6571,'Version Security approval');
#6575=APPROVAL(#6572,'Definition approval');
#6576=APPLIED_APPROVAL_ASSIGNMENT(#6573,(#6579));
#6577=APPLIED_APPROVAL_ASSIGNMENT(#6574,(#6543));
#6578=APPLIED_APPROVAL_ASSIGNMENT(#6575,(#6537));
#6579=PRODUCT_DEFINITION_FORMATION_WITH_SPECIFIED_SOURCE('A',
'First version',#6611,.MADE.);
#6580=PERSON_AND_ORGANIZATION_ROLE('design_owner');
#6581=PERSON_AND_ORGANIZATION_ROLE('creator');
#6582=PERSON_AND_ORGANIZATION_ROLE('design_supplier');
#6583=PERSON_AND_ORGANIZATION_ROLE('classification_officer');
#6584=PERSON_AND_ORGANIZATION_ROLE('creator');
#6585=ORGANIZATION('STI','lab','lab');
#6586=ORGANIZATION('STI','unknown','unknown');
#6587=ORGANIZATION('STI','unknown','unknown');
#6588=ORGANIZATION('STI','unknown','unknown');
#6589=ORGANIZATION('STI','unknown','unknown');
#6590=ORGANIZATION('STI','unknown','unknown');
#6591=ORGANIZATION('STI','unknown','unknown');
#6592=PERSON('1','Box','vc60',$,$,$);
#6593=PERSON('2','last','first',$,$,$);
#6594=PERSON('3','President','Mr.',$,$,$);
#6595=PERSON_AND_ORGANIZATION(#6592,#6585);
#6596=PERSON_AND_ORGANIZATION(#6593,#6586);
#6597=PERSON_AND_ORGANIZATION(#6594,#6587);
#6598=PERSON_AND_ORGANIZATION(#6594,#6588);
#6599=PERSON_AND_ORGANIZATION(#6594,#6589);
#6600=PERSON_AND_ORGANIZATION(#6593,#6590);
#6601=PERSON_AND_ORGANIZATION(#6594,#6591);
#6602=APPLIED_PERSON_AND_ORGANIZATION_ASSIGNMENT(#6595,#6580,(#6611));
#6603=APPLIED_PERSON_AND_ORGANIZATION_ASSIGNMENT(#6596,#6581,(#6579));
#6604=APPLIED_PERSON_AND_ORGANIZATION_ASSIGNMENT(#6596,#6582,(#6579));
#6605=APPLIED_PERSON_AND_ORGANIZATION_ASSIGNMENT(#6599,#6583,(#6543));
#6606=APPLIED_PERSON_AND_ORGANIZATION_ASSIGNMENT(#6600,#6584,(#6537));
#6607=PRODUCT_RELATED_PRODUCT_CATEGORY('detail','detail',(#6611));
#6608=APPLICATION_PROTOCOL_DEFINITION('International Standard',
'config_control_design',1994,#6609);
#6609=APPLICATION_CONTEXT(
'configuration controlled 3d designs of mechanical parts and assemblie
s');
#6610=PRODUCT_CONTEXT('3D Mechanical Parts',#6609,'mechanical');
#6611=PRODUCT('Document','Document','',(#6610));
#6612=(
LENGTH_UNIT()
NAMED_UNIT(*)
SI_UNIT(.MILLI.,.METRE.)
);
#6613=(
NAMED_UNIT(*)
PLANE_ANGLE_UNIT()
SI_UNIT($,.RADIAN.)
);
#6614=DIMENSIONAL_EXPONENTS(0.,0.,0.,0.,0.,0.,0.);
#6615=PLANE_ANGLE_MEASURE_WITH_UNIT(PLANE_ANGLE_MEASURE(0.01745329252),
#6613);
#6616=(
CONVERSION_BASED_UNIT('DEGREES',#6615)
NAMED_UNIT(#6614)
PLANE_ANGLE_UNIT()
);
#6617=(
NAMED_UNIT(*)
SI_UNIT($,.STERADIAN.)
SOLID_ANGLE_UNIT()
);
#6618=UNCERTAINTY_MEASURE_WITH_UNIT(LENGTH_MEASURE(0.001),#6612,
'DISTANCE_ACCURACY_VALUE',
'Maximum model space distance between geometric entities at asserted c
onnectivities');
#6619=(
GEOMETRIC_REPRESENTATION_CONTEXT(3)
GLOBAL_UNCERTAINTY_ASSIGNED_CONTEXT((#6618))
GLOBAL_UNIT_ASSIGNED_CONTEXT((#6617,#6616,#6612))
REPRESENTATION_CONTEXT('ID1','3D')
);
#6620=SHAPE_REPRESENTATION('Document',(#6621,#7608),#6619);
#6621=AXIS2_PLACEMENT_3D($,#9159,#7609,#7610);
#6622=AXIS2_PLACEMENT_3D('',#9160,#7611,$);
#6623=AXIS2_PLACEMENT_3D('',#9161,#7612,$);
#6624=AXIS2_PLACEMENT_3D('',#9162,#7613,$);
#6625=AXIS2_PLACEMENT_3D('',#9163,#7614,$);
#6626=AXIS2_PLACEMENT_3D('',#9164,#7615,$);
#6627=AXIS2_PLACEMENT_3D('',#9165,#7616,$);
#6628=AXIS2_PLACEMENT_3D('',#9166,#7617,$);
#6629=AXIS2_PLACEMENT_3D('',#9167,#7618,$);
#6630=AXIS2_PLACEMENT_3D('',#9168,#7619,$);
#6631=AXIS2_PLACEMENT_3D('',#9169,#7620,$);
#6632=AXIS2_PLACEMENT_3D('',#9170,#7621,$);
#6633=AXIS2_PLACEMENT_3D('',#9171,#7622,$);
#6634=AXIS2_PLACEMENT_3D('',#9172,#7623,$);
#6635=AXIS2_PLACEMENT_3D('',#9173,#7624,$);
#6636=AXIS2_PLACEMENT_3D('',#9174,#7625,$);
#6637=AXIS2_PLACEMENT_3D('',#9175,#7626,$);
#6638=AXIS2_PLACEMENT_3D('',#9176,#7627,$);
#6639=AXIS2_PLACEMENT_3D('',#9177,#7628,$);
#6640=AXIS2_PLACEMENT_3D('',#9178,#7629,$);
#6641=AXIS2_PLACEMENT_3D('',#9179,#7630,$);
#6642=AXIS2_PLACEMENT_3D('',#9180,#7631,$);
#6643=AXIS2_PLACEMENT_3D('',#9181,#7632,$);
#6644=AXIS2_PLACEMENT_3D('',#9182,#7633,$);
#6645=AXIS2_PLACEMENT_3D('',#9183,#7634,$);
#6646=AXIS2_PLACEMENT_3D('',#9184,#7635,$);
#6647=AXIS2_PLACEMENT_3D('',#9185,#7636,$);
#6648=AXIS2_PLACEMENT_3D('',#9186,#7637,$);
#6649=AXIS2_PLACEMENT_3D('',#9187,#7638,$);
#6650=AXIS2_PLACEMENT_3D('',#9188,#7639,$);
#6651=AXIS2_PLACEMENT_3D('',#9189,#7640,$);
#6652=AXIS2_PLACEMENT_3D('',#9190,#7641,$);
#6653=AXIS2_PLACEMENT_3D('',#9191,#7642,$);
#6654=AXIS2_PLACEMENT_3D('',#9192,#7643,$);
#6655=AXIS2_PLACEMENT_3D('',#9193,#7644,$);
#6656=AXIS2_PLACEMENT_3D('',#9194,#7645,$);
#6657=AXIS2_PLACEMENT_3D('',#9195,#7646,$);
#6658=AXIS2_PLACEMENT_3D('',#9196,#7647,$);
#6659=AXIS2_PLACEMENT_3D('',#9197,#7648,$);
#6660=AXIS2_PLACEMENT_3D('',#9198,#7649,$);
#6661=AXIS2_PLACEMENT_3D('',#9199,#7650,$);
#6662=AXIS2_PLACEMENT_3D('',#9200,#7651,$);
#6663=AXIS2_PLACEMENT_3D('',#9201,#7652,$);
#6664=AXIS2_PLACEMENT_3D('',#9202,#7653,$);
#6665=AXIS2_PLACEMENT_3D('',#9203,#7654,$);
#6666=AXIS2_PLACEMENT_3D('',#9204,#7655,$);
#6667=AXIS2_PLACEMENT_3D('',#9205,#7656,$);
#6668=AXIS2_PLACEMENT_3D('',#9206,#7657,$);
#6669=AXIS2_PLACEMENT_3D('',#9207,#7658,$);
#6670=AXIS2_PLACEMENT_3D('',#9208,#7659,$);
#6671=AXIS2_PLACEMENT_3D('',#9209,#7660,$);
#6672=AXIS2_PLACEMENT_3D('',#9210,#7661,$);
#6673=AXIS2_PLACEMENT_3D('',#9211,#7662,$);
#6674=AXIS2_PLACEMENT_3D('',#9212,#7663,$);
#6675=AXIS2_PLACEMENT_3D('',#9213,#7664,$);
#6676=AXIS2_PLACEMENT_3D('',#9214,#7665,$);
#6677=AXIS2_PLACEMENT_3D('',#9215,#7666,$);
#6678=AXIS2_PLACEMENT_3D('',#9216,#7667,$);
#6679=AXIS2_PLACEMENT_3D('',#9217,#7668,$);
#6680=AXIS2_PLACEMENT_3D('',#9218,#7669,$);
#6681=AXIS2_PLACEMENT_3D('',#9219,#7670,$);
#6682=AXIS2_PLACEMENT_3D('',#9220,#7671,$);
#6683=AXIS2_PLACEMENT_3D('',#9221,#7672,$);
#6684=AXIS2_PLACEMENT_3D('',#9222,#7673,$);
#6685=AXIS2_PLACEMENT_3D('',#9223,#7674,$);
#6686=AXIS2_PLACEMENT_3D('',#9224,#7675,$);
#6687=AXIS2_PLACEMENT_3D('',#9225,#7676,$);
#6688=AXIS2_PLACEMENT_3D('',#9226,#7677,$);
#6689=AXIS2_PLACEMENT_3D('',#9227,#7678,$);
#6690=AXIS2_PLACEMENT_3D('',#9228,#7679,$);
#6691=AXIS2_PLACEMENT_3D('',#9229,#7680,$);
#6692=AXIS2_PLACEMENT_3D('',#9230,#7681,$);
#6693=AXIS2_PLACEMENT_3D('',#9231,#7682,$);
#6694=AXIS2_PLACEMENT_3D('',#9232,#7683,$);
#6695=AXIS2_PLACEMENT_3D('',#9233,#7684,$);
#6696=AXIS2_PLACEMENT_3D('',#9234,#7685,$);
#6697=AXIS2_PLACEMENT_3D('',#9235,#7686,$);
#6698=AXIS2_PLACEMENT_3D('',#9236,#7687,$);
#6699=AXIS2_PLACEMENT_3D('',#9237,#7688,$);
#6700=AXIS2_PLACEMENT_3D('',#9238,#7689,$);
#6701=AXIS2_PLACEMENT_3D('',#9239,#7690,$);
#6702=AXIS2_PLACEMENT_3D('',#9240,#7691,$);
#6703=AXIS2_PLACEMENT_3D('',#9241,#7692,$);
#6704=AXIS2_PLACEMENT_3D('',#9242,#7693,$);
#6705=AXIS2_PLACEMENT_3D('',#9243,#7694,$);
#6706=AXIS2_PLACEMENT_3D('',#9244,#7695,$);
#6707=AXIS2_PLACEMENT_3D('',#9245,#7696,$);
#6708=AXIS2_PLACEMENT_3D('',#9246,#7697,$);
#6709=AXIS2_PLACEMENT_3D('',#9247,#7698,$);
#6710=AXIS2_PLACEMENT_3D('',#9248,#7699,$);
#6711=AXIS2_PLACEMENT_3D('',#9249,#7700,$);
#6712=AXIS2_PLACEMENT_3D('',#9250,#7701,$);
#6713=AXIS2_PLACEMENT_3D('',#9251,#7702,$);
#6714=AXIS2_PLACEMENT_3D('',#9252,#7703,$);
#6715=AXIS2_PLACEMENT_3D('',#9253,#7704,$);
#6716=AXIS2_PLACEMENT_3D('',#9254,#7705,$);
#6717=AXIS2_PLACEMENT_3D('',#9255,#7706,$);
#6718=AXIS2_PLACEMENT_3D('',#9256,#7707,$);
#6719=AXIS2_PLACEMENT_3D('',#9257,#7708,$);
#6720=AXIS2_PLACEMENT_3D('',#9258,#7709,$);
#6721=AXIS2_PLACEMENT_3D('',#9259,#7710,$);
#6722=AXIS2_PLACEMENT_3D('',#9260,#7711,$);
#6723=AXIS2_PLACEMENT_3D('',#9261,#7712,$);
#6724=AXIS2_PLACEMENT_3D('',#9262,#7713,$);
#6725=AXIS2_PLACEMENT_3D('',#9263,#7714,$);
#6726=AXIS2_PLACEMENT_3D('',#9264,#7715,$);
#6727=AXIS2_PLACEMENT_3D('',#9265,#7716,$);
#6728=AXIS2_PLACEMENT_3D('',#9266,#7717,$);
#6729=AXIS2_PLACEMENT_3D('',#9267,#7718,$);
#6730=AXIS2_PLACEMENT_3D('',#9268,#7719,$);
#6731=AXIS2_PLACEMENT_3D('',#9269,#7720,$);
#6732=AXIS2_PLACEMENT_3D('',#9270,#7721,$);
#6733=AXIS2_PLACEMENT_3D('',#9271,#7722,$);
#6734=AXIS2_PLACEMENT_3D('',#9272,#7723,$);
#6735=AXIS2_PLACEMENT_3D('',#9273,#7724,$);
#6736=AXIS2_PLACEMENT_3D('',#9274,#7725,$);
#6737=AXIS2_PLACEMENT_3D('',#9275,#7726,$);
#6738=AXIS2_PLACEMENT_3D('',#9276,#7727,$);
#6739=AXIS2_PLACEMENT_3D('',#9277,#7728,$);
#6740=AXIS2_PLACEMENT_3D('',#9278,#7729,$);
#6741=AXIS2_PLACEMENT_3D('',#9279,#7730,$);
#6742=AXIS2_PLACEMENT_3D('',#9280,#7731,$);
#6743=AXIS2_PLACEMENT_3D('',#9281,#7732,$);
#6744=AXIS2_PLACEMENT_3D('',#9282,#7733,$);
#6745=AXIS2_PLACEMENT_3D('',#9283,#7734,$);
#6746=AXIS2_PLACEMENT_3D('',#9284,#7735,$);
#6747=AXIS2_PLACEMENT_3D('',#9285,#7736,$);
#6748=AXIS2_PLACEMENT_3D('',#9286,#7737,$);
#6749=AXIS2_PLACEMENT_3D('',#9287,#7738,$);
#6750=AXIS2_PLACEMENT_3D('',#9288,#7739,$);
#6751=AXIS2_PLACEMENT_3D('',#9289,#7740,$);
#6752=AXIS2_PLACEMENT_3D('',#9290,#7741,$);
#6753=AXIS2_PLACEMENT_3D('',#9291,#7742,$);
#6754=AXIS2_PLACEMENT_3D('',#9292,#7743,$);
#6755=AXIS2_PLACEMENT_3D('',#9293,#7744,$);
#6756=AXIS2_PLACEMENT_3D('',#9294,#7745,$);
#6757=AXIS2_PLACEMENT_3D('',#9295,#7746,$);
#6758=AXIS2_PLACEMENT_3D('',#9296,#7747,$);
#6759=AXIS2_PLACEMENT_3D('',#9297,#7748,$);
#6760=AXIS2_PLACEMENT_3D('',#9298,#7749,$);
#6761=AXIS2_PLACEMENT_3D('',#9299,#7750,$);
#6762=AXIS2_PLACEMENT_3D('',#9300,#7751,$);
#6763=AXIS2_PLACEMENT_3D('',#9301,#7752,$);
#6764=AXIS2_PLACEMENT_3D('',#9302,#7753,$);
#6765=AXIS2_PLACEMENT_3D('',#9303,#7754,$);
#6766=AXIS2_PLACEMENT_3D('',#9304,#7755,$);
#6767=AXIS2_PLACEMENT_3D('',#9305,#7756,$);
#6768=AXIS2_PLACEMENT_3D('',#9306,#7757,$);
#6769=AXIS2_PLACEMENT_3D('',#9307,#7758,$);
#6770=AXIS2_PLACEMENT_3D('',#9308,#7759,$);
#6771=AXIS2_PLACEMENT_3D('',#9309,#7760,$);
#6772=AXIS2_PLACEMENT_3D('',#9310,#7761,$);
#6773=AXIS2_PLACEMENT_3D('',#9311,#7762,$);
#6774=AXIS2_PLACEMENT_3D('',#9312,#7763,$);
#6775=AXIS2_PLACEMENT_3D('',#9313,#7764,$);
#6776=AXIS2_PLACEMENT_3D('',#9314,#7765,$);
#6777=AXIS2_PLACEMENT_3D('',#9315,#7766,$);
#6778=AXIS2_PLACEMENT_3D('',#9316,#7767,$);
#6779=AXIS2_PLACEMENT_3D('',#9317,#7768,$);
#6780=AXIS2_PLACEMENT_3D('',#9318,#7769,$);
#6781=AXIS2_PLACEMENT_3D('',#9319,#7770,$);
#6782=AXIS2_PLACEMENT_3D('',#9320,#7771,$);
#6783=AXIS2_PLACEMENT_3D('',#9321,#7772,$);
#6784=AXIS2_PLACEMENT_3D('',#9322,#7773,$);
#6785=AXIS2_PLACEMENT_3D('',#9323,#7774,$);
#6786=AXIS2_PLACEMENT_3D('',#9324,#7775,$);
#6787=AXIS2_PLACEMENT_3D('',#9325,#7776,$);
#6788=AXIS2_PLACEMENT_3D('',#9326,#7777,$);
#6789=AXIS2_PLACEMENT_3D('',#9327,#7778,$);
#6790=AXIS2_PLACEMENT_3D('',#9328,#7779,$);
#6791=AXIS2_PLACEMENT_3D('',#9329,#7780,$);
#6792=AXIS2_PLACEMENT_3D('',#9330,#7781,$);
#6793=AXIS2_PLACEMENT_3D('',#9331,#7782,$);
#6794=AXIS2_PLACEMENT_3D('',#9332,#7783,$);
#6795=AXIS2_PLACEMENT_3D('',#9333,#7784,$);
#6796=AXIS2_PLACEMENT_3D('',#9334,#7785,$);
#6797=AXIS2_PLACEMENT_3D('',#9335,#7786,$);
#6798=AXIS2_PLACEMENT_3D('',#9336,#7787,$);
#6799=AXIS2_PLACEMENT_3D('',#9337,#7788,$);
#6800=AXIS2_PLACEMENT_3D('',#9338,#7789,$);
#6801=AXIS2_PLACEMENT_3D('',#9339,#7790,$);
#6802=AXIS2_PLACEMENT_3D('',#9340,#7791,$);
#6803=AXIS2_PLACEMENT_3D('',#9341,#7792,$);
#6804=AXIS2_PLACEMENT_3D('',#9342,#7793,$);
#6805=AXIS2_PLACEMENT_3D('',#9343,#7794,$);
#6806=AXIS2_PLACEMENT_3D('',#9344,#7795,$);
#6807=AXIS2_PLACEMENT_3D('',#9345,#7796,$);
#6808=AXIS2_PLACEMENT_3D('',#9346,#7797,$);
#6809=AXIS2_PLACEMENT_3D('',#9347,#7798,$);
#6810=AXIS2_PLACEMENT_3D('',#9348,#7799,$);
#6811=AXIS2_PLACEMENT_3D('',#9349,#7800,$);
#6812=AXIS2_PLACEMENT_3D('',#9350,#7801,$);
#6813=AXIS2_PLACEMENT_3D('',#9351,#7802,$);
#6814=AXIS2_PLACEMENT_3D('',#9352,#7803,$);
#6815=AXIS2_PLACEMENT_3D('',#9353,#7804,$);
#6816=AXIS2_PLACEMENT_3D('',#9354,#7805,$);
#6817=AXIS2_PLACEMENT_3D('',#9355,#7806,$);
#6818=AXIS2_PLACEMENT_3D('',#9356,#7807,$);
#6819=AXIS2_PLACEMENT_3D('',#9357,#7808,$);
#6820=AXIS2_PLACEMENT_3D('',#9358,#7809,$);
#6821=AXIS2_PLACEMENT_3D('',#9359,#7810,$);
#6822=AXIS2_PLACEMENT_3D('',#9360,#7811,$);
#6823=AXIS2_PLACEMENT_3D('',#9361,#7812,$);
#6824=AXIS2_PLACEMENT_3D('',#9362,#7813,$);
#6825=AXIS2_PLACEMENT_3D('',#9363,#7814,$);
#6826=AXIS2_PLACEMENT_3D('',#9364,#7815,$);
#6827=AXIS2_PLACEMENT_3D('',#9365,#7816,$);
#6828=AXIS2_PLACEMENT_3D('',#9366,#7817,$);
#6829=AXIS2_PLACEMENT_3D('',#9367,#7818,$);
#6830=AXIS2_PLACEMENT_3D('',#9368,#7819,$);
#6831=AXIS2_PLACEMENT_3D('',#9369,#7820,$);
#6832=AXIS2_PLACEMENT_3D('',#9370,#7821,$);
#6833=AXIS2_PLACEMENT_3D('',#9371,#7822,$);
#6834=AXIS2_PLACEMENT_3D('',#9372,#7823,$);
#6835=AXIS2_PLACEMENT_3D('',#9373,#7824,$);
#6836=AXIS2_PLACEMENT_3D('',#9374,#7825,$);
#6837=AXIS2_PLACEMENT_3D('',#9375,#7826,$);
#6838=AXIS2_PLACEMENT_3D('',#9376,#7827,$);
#6839=AXIS2_PLACEMENT_3D('',#9377,#7828,$);
#6840=AXIS2_PLACEMENT_3D('',#9378,#7829,$);
#6841=AXIS2_PLACEMENT_3D('',#9379,#7830,$);
#6842=AXIS2_PLACEMENT_3D('',#9380,#7831,$);
#6843=AXIS2_PLACEMENT_3D('',#9381,#7832,$);
#6844=AXIS2_PLACEMENT_3D('',#9382,#7833,$);
#6845=AXIS2_PLACEMENT_3D('',#9383,#7834,$);
#6846=AXIS2_PLACEMENT_3D('',#9384,#7835,$);
#6847=AXIS2_PLACEMENT_3D('',#9385,#7836,$);
#6848=AXIS2_PLACEMENT_3D('',#9386,#7837,$);
#6849=AXIS2_PLACEMENT_3D('',#9387,#7838,$);
#6850=AXIS2_PLACEMENT_3D('',#9388,#7839,$);
#6851=AXIS2_PLACEMENT_3D('',#9389,#7840,$);
#6852=AXIS2_PLACEMENT_3D('',#9390,#7841,$);
#6853=AXIS2_PLACEMENT_3D('',#9391,#7842,$);
#6854=AXIS2_PLACEMENT_3D('',#9392,#7843,$);
#6855=AXIS2_PLACEMENT_3D('',#9393,#7844,$);
#6856=AXIS2_PLACEMENT_3D('',#9394,#7845,$);
#6857=AXIS2_PLACEMENT_3D('',#9395,#7846,$);
#6858=AXIS2_PLACEMENT_3D('',#9396,#7847,$);
#6859=AXIS2_PLACEMENT_3D('',#9397,#7848,$);
#6860=AXIS2_PLACEMENT_3D('',#9398,#7849,$);
#6861=AXIS2_PLACEMENT_3D('',#9399,#7850,$);
#6862=AXIS2_PLACEMENT_3D('',#9400,#7851,$);
#6863=AXIS2_PLACEMENT_3D('',#9401,#7852,$);
#6864=AXIS2_PLACEMENT_3D('',#9402,#7853,$);
#6865=AXIS2_PLACEMENT_3D('',#9403,#7854,$);
#6866=AXIS2_PLACEMENT_3D('',#9404,#7855,$);
#6867=AXIS2_PLACEMENT_3D('',#9405,#7856,$);
#6868=AXIS2_PLACEMENT_3D('',#9406,#7857,$);
#6869=AXIS2_PLACEMENT_3D('',#9407,#7858,$);
#6870=AXIS2_PLACEMENT_3D('',#9408,#7859,$);
#6871=AXIS2_PLACEMENT_3D('',#9409,#7860,$);
#6872=AXIS2_PLACEMENT_3D('',#9410,#7861,$);
#6873=AXIS2_PLACEMENT_3D('',#9411,#7862,$);
#6874=AXIS2_PLACEMENT_3D('',#9412,#7863,$);
#6875=AXIS2_PLACEMENT_3D('',#9413,#7864,$);
#6876=AXIS2_PLACEMENT_3D('',#9414,#7865,$);
#6877=AXIS2_PLACEMENT_3D('',#9415,#7866,$);
#6878=AXIS2_PLACEMENT_3D('',#9416,#7867,$);
#6879=AXIS2_PLACEMENT_3D('',#9417,#7868,$);
#6880=AXIS2_PLACEMENT_3D('',#9418,#7869,$);
#6881=AXIS2_PLACEMENT_3D('',#9419,#7870,$);
#6882=AXIS2_PLACEMENT_3D('',#9420,#7871,$);
#6883=AXIS2_PLACEMENT_3D('',#9421,#7872,$);
#6884=AXIS2_PLACEMENT_3D('',#9422,#7873,$);
#6885=AXIS2_PLACEMENT_3D('',#9423,#7874,$);
#6886=AXIS2_PLACEMENT_3D('',#9424,#7875,$);
#6887=AXIS2_PLACEMENT_3D('',#9425,#7876,$);
#6888=AXIS2_PLACEMENT_3D('',#9426,#7877,$);
#6889=AXIS2_PLACEMENT_3D('',#9427,#7878,$);
#6890=AXIS2_PLACEMENT_3D('',#9428,#7879,$);
#6891=AXIS2_PLACEMENT_3D('',#9429,#7880,$);
#6892=AXIS2_PLACEMENT_3D('',#9430,#7881,$);
#6893=AXIS2_PLACEMENT_3D('',#9431,#7882,$);
#6894=AXIS2_PLACEMENT_3D('',#9432,#7883,$);
#6895=AXIS2_PLACEMENT_3D('',#9433,#7884,$);
#6896=AXIS2_PLACEMENT_3D('',#9434,#7885,$);
#6897=AXIS2_PLACEMENT_3D('',#9435,#7886,$);
#6898=AXIS2_PLACEMENT_3D('',#9436,#7887,$);
#6899=AXIS2_PLACEMENT_3D('',#9437,#7888,$);
#6900=AXIS2_PLACEMENT_3D('',#9438,#7889,$);
#6901=AXIS2_PLACEMENT_3D('',#9439,#7890,$);
#6902=AXIS2_PLACEMENT_3D('',#9440,#7891,$);
#6903=AXIS2_PLACEMENT_3D('',#9441,#7892,$);
#6904=AXIS2_PLACEMENT_3D('',#9442,#7893,$);
#6905=AXIS2_PLACEMENT_3D('',#9443,#7894,$);
#6906=AXIS2_PLACEMENT_3D('',#9444,#7895,$);
#6907=AXIS2_PLACEMENT_3D('',#9445,#7896,$);
#6908=AXIS2_PLACEMENT_3D('',#9446,#7897,$);
#6909=AXIS2_PLACEMENT_3D('',#9447,#7898,$);
#6910=AXIS2_PLACEMENT_3D('',#9448,#7899,$);
#6911=AXIS2_PLACEMENT_3D('',#9449,#7900,$);
#6912=AXIS2_PLACEMENT_3D('',#9450,#7901,$);
#6913=AXIS2_PLACEMENT_3D('',#9451,#7902,$);
#6914=AXIS2_PLACEMENT_3D('',#9452,#7903,$);
#6915=AXIS2_PLACEMENT_3D('',#9453,#7904,$);
#6916=AXIS2_PLACEMENT_3D('',#9454,#7905,$);
#6917=AXIS2_PLACEMENT_3D('',#9455,#7906,$);
#6918=AXIS2_PLACEMENT_3D('',#9456,#7907,$);
#6919=AXIS2_PLACEMENT_3D('',#9457,#7908,$);
#6920=AXIS2_PLACEMENT_3D('',#9458,#7909,$);
#6921=AXIS2_PLACEMENT_3D('',#9459,#7910,$);
#6922=AXIS2_PLACEMENT_3D('',#9460,#7911,$);
#6923=AXIS2_PLACEMENT_3D('',#9461,#7912,$);
#6924=AXIS2_PLACEMENT_3D('',#9462,#7913,$);
#6925=AXIS2_PLACEMENT_3D('',#9463,#7914,$);
#6926=AXIS2_PLACEMENT_3D('',#9464,#7915,$);
#6927=AXIS2_PLACEMENT_3D('',#9465,#7916,$);
#6928=AXIS2_PLACEMENT_3D('',#9466,#7917,$);
#6929=AXIS2_PLACEMENT_3D('',#9467,#7918,$);
#6930=AXIS2_PLACEMENT_3D('',#9468,#7919,$);
#6931=AXIS2_PLACEMENT_3D('',#9469,#7920,$);
#6932=AXIS2_PLACEMENT_3D('',#9470,#7921,$);
#6933=AXIS2_PLACEMENT_3D('',#9471,#7922,$);
#6934=AXIS2_PLACEMENT_3D('',#9472,#7923,$);
#6935=AXIS2_PLACEMENT_3D('',#9473,#7924,$);
#6936=AXIS2_PLACEMENT_3D('',#9474,#7925,$);
#6937=AXIS2_PLACEMENT_3D('',#9475,#7926,$);
#6938=AXIS2_PLACEMENT_3D('',#9476,#7927,$);
#6939=AXIS2_PLACEMENT_3D('',#9477,#7928,$);
#6940=AXIS2_PLACEMENT_3D('',#9478,#7929,$);
#6941=AXIS2_PLACEMENT_3D('',#9479,#7930,$);
#6942=AXIS2_PLACEMENT_3D('',#9480,#7931,$);
#6943=AXIS2_PLACEMENT_3D('',#9481,#7932,$);
#6944=AXIS2_PLACEMENT_3D('',#9482,#7933,$);
#6945=AXIS2_PLACEMENT_3D('',#9483,#7934,$);
#6946=AXIS2_PLACEMENT_3D('',#9484,#7935,$);
#6947=AXIS2_PLACEMENT_3D('',#9485,#7936,$);
#6948=AXIS2_PLACEMENT_3D('',#9486,#7937,$);
#6949=AXIS2_PLACEMENT_3D('',#9487,#7938,$);
#6950=AXIS2_PLACEMENT_3D('',#9488,#7939,$);
#6951=AXIS2_PLACEMENT_3D('',#9489,#7940,$);
#6952=AXIS2_PLACEMENT_3D('',#9490,#7941,$);
#6953=AXIS2_PLACEMENT_3D('',#9491,#7942,$);
#6954=AXIS2_PLACEMENT_3D('',#9492,#7943,$);
#6955=AXIS2_PLACEMENT_3D('',#9493,#7944,$);
#6956=AXIS2_PLACEMENT_3D('',#9494,#7945,$);
#6957=AXIS2_PLACEMENT_3D('',#9495,#7946,$);
#6958=AXIS2_PLACEMENT_3D('',#9496,#7947,$);
#6959=AXIS2_PLACEMENT_3D('',#9497,#7948,$);
#6960=AXIS2_PLACEMENT_3D('',#9498,#7949,$);
#6961=AXIS2_PLACEMENT_3D('',#9499,#7950,$);
#6962=AXIS2_PLACEMENT_3D('',#9500,#7951,$);
#6963=AXIS2_PLACEMENT_3D('',#9501,#7952,$);
#6964=AXIS2_PLACEMENT_3D('',#9502,#7953,$);
#6965=AXIS2_PLACEMENT_3D('',#9503,#7954,$);
#6966=AXIS2_PLACEMENT_3D('',#9504,#7955,$);
#6967=AXIS2_PLACEMENT_3D('',#9505,#7956,$);
#6968=AXIS2_PLACEMENT_3D('',#9506,#7957,$);
#6969=AXIS2_PLACEMENT_3D('',#9507,#7958,$);
#6970=AXIS2_PLACEMENT_3D('',#9508,#7959,$);
#6971=AXIS2_PLACEMENT_3D('',#9509,#7960,$);
#6972=AXIS2_PLACEMENT_3D('',#9510,#7961,$);
#6973=AXIS2_PLACEMENT_3D('',#9511,#7962,$);
#6974=AXIS2_PLACEMENT_3D('',#9512,#7963,$);
#6975=AXIS2_PLACEMENT_3D('',#9513,#7964,$);
#6976=AXIS2_PLACEMENT_3D('',#9514,#7965,$);
#6977=AXIS2_PLACEMENT_3D('',#9515,#7966,$);
#6978=AXIS2_PLACEMENT_3D('',#9516,#7967,$);
#6979=AXIS2_PLACEMENT_3D('',#9517,#7968,$);
#6980=AXIS2_PLACEMENT_3D('',#9518,#7969,$);
#6981=AXIS2_PLACEMENT_3D('',#9519,#7970,$);
#6982=AXIS2_PLACEMENT_3D('',#9520,#7971,$);
#6983=AXIS2_PLACEMENT_3D('',#9521,#7972,$);
#6984=AXIS2_PLACEMENT_3D('',#9522,#7973,$);
#6985=AXIS2_PLACEMENT_3D('',#9523,#7974,$);
#6986=AXIS2_PLACEMENT_3D('',#9524,#7975,$);
#6987=AXIS2_PLACEMENT_3D('',#9525,#7976,$);
#6988=AXIS2_PLACEMENT_3D('',#9526,#7977,$);
#6989=AXIS2_PLACEMENT_3D('',#9527,#7978,$);
#6990=AXIS2_PLACEMENT_3D('',#9528,#7979,$);
#6991=AXIS2_PLACEMENT_3D('',#9529,#7980,$);
#6992=AXIS2_PLACEMENT_3D('',#9530,#7981,$);
#6993=AXIS2_PLACEMENT_3D('',#9531,#7982,$);
#6994=AXIS2_PLACEMENT_3D('',#9532,#7983,$);
#6995=AXIS2_PLACEMENT_3D('',#9533,#7984,$);
#6996=AXIS2_PLACEMENT_3D('',#9534,#7985,$);
#6997=AXIS2_PLACEMENT_3D('',#9535,#7986,$);
#6998=AXIS2_PLACEMENT_3D('',#9536,#7987,$);
#6999=AXIS2_PLACEMENT_3D('',#9537,#7988,$);
#7000=AXIS2_PLACEMENT_3D('',#9538,#7989,$);
#7001=AXIS2_PLACEMENT_3D('',#9539,#7990,$);
#7002=AXIS2_PLACEMENT_3D('',#9540,#7991,$);
#7003=AXIS2_PLACEMENT_3D('',#9541,#7992,$);
#7004=AXIS2_PLACEMENT_3D('',#9542,#7993,$);
#7005=AXIS2_PLACEMENT_3D('',#9543,#7994,$);
#7006=AXIS2_PLACEMENT_3D('',#9544,#7995,$);
#7007=AXIS2_PLACEMENT_3D('',#9545,#7996,$);
#7008=AXIS2_PLACEMENT_3D('',#9546,#7997,$);
#7009=AXIS2_PLACEMENT_3D('',#9547,#7998,$);
#7010=AXIS2_PLACEMENT_3D('',#9548,#7999,$);
#7011=AXIS2_PLACEMENT_3D('',#9549,#8000,$);
#7012=AXIS2_PLACEMENT_3D('',#9550,#8001,$);
#7013=AXIS2_PLACEMENT_3D('',#9551,#8002,$);
#7014=AXIS2_PLACEMENT_3D('',#9552,#8003,$);
#7015=AXIS2_PLACEMENT_3D('',#9553,#8004,$);
#7016=AXIS2_PLACEMENT_3D('',#9554,#8005,$);
#7017=AXIS2_PLACEMENT_3D('',#9555,#8006,$);
#7018=AXIS2_PLACEMENT_3D('',#9556,#8007,$);
#7019=AXIS2_PLACEMENT_3D('',#9557,#8008,$);
#7020=AXIS2_PLACEMENT_3D('',#9558,#8009,$);
#7021=AXIS2_PLACEMENT_3D('',#9559,#8010,$);
#7022=AXIS2_PLACEMENT_3D('',#9560,#8011,$);
#7023=AXIS2_PLACEMENT_3D('',#9561,#8012,$);
#7024=AXIS2_PLACEMENT_3D('',#9562,#8013,$);
#7025=AXIS2_PLACEMENT_3D('',#9563,#8014,$);
#7026=AXIS2_PLACEMENT_3D('',#9564,#8015,$);
#7027=AXIS2_PLACEMENT_3D('',#9565,#8016,$);
#7028=AXIS2_PLACEMENT_3D('',#9566,#8017,$);
#7029=AXIS2_PLACEMENT_3D('',#9567,#8018,$);
#7030=AXIS2_PLACEMENT_3D('',#9568,#8019,$);
#7031=AXIS2_PLACEMENT_3D('',#9569,#8020,$);
#7032=AXIS2_PLACEMENT_3D('',#9570,#8021,$);
#7033=AXIS2_PLACEMENT_3D('',#9571,#8022,$);
#7034=AXIS2_PLACEMENT_3D('',#9572,#8023,$);
#7035=AXIS2_PLACEMENT_3D('',#9573,#8024,$);
#7036=AXIS2_PLACEMENT_3D('',#9574,#8025,$);
#7037=AXIS2_PLACEMENT_3D('',#9575,#8026,$);
#7038=AXIS2_PLACEMENT_3D('',#9576,#8027,$);
#7039=AXIS2_PLACEMENT_3D('',#9577,#8028,$);
#7040=AXIS2_PLACEMENT_3D('',#9578,#8029,$);
#7041=AXIS2_PLACEMENT_3D('',#9579,#8030,$);
#7042=AXIS2_PLACEMENT_3D('',#9580,#8031,$);
#7043=AXIS2_PLACEMENT_3D('',#9581,#8032,$);
#7044=AXIS2_PLACEMENT_3D('',#9582,#8033,$);
#7045=AXIS2_PLACEMENT_3D('',#9583,#8034,$);
#7046=AXIS2_PLACEMENT_3D('',#9584,#8035,$);
#7047=AXIS2_PLACEMENT_3D('',#9585,#8036,$);
#7048=AXIS2_PLACEMENT_3D($,#10154,#8037,#8038);
#7049=AXIS2_PLACEMENT_3D($,#10157,#8039,#8040);
#7050=AXIS2_PLACEMENT_3D($,#10160,#8041,#8042);
#7051=AXIS2_PLACEMENT_3D($,#10163,#8043,#8044);
#7052=AXIS2_PLACEMENT_3D($,#10166,#8045,#8046);
#7053=AXIS2_PLACEMENT_3D($,#10169,#8047,#8048);
#7054=AXIS2_PLACEMENT_3D($,#10172,#8049,#8050);
#7055=AXIS2_PLACEMENT_3D($,#10175,#8051,#8052);
#7056=AXIS2_PLACEMENT_3D($,#10178,#8053,#8054);
#7057=AXIS2_PLACEMENT_3D($,#10181,#8055,#8056);
#7058=AXIS2_PLACEMENT_3D($,#10184,#8057,#8058);
#7059=AXIS2_PLACEMENT_3D($,#10187,#8059,#8060);
#7060=AXIS2_PLACEMENT_3D($,#10190,#8061,#8062);
#7061=AXIS2_PLACEMENT_3D($,#10193,#8063,#8064);
#7062=AXIS2_PLACEMENT_3D($,#10196,#8065,#8066);
#7063=AXIS2_PLACEMENT_3D($,#10199,#8067,#8068);
#7064=AXIS2_PLACEMENT_3D($,#10202,#8069,#8070);
#7065=AXIS2_PLACEMENT_3D($,#10205,#8071,#8072);
#7066=AXIS2_PLACEMENT_3D($,#10208,#8073,#8074);
#7067=AXIS2_PLACEMENT_3D($,#10211,#8075,#8076);
#7068=AXIS2_PLACEMENT_3D($,#10214,#8077,#8078);
#7069=AXIS2_PLACEMENT_3D($,#10217,#8079,#8080);
#7070=AXIS2_PLACEMENT_3D($,#10220,#8081,#8082);
#7071=AXIS2_PLACEMENT_3D($,#10223,#8083,#8084);
#7072=AXIS2_PLACEMENT_3D($,#10226,#8085,#8086);
#7073=AXIS2_PLACEMENT_3D($,#10229,#8087,#8088);
#7074=AXIS2_PLACEMENT_3D($,#10232,#8089,#8090);
#7075=AXIS2_PLACEMENT_3D($,#10235,#8091,#8092);
#7076=AXIS2_PLACEMENT_3D($,#10238,#8093,#8094);
#7077=AXIS2_PLACEMENT_3D($,#10241,#8095,#8096);
#7078=AXIS2_PLACEMENT_3D($,#10244,#8097,#8098);
#7079=AXIS2_PLACEMENT_3D($,#10247,#8099,#8100);
#7080=AXIS2_PLACEMENT_3D($,#10250,#8101,#8102);
#7081=AXIS2_PLACEMENT_3D($,#10253,#8103,#8104);
#7082=AXIS2_PLACEMENT_3D($,#10256,#8105,#8106);
#7083=AXIS2_PLACEMENT_3D($,#10259,#8107,#8108);
#7084=AXIS2_PLACEMENT_3D($,#10262,#8109,#8110);
#7085=AXIS2_PLACEMENT_3D($,#10265,#8111,#8112);
#7086=AXIS2_PLACEMENT_3D($,#10268,#8113,#8114);
#7087=AXIS2_PLACEMENT_3D($,#10271,#8115,#8116);
#7088=AXIS2_PLACEMENT_3D($,#10274,#8117,#8118);
#7089=AXIS2_PLACEMENT_3D($,#10277,#8119,#8120);
#7090=AXIS2_PLACEMENT_3D($,#10280,#8121,#8122);
#7091=AXIS2_PLACEMENT_3D($,#10283,#8123,#8124);
#7092=AXIS2_PLACEMENT_3D($,#10286,#8125,#8126);
#7093=AXIS2_PLACEMENT_3D($,#10289,#8127,#8128);
#7094=AXIS2_PLACEMENT_3D($,#10292,#8129,#8130);
#7095=AXIS2_PLACEMENT_3D($,#10295,#8131,#8132);
#7096=AXIS2_PLACEMENT_3D($,#10298,#8133,#8134);
#7097=AXIS2_PLACEMENT_3D($,#10301,#8135,#8136);
#7098=AXIS2_PLACEMENT_3D($,#10304,#8137,#8138);
#7099=AXIS2_PLACEMENT_3D($,#10307,#8139,#8140);
#7100=AXIS2_PLACEMENT_3D($,#10310,#8141,#8142);
#7101=AXIS2_PLACEMENT_3D($,#10313,#8143,#8144);
#7102=AXIS2_PLACEMENT_3D($,#10316,#8145,#8146);
#7103=AXIS2_PLACEMENT_3D($,#10319,#8147,#8148);
#7104=AXIS2_PLACEMENT_3D($,#10322,#8149,#8150);
#7105=AXIS2_PLACEMENT_3D($,#10325,#8151,#8152);
#7106=AXIS2_PLACEMENT_3D($,#10328,#8153,#8154);
#7107=AXIS2_PLACEMENT_3D($,#10331,#8155,#8156);
#7108=AXIS2_PLACEMENT_3D($,#10334,#8157,#8158);
#7109=AXIS2_PLACEMENT_3D($,#10337,#8159,#8160);
#7110=AXIS2_PLACEMENT_3D($,#10340,#8161,#8162);
#7111=AXIS2_PLACEMENT_3D($,#10343,#8163,#8164);
#7112=AXIS2_PLACEMENT_3D($,#10346,#8165,#8166);
#7113=AXIS2_PLACEMENT_3D($,#10349,#8167,#8168);
#7114=AXIS2_PLACEMENT_3D($,#10352,#8169,#8170);
#7115=AXIS2_PLACEMENT_3D($,#10355,#8171,#8172);
#7116=AXIS2_PLACEMENT_3D($,#10358,#8173,#8174);
#7117=AXIS2_PLACEMENT_3D($,#10361,#8175,#8176);
#7118=AXIS2_PLACEMENT_3D($,#10364,#8177,#8178);
#7119=AXIS2_PLACEMENT_3D($,#10367,#8179,#8180);
#7120=AXIS2_PLACEMENT_3D($,#10370,#8181,#8182);
#7121=AXIS2_PLACEMENT_3D($,#10373,#8183,#8184);
#7122=AXIS2_PLACEMENT_3D($,#10376,#8185,#8186);
#7123=AXIS2_PLACEMENT_3D($,#10379,#8187,#8188);
#7124=AXIS2_PLACEMENT_3D($,#10382,#8189,#8190);
#7125=AXIS2_PLACEMENT_3D($,#10385,#8191,#8192);
#7126=AXIS2_PLACEMENT_3D($,#10388,#8193,#8194);
#7127=AXIS2_PLACEMENT_3D($,#10391,#8195,#8196);
#7128=AXIS2_PLACEMENT_3D($,#10394,#8197,#8198);
#7129=AXIS2_PLACEMENT_3D($,#10397,#8199,#8200);
#7130=AXIS2_PLACEMENT_3D($,#10400,#8201,#8202);
#7131=AXIS2_PLACEMENT_3D($,#10403,#8203,#8204);
#7132=AXIS2_PLACEMENT_3D($,#10406,#8205,#8206);
#7133=AXIS2_PLACEMENT_3D($,#10409,#8207,#8208);
#7134=AXIS2_PLACEMENT_3D($,#10412,#8209,#8210);
#7135=AXIS2_PLACEMENT_3D($,#10415,#8211,#8212);
#7136=AXIS2_PLACEMENT_3D($,#10418,#8213,#8214);
#7137=AXIS2_PLACEMENT_3D($,#10421,#8215,#8216);
#7138=AXIS2_PLACEMENT_3D($,#10424,#8217,#8218);
#7139=AXIS2_PLACEMENT_3D($,#10427,#8219,#8220);
#7140=AXIS2_PLACEMENT_3D($,#10430,#8221,#8222);
#7141=AXIS2_PLACEMENT_3D($,#10433,#8223,#8224);
#7142=AXIS2_PLACEMENT_3D($,#10436,#8225,#8226);
#7143=AXIS2_PLACEMENT_3D($,#10439,#8227,#8228);
#7144=AXIS2_PLACEMENT_3D($,#10442,#8229,#8230);
#7145=AXIS2_PLACEMENT_3D($,#10445,#8231,#8232);
#7146=AXIS2_PLACEMENT_3D($,#10448,#8233,#8234);
#7147=AXIS2_PLACEMENT_3D($,#10451,#8235,#8236);
#7148=AXIS2_PLACEMENT_3D($,#10454,#8237,#8238);
#7149=AXIS2_PLACEMENT_3D($,#10457,#8239,#8240);
#7150=AXIS2_PLACEMENT_3D($,#10460,#8241,#8242);
#7151=AXIS2_PLACEMENT_3D($,#10463,#8243,#8244);
#7152=AXIS2_PLACEMENT_3D($,#10466,#8245,#8246);
#7153=AXIS2_PLACEMENT_3D($,#10469,#8247,#8248);
#7154=AXIS2_PLACEMENT_3D($,#10472,#8249,#8250);
#7155=AXIS2_PLACEMENT_3D($,#10475,#8251,#8252);
#7156=AXIS2_PLACEMENT_3D($,#10478,#8253,#8254);
#7157=AXIS2_PLACEMENT_3D($,#10481,#8255,#8256);
#7158=AXIS2_PLACEMENT_3D($,#10484,#8257,#8258);
#7159=AXIS2_PLACEMENT_3D($,#10487,#8259,#8260);
#7160=AXIS2_PLACEMENT_3D($,#10490,#8261,#8262);
#7161=AXIS2_PLACEMENT_3D($,#10493,#8263,#8264);
#7162=AXIS2_PLACEMENT_3D($,#10496,#8265,#8266);
#7163=AXIS2_PLACEMENT_3D($,#10499,#8267,#8268);
#7164=AXIS2_PLACEMENT_3D($,#10502,#8269,#8270);
#7165=AXIS2_PLACEMENT_3D($,#10505,#8271,#8272);
#7166=AXIS2_PLACEMENT_3D($,#10508,#8273,#8274);
#7167=AXIS2_PLACEMENT_3D($,#10511,#8275,#8276);
#7168=AXIS2_PLACEMENT_3D($,#10514,#8277,#8278);
#7169=AXIS2_PLACEMENT_3D($,#10517,#8279,#8280);
#7170=AXIS2_PLACEMENT_3D($,#10520,#8281,#8282);
#7171=AXIS2_PLACEMENT_3D($,#10523,#8283,#8284);
#7172=AXIS2_PLACEMENT_3D($,#10526,#8285,#8286);
#7173=AXIS2_PLACEMENT_3D($,#10529,#8287,#8288);
#7174=AXIS2_PLACEMENT_3D($,#10532,#8289,#8290);
#7175=AXIS2_PLACEMENT_3D($,#10535,#8291,#8292);
#7176=AXIS2_PLACEMENT_3D($,#10538,#8293,#8294);
#7177=AXIS2_PLACEMENT_3D($,#10541,#8295,#8296);
#7178=AXIS2_PLACEMENT_3D($,#10544,#8297,#8298);
#7179=AXIS2_PLACEMENT_3D($,#10547,#8299,#8300);
#7180=AXIS2_PLACEMENT_3D($,#10550,#8301,#8302);
#7181=AXIS2_PLACEMENT_3D($,#10553,#8303,#8304);
#7182=AXIS2_PLACEMENT_3D($,#10556,#8305,#8306);
#7183=AXIS2_PLACEMENT_3D($,#10559,#8307,#8308);
#7184=AXIS2_PLACEMENT_3D($,#10562,#8309,#8310);
#7185=AXIS2_PLACEMENT_3D($,#10565,#8311,#8312);
#7186=AXIS2_PLACEMENT_3D($,#10568,#8313,#8314);
#7187=AXIS2_PLACEMENT_3D($,#10571,#8315,#8316);
#7188=AXIS2_PLACEMENT_3D($,#10598,#8317,#8318);
#7189=AXIS2_PLACEMENT_3D($,#10603,#8319,#8320);
#7190=AXIS2_PLACEMENT_3D($,#10608,#8321,#8322);
#7191=AXIS2_PLACEMENT_3D($,#10613,#8323,#8324);
#7192=AXIS2_PLACEMENT_3D($,#10618,#8325,#8326);
#7193=AXIS2_PLACEMENT_3D($,#10623,#8327,#8328);
#7194=AXIS2_PLACEMENT_3D($,#10628,#8329,#8330);
#7195=AXIS2_PLACEMENT_3D($,#10633,#8331,#8332);
#7196=AXIS2_PLACEMENT_3D($,#10638,#8333,#8334);
#7197=AXIS2_PLACEMENT_3D($,#10643,#8335,#8336);
#7198=AXIS2_PLACEMENT_3D($,#10648,#8337,#8338);
#7199=AXIS2_PLACEMENT_3D($,#10653,#8339,#8340);
#7200=AXIS2_PLACEMENT_3D($,#10658,#8341,#8342);
#7201=AXIS2_PLACEMENT_3D($,#10663,#8343,#8344);
#7202=AXIS2_PLACEMENT_3D($,#10668,#8345,#8346);
#7203=AXIS2_PLACEMENT_3D($,#10673,#8347,#8348);
#7204=AXIS2_PLACEMENT_3D($,#10678,#8349,#8350);
#7205=AXIS2_PLACEMENT_3D($,#10683,#8351,#8352);
#7206=AXIS2_PLACEMENT_3D($,#10688,#8353,#8354);
#7207=AXIS2_PLACEMENT_3D($,#10693,#8355,#8356);
#7208=AXIS2_PLACEMENT_3D($,#10698,#8357,#8358);
#7209=AXIS2_PLACEMENT_3D($,#10703,#8359,#8360);
#7210=AXIS2_PLACEMENT_3D($,#10708,#8361,#8362);
#7211=AXIS2_PLACEMENT_3D($,#10713,#8363,#8364);
#7212=AXIS2_PLACEMENT_3D($,#10718,#8365,#8366);
#7213=AXIS2_PLACEMENT_3D($,#10723,#8367,#8368);
#7214=AXIS2_PLACEMENT_3D($,#10728,#8369,#8370);
#7215=AXIS2_PLACEMENT_3D($,#10733,#8371,#8372);
#7216=AXIS2_PLACEMENT_3D($,#10738,#8373,#8374);
#7217=AXIS2_PLACEMENT_3D($,#10743,#8375,#8376);
#7218=AXIS2_PLACEMENT_3D($,#10748,#8377,#8378);
#7219=AXIS2_PLACEMENT_3D($,#10753,#8379,#8380);
#7220=AXIS2_PLACEMENT_3D($,#10758,#8381,#8382);
#7221=AXIS2_PLACEMENT_3D($,#10763,#8383,#8384);
#7222=AXIS2_PLACEMENT_3D($,#10768,#8385,#8386);
#7223=AXIS2_PLACEMENT_3D($,#10773,#8387,#8388);
#7224=AXIS2_PLACEMENT_3D($,#10778,#8389,#8390);
#7225=AXIS2_PLACEMENT_3D($,#10783,#8391,#8392);
#7226=AXIS2_PLACEMENT_3D($,#10788,#8393,#8394);
#7227=AXIS2_PLACEMENT_3D($,#10793,#8395,#8396);
#7228=AXIS2_PLACEMENT_3D($,#10798,#8397,#8398);
#7229=AXIS2_PLACEMENT_3D($,#10803,#8399,#8400);
#7230=AXIS2_PLACEMENT_3D($,#10808,#8401,#8402);
#7231=AXIS2_PLACEMENT_3D($,#10813,#8403,#8404);
#7232=AXIS2_PLACEMENT_3D($,#10818,#8405,#8406);
#7233=AXIS2_PLACEMENT_3D($,#10823,#8407,#8408);
#7234=AXIS2_PLACEMENT_3D($,#10828,#8409,#8410);
#7235=AXIS2_PLACEMENT_3D($,#10833,#8411,#8412);
#7236=AXIS2_PLACEMENT_3D($,#10838,#8413,#8414);
#7237=AXIS2_PLACEMENT_3D($,#10843,#8415,#8416);
#7238=AXIS2_PLACEMENT_3D($,#10848,#8417,#8418);
#7239=AXIS2_PLACEMENT_3D($,#10853,#8419,#8420);
#7240=AXIS2_PLACEMENT_3D($,#10858,#8421,#8422);
#7241=AXIS2_PLACEMENT_3D($,#10863,#8423,#8424);
#7242=AXIS2_PLACEMENT_3D($,#10868,#8425,#8426);
#7243=AXIS2_PLACEMENT_3D($,#10873,#8427,#8428);
#7244=AXIS2_PLACEMENT_3D($,#10878,#8429,#8430);
#7245=AXIS2_PLACEMENT_3D($,#10883,#8431,#8432);
#7246=AXIS2_PLACEMENT_3D($,#10888,#8433,#8434);
#7247=AXIS2_PLACEMENT_3D($,#10893,#8435,#8436);
#7248=AXIS2_PLACEMENT_3D($,#10898,#8437,#8438);
#7249=AXIS2_PLACEMENT_3D($,#10903,#8439,#8440);
#7250=AXIS2_PLACEMENT_3D($,#10908,#8441,#8442);
#7251=AXIS2_PLACEMENT_3D($,#10913,#8443,#8444);
#7252=AXIS2_PLACEMENT_3D($,#10918,#8445,#8446);
#7253=AXIS2_PLACEMENT_3D($,#10923,#8447,#8448);
#7254=AXIS2_PLACEMENT_3D($,#10928,#8449,#8450);
#7255=AXIS2_PLACEMENT_3D($,#10933,#8451,#8452);
#7256=AXIS2_PLACEMENT_3D($,#10938,#8453,#8454);
#7257=AXIS2_PLACEMENT_3D($,#10943,#8455,#8456);
#7258=AXIS2_PLACEMENT_3D($,#10948,#8457,#8458);
#7259=AXIS2_PLACEMENT_3D($,#10953,#8459,#8460);
#7260=AXIS2_PLACEMENT_3D($,#10958,#8461,#8462);
#7261=AXIS2_PLACEMENT_3D($,#10963,#8463,#8464);
#7262=AXIS2_PLACEMENT_3D($,#10968,#8465,#8466);
#7263=AXIS2_PLACEMENT_3D($,#10973,#8467,#8468);
#7264=AXIS2_PLACEMENT_3D($,#10978,#8469,#8470);
#7265=AXIS2_PLACEMENT_3D($,#10983,#8471,#8472);
#7266=AXIS2_PLACEMENT_3D($,#10988,#8473,#8474);
#7267=AXIS2_PLACEMENT_3D($,#10993,#8475,#8476);
#7268=AXIS2_PLACEMENT_3D($,#10998,#8477,#8478);
#7269=AXIS2_PLACEMENT_3D($,#11003,#8479,#8480);
#7270=AXIS2_PLACEMENT_3D($,#11008,#8481,#8482);
#7271=AXIS2_PLACEMENT_3D($,#11013,#8483,#8484);
#7272=AXIS2_PLACEMENT_3D($,#11018,#8485,#8486);
#7273=AXIS2_PLACEMENT_3D($,#11023,#8487,#8488);
#7274=AXIS2_PLACEMENT_3D($,#11028,#8489,#8490);
#7275=AXIS2_PLACEMENT_3D($,#11033,#8491,#8492);
#7276=AXIS2_PLACEMENT_3D($,#11038,#8493,#8494);
#7277=AXIS2_PLACEMENT_3D($,#11043,#8495,#8496);
#7278=AXIS2_PLACEMENT_3D($,#11048,#8497,#8498);
#7279=AXIS2_PLACEMENT_3D($,#11053,#8499,#8500);
#7280=AXIS2_PLACEMENT_3D($,#11058,#8501,#8502);
#7281=AXIS2_PLACEMENT_3D($,#11063,#8503,#8504);
#7282=AXIS2_PLACEMENT_3D($,#11068,#8505,#8506);
#7283=AXIS2_PLACEMENT_3D($,#11073,#8507,#8508);
#7284=AXIS2_PLACEMENT_3D($,#11078,#8509,#8510);
#7285=AXIS2_PLACEMENT_3D($,#11083,#8511,#8512);
#7286=AXIS2_PLACEMENT_3D($,#11088,#8513,#8514);
#7287=AXIS2_PLACEMENT_3D($,#11093,#8515,#8516);
#7288=AXIS2_PLACEMENT_3D($,#11098,#8517,#8518);
#7289=AXIS2_PLACEMENT_3D($,#11103,#8519,#8520);
#7290=AXIS2_PLACEMENT_3D($,#11108,#8521,#8522);
#7291=AXIS2_PLACEMENT_3D($,#11113,#8523,#8524);
#7292=AXIS2_PLACEMENT_3D($,#11118,#8525,#8526);
#7293=AXIS2_PLACEMENT_3D($,#11123,#8527,#8528);
#7294=AXIS2_PLACEMENT_3D($,#11128,#8529,#8530);
#7295=AXIS2_PLACEMENT_3D($,#11133,#8531,#8532);
#7296=AXIS2_PLACEMENT_3D($,#11138,#8533,#8534);
#7297=AXIS2_PLACEMENT_3D($,#11143,#8535,#8536);
#7298=AXIS2_PLACEMENT_3D($,#11148,#8537,#8538);
#7299=AXIS2_PLACEMENT_3D($,#11153,#8539,#8540);
#7300=AXIS2_PLACEMENT_3D($,#11158,#8541,#8542);
#7301=AXIS2_PLACEMENT_3D($,#11163,#8543,#8544);
#7302=AXIS2_PLACEMENT_3D($,#11168,#8545,#8546);
#7303=AXIS2_PLACEMENT_3D($,#11173,#8547,#8548);
#7304=AXIS2_PLACEMENT_3D($,#11178,#8549,#8550);
#7305=AXIS2_PLACEMENT_3D($,#11183,#8551,#8552);
#7306=AXIS2_PLACEMENT_3D($,#11188,#8553,#8554);
#7307=AXIS2_PLACEMENT_3D($,#11193,#8555,#8556);
#7308=AXIS2_PLACEMENT_3D($,#11198,#8557,#8558);
#7309=AXIS2_PLACEMENT_3D($,#11203,#8559,#8560);
#7310=AXIS2_PLACEMENT_3D($,#11208,#8561,#8562);
#7311=AXIS2_PLACEMENT_3D($,#11213,#8563,#8564);
#7312=AXIS2_PLACEMENT_3D($,#11218,#8565,#8566);
#7313=AXIS2_PLACEMENT_3D($,#11223,#8567,#8568);
#7314=AXIS2_PLACEMENT_3D($,#11228,#8569,#8570);
#7315=AXIS2_PLACEMENT_3D($,#11233,#8571,#8572);
#7316=AXIS2_PLACEMENT_3D($,#11238,#8573,#8574);
#7317=AXIS2_PLACEMENT_3D($,#11243,#8575,#8576);
#7318=AXIS2_PLACEMENT_3D($,#11248,#8577,#8578);
#7319=AXIS2_PLACEMENT_3D($,#11253,#8579,#8580);
#7320=AXIS2_PLACEMENT_3D($,#11258,#8581,#8582);
#7321=AXIS2_PLACEMENT_3D($,#11263,#8583,#8584);
#7322=AXIS2_PLACEMENT_3D($,#11268,#8585,#8586);
#7323=AXIS2_PLACEMENT_3D($,#11273,#8587,#8588);
#7324=AXIS2_PLACEMENT_3D($,#11278,#8589,#8590);
#7325=AXIS2_PLACEMENT_3D($,#11283,#8591,#8592);
#7326=AXIS2_PLACEMENT_3D($,#11288,#8593,#8594);
#7327=AXIS2_PLACEMENT_3D($,#11293,#8595,#8596);
#7328=AXIS2_PLACEMENT_3D($,#11300,#8597,#8598);
#7329=AXIS2_PLACEMENT_3D($,#11303,#8599,#8600);
#7330=AXIS2_PLACEMENT_3D($,#11308,#8601,#8602);
#7331=AXIS2_PLACEMENT_3D($,#11311,#8603,#8604);
#7332=AXIS2_PLACEMENT_3D($,#11316,#8605,#8606);
#7333=AXIS2_PLACEMENT_3D($,#11319,#8607,#8608);
#7334=AXIS2_PLACEMENT_3D($,#11324,#8609,#8610);
#7335=AXIS2_PLACEMENT_3D($,#11327,#8611,#8612);
#7336=AXIS2_PLACEMENT_3D($,#11332,#8613,#8614);
#7337=AXIS2_PLACEMENT_3D($,#11335,#8615,#8616);
#7338=AXIS2_PLACEMENT_3D($,#11340,#8617,#8618);
#7339=AXIS2_PLACEMENT_3D($,#11343,#8619,#8620);
#7340=AXIS2_PLACEMENT_3D($,#11348,#8621,#8622);
#7341=AXIS2_PLACEMENT_3D($,#11351,#8623,#8624);
#7342=AXIS2_PLACEMENT_3D($,#11356,#8625,#8626);
#7343=AXIS2_PLACEMENT_3D($,#11359,#8627,#8628);
#7344=AXIS2_PLACEMENT_3D($,#11364,#8629,#8630);
#7345=AXIS2_PLACEMENT_3D($,#11367,#8631,#8632);
#7346=AXIS2_PLACEMENT_3D($,#11372,#8633,#8634);
#7347=AXIS2_PLACEMENT_3D($,#11375,#8635,#8636);
#7348=AXIS2_PLACEMENT_3D($,#11380,#8637,#8638);
#7349=AXIS2_PLACEMENT_3D($,#11383,#8639,#8640);
#7350=AXIS2_PLACEMENT_3D($,#11388,#8641,#8642);
#7351=AXIS2_PLACEMENT_3D($,#11391,#8643,#8644);
#7352=AXIS2_PLACEMENT_3D($,#11396,#8645,#8646);
#7353=AXIS2_PLACEMENT_3D($,#11399,#8647,#8648);
#7354=AXIS2_PLACEMENT_3D($,#11404,#8649,#8650);
#7355=AXIS2_PLACEMENT_3D($,#11407,#8651,#8652);
#7356=AXIS2_PLACEMENT_3D($,#11412,#8653,#8654);
#7357=AXIS2_PLACEMENT_3D($,#11415,#8655,#8656);
#7358=AXIS2_PLACEMENT_3D($,#11420,#8657,#8658);
#7359=AXIS2_PLACEMENT_3D($,#11423,#8659,#8660);
#7360=AXIS2_PLACEMENT_3D($,#11428,#8661,#8662);
#7361=AXIS2_PLACEMENT_3D($,#11431,#8663,#8664);
#7362=AXIS2_PLACEMENT_3D($,#11436,#8665,#8666);
#7363=AXIS2_PLACEMENT_3D($,#11439,#8667,#8668);
#7364=AXIS2_PLACEMENT_3D($,#11444,#8669,#8670);
#7365=AXIS2_PLACEMENT_3D($,#11447,#8671,#8672);
#7366=AXIS2_PLACEMENT_3D($,#11452,#8673,#8674);
#7367=AXIS2_PLACEMENT_3D($,#11455,#8675,#8676);
#7368=AXIS2_PLACEMENT_3D($,#11460,#8677,#8678);
#7369=AXIS2_PLACEMENT_3D($,#11463,#8679,#8680);
#7370=AXIS2_PLACEMENT_3D($,#11468,#8681,#8682);
#7371=AXIS2_PLACEMENT_3D($,#11471,#8683,#8684);
#7372=AXIS2_PLACEMENT_3D($,#11476,#8685,#8686);
#7373=AXIS2_PLACEMENT_3D($,#11479,#8687,#8688);
#7374=AXIS2_PLACEMENT_3D($,#11484,#8689,#8690);
#7375=AXIS2_PLACEMENT_3D($,#11487,#8691,#8692);
#7376=AXIS2_PLACEMENT_3D($,#11492,#8693,#8694);
#7377=AXIS2_PLACEMENT_3D($,#11495,#8695,#8696);
#7378=AXIS2_PLACEMENT_3D($,#11500,#8697,#8698);
#7379=AXIS2_PLACEMENT_3D($,#11503,#8699,#8700);
#7380=AXIS2_PLACEMENT_3D($,#11508,#8701,#8702);
#7381=AXIS2_PLACEMENT_3D($,#11511,#8703,#8704);
#7382=AXIS2_PLACEMENT_3D($,#11516,#8705,#8706);
#7383=AXIS2_PLACEMENT_3D($,#11519,#8707,#8708);
#7384=AXIS2_PLACEMENT_3D($,#11524,#8709,#8710);
#7385=AXIS2_PLACEMENT_3D($,#11527,#8711,#8712);
#7386=AXIS2_PLACEMENT_3D($,#11532,#8713,#8714);
#7387=AXIS2_PLACEMENT_3D($,#11535,#8715,#8716);
#7388=AXIS2_PLACEMENT_3D($,#11540,#8717,#8718);
#7389=AXIS2_PLACEMENT_3D($,#11543,#8719,#8720);
#7390=AXIS2_PLACEMENT_3D($,#11548,#8721,#8722);
#7391=AXIS2_PLACEMENT_3D($,#11551,#8723,#8724);
#7392=AXIS2_PLACEMENT_3D($,#11556,#8725,#8726);
#7393=AXIS2_PLACEMENT_3D($,#11559,#8727,#8728);
#7394=AXIS2_PLACEMENT_3D($,#11564,#8729,#8730);
#7395=AXIS2_PLACEMENT_3D($,#11567,#8731,#8732);
#7396=AXIS2_PLACEMENT_3D($,#11572,#8733,#8734);
#7397=AXIS2_PLACEMENT_3D($,#11575,#8735,#8736);
#7398=AXIS2_PLACEMENT_3D($,#11580,#8737,#8738);
#7399=AXIS2_PLACEMENT_3D($,#11583,#8739,#8740);
#7400=AXIS2_PLACEMENT_3D($,#11588,#8741,#8742);
#7401=AXIS2_PLACEMENT_3D($,#11591,#8743,#8744);
#7402=AXIS2_PLACEMENT_3D($,#11596,#8745,#8746);
#7403=AXIS2_PLACEMENT_3D($,#11599,#8747,#8748);
#7404=AXIS2_PLACEMENT_3D($,#11604,#8749,#8750);
#7405=AXIS2_PLACEMENT_3D($,#11607,#8751,#8752);
#7406=AXIS2_PLACEMENT_3D($,#11612,#8753,#8754);
#7407=AXIS2_PLACEMENT_3D($,#11615,#8755,#8756);
#7408=AXIS2_PLACEMENT_3D($,#11620,#8757,#8758);
#7409=AXIS2_PLACEMENT_3D($,#11623,#8759,#8760);
#7410=AXIS2_PLACEMENT_3D($,#11628,#8761,#8762);
#7411=AXIS2_PLACEMENT_3D($,#11631,#8763,#8764);
#7412=AXIS2_PLACEMENT_3D($,#11636,#8765,#8766);
#7413=AXIS2_PLACEMENT_3D($,#11639,#8767,#8768);
#7414=AXIS2_PLACEMENT_3D($,#11644,#8769,#8770);
#7415=AXIS2_PLACEMENT_3D($,#11647,#8771,#8772);
#7416=AXIS2_PLACEMENT_3D($,#11652,#8773,#8774);
#7417=AXIS2_PLACEMENT_3D($,#11655,#8775,#8776);
#7418=AXIS2_PLACEMENT_3D($,#11660,#8777,#8778);
#7419=AXIS2_PLACEMENT_3D($,#11663,#8779,#8780);
#7420=AXIS2_PLACEMENT_3D($,#11668,#8781,#8782);
#7421=AXIS2_PLACEMENT_3D($,#11671,#8783,#8784);
#7422=AXIS2_PLACEMENT_3D($,#11676,#8785,#8786);
#7423=AXIS2_PLACEMENT_3D($,#11679,#8787,#8788);
#7424=AXIS2_PLACEMENT_3D($,#11684,#8789,#8790);
#7425=AXIS2_PLACEMENT_3D($,#11687,#8791,#8792);
#7426=AXIS2_PLACEMENT_3D($,#11692,#8793,#8794);
#7427=AXIS2_PLACEMENT_3D($,#11695,#8795,#8796);
#7428=AXIS2_PLACEMENT_3D($,#11700,#8797,#8798);
#7429=AXIS2_PLACEMENT_3D($,#11703,#8799,#8800);
#7430=AXIS2_PLACEMENT_3D($,#11708,#8801,#8802);
#7431=AXIS2_PLACEMENT_3D($,#11711,#8803,#8804);
#7432=AXIS2_PLACEMENT_3D($,#11716,#8805,#8806);
#7433=AXIS2_PLACEMENT_3D($,#11719,#8807,#8808);
#7434=AXIS2_PLACEMENT_3D($,#11724,#8809,#8810);
#7435=AXIS2_PLACEMENT_3D($,#11727,#8811,#8812);
#7436=AXIS2_PLACEMENT_3D($,#11732,#8813,#8814);
#7437=AXIS2_PLACEMENT_3D($,#11735,#8815,#8816);
#7438=AXIS2_PLACEMENT_3D($,#11740,#8817,#8818);
#7439=AXIS2_PLACEMENT_3D($,#11743,#8819,#8820);
#7440=AXIS2_PLACEMENT_3D($,#11748,#8821,#8822);
#7441=AXIS2_PLACEMENT_3D($,#11751,#8823,#8824);
#7442=AXIS2_PLACEMENT_3D($,#11756,#8825,#8826);
#7443=AXIS2_PLACEMENT_3D($,#11759,#8827,#8828);
#7444=AXIS2_PLACEMENT_3D($,#11764,#8829,#8830);
#7445=AXIS2_PLACEMENT_3D($,#11767,#8831,#8832);
#7446=AXIS2_PLACEMENT_3D($,#11772,#8833,#8834);
#7447=AXIS2_PLACEMENT_3D($,#11775,#8835,#8836);
#7448=AXIS2_PLACEMENT_3D($,#11780,#8837,#8838);
#7449=AXIS2_PLACEMENT_3D($,#11783,#8839,#8840);
#7450=AXIS2_PLACEMENT_3D($,#11788,#8841,#8842);
#7451=AXIS2_PLACEMENT_3D($,#11791,#8843,#8844);
#7452=AXIS2_PLACEMENT_3D($,#11796,#8845,#8846);
#7453=AXIS2_PLACEMENT_3D($,#11799,#8847,#8848);
#7454=AXIS2_PLACEMENT_3D($,#11804,#8849,#8850);
#7455=AXIS2_PLACEMENT_3D($,#11807,#8851,#8852);
#7456=AXIS2_PLACEMENT_3D($,#11812,#8853,#8854);
#7457=AXIS2_PLACEMENT_3D($,#11815,#8855,#8856);
#7458=AXIS2_PLACEMENT_3D($,#11820,#8857,#8858);
#7459=AXIS2_PLACEMENT_3D($,#11823,#8859,#8860);
#7460=AXIS2_PLACEMENT_3D($,#11828,#8861,#8862);
#7461=AXIS2_PLACEMENT_3D($,#11831,#8863,#8864);
#7462=AXIS2_PLACEMENT_3D($,#11836,#8865,#8866);
#7463=AXIS2_PLACEMENT_3D($,#11839,#8867,#8868);
#7464=AXIS2_PLACEMENT_3D($,#11844,#8869,#8870);
#7465=AXIS2_PLACEMENT_3D($,#11847,#8871,#8872);
#7466=AXIS2_PLACEMENT_3D($,#11852,#8873,#8874);
#7467=AXIS2_PLACEMENT_3D($,#11855,#8875,#8876);
#7468=AXIS2_PLACEMENT_3D($,#11860,#8877,#8878);
#7469=AXIS2_PLACEMENT_3D($,#11863,#8879,#8880);
#7470=AXIS2_PLACEMENT_3D($,#11868,#8881,#8882);
#7471=AXIS2_PLACEMENT_3D($,#11871,#8883,#8884);
#7472=AXIS2_PLACEMENT_3D($,#11876,#8885,#8886);
#7473=AXIS2_PLACEMENT_3D($,#11879,#8887,#8888);
#7474=AXIS2_PLACEMENT_3D($,#11884,#8889,#8890);
#7475=AXIS2_PLACEMENT_3D($,#11887,#8891,#8892);
#7476=AXIS2_PLACEMENT_3D($,#11892,#8893,#8894);
#7477=AXIS2_PLACEMENT_3D($,#11895,#8895,#8896);
#7478=AXIS2_PLACEMENT_3D($,#11900,#8897,#8898);
#7479=AXIS2_PLACEMENT_3D($,#11903,#8899,#8900);
#7480=AXIS2_PLACEMENT_3D($,#11908,#8901,#8902);
#7481=AXIS2_PLACEMENT_3D($,#11911,#8903,#8904);
#7482=AXIS2_PLACEMENT_3D($,#11916,#8905,#8906);
#7483=AXIS2_PLACEMENT_3D($,#11919,#8907,#8908);
#7484=AXIS2_PLACEMENT_3D($,#11924,#8909,#8910);
#7485=AXIS2_PLACEMENT_3D($,#11927,#8911,#8912);
#7486=AXIS2_PLACEMENT_3D($,#11932,#8913,#8914);
#7487=AXIS2_PLACEMENT_3D($,#11935,#8915,#8916);
#7488=AXIS2_PLACEMENT_3D($,#11940,#8917,#8918);
#7489=AXIS2_PLACEMENT_3D($,#11943,#8919,#8920);
#7490=AXIS2_PLACEMENT_3D($,#11948,#8921,#8922);
#7491=AXIS2_PLACEMENT_3D($,#11951,#8923,#8924);
#7492=AXIS2_PLACEMENT_3D($,#11956,#8925,#8926);
#7493=AXIS2_PLACEMENT_3D($,#11959,#8927,#8928);
#7494=AXIS2_PLACEMENT_3D($,#11964,#8929,#8930);
#7495=AXIS2_PLACEMENT_3D($,#11967,#8931,#8932);
#7496=AXIS2_PLACEMENT_3D($,#11972,#8933,#8934);
#7497=AXIS2_PLACEMENT_3D($,#11975,#8935,#8936);
#7498=AXIS2_PLACEMENT_3D($,#11980,#8937,#8938);
#7499=AXIS2_PLACEMENT_3D($,#11983,#8939,#8940);
#7500=AXIS2_PLACEMENT_3D($,#11988,#8941,#8942);
#7501=AXIS2_PLACEMENT_3D($,#11991,#8943,#8944);
#7502=AXIS2_PLACEMENT_3D($,#11996,#8945,#8946);
#7503=AXIS2_PLACEMENT_3D($,#11999,#8947,#8948);
#7504=AXIS2_PLACEMENT_3D($,#12004,#8949,#8950);
#7505=AXIS2_PLACEMENT_3D($,#12007,#8951,#8952);
#7506=AXIS2_PLACEMENT_3D($,#12012,#8953,#8954);
#7507=AXIS2_PLACEMENT_3D($,#12015,#8955,#8956);
#7508=AXIS2_PLACEMENT_3D($,#12020,#8957,#8958);
#7509=AXIS2_PLACEMENT_3D($,#12023,#8959,#8960);
#7510=AXIS2_PLACEMENT_3D($,#12028,#8961,#8962);
#7511=AXIS2_PLACEMENT_3D($,#12031,#8963,#8964);
#7512=AXIS2_PLACEMENT_3D($,#12036,#8965,#8966);
#7513=AXIS2_PLACEMENT_3D($,#12039,#8967,#8968);
#7514=AXIS2_PLACEMENT_3D($,#12044,#8969,#8970);
#7515=AXIS2_PLACEMENT_3D($,#12047,#8971,#8972);
#7516=AXIS2_PLACEMENT_3D($,#12052,#8973,#8974);
#7517=AXIS2_PLACEMENT_3D($,#12055,#8975,#8976);
#7518=AXIS2_PLACEMENT_3D($,#12060,#8977,#8978);
#7519=AXIS2_PLACEMENT_3D($,#12063,#8979,#8980);
#7520=AXIS2_PLACEMENT_3D($,#12068,#8981,#8982);
#7521=AXIS2_PLACEMENT_3D($,#12071,#8983,#8984);
#7522=AXIS2_PLACEMENT_3D($,#12076,#8985,#8986);
#7523=AXIS2_PLACEMENT_3D($,#12079,#8987,#8988);
#7524=AXIS2_PLACEMENT_3D($,#12084,#8989,#8990);
#7525=AXIS2_PLACEMENT_3D($,#12087,#8991,#8992);
#7526=AXIS2_PLACEMENT_3D($,#12092,#8993,#8994);
#7527=AXIS2_PLACEMENT_3D($,#12095,#8995,#8996);
#7528=AXIS2_PLACEMENT_3D($,#12100,#8997,#8998);
#7529=AXIS2_PLACEMENT_3D($,#12103,#8999,#9000);
#7530=AXIS2_PLACEMENT_3D($,#12108,#9001,#9002);
#7531=AXIS2_PLACEMENT_3D($,#12111,#9003,#9004);
#7532=AXIS2_PLACEMENT_3D($,#12116,#9005,#9006);
#7533=AXIS2_PLACEMENT_3D($,#12119,#9007,#9008);
#7534=AXIS2_PLACEMENT_3D($,#12124,#9009,#9010);
#7535=AXIS2_PLACEMENT_3D($,#12127,#9011,#9012);
#7536=AXIS2_PLACEMENT_3D($,#12132,#9013,#9014);
#7537=AXIS2_PLACEMENT_3D($,#12135,#9015,#9016);
#7538=AXIS2_PLACEMENT_3D($,#12140,#9017,#9018);
#7539=AXIS2_PLACEMENT_3D($,#12143,#9019,#9020);
#7540=AXIS2_PLACEMENT_3D($,#12148,#9021,#9022);
#7541=AXIS2_PLACEMENT_3D($,#12151,#9023,#9024);
#7542=AXIS2_PLACEMENT_3D($,#12156,#9025,#9026);
#7543=AXIS2_PLACEMENT_3D($,#12159,#9027,#9028);
#7544=AXIS2_PLACEMENT_3D($,#12164,#9029,#9030);
#7545=AXIS2_PLACEMENT_3D($,#12167,#9031,#9032);
#7546=AXIS2_PLACEMENT_3D($,#12172,#9033,#9034);
#7547=AXIS2_PLACEMENT_3D($,#12175,#9035,#9036);
#7548=AXIS2_PLACEMENT_3D($,#12180,#9037,#9038);
#7549=AXIS2_PLACEMENT_3D($,#12183,#9039,#9040);
#7550=AXIS2_PLACEMENT_3D($,#12188,#9041,#9042);
#7551=AXIS2_PLACEMENT_3D($,#12191,#9043,#9044);
#7552=AXIS2_PLACEMENT_3D($,#12196,#9045,#9046);
#7553=AXIS2_PLACEMENT_3D($,#12199,#9047,#9048);
#7554=AXIS2_PLACEMENT_3D($,#12204,#9049,#9050);
#7555=AXIS2_PLACEMENT_3D($,#12207,#9051,#9052);
#7556=AXIS2_PLACEMENT_3D($,#12212,#9053,#9054);
#7557=AXIS2_PLACEMENT_3D($,#12215,#9055,#9056);
#7558=AXIS2_PLACEMENT_3D($,#12220,#9057,#9058);
#7559=AXIS2_PLACEMENT_3D($,#12223,#9059,#9060);
#7560=AXIS2_PLACEMENT_3D($,#12228,#9061,#9062);
#7561=AXIS2_PLACEMENT_3D($,#12231,#9063,#9064);
#7562=AXIS2_PLACEMENT_3D($,#12236,#9065,#9066);
#7563=AXIS2_PLACEMENT_3D($,#12239,#9067,#9068);
#7564=AXIS2_PLACEMENT_3D($,#12244,#9069,#9070);
#7565=AXIS2_PLACEMENT_3D($,#12247,#9071,#9072);
#7566=AXIS2_PLACEMENT_3D($,#12252,#9073,#9074);
#7567=AXIS2_PLACEMENT_3D($,#12255,#9075,#9076);
#7568=AXIS2_PLACEMENT_3D($,#12260,#9077,#9078);
#7569=AXIS2_PLACEMENT_3D($,#12263,#9079,#9080);
#7570=AXIS2_PLACEMENT_3D($,#12268,#9081,#9082);
#7571=AXIS2_PLACEMENT_3D($,#12271,#9083,#9084);
#7572=AXIS2_PLACEMENT_3D($,#12276,#9085,#9086);
#7573=AXIS2_PLACEMENT_3D($,#12279,#9087,#9088);
#7574=AXIS2_PLACEMENT_3D($,#12284,#9089,#9090);
#7575=AXIS2_PLACEMENT_3D($,#12287,#9091,#9092);
#7576=AXIS2_PLACEMENT_3D($,#12292,#9093,#9094);
#7577=AXIS2_PLACEMENT_3D($,#12295,#9095,#9096);
#7578=AXIS2_PLACEMENT_3D($,#12300,#9097,#9098);
#7579=AXIS2_PLACEMENT_3D($,#12303,#9099,#9100);
#7580=AXIS2_PLACEMENT_3D($,#12308,#9101,#9102);
#7581=AXIS2_PLACEMENT_3D($,#12311,#9103,#9104);
#7582=AXIS2_PLACEMENT_3D($,#12316,#9105,#9106);
#7583=AXIS2_PLACEMENT_3D($,#12319,#9107,#9108);
#7584=AXIS2_PLACEMENT_3D($,#12324,#9109,#9110);
#7585=AXIS2_PLACEMENT_3D($,#12327,#9111,#9112);
#7586=AXIS2_PLACEMENT_3D($,#12332,#9113,#9114);
#7587=AXIS2_PLACEMENT_3D($,#12335,#9115,#9116);
#7588=AXIS2_PLACEMENT_3D($,#12340,#9117,#9118);
#7589=AXIS2_PLACEMENT_3D($,#12343,#9119,#9120);
#7590=AXIS2_PLACEMENT_3D($,#12348,#9121,#9122);
#7591=AXIS2_PLACEMENT_3D($,#12351,#9123,#9124);
#7592=AXIS2_PLACEMENT_3D($,#12356,#9125,#9126);
#7593=AXIS2_PLACEMENT_3D($,#12359,#9127,#9128);
#7594=AXIS2_PLACEMENT_3D($,#12364,#9129,#9130);
#7595=AXIS2_PLACEMENT_3D($,#12367,#9131,#9132);
#7596=AXIS2_PLACEMENT_3D($,#12372,#9133,#9134);
#7597=AXIS2_PLACEMENT_3D($,#12375,#9135,#9136);
#7598=AXIS2_PLACEMENT_3D($,#12380,#9137,#9138);
#7599=AXIS2_PLACEMENT_3D($,#12383,#9139,#9140);
#7600=AXIS2_PLACEMENT_3D($,#12388,#9141,#9142);
#7601=AXIS2_PLACEMENT_3D($,#12391,#9143,#9144);
#7602=AXIS2_PLACEMENT_3D($,#12396,#9145,#9146);
#7603=AXIS2_PLACEMENT_3D($,#12399,#9147,#9148);
#7604=AXIS2_PLACEMENT_3D($,#12404,#9149,#9150);
#7605=AXIS2_PLACEMENT_3D($,#12407,#9151,#9152);
#7606=AXIS2_PLACEMENT_3D($,#12412,#9153,#9154);
#7607=AXIS2_PLACEMENT_3D($,#12415,#9155,#9156);
#7608=AXIS2_PLACEMENT_3D($,#12418,#9157,#9158);
#7609=DIRECTION('',(0.,0.,1.));
#7610=DIRECTION('',(1.,0.,0.));
#7611=DIRECTION('',(0.,0.,1.));
#7612=DIRECTION('',(0.,0.,1.));
#7613=DIRECTION('',(0.,0.,1.));
#7614=DIRECTION('',(0.,0.,1.));
#7615=DIRECTION('',(0.,0.,1.));
#7616=DIRECTION('',(0.,0.,1.));
#7617=DIRECTION('',(0.,0.,1.));
#7618=DIRECTION('',(0.,0.,1.));
#7619=DIRECTION('',(0.,0.,1.));
#7620=DIRECTION('',(0.,0.,1.));
#7621=DIRECTION('',(0.,0.,1.));
#7622=DIRECTION('',(0.,0.,1.));
#7623=DIRECTION('',(0.,0.,1.));
#7624=DIRECTION('',(0.,0.,1.));
#7625=DIRECTION('',(0.,0.,1.));
#7626=DIRECTION('',(0.,0.,1.));
#7627=DIRECTION('',(0.,0.,1.));
#7628=DIRECTION('',(0.,0.,1.));
#7629=DIRECTION('',(0.,0.,1.));
#7630=DIRECTION('',(0.,0.,1.));
#7631=DIRECTION('',(0.,0.,1.));
#7632=DIRECTION('',(0.,0.,1.));
#7633=DIRECTION('',(0.,0.,1.));
#7634=DIRECTION('',(0.,0.,1.));
#7635=DIRECTION('',(0.,0.,1.));
#7636=DIRECTION('',(0.,0.,1.));
#7637=DIRECTION('',(0.,0.,1.));
#7638=DIRECTION('',(0.,0.,1.));
#7639=DIRECTION('',(0.,0.,1.));
#7640=DIRECTION('',(0.,0.,1.));
#7641=DIRECTION('',(0.,0.,1.));
#7642=DIRECTION('',(0.,0.,1.));
#7643=DIRECTION('',(0.,0.,1.));
#7644=DIRECTION('',(0.,0.,1.));
#7645=DIRECTION('',(0.,0.,1.));
#7646=DIRECTION('',(0.,0.,1.));
#7647=DIRECTION('',(0.,0.,1.));
#7648=DIRECTION('',(0.,0.,1.));
#7649=DIRECTION('',(0.,0.,1.));
#7650=DIRECTION('',(0.,0.,1.));
#7651=DIRECTION('',(0.,0.,1.));
#7652=DIRECTION('',(0.,0.,1.));
#7653=DIRECTION('',(0.,0.,1.));
#7654=DIRECTION('',(0.,0.,1.));
#7655=DIRECTION('',(0.,0.,1.));
#7656=DIRECTION('',(0.,0.,1.));
#7657=DIRECTION('',(0.,0.,1.));
#7658=DIRECTION('',(0.,0.,1.));
#7659=DIRECTION('',(0.,0.,1.));
#7660=DIRECTION('',(0.,0.,1.));
#7661=DIRECTION('',(0.,0.,1.));
#7662=DIRECTION('',(0.,0.,1.));
#7663=DIRECTION('',(0.,0.,1.));
#7664=DIRECTION('',(0.,0.,1.));
#7665=DIRECTION('',(0.,0.,1.));
#7666=DIRECTION('',(0.,0.,1.));
#7667=DIRECTION('',(0.,0.,1.));
#7668=DIRECTION('',(0.,0.,1.));
#7669=DIRECTION('',(0.,0.,1.));
#7670=DIRECTION('',(0.,0.,1.));
#7671=DIRECTION('',(0.,0.,1.));
#7672=DIRECTION('',(0.,0.,1.));
#7673=DIRECTION('',(0.,0.,1.));
#7674=DIRECTION('',(0.,0.,1.));
#7675=DIRECTION('',(0.,0.,1.));
#7676=DIRECTION('',(0.,0.,1.));
#7677=DIRECTION('',(0.,0.,1.));
#7678=DIRECTION('',(0.,0.,1.));
#7679=DIRECTION('',(0.,0.,1.));
#7680=DIRECTION('',(0.,0.,1.));
#7681=DIRECTION('',(0.,0.,1.));
#7682=DIRECTION('',(0.,0.,1.));
#7683=DIRECTION('',(0.,0.,1.));
#7684=DIRECTION('',(0.,0.,1.));
#7685=DIRECTION('',(0.,0.,1.));
#7686=DIRECTION('',(0.,0.,1.));
#7687=DIRECTION('',(0.,0.,1.));
#7688=DIRECTION('',(0.,0.,1.));
#7689=DIRECTION('',(0.,0.,1.));
#7690=DIRECTION('',(0.,0.,1.));
#7691=DIRECTION('',(0.,0.,1.));
#7692=DIRECTION('',(0.,0.,1.));
#7693=DIRECTION('',(0.,0.,1.));
#7694=DIRECTION('',(0.,0.,1.));
#7695=DIRECTION('',(0.,0.,1.));
#7696=DIRECTION('',(0.,0.,1.));
#7697=DIRECTION('',(0.,0.,1.));
#7698=DIRECTION('',(0.,0.,1.));
#7699=DIRECTION('',(0.,0.,1.));
#7700=DIRECTION('',(0.,0.,1.));
#7701=DIRECTION('',(0.,0.,1.));
#7702=DIRECTION('',(0.,0.,1.));
#7703=DIRECTION('',(0.,0.,1.));
#7704=DIRECTION('',(0.,0.,1.));
#7705=DIRECTION('',(0.,0.,1.));
#7706=DIRECTION('',(0.,0.,1.));
#7707=DIRECTION('',(0.,0.,1.));
#7708=DIRECTION('',(0.,0.,1.));
#7709=DIRECTION('',(0.,0.,1.));
#7710=DIRECTION('',(0.,0.,1.));
#7711=DIRECTION('',(0.,0.,1.));
#7712=DIRECTION('',(0.,0.,1.));
#7713=DIRECTION('',(0.,0.,1.));
#7714=DIRECTION('',(0.,0.,1.));
#7715=DIRECTION('',(0.,0.,1.));
#7716=DIRECTION('',(0.,0.,1.));
#7717=DIRECTION('',(0.,0.,1.));
#7718=DIRECTION('',(0.,0.,1.));
#7719=DIRECTION('',(0.,0.,1.));
#7720=DIRECTION('',(0.,0.,1.));
#7721=DIRECTION('',(0.,0.,1.));
#7722=DIRECTION('',(0.,0.,1.));
#7723=DIRECTION('',(0.,0.,1.));
#7724=DIRECTION('',(0.,0.,1.));
#7725=DIRECTION('',(0.,0.,1.));
#7726=DIRECTION('',(0.,0.,1.));
#7727=DIRECTION('',(0.,0.,1.));
#7728=DIRECTION('',(0.,0.,1.));
#7729=DIRECTION('',(0.,0.,1.));
#7730=DIRECTION('',(0.,0.,1.));
#7731=DIRECTION('',(0.,0.,1.));
#7732=DIRECTION('',(0.,0.,1.));
#7733=DIRECTION('',(0.,0.,1.));
#7734=DIRECTION('',(0.,0.,1.));
#7735=DIRECTION('',(0.,0.,1.));
#7736=DIRECTION('',(0.,0.,1.));
#7737=DIRECTION('',(0.,0.,1.));
#7738=DIRECTION('',(0.,0.,1.));
#7739=DIRECTION('',(0.,0.,1.));
#7740=DIRECTION('',(0.,0.,1.));
#7741=DIRECTION('',(0.,0.,1.));
#7742=DIRECTION('',(0.,0.,1.));
#7743=DIRECTION('',(0.,0.,1.));
#7744=DIRECTION('',(0.,0.,1.));
#7745=DIRECTION('',(0.,0.,1.));
#7746=DIRECTION('',(0.,0.,1.));
#7747=DIRECTION('',(0.,0.,1.));
#7748=DIRECTION('',(0.,0.,1.));
#7749=DIRECTION('',(0.,0.,1.));
#7750=DIRECTION('',(0.,0.,1.));
#7751=DIRECTION('',(0.,0.,1.));
#7752=DIRECTION('',(0.,0.,1.));
#7753=DIRECTION('',(0.,0.,1.));
#7754=DIRECTION('',(0.,0.,1.));
#7755=DIRECTION('',(0.,0.,1.));
#7756=DIRECTION('',(0.,0.,1.));
#7757=DIRECTION('',(0.,0.,1.));
#7758=DIRECTION('',(0.,0.,1.));
#7759=DIRECTION('',(0.,0.,1.));
#7760=DIRECTION('',(0.,0.,1.));
#7761=DIRECTION('',(0.,0.,1.));
#7762=DIRECTION('',(0.,0.,1.));
#7763=DIRECTION('',(0.,0.,1.));
#7764=DIRECTION('',(0.,0.,1.));
#7765=DIRECTION('',(0.,0.,1.));
#7766=DIRECTION('',(0.,0.,1.));
#7767=DIRECTION('',(0.,0.,1.));
#7768=DIRECTION('',(0.,0.,1.));
#7769=DIRECTION('',(0.,0.,1.));
#7770=DIRECTION('',(0.,0.,1.));
#7771=DIRECTION('',(0.,0.,1.));
#7772=DIRECTION('',(0.,0.,1.));
#7773=DIRECTION('',(0.,0.,1.));
#7774=DIRECTION('',(0.,0.,1.));
#7775=DIRECTION('',(0.,0.,1.));
#7776=DIRECTION('',(0.,0.,1.));
#7777=DIRECTION('',(0.,0.,1.));
#7778=DIRECTION('',(0.,0.,1.));
#7779=DIRECTION('',(0.,0.,1.));
#7780=DIRECTION('',(0.,0.,1.));
#7781=DIRECTION('',(0.,0.,1.));
#7782=DIRECTION('',(0.,0.,1.));
#7783=DIRECTION('',(0.,0.,1.));
#7784=DIRECTION('',(0.,0.,1.));
#7785=DIRECTION('',(0.,0.,1.));
#7786=DIRECTION('',(0.,0.,1.));
#7787=DIRECTION('',(0.,0.,1.));
#7788=DIRECTION('',(0.,0.,1.));
#7789=DIRECTION('',(0.,0.,1.));
#7790=DIRECTION('',(0.,0.,1.));
#7791=DIRECTION('',(0.,0.,1.));
#7792=DIRECTION('',(0.,0.,1.));
#7793=DIRECTION('',(0.,0.,1.));
#7794=DIRECTION('',(0.,0.,1.));
#7795=DIRECTION('',(0.,0.,1.));
#7796=DIRECTION('',(0.,0.,1.));
#7797=DIRECTION('',(0.,0.,1.));
#7798=DIRECTION('',(0.,0.,1.));
#7799=DIRECTION('',(0.,0.,1.));
#7800=DIRECTION('',(0.,0.,1.));
#7801=DIRECTION('',(0.,0.,1.));
#7802=DIRECTION('',(0.,0.,1.));
#7803=DIRECTION('',(0.,0.,1.));
#7804=DIRECTION('',(0.,0.,1.));
#7805=DIRECTION('',(0.,0.,1.));
#7806=DIRECTION('',(0.,0.,1.));
#7807=DIRECTION('',(0.,0.,1.));
#7808=DIRECTION('',(0.,0.,1.));
#7809=DIRECTION('',(0.,0.,1.));
#7810=DIRECTION('',(0.,0.,1.));
#7811=DIRECTION('',(0.,0.,1.));
#7812=DIRECTION('',(0.,0.,1.));
#7813=DIRECTION('',(0.,0.,1.));
#7814=DIRECTION('',(0.,0.,1.));
#7815=DIRECTION('',(0.,0.,1.));
#7816=DIRECTION('',(0.,0.,1.));
#7817=DIRECTION('',(0.,0.,1.));
#7818=DIRECTION('',(0.,0.,1.));
#7819=DIRECTION('',(0.,0.,1.));
#7820=DIRECTION('',(0.,0.,1.));
#7821=DIRECTION('',(0.,0.,1.));
#7822=DIRECTION('',(0.,0.,1.));
#7823=DIRECTION('',(0.,0.,1.));
#7824=DIRECTION('',(0.,0.,1.));
#7825=DIRECTION('',(0.,0.,1.));
#7826=DIRECTION('',(0.,0.,1.));
#7827=DIRECTION('',(0.,0.,1.));
#7828=DIRECTION('',(0.,0.,1.));
#7829=DIRECTION('',(0.,0.,1.));
#7830=DIRECTION('',(0.,0.,1.));
#7831=DIRECTION('',(0.,0.,1.));
#7832=DIRECTION('',(0.,0.,1.));
#7833=DIRECTION('',(0.,0.,1.));
#7834=DIRECTION('',(0.,0.,1.));
#7835=DIRECTION('',(0.,0.,1.));
#7836=DIRECTION('',(0.,0.,1.));
#7837=DIRECTION('',(0.,0.,1.));
#7838=DIRECTION('',(0.,0.,1.));
#7839=DIRECTION('',(0.,0.,1.));
#7840=DIRECTION('',(0.,0.,1.));
#7841=DIRECTION('',(0.,0.,1.));
#7842=DIRECTION('',(0.,0.,1.));
#7843=DIRECTION('',(0.,0.,1.));
#7844=DIRECTION('',(0.,0.,1.));
#7845=DIRECTION('',(0.,0.,1.));
#7846=DIRECTION('',(0.,0.,1.));
#7847=DIRECTION('',(0.,0.,1.));
#7848=DIRECTION('',(0.,0.,1.));
#7849=DIRECTION('',(0.,0.,1.));
#7850=DIRECTION('',(0.,0.,1.));
#7851=DIRECTION('',(0.,0.,1.));
#7852=DIRECTION('',(0.,0.,1.));
#7853=DIRECTION('',(0.,0.,1.));
#7854=DIRECTION('',(0.,0.,1.));
#7855=DIRECTION('',(0.,0.,1.));
#7856=DIRECTION('',(0.,0.,1.));
#7857=DIRECTION('',(0.,0.,1.));
#7858=DIRECTION('',(0.,0.,1.));
#7859=DIRECTION('',(0.,0.,1.));
#7860=DIRECTION('',(0.,0.,1.));
#7861=DIRECTION('',(0.,0.,1.));
#7862=DIRECTION('',(0.,0.,1.));
#7863=DIRECTION('',(0.,0.,1.));
#7864=DIRECTION('',(0.,0.,1.));
#7865=DIRECTION('',(0.,0.,1.));
#7866=DIRECTION('',(0.,0.,1.));
#7867=DIRECTION('',(0.,0.,1.));
#7868=DIRECTION('',(0.,0.,1.));
#7869=DIRECTION('',(0.,0.,1.));
#7870=DIRECTION('',(0.,0.,1.));
#7871=DIRECTION('',(0.,0.,1.));
#7872=DIRECTION('',(0.,0.,1.));
#7873=DIRECTION('',(0.,0.,1.));
#7874=DIRECTION('',(0.,0.,1.));
#7875=DIRECTION('',(0.,0.,1.));
#7876=DIRECTION('',(0.,0.,1.));
#7877=DIRECTION('',(0.,0.,1.));
#7878=DIRECTION('',(0.,0.,1.));
#7879=DIRECTION('',(0.,0.,1.));
#7880=DIRECTION('',(0.,0.,1.));
#7881=DIRECTION('',(0.,0.,1.));
#7882=DIRECTION('',(0.,0.,1.));
#7883=DIRECTION('',(0.,0.,1.));
#7884=DIRECTION('',(0.,0.,1.));
#7885=DIRECTION('',(0.,0.,1.));
#7886=DIRECTION('',(0.,0.,1.));
#7887=DIRECTION('',(0.,0.,1.));
#7888=DIRECTION('',(0.,0.,1.));
#7889=DIRECTION('',(0.,0.,1.));
#7890=DIRECTION('',(0.,0.,1.));
#7891=DIRECTION('',(0.,-1.,0.));
#7892=DIRECTION('',(1.,0.,0.));
#7893=DIRECTION('',(0.,1.,0.));
#7894=DIRECTION('',(-1.,0.,0.));
#7895=DIRECTION('',(0.,0.,-1.));
#7896=DIRECTION('',(0.,0.,1.));
#7897=DIRECTION('',(0.,0.,1.));
#7898=DIRECTION('',(0.,0.,1.));
#7899=DIRECTION('',(0.,0.,1.));
#7900=DIRECTION('',(0.,0.,1.));
#7901=DIRECTION('',(0.,0.,1.));
#7902=DIRECTION('',(0.,0.,1.));
#7903=DIRECTION('',(0.,0.,1.));
#7904=DIRECTION('',(0.,0.,1.));
#7905=DIRECTION('',(0.,0.,1.));
#7906=DIRECTION('',(0.,0.,1.));
#7907=DIRECTION('',(0.,0.,1.));
#7908=DIRECTION('',(0.,0.,1.));
#7909=DIRECTION('',(0.,0.,1.));
#7910=DIRECTION('',(0.,0.,1.));
#7911=DIRECTION('',(0.,0.,1.));
#7912=DIRECTION('',(0.,0.,1.));
#7913=DIRECTION('',(0.,0.,1.));
#7914=DIRECTION('',(0.,0.,1.));
#7915=DIRECTION('',(0.,0.,1.));
#7916=DIRECTION('',(0.,0.,1.));
#7917=DIRECTION('',(0.,0.,1.));
#7918=DIRECTION('',(0.,0.,1.));
#7919=DIRECTION('',(0.,0.,1.));
#7920=DIRECTION('',(0.,0.,1.));
#7921=DIRECTION('',(0.,0.,1.));
#7922=DIRECTION('',(0.,0.,1.));
#7923=DIRECTION('',(0.,0.,1.));
#7924=DIRECTION('',(0.,0.,1.));
#7925=DIRECTION('',(0.,0.,1.));
#7926=DIRECTION('',(0.,0.,1.));
#7927=DIRECTION('',(0.,0.,1.));
#7928=DIRECTION('',(0.,0.,1.));
#7929=DIRECTION('',(0.,0.,1.));
#7930=DIRECTION('',(0.,0.,1.));
#7931=DIRECTION('',(0.,0.,1.));
#7932=DIRECTION('',(0.,0.,1.));
#7933=DIRECTION('',(0.,0.,1.));
#7934=DIRECTION('',(0.,0.,1.));
#7935=DIRECTION('',(0.,0.,1.));
#7936=DIRECTION('',(0.,0.,1.));
#7937=DIRECTION('',(0.,0.,1.));
#7938=DIRECTION('',(0.,0.,1.));
#7939=DIRECTION('',(0.,0.,1.));
#7940=DIRECTION('',(0.,0.,1.));
#7941=DIRECTION('',(0.,0.,1.));
#7942=DIRECTION('',(0.,0.,1.));
#7943=DIRECTION('',(0.,0.,1.));
#7944=DIRECTION('',(0.,0.,1.));
#7945=DIRECTION('',(0.,0.,1.));
#7946=DIRECTION('',(0.,0.,1.));
#7947=DIRECTION('',(0.,0.,1.));
#7948=DIRECTION('',(0.,0.,1.));
#7949=DIRECTION('',(0.,0.,1.));
#7950=DIRECTION('',(0.,0.,1.));
#7951=DIRECTION('',(0.,0.,1.));
#7952=DIRECTION('',(0.,0.,1.));
#7953=DIRECTION('',(0.,0.,1.));
#7954=DIRECTION('',(0.,0.,1.));
#7955=DIRECTION('',(0.,0.,1.));
#7956=DIRECTION('',(0.,0.,1.));
#7957=DIRECTION('',(0.,0.,1.));
#7958=DIRECTION('',(0.,0.,1.));
#7959=DIRECTION('',(0.,0.,1.));
#7960=DIRECTION('',(0.,0.,1.));
#7961=DIRECTION('',(0.,0.,1.));
#7962=DIRECTION('',(0.,0.,1.));
#7963=DIRECTION('',(0.,0.,1.));
#7964=DIRECTION('',(0.,0.,1.));
#7965=DIRECTION('',(0.,0.,1.));
#7966=DIRECTION('',(0.,0.,1.));
#7967=DIRECTION('',(0.,0.,1.));
#7968=DIRECTION('',(0.,0.,1.));
#7969=DIRECTION('',(0.,0.,1.));
#7970=DIRECTION('',(0.,0.,1.));
#7971=DIRECTION('',(0.,0.,1.));
#7972=DIRECTION('',(0.,0.,1.));
#7973=DIRECTION('',(0.,0.,1.));
#7974=DIRECTION('',(0.,0.,1.));
#7975=DIRECTION('',(0.,0.,1.));
#7976=DIRECTION('',(0.,0.,1.));
#7977=DIRECTION('',(0.,0.,1.));
#7978=DIRECTION('',(0.,0.,1.));
#7979=DIRECTION('',(0.,0.,1.));
#7980=DIRECTION('',(0.,0.,1.));
#7981=DIRECTION('',(0.,0.,1.));
#7982=DIRECTION('',(0.,0.,1.));
#7983=DIRECTION('',(0.,0.,1.));
#7984=DIRECTION('',(0.,0.,1.));
#7985=DIRECTION('',(0.,0.,1.));
#7986=DIRECTION('',(0.,0.,1.));
#7987=DIRECTION('',(0.,0.,1.));
#7988=DIRECTION('',(0.,0.,1.));
#7989=DIRECTION('',(0.,0.,1.));
#7990=DIRECTION('',(0.,0.,1.));
#7991=DIRECTION('',(0.,0.,1.));
#7992=DIRECTION('',(0.,0.,1.));
#7993=DIRECTION('',(0.,0.,1.));
#7994=DIRECTION('',(0.,0.,1.));
#7995=DIRECTION('',(0.,0.,1.));
#7996=DIRECTION('',(0.,0.,1.));
#7997=DIRECTION('',(0.,0.,1.));
#7998=DIRECTION('',(0.,0.,1.));
#7999=DIRECTION('',(0.,0.,1.));
#8000=DIRECTION('',(0.,0.,1.));
#8001=DIRECTION('',(0.,0.,1.));
#8002=DIRECTION('',(0.,0.,1.));
#8003=DIRECTION('',(0.,0.,1.));
#8004=DIRECTION('',(0.,0.,1.));
#8005=DIRECTION('',(0.,0.,1.));
#8006=DIRECTION('',(0.,0.,1.));
#8007=DIRECTION('',(0.,0.,1.));
#8008=DIRECTION('',(0.,0.,1.));
#8009=DIRECTION('',(0.,0.,1.));
#8010=DIRECTION('',(0.,0.,1.));
#8011=DIRECTION('',(0.,0.,1.));
#8012=DIRECTION('',(0.,0.,1.));
#8013=DIRECTION('',(0.,0.,1.));
#8014=DIRECTION('',(0.,0.,1.));
#8015=DIRECTION('',(0.,0.,1.));
#8016=DIRECTION('',(0.,0.,1.));
#8017=DIRECTION('',(0.,0.,1.));
#8018=DIRECTION('',(0.,0.,1.));
#8019=DIRECTION('',(0.,0.,1.));
#8020=DIRECTION('',(0.,0.,1.));
#8021=DIRECTION('',(0.,0.,1.));
#8022=DIRECTION('',(0.,0.,1.));
#8023=DIRECTION('',(0.,0.,1.));
#8024=DIRECTION('',(0.,0.,1.));
#8025=DIRECTION('',(0.,0.,1.));
#8026=DIRECTION('',(0.,0.,1.));
#8027=DIRECTION('',(0.,0.,1.));
#8028=DIRECTION('',(0.,0.,1.));
#8029=DIRECTION('',(0.,0.,1.));
#8030=DIRECTION('',(0.,0.,1.));
#8031=DIRECTION('',(0.,0.,1.));
#8032=DIRECTION('',(0.,0.,1.));
#8033=DIRECTION('',(0.,0.,1.));
#8034=DIRECTION('',(0.,0.,1.));
#8035=DIRECTION('',(0.,0.,1.));
#8036=DIRECTION('',(0.,0.,1.));
#8037=DIRECTION('',(0.,0.,1.));
#8038=DIRECTION('',(-1.,8.39732324080118E-15,0.));
#8039=DIRECTION('',(0.,0.,1.));
#8040=DIRECTION('',(-1.,0.,0.));
#8041=DIRECTION('',(0.,0.,1.));
#8042=DIRECTION('',(-1.,0.,0.));
#8043=DIRECTION('',(0.,0.,1.));
#8044=DIRECTION('',(-1.,1.25959848612018E-14,0.));
#8045=DIRECTION('',(0.,0.,1.));
#8046=DIRECTION('',(-1.,0.,0.));
#8047=DIRECTION('',(0.,0.,1.));
#8048=DIRECTION('',(-1.,8.39732324080118E-15,0.));
#8049=DIRECTION('',(0.,0.,1.));
#8050=DIRECTION('',(-1.,0.,0.));
#8051=DIRECTION('',(0.,0.,1.));
#8052=DIRECTION('',(0.,1.,0.));
#8053=DIRECTION('',(0.,0.,1.));
#8054=DIRECTION('',(8.39732324080125E-15,1.,0.));
#8055=DIRECTION('',(0.,0.,1.));
#8056=DIRECTION('',(-8.39732324080118E-15,1.,0.));
#8057=DIRECTION('',(0.,0.,1.));
#8058=DIRECTION('',(0.,1.,0.));
#8059=DIRECTION('',(0.,0.,1.));
#8060=DIRECTION('',(8.39732324080118E-15,1.,0.));
#8061=DIRECTION('',(0.,0.,1.));
#8062=DIRECTION('',(0.,1.,0.));
#8063=DIRECTION('',(0.,0.,1.));
#8064=DIRECTION('',(8.39732324080118E-15,1.,0.));
#8065=DIRECTION('',(0.,0.,1.));
#8066=DIRECTION('',(-8.39732324080118E-15,1.,0.));
#8067=DIRECTION('',(0.,0.,1.));
#8068=DIRECTION('',(0.,1.,0.));
#8069=DIRECTION('',(0.,0.,1.));
#8070=DIRECTION('',(0.,1.,0.));
#8071=DIRECTION('',(0.,0.,1.));
#8072=DIRECTION('',(-8.39732324080114E-15,1.,0.));
#8073=DIRECTION('',(0.,0.,1.));
#8074=DIRECTION('',(0.,1.,0.));
#8075=DIRECTION('',(0.,0.,1.));
#8076=DIRECTION('',(8.39732324080118E-15,1.,0.));
#8077=DIRECTION('',(0.,0.,1.));
#8078=DIRECTION('',(0.,1.,0.));
#8079=DIRECTION('',(0.,0.,1.));
#8080=DIRECTION('',(8.39732324080118E-15,1.,0.));
#8081=DIRECTION('',(0.,0.,1.));
#8082=DIRECTION('',(-8.39732324080114E-15,1.,0.));
#8083=DIRECTION('',(0.,0.,1.));
#8084=DIRECTION('',(0.,1.,0.));
#8085=DIRECTION('',(0.,0.,1.));
#8086=DIRECTION('',(0.,1.,0.));
#8087=DIRECTION('',(0.,0.,1.));
#8088=DIRECTION('',(-8.39732324080118E-15,1.,0.));
#8089=DIRECTION('',(0.,0.,1.));
#8090=DIRECTION('',(0.,1.,0.));
#8091=DIRECTION('',(0.,0.,1.));
#8092=DIRECTION('',(0.,1.,0.));
#8093=DIRECTION('',(0.,0.,1.));
#8094=DIRECTION('',(1.67946464816023E-14,1.,0.));
#8095=DIRECTION('',(0.,0.,1.));
#8096=DIRECTION('',(-8.39732324080118E-15,1.,0.));
#8097=DIRECTION('',(0.,0.,1.));
#8098=DIRECTION('',(0.,1.,0.));
#8099=DIRECTION('',(0.,0.,1.));
#8100=DIRECTION('',(-8.39732324080118E-15,1.,0.));
#8101=DIRECTION('',(0.,0.,1.));
#8102=DIRECTION('',(0.,1.,0.));
#8103=DIRECTION('',(0.,0.,1.));
#8104=DIRECTION('',(0.,1.,0.));
#8105=DIRECTION('',(0.,0.,1.));
#8106=DIRECTION('',(0.,1.,0.));
#8107=DIRECTION('',(0.,0.,1.));
#8108=DIRECTION('',(0.,1.,0.));
#8109=DIRECTION('',(0.,0.,1.));
#8110=DIRECTION('',(0.,1.,0.));
#8111=DIRECTION('',(0.,0.,1.));
#8112=DIRECTION('',(-8.39732324080114E-15,1.,0.));
#8113=DIRECTION('',(0.,0.,1.));
#8114=DIRECTION('',(-8.39732324080114E-15,1.,0.));
#8115=DIRECTION('',(0.,0.,1.));
#8116=DIRECTION('',(-1.67946464816022E-14,1.,0.));
#8117=DIRECTION('',(0.,0.,1.));
#8118=DIRECTION('',(-8.39732324080118E-15,1.,0.));
#8119=DIRECTION('',(0.,0.,1.));
#8120=DIRECTION('',(0.,1.,0.));
#8121=DIRECTION('',(0.,0.,1.));
#8122=DIRECTION('',(0.,1.,0.));
#8123=DIRECTION('',(0.,0.,1.));
#8124=DIRECTION('',(-8.39732324080118E-15,1.,0.));
#8125=DIRECTION('',(0.,0.,1.));
#8126=DIRECTION('',(8.39732324080118E-15,1.,0.));
#8127=DIRECTION('',(0.,0.,1.));
#8128=DIRECTION('',(-8.39732324080111E-15,1.,0.));
#8129=DIRECTION('',(0.,0.,1.));
#8130=DIRECTION('',(-8.39732324080118E-15,1.,0.));
#8131=DIRECTION('',(0.,0.,1.));
#8132=DIRECTION('',(-1.67946464816022E-14,1.,0.));
#8133=DIRECTION('',(0.,0.,1.));
#8134=DIRECTION('',(-8.39732324080118E-15,1.,0.));
#8135=DIRECTION('',(0.,0.,1.));
#8136=DIRECTION('',(0.,1.,0.));
#8137=DIRECTION('',(0.,0.,1.));
#8138=DIRECTION('',(1.67946464816024E-14,1.,0.));
#8139=DIRECTION('',(0.,0.,1.));
#8140=DIRECTION('',(-8.39732324080118E-15,1.,0.));
#8141=DIRECTION('',(0.,0.,1.));
#8142=DIRECTION('',(1.67946464816024E-14,1.,0.));
#8143=DIRECTION('',(0.,0.,1.));
#8144=DIRECTION('',(-8.39732324080118E-15,1.,0.));
#8145=DIRECTION('',(0.,0.,1.));
#8146=DIRECTION('',(0.,1.,0.));
#8147=DIRECTION('',(0.,0.,1.));
#8148=DIRECTION('',(-8.39732324080118E-15,1.,0.));
#8149=DIRECTION('',(0.,0.,1.));
#8150=DIRECTION('',(-8.39732324080118E-15,1.,0.));
#8151=DIRECTION('',(0.,0.,1.));
#8152=DIRECTION('',(-8.39732324080114E-15,1.,0.));
#8153=DIRECTION('',(0.,0.,1.));
#8154=DIRECTION('',(8.39732324080121E-15,1.,0.));
#8155=DIRECTION('',(0.,0.,1.));
#8156=DIRECTION('',(-8.39732324080118E-15,1.,0.));
#8157=DIRECTION('',(0.,0.,1.));
#8158=DIRECTION('',(8.39732324080118E-15,1.,0.));
#8159=DIRECTION('',(0.,0.,1.));
#8160=DIRECTION('',(0.,1.,0.));
#8161=DIRECTION('',(0.,0.,1.));
#8162=DIRECTION('',(-8.39732324080118E-15,1.,0.));
#8163=DIRECTION('',(0.,0.,1.));
#8164=DIRECTION('',(-1.67946464816022E-14,1.,0.));
#8165=DIRECTION('',(0.,0.,1.));
#8166=DIRECTION('',(0.,1.,0.));
#8167=DIRECTION('',(0.,0.,1.));
#8168=DIRECTION('',(0.,1.,0.));
#8169=DIRECTION('',(0.,0.,1.));
#8170=DIRECTION('',(1.67946464816024E-14,1.,0.));
#8171=DIRECTION('',(0.,0.,1.));
#8172=DIRECTION('',(0.,1.,0.));
#8173=DIRECTION('',(0.,0.,1.));
#8174=DIRECTION('',(1.67946464816023E-14,1.,0.));
#8175=DIRECTION('',(0.,0.,1.));
#8176=DIRECTION('',(-8.39732324080111E-15,1.,0.));
#8177=DIRECTION('',(0.,0.,1.));
#8178=DIRECTION('',(-8.39732324080118E-15,1.,0.));
#8179=DIRECTION('',(0.,0.,1.));
#8180=DIRECTION('',(0.,1.,0.));
#8181=DIRECTION('',(0.,0.,1.));
#8182=DIRECTION('',(-8.39732324080118E-15,1.,0.));
#8183=DIRECTION('',(0.,0.,1.));
#8184=DIRECTION('',(8.39732324080113E-15,1.,0.));
#8185=DIRECTION('',(0.,0.,1.));
#8186=DIRECTION('',(0.,1.,0.));
#8187=DIRECTION('',(0.,0.,1.));
#8188=DIRECTION('',(0.,1.,0.));
#8189=DIRECTION('',(0.,0.,1.));
#8190=DIRECTION('',(-1.67946464816022E-14,1.,0.));
#8191=DIRECTION('',(0.,0.,1.));
#8192=DIRECTION('',(-8.39732324080118E-15,1.,0.));
#8193=DIRECTION('',(0.,0.,1.));
#8194=DIRECTION('',(-8.39732324080118E-15,1.,0.));
#8195=DIRECTION('',(0.,0.,1.));
#8196=DIRECTION('',(1.67946464816024E-14,1.,0.));
#8197=DIRECTION('',(0.,0.,1.));
#8198=DIRECTION('',(-8.39732324080118E-15,1.,0.));
#8199=DIRECTION('',(0.,0.,1.));
#8200=DIRECTION('',(1.67946464816023E-14,1.,0.));
#8201=DIRECTION('',(0.,0.,1.));
#8202=DIRECTION('',(0.,1.,0.));
#8203=DIRECTION('',(0.,0.,1.));
#8204=DIRECTION('',(-8.39732324080118E-15,1.,0.));
#8205=DIRECTION('',(0.,0.,1.));
#8206=DIRECTION('',(0.,1.,0.));
#8207=DIRECTION('',(0.,0.,1.));
#8208=DIRECTION('',(0.,1.,0.));
#8209=DIRECTION('',(0.,0.,1.));
#8210=DIRECTION('',(-8.39732324080118E-15,1.,0.));
#8211=DIRECTION('',(0.,0.,1.));
#8212=DIRECTION('',(0.,1.,0.));
#8213=DIRECTION('',(0.,0.,1.));
#8214=DIRECTION('',(-8.39732324080118E-15,1.,0.));
#8215=DIRECTION('',(0.,0.,1.));
#8216=DIRECTION('',(8.3973232408012E-15,1.,0.));
#8217=DIRECTION('',(0.,0.,1.));
#8218=DIRECTION('',(0.,1.,0.));
#8219=DIRECTION('',(0.,0.,1.));
#8220=DIRECTION('',(-8.39732324080118E-15,1.,0.));
#8221=DIRECTION('',(0.,0.,1.));
#8222=DIRECTION('',(0.,1.,0.));
#8223=DIRECTION('',(0.,0.,1.));
#8224=DIRECTION('',(0.,1.,0.));
#8225=DIRECTION('',(0.,0.,1.));
#8226=DIRECTION('',(0.,1.,0.));
#8227=DIRECTION('',(0.,0.,1.));
#8228=DIRECTION('',(0.,1.,0.));
#8229=DIRECTION('',(0.,0.,1.));
#8230=DIRECTION('',(-8.39732324080118E-15,1.,0.));
#8231=DIRECTION('',(0.,0.,1.));
#8232=DIRECTION('',(8.3973232408012E-15,1.,0.));
#8233=DIRECTION('',(0.,0.,1.));
#8234=DIRECTION('',(-8.39732324080114E-15,1.,0.));
#8235=DIRECTION('',(0.,0.,1.));
#8236=DIRECTION('',(0.,1.,0.));
#8237=DIRECTION('',(0.,0.,1.));
#8238=DIRECTION('',(0.,1.,0.));
#8239=DIRECTION('',(0.,0.,1.));
#8240=DIRECTION('',(0.,1.,0.));
#8241=DIRECTION('',(0.,0.,1.));
#8242=DIRECTION('',(-8.39732324080118E-15,1.,0.));
#8243=DIRECTION('',(0.,0.,1.));
#8244=DIRECTION('',(1.67946464816024E-14,1.,0.));
#8245=DIRECTION('',(0.,0.,1.));
#8246=DIRECTION('',(-8.39732324080118E-15,1.,0.));
#8247=DIRECTION('',(0.,0.,1.));
#8248=DIRECTION('',(1.67946464816024E-14,1.,0.));
#8249=DIRECTION('',(0.,0.,1.));
#8250=DIRECTION('',(0.,1.,0.));
#8251=DIRECTION('',(0.,0.,1.));
#8252=DIRECTION('',(-8.39732324080118E-15,1.,0.));
#8253=DIRECTION('',(0.,0.,1.));
#8254=DIRECTION('',(0.,1.,0.));
#8255=DIRECTION('',(0.,0.,1.));
#8256=DIRECTION('',(0.,1.,0.));
#8257=DIRECTION('',(0.,0.,1.));
#8258=DIRECTION('',(-8.39732324080118E-15,1.,0.));
#8259=DIRECTION('',(0.,0.,1.));
#8260=DIRECTION('',(8.39732324080121E-15,1.,0.));
#8261=DIRECTION('',(0.,0.,1.));
#8262=DIRECTION('',(-8.39732324080118E-15,1.,0.));
#8263=DIRECTION('',(0.,0.,1.));
#8264=DIRECTION('',(0.,1.,0.));
#8265=DIRECTION('',(0.,0.,1.));
#8266=DIRECTION('',(0.,1.,0.));
#8267=DIRECTION('',(0.,0.,1.));
#8268=DIRECTION('',(-8.39732324080118E-15,1.,0.));
#8269=DIRECTION('',(0.,0.,1.));
#8270=DIRECTION('',(0.,1.,0.));
#8271=DIRECTION('',(0.,0.,1.));
#8272=DIRECTION('',(0.,1.,0.));
#8273=DIRECTION('',(0.,0.,1.));
#8274=DIRECTION('',(-8.39732324080118E-15,1.,0.));
#8275=DIRECTION('',(0.,0.,1.));
#8276=DIRECTION('',(8.39732324080121E-15,1.,0.));
#8277=DIRECTION('',(0.,0.,1.));
#8278=DIRECTION('',(0.,1.,0.));
#8279=DIRECTION('',(0.,0.,1.));
#8280=DIRECTION('',(0.,1.,0.));
#8281=DIRECTION('',(0.,0.,1.));
#8282=DIRECTION('',(-8.39732324080118E-15,1.,0.));
#8283=DIRECTION('',(0.,0.,1.));
#8284=DIRECTION('',(0.,1.,0.));
#8285=DIRECTION('',(0.,0.,1.));
#8286=DIRECTION('',(0.,1.,0.));
#8287=DIRECTION('',(0.,0.,1.));
#8288=DIRECTION('',(0.,1.,0.));
#8289=DIRECTION('',(0.,0.,1.));
#8290=DIRECTION('',(-1.,0.,0.));
#8291=DIRECTION('',(0.,0.,1.));
#8292=DIRECTION('',(-1.,5.24832702550071E-15,0.));
#8293=DIRECTION('',(0.,0.,1.));
#8294=DIRECTION('',(-1.,8.39732324080118E-15,0.));
#8295=DIRECTION('',(0.,0.,1.));
#8296=DIRECTION('',(-1.,1.25959848612018E-14,0.));
#8297=DIRECTION('',(0.,0.,1.));
#8298=DIRECTION('',(-1.,0.,0.));
#8299=DIRECTION('',(0.,0.,1.));
#8300=DIRECTION('',(-1.,0.,0.));
#8301=DIRECTION('',(0.,0.,1.));
#8302=DIRECTION('',(-1.,8.39732324080118E-15,0.));
#8303=DIRECTION('',(0.,0.,1.));
#8304=DIRECTION('',(-1.,8.39732324080118E-15,0.));
#8305=DIRECTION('',(0.,0.,1.));
#8306=DIRECTION('',(-1.,1.25959848612019E-14,0.));
#8307=DIRECTION('',(0.,0.,1.));
#8308=DIRECTION('',(-1.,0.,0.));
#8309=DIRECTION('',(0.,0.,1.));
#8310=DIRECTION('',(-1.,4.19866162040057E-15,0.));
#8311=DIRECTION('',(0.,0.,1.));
#8312=DIRECTION('',(-1.,0.,0.));
#8313=DIRECTION('',(0.,0.,1.));
#8314=DIRECTION('',(-1.,0.,0.));
#8315=DIRECTION('',(0.,0.,1.));
#8316=DIRECTION('',(3.3589292963205E-14,1.,0.));
#8317=DIRECTION('',(0.,0.,1.));
#8318=DIRECTION('',(3.3589292963205E-14,1.,0.));
#8319=DIRECTION('',(0.,0.,1.));
#8320=DIRECTION('',(-1.,0.,0.));
#8321=DIRECTION('',(0.,0.,1.));
#8322=DIRECTION('',(-1.,0.,0.));
#8323=DIRECTION('',(0.,0.,1.));
#8324=DIRECTION('',(-1.,4.19866162040057E-15,0.));
#8325=DIRECTION('',(0.,0.,1.));
#8326=DIRECTION('',(-1.,0.,0.));
#8327=DIRECTION('',(0.,0.,1.));
#8328=DIRECTION('',(-1.,1.25959848612019E-14,0.));
#8329=DIRECTION('',(0.,0.,1.));
#8330=DIRECTION('',(-1.,8.39732324080118E-15,0.));
#8331=DIRECTION('',(0.,0.,1.));
#8332=DIRECTION('',(-1.,8.39732324080118E-15,0.));
#8333=DIRECTION('',(0.,0.,1.));
#8334=DIRECTION('',(-1.,0.,0.));
#8335=DIRECTION('',(0.,0.,1.));
#8336=DIRECTION('',(-1.,0.,0.));
#8337=DIRECTION('',(0.,0.,1.));
#8338=DIRECTION('',(-1.,1.25959848612018E-14,0.));
#8339=DIRECTION('',(0.,0.,1.));
#8340=DIRECTION('',(-1.,8.39732324080118E-15,0.));
#8341=DIRECTION('',(0.,0.,1.));
#8342=DIRECTION('',(-1.,5.24832702550071E-15,0.));
#8343=DIRECTION('',(0.,0.,1.));
#8344=DIRECTION('',(-1.,0.,0.));
#8345=DIRECTION('',(0.,0.,1.));
#8346=DIRECTION('',(0.,1.,0.));
#8347=DIRECTION('',(0.,0.,1.));
#8348=DIRECTION('',(0.,1.,0.));
#8349=DIRECTION('',(0.,0.,1.));
#8350=DIRECTION('',(0.,1.,0.));
#8351=DIRECTION('',(0.,0.,1.));
#8352=DIRECTION('',(-8.39732324080118E-15,1.,0.));
#8353=DIRECTION('',(0.,0.,1.));
#8354=DIRECTION('',(0.,1.,0.));
#8355=DIRECTION('',(0.,0.,1.));
#8356=DIRECTION('',(0.,1.,0.));
#8357=DIRECTION('',(0.,0.,1.));
#8358=DIRECTION('',(8.39732324080121E-15,1.,0.));
#8359=DIRECTION('',(0.,0.,1.));
#8360=DIRECTION('',(-8.39732324080118E-15,1.,0.));
#8361=DIRECTION('',(0.,0.,1.));
#8362=DIRECTION('',(0.,1.,0.));
#8363=DIRECTION('',(0.,0.,1.));
#8364=DIRECTION('',(0.,1.,0.));
#8365=DIRECTION('',(0.,0.,1.));
#8366=DIRECTION('',(-8.39732324080118E-15,1.,0.));
#8367=DIRECTION('',(0.,0.,1.));
#8368=DIRECTION('',(0.,1.,0.));
#8369=DIRECTION('',(0.,0.,1.));
#8370=DIRECTION('',(0.,1.,0.));
#8371=DIRECTION('',(0.,0.,1.));
#8372=DIRECTION('',(-8.39732324080118E-15,1.,0.));
#8373=DIRECTION('',(0.,0.,1.));
#8374=DIRECTION('',(8.39732324080121E-15,1.,0.));
#8375=DIRECTION('',(0.,0.,1.));
#8376=DIRECTION('',(-8.39732324080118E-15,1.,0.));
#8377=DIRECTION('',(0.,0.,1.));
#8378=DIRECTION('',(0.,1.,0.));
#8379=DIRECTION('',(0.,0.,1.));
#8380=DIRECTION('',(0.,1.,0.));
#8381=DIRECTION('',(0.,0.,1.));
#8382=DIRECTION('',(-8.39732324080118E-15,1.,0.));
#8383=DIRECTION('',(0.,0.,1.));
#8384=DIRECTION('',(0.,1.,0.));
#8385=DIRECTION('',(0.,0.,1.));
#8386=DIRECTION('',(1.67946464816024E-14,1.,0.));
#8387=DIRECTION('',(0.,0.,1.));
#8388=DIRECTION('',(-8.39732324080118E-15,1.,0.));
#8389=DIRECTION('',(0.,0.,1.));
#8390=DIRECTION('',(1.67946464816024E-14,1.,0.));
#8391=DIRECTION('',(0.,0.,1.));
#8392=DIRECTION('',(-8.39732324080118E-15,1.,0.));
#8393=DIRECTION('',(0.,0.,1.));
#8394=DIRECTION('',(0.,1.,0.));
#8395=DIRECTION('',(0.,0.,1.));
#8396=DIRECTION('',(0.,1.,0.));
#8397=DIRECTION('',(0.,0.,1.));
#8398=DIRECTION('',(0.,1.,0.));
#8399=DIRECTION('',(0.,0.,1.));
#8400=DIRECTION('',(-8.39732324080114E-15,1.,0.));
#8401=DIRECTION('',(0.,0.,1.));
#8402=DIRECTION('',(8.3973232408012E-15,1.,0.));
#8403=DIRECTION('',(0.,0.,1.));
#8404=DIRECTION('',(-8.39732324080118E-15,1.,0.));
#8405=DIRECTION('',(0.,0.,1.));
#8406=DIRECTION('',(0.,1.,0.));
#8407=DIRECTION('',(0.,0.,1.));
#8408=DIRECTION('',(0.,1.,0.));
#8409=DIRECTION('',(0.,0.,1.));
#8410=DIRECTION('',(0.,1.,0.));
#8411=DIRECTION('',(0.,0.,1.));
#8412=DIRECTION('',(0.,1.,0.));
#8413=DIRECTION('',(0.,0.,1.));
#8414=DIRECTION('',(-8.39732324080118E-15,1.,0.));
#8415=DIRECTION('',(0.,0.,1.));
#8416=DIRECTION('',(0.,1.,0.));
#8417=DIRECTION('',(0.,0.,1.));
#8418=DIRECTION('',(8.3973232408012E-15,1.,0.));
#8419=DIRECTION('',(0.,0.,1.));
#8420=DIRECTION('',(-8.39732324080118E-15,1.,0.));
#8421=DIRECTION('',(0.,0.,1.));
#8422=DIRECTION('',(0.,1.,0.));
#8423=DIRECTION('',(0.,0.,1.));
#8424=DIRECTION('',(-8.39732324080118E-15,1.,0.));
#8425=DIRECTION('',(0.,0.,1.));
#8426=DIRECTION('',(0.,1.,0.));
#8427=DIRECTION('',(0.,0.,1.));
#8428=DIRECTION('',(0.,1.,0.));
#8429=DIRECTION('',(0.,0.,1.));
#8430=DIRECTION('',(-8.39732324080118E-15,1.,0.));
#8431=DIRECTION('',(0.,0.,1.));
#8432=DIRECTION('',(0.,1.,0.));
#8433=DIRECTION('',(0.,0.,1.));
#8434=DIRECTION('',(1.67946464816023E-14,1.,0.));
#8435=DIRECTION('',(0.,0.,1.));
#8436=DIRECTION('',(-8.39732324080118E-15,1.,0.));
#8437=DIRECTION('',(0.,0.,1.));
#8438=DIRECTION('',(1.67946464816024E-14,1.,0.));
#8439=DIRECTION('',(0.,0.,1.));
#8440=DIRECTION('',(-8.39732324080118E-15,1.,0.));
#8441=DIRECTION('',(0.,0.,1.));
#8442=DIRECTION('',(-8.39732324080118E-15,1.,0.));
#8443=DIRECTION('',(0.,0.,1.));
#8444=DIRECTION('',(-1.67946464816022E-14,1.,0.));
#8445=DIRECTION('',(0.,0.,1.));
#8446=DIRECTION('',(0.,1.,0.));
#8447=DIRECTION('',(0.,0.,1.));
#8448=DIRECTION('',(0.,1.,0.));
#8449=DIRECTION('',(0.,0.,1.));
#8450=DIRECTION('',(8.39732324080113E-15,1.,0.));
#8451=DIRECTION('',(0.,0.,1.));
#8452=DIRECTION('',(-8.39732324080118E-15,1.,0.));
#8453=DIRECTION('',(0.,0.,1.));
#8454=DIRECTION('',(0.,1.,0.));
#8455=DIRECTION('',(0.,0.,1.));
#8456=DIRECTION('',(-8.39732324080118E-15,1.,0.));
#8457=DIRECTION('',(0.,0.,1.));
#8458=DIRECTION('',(-8.39732324080111E-15,1.,0.));
#8459=DIRECTION('',(0.,0.,1.));
#8460=DIRECTION('',(1.67946464816023E-14,1.,0.));
#8461=DIRECTION('',(0.,0.,1.));
#8462=DIRECTION('',(0.,1.,0.));
#8463=DIRECTION('',(0.,0.,1.));
#8464=DIRECTION('',(1.67946464816024E-14,1.,0.));
#8465=DIRECTION('',(0.,0.,1.));
#8466=DIRECTION('',(0.,1.,0.));
#8467=DIRECTION('',(0.,0.,1.));
#8468=DIRECTION('',(0.,1.,0.));
#8469=DIRECTION('',(0.,0.,1.));
#8470=DIRECTION('',(-1.67946464816022E-14,1.,0.));
#8471=DIRECTION('',(0.,0.,1.));
#8472=DIRECTION('',(-8.39732324080118E-15,1.,0.));
#8473=DIRECTION('',(0.,0.,1.));
#8474=DIRECTION('',(0.,1.,0.));
#8475=DIRECTION('',(0.,0.,1.));
#8476=DIRECTION('',(8.39732324080118E-15,1.,0.));
#8477=DIRECTION('',(0.,0.,1.));
#8478=DIRECTION('',(-8.39732324080118E-15,1.,0.));
#8479=DIRECTION('',(0.,0.,1.));
#8480=DIRECTION('',(8.39732324080121E-15,1.,0.));
#8481=DIRECTION('',(0.,0.,1.));
#8482=DIRECTION('',(-8.39732324080114E-15,1.,0.));
#8483=DIRECTION('',(0.,0.,1.));
#8484=DIRECTION('',(-8.39732324080118E-15,1.,0.));
#8485=DIRECTION('',(0.,0.,1.));
#8486=DIRECTION('',(-8.39732324080118E-15,1.,0.));
#8487=DIRECTION('',(0.,0.,1.));
#8488=DIRECTION('',(0.,1.,0.));
#8489=DIRECTION('',(0.,0.,1.));
#8490=DIRECTION('',(-8.39732324080118E-15,1.,0.));
#8491=DIRECTION('',(0.,0.,1.));
#8492=DIRECTION('',(1.67946464816024E-14,1.,0.));
#8493=DIRECTION('',(0.,0.,1.));
#8494=DIRECTION('',(-8.39732324080118E-15,1.,0.));
#8495=DIRECTION('',(0.,0.,1.));
#8496=DIRECTION('',(1.67946464816024E-14,1.,0.));
#8497=DIRECTION('',(0.,0.,1.));
#8498=DIRECTION('',(0.,1.,0.));
#8499=DIRECTION('',(0.,0.,1.));
#8500=DIRECTION('',(-8.39732324080118E-15,1.,0.));
#8501=DIRECTION('',(0.,0.,1.));
#8502=DIRECTION('',(-1.67946464816022E-14,1.,0.));
#8503=DIRECTION('',(0.,0.,1.));
#8504=DIRECTION('',(-8.39732324080118E-15,1.,0.));
#8505=DIRECTION('',(0.,0.,1.));
#8506=DIRECTION('',(-8.39732324080111E-15,1.,0.));
#8507=DIRECTION('',(0.,0.,1.));
#8508=DIRECTION('',(8.39732324080118E-15,1.,0.));
#8509=DIRECTION('',(0.,0.,1.));
#8510=DIRECTION('',(-8.39732324080118E-15,1.,0.));
#8511=DIRECTION('',(0.,0.,1.));
#8512=DIRECTION('',(0.,1.,0.));
#8513=DIRECTION('',(0.,0.,1.));
#8514=DIRECTION('',(0.,1.,0.));
#8515=DIRECTION('',(0.,0.,1.));
#8516=DIRECTION('',(-8.39732324080118E-15,1.,0.));
#8517=DIRECTION('',(0.,0.,1.));
#8518=DIRECTION('',(-1.67946464816022E-14,1.,0.));
#8519=DIRECTION('',(0.,0.,1.));
#8520=DIRECTION('',(-8.39732324080114E-15,1.,0.));
#8521=DIRECTION('',(0.,0.,1.));
#8522=DIRECTION('',(-8.39732324080114E-15,1.,0.));
#8523=DIRECTION('',(0.,0.,1.));
#8524=DIRECTION('',(0.,1.,0.));
#8525=DIRECTION('',(0.,0.,1.));
#8526=DIRECTION('',(0.,1.,0.));
#8527=DIRECTION('',(0.,0.,1.));
#8528=DIRECTION('',(0.,1.,0.));
#8529=DIRECTION('',(0.,0.,1.));
#8530=DIRECTION('',(0.,1.,0.));
#8531=DIRECTION('',(0.,0.,1.));
#8532=DIRECTION('',(0.,1.,0.));
#8533=DIRECTION('',(0.,0.,1.));
#8534=DIRECTION('',(-8.39732324080118E-15,1.,0.));
#8535=DIRECTION('',(0.,0.,1.));
#8536=DIRECTION('',(0.,1.,0.));
#8537=DIRECTION('',(0.,0.,1.));
#8538=DIRECTION('',(-8.39732324080118E-15,1.,0.));
#8539=DIRECTION('',(0.,0.,1.));
#8540=DIRECTION('',(1.67946464816023E-14,1.,0.));
#8541=DIRECTION('',(0.,0.,1.));
#8542=DIRECTION('',(0.,1.,0.));
#8543=DIRECTION('',(0.,0.,1.));
#8544=DIRECTION('',(0.,1.,0.));
#8545=DIRECTION('',(0.,0.,1.));
#8546=DIRECTION('',(-8.39732324080118E-15,1.,0.));
#8547=DIRECTION('',(0.,0.,1.));
#8548=DIRECTION('',(0.,1.,0.));
#8549=DIRECTION('',(0.,0.,1.));
#8550=DIRECTION('',(0.,1.,0.));
#8551=DIRECTION('',(0.,0.,1.));
#8552=DIRECTION('',(-8.39732324080114E-15,1.,0.));
#8553=DIRECTION('',(0.,0.,1.));
#8554=DIRECTION('',(8.39732324080118E-15,1.,0.));
#8555=DIRECTION('',(0.,0.,1.));
#8556=DIRECTION('',(0.,1.,0.));
#8557=DIRECTION('',(0.,0.,1.));
#8558=DIRECTION('',(8.39732324080118E-15,1.,0.));
#8559=DIRECTION('',(0.,0.,1.));
#8560=DIRECTION('',(0.,1.,0.));
#8561=DIRECTION('',(0.,0.,1.));
#8562=DIRECTION('',(-8.39732324080114E-15,1.,0.));
#8563=DIRECTION('',(0.,0.,1.));
#8564=DIRECTION('',(0.,1.,0.));
#8565=DIRECTION('',(0.,0.,1.));
#8566=DIRECTION('',(0.,1.,0.));
#8567=DIRECTION('',(0.,0.,1.));
#8568=DIRECTION('',(-8.39732324080118E-15,1.,0.));
#8569=DIRECTION('',(0.,0.,1.));
#8570=DIRECTION('',(8.39732324080118E-15,1.,0.));
#8571=DIRECTION('',(0.,0.,1.));
#8572=DIRECTION('',(0.,1.,0.));
#8573=DIRECTION('',(0.,0.,1.));
#8574=DIRECTION('',(8.39732324080118E-15,1.,0.));
#8575=DIRECTION('',(0.,0.,1.));
#8576=DIRECTION('',(0.,1.,0.));
#8577=DIRECTION('',(0.,0.,1.));
#8578=DIRECTION('',(-8.39732324080118E-15,1.,0.));
#8579=DIRECTION('',(0.,0.,1.));
#8580=DIRECTION('',(8.39732324080125E-15,1.,0.));
#8581=DIRECTION('',(0.,0.,1.));
#8582=DIRECTION('',(0.,1.,0.));
#8583=DIRECTION('',(0.,0.,1.));
#8584=DIRECTION('',(-1.,0.,0.));
#8585=DIRECTION('',(0.,0.,1.));
#8586=DIRECTION('',(-1.,8.39732324080118E-15,0.));
#8587=DIRECTION('',(0.,0.,1.));
#8588=DIRECTION('',(-1.,0.,0.));
#8589=DIRECTION('',(0.,0.,1.));
#8590=DIRECTION('',(-1.,1.25959848612018E-14,0.));
#8591=DIRECTION('',(0.,0.,1.));
#8592=DIRECTION('',(-1.,0.,0.));
#8593=DIRECTION('',(0.,0.,1.));
#8594=DIRECTION('',(-1.,0.,0.));
#8595=DIRECTION('',(0.,0.,1.));
#8596=DIRECTION('',(-1.,8.39732324080118E-15,0.));
#8597=DIRECTION('',(0.,0.,1.));
#8598=DIRECTION('',(1.,-8.39732324080118E-15,0.));
#8599=DIRECTION('',(0.,0.,1.));
#8600=DIRECTION('',(1.,-8.39732324080118E-15,0.));
#8601=DIRECTION('',(0.,0.,1.));
#8602=DIRECTION('',(1.,-4.19866162040059E-15,0.));
#8603=DIRECTION('',(0.,0.,1.));
#8604=DIRECTION('',(1.,-4.19866162040059E-15,0.));
#8605=DIRECTION('',(0.,0.,1.));
#8606=DIRECTION('',(1.,0.,0.));
#8607=DIRECTION('',(0.,0.,1.));
#8608=DIRECTION('',(1.,0.,0.));
#8609=DIRECTION('',(0.,0.,1.));
#8610=DIRECTION('',(1.,-4.19866162040059E-15,0.));
#8611=DIRECTION('',(0.,0.,1.));
#8612=DIRECTION('',(1.,-4.19866162040059E-15,0.));
#8613=DIRECTION('',(0.,0.,1.));
#8614=DIRECTION('',(1.,0.,0.));
#8615=DIRECTION('',(0.,0.,1.));
#8616=DIRECTION('',(1.,0.,0.));
#8617=DIRECTION('',(0.,0.,1.));
#8618=DIRECTION('',(1.,-8.39732324080118E-15,0.));
#8619=DIRECTION('',(0.,0.,1.));
#8620=DIRECTION('',(1.,-8.39732324080118E-15,0.));
#8621=DIRECTION('',(0.,0.,1.));
#8622=DIRECTION('',(1.,-4.19866162040059E-15,0.));
#8623=DIRECTION('',(0.,0.,1.));
#8624=DIRECTION('',(1.,-4.19866162040059E-15,0.));
#8625=DIRECTION('',(0.,0.,1.));
#8626=DIRECTION('',(0.,-1.,0.));
#8627=DIRECTION('',(0.,0.,1.));
#8628=DIRECTION('',(0.,-1.,0.));
#8629=DIRECTION('',(0.,0.,1.));
#8630=DIRECTION('',(8.39732324080111E-15,-1.,0.));
#8631=DIRECTION('',(0.,0.,1.));
#8632=DIRECTION('',(8.39732324080111E-15,-1.,0.));
#8633=DIRECTION('',(0.,0.,1.));
#8634=DIRECTION('',(8.39732324080125E-15,-1.,0.));
#8635=DIRECTION('',(0.,0.,1.));
#8636=DIRECTION('',(8.39732324080125E-15,-1.,0.));
#8637=DIRECTION('',(0.,0.,1.));
#8638=DIRECTION('',(8.39732324080118E-15,-1.,0.));
#8639=DIRECTION('',(0.,0.,1.));
#8640=DIRECTION('',(8.39732324080118E-15,-1.,0.));
#8641=DIRECTION('',(0.,0.,1.));
#8642=DIRECTION('',(-8.39732324080118E-15,-1.,0.));
#8643=DIRECTION('',(0.,0.,1.));
#8644=DIRECTION('',(-8.39732324080118E-15,-1.,0.));
#8645=DIRECTION('',(0.,0.,1.));
#8646=DIRECTION('',(0.,-1.,0.));
#8647=DIRECTION('',(0.,0.,1.));
#8648=DIRECTION('',(0.,-1.,0.));
#8649=DIRECTION('',(0.,0.,1.));
#8650=DIRECTION('',(0.,-1.,0.));
#8651=DIRECTION('',(0.,0.,1.));
#8652=DIRECTION('',(0.,-1.,0.));
#8653=DIRECTION('',(0.,0.,1.));
#8654=DIRECTION('',(8.39732324080114E-15,-1.,0.));
#8655=DIRECTION('',(0.,0.,1.));
#8656=DIRECTION('',(8.39732324080114E-15,-1.,0.));
#8657=DIRECTION('',(0.,0.,1.));
#8658=DIRECTION('',(0.,-1.,0.));
#8659=DIRECTION('',(0.,0.,1.));
#8660=DIRECTION('',(0.,-1.,0.));
#8661=DIRECTION('',(0.,0.,1.));
#8662=DIRECTION('',(0.,-1.,0.));
#8663=DIRECTION('',(0.,0.,1.));
#8664=DIRECTION('',(0.,-1.,0.));
#8665=DIRECTION('',(0.,0.,1.));
#8666=DIRECTION('',(8.39732324080114E-15,-1.,0.));
#8667=DIRECTION('',(0.,0.,1.));
#8668=DIRECTION('',(8.39732324080114E-15,-1.,0.));
#8669=DIRECTION('',(0.,0.,1.));
#8670=DIRECTION('',(8.39732324080125E-15,-1.,0.));
#8671=DIRECTION('',(0.,0.,1.));
#8672=DIRECTION('',(8.39732324080125E-15,-1.,0.));
#8673=DIRECTION('',(0.,0.,1.));
#8674=DIRECTION('',(-8.39732324080118E-15,-1.,0.));
#8675=DIRECTION('',(0.,0.,1.));
#8676=DIRECTION('',(-8.39732324080118E-15,-1.,0.));
#8677=DIRECTION('',(0.,0.,1.));
#8678=DIRECTION('',(0.,-1.,0.));
#8679=DIRECTION('',(0.,0.,1.));
#8680=DIRECTION('',(0.,-1.,0.));
#8681=DIRECTION('',(0.,0.,1.));
#8682=DIRECTION('',(0.,-1.,0.));
#8683=DIRECTION('',(0.,0.,1.));
#8684=DIRECTION('',(0.,-1.,0.));
#8685=DIRECTION('',(0.,0.,1.));
#8686=DIRECTION('',(0.,-1.,0.));
#8687=DIRECTION('',(0.,0.,1.));
#8688=DIRECTION('',(0.,-1.,0.));
#8689=DIRECTION('',(0.,0.,1.));
#8690=DIRECTION('',(0.,-1.,0.));
#8691=DIRECTION('',(0.,0.,1.));
#8692=DIRECTION('',(0.,-1.,0.));
#8693=DIRECTION('',(0.,0.,1.));
#8694=DIRECTION('',(0.,-1.,0.));
#8695=DIRECTION('',(0.,0.,1.));
#8696=DIRECTION('',(0.,-1.,0.));
#8697=DIRECTION('',(0.,0.,1.));
#8698=DIRECTION('',(8.39732324080121E-15,-1.,0.));
#8699=DIRECTION('',(0.,0.,1.));
#8700=DIRECTION('',(8.39732324080121E-15,-1.,0.));
#8701=DIRECTION('',(0.,0.,1.));
#8702=DIRECTION('',(1.67946464816024E-14,-1.,0.));
#8703=DIRECTION('',(0.,0.,1.));
#8704=DIRECTION('',(1.67946464816024E-14,-1.,0.));
#8705=DIRECTION('',(0.,0.,1.));
#8706=DIRECTION('',(0.,-1.,0.));
#8707=DIRECTION('',(0.,0.,1.));
#8708=DIRECTION('',(0.,-1.,0.));
#8709=DIRECTION('',(0.,0.,1.));
#8710=DIRECTION('',(-1.67946464816022E-14,-1.,0.));
#8711=DIRECTION('',(0.,0.,1.));
#8712=DIRECTION('',(-1.67946464816022E-14,-1.,0.));
#8713=DIRECTION('',(0.,0.,1.));
#8714=DIRECTION('',(0.,-1.,0.));
#8715=DIRECTION('',(0.,0.,1.));
#8716=DIRECTION('',(0.,-1.,0.));
#8717=DIRECTION('',(0.,0.,1.));
#8718=DIRECTION('',(8.39732324080114E-15,-1.,0.));
#8719=DIRECTION('',(0.,0.,1.));
#8720=DIRECTION('',(8.39732324080114E-15,-1.,0.));
#8721=DIRECTION('',(0.,0.,1.));
#8722=DIRECTION('',(8.39732324080114E-15,-1.,0.));
#8723=DIRECTION('',(0.,0.,1.));
#8724=DIRECTION('',(8.39732324080114E-15,-1.,0.));
#8725=DIRECTION('',(0.,0.,1.));
#8726=DIRECTION('',(8.39732324080118E-15,-1.,0.));
#8727=DIRECTION('',(0.,0.,1.));
#8728=DIRECTION('',(8.39732324080118E-15,-1.,0.));
#8729=DIRECTION('',(0.,0.,1.));
#8730=DIRECTION('',(8.39732324080118E-15,-1.,0.));
#8731=DIRECTION('',(0.,0.,1.));
#8732=DIRECTION('',(8.39732324080118E-15,-1.,0.));
#8733=DIRECTION('',(0.,0.,1.));
#8734=DIRECTION('',(-8.39732324080118E-15,-1.,0.));
#8735=DIRECTION('',(0.,0.,1.));
#8736=DIRECTION('',(-8.39732324080118E-15,-1.,0.));
#8737=DIRECTION('',(0.,0.,1.));
#8738=DIRECTION('',(8.39732324080114E-15,-1.,0.));
#8739=DIRECTION('',(0.,0.,1.));
#8740=DIRECTION('',(8.39732324080114E-15,-1.,0.));
#8741=DIRECTION('',(0.,0.,1.));
#8742=DIRECTION('',(0.,-1.,0.));
#8743=DIRECTION('',(0.,0.,1.));
#8744=DIRECTION('',(0.,-1.,0.));
#8745=DIRECTION('',(0.,0.,1.));
#8746=DIRECTION('',(8.39732324080121E-15,-1.,0.));
#8747=DIRECTION('',(0.,0.,1.));
#8748=DIRECTION('',(8.39732324080121E-15,-1.,0.));
#8749=DIRECTION('',(0.,0.,1.));
#8750=DIRECTION('',(0.,-1.,0.));
#8751=DIRECTION('',(0.,0.,1.));
#8752=DIRECTION('',(0.,-1.,0.));
#8753=DIRECTION('',(0.,0.,1.));
#8754=DIRECTION('',(0.,-1.,0.));
#8755=DIRECTION('',(0.,0.,1.));
#8756=DIRECTION('',(0.,-1.,0.));
#8757=DIRECTION('',(0.,0.,1.));
#8758=DIRECTION('',(8.39732324080114E-15,-1.,0.));
#8759=DIRECTION('',(0.,0.,1.));
#8760=DIRECTION('',(8.39732324080114E-15,-1.,0.));
#8761=DIRECTION('',(0.,0.,1.));
#8762=DIRECTION('',(1.67946464816024E-14,-1.,0.));
#8763=DIRECTION('',(0.,0.,1.));
#8764=DIRECTION('',(1.67946464816024E-14,-1.,0.));
#8765=DIRECTION('',(0.,0.,1.));
#8766=DIRECTION('',(-8.39732324080118E-15,-1.,0.));
#8767=DIRECTION('',(0.,0.,1.));
#8768=DIRECTION('',(-8.39732324080118E-15,-1.,0.));
#8769=DIRECTION('',(0.,0.,1.));
#8770=DIRECTION('',(0.,-1.,0.));
#8771=DIRECTION('',(0.,0.,1.));
#8772=DIRECTION('',(0.,-1.,0.));
#8773=DIRECTION('',(0.,0.,1.));
#8774=DIRECTION('',(-8.39732324080114E-15,-1.,0.));
#8775=DIRECTION('',(0.,0.,1.));
#8776=DIRECTION('',(-8.39732324080114E-15,-1.,0.));
#8777=DIRECTION('',(0.,0.,1.));
#8778=DIRECTION('',(0.,-1.,0.));
#8779=DIRECTION('',(0.,0.,1.));
#8780=DIRECTION('',(0.,-1.,0.));
#8781=DIRECTION('',(0.,0.,1.));
#8782=DIRECTION('',(0.,-1.,0.));
#8783=DIRECTION('',(0.,0.,1.));
#8784=DIRECTION('',(0.,-1.,0.));
#8785=DIRECTION('',(0.,0.,1.));
#8786=DIRECTION('',(8.39732324080118E-15,-1.,0.));
#8787=DIRECTION('',(0.,0.,1.));
#8788=DIRECTION('',(8.39732324080118E-15,-1.,0.));
#8789=DIRECTION('',(0.,0.,1.));
#8790=DIRECTION('',(8.39732324080121E-15,-1.,0.));
#8791=DIRECTION('',(0.,0.,1.));
#8792=DIRECTION('',(8.39732324080121E-15,-1.,0.));
#8793=DIRECTION('',(0.,0.,1.));
#8794=DIRECTION('',(1.67946464816024E-14,-1.,0.));
#8795=DIRECTION('',(0.,0.,1.));
#8796=DIRECTION('',(1.67946464816024E-14,-1.,0.));
#8797=DIRECTION('',(0.,0.,1.));
#8798=DIRECTION('',(-1.67946464816023E-14,-1.,0.));
#8799=DIRECTION('',(0.,0.,1.));
#8800=DIRECTION('',(-1.67946464816023E-14,-1.,0.));
#8801=DIRECTION('',(0.,0.,1.));
#8802=DIRECTION('',(0.,-1.,0.));
#8803=DIRECTION('',(0.,0.,1.));
#8804=DIRECTION('',(0.,-1.,0.));
#8805=DIRECTION('',(0.,0.,1.));
#8806=DIRECTION('',(-1.67946464816024E-14,-1.,0.));
#8807=DIRECTION('',(0.,0.,1.));
#8808=DIRECTION('',(-1.67946464816024E-14,-1.,0.));
#8809=DIRECTION('',(0.,0.,1.));
#8810=DIRECTION('',(8.39732324080125E-15,-1.,0.));
#8811=DIRECTION('',(0.,0.,1.));
#8812=DIRECTION('',(8.39732324080125E-15,-1.,0.));
#8813=DIRECTION('',(0.,0.,1.));
#8814=DIRECTION('',(8.39732324080114E-15,-1.,0.));
#8815=DIRECTION('',(0.,0.,1.));
#8816=DIRECTION('',(8.39732324080114E-15,-1.,0.));
#8817=DIRECTION('',(0.,0.,1.));
#8818=DIRECTION('',(8.39732324080114E-15,-1.,0.));
#8819=DIRECTION('',(0.,0.,1.));
#8820=DIRECTION('',(8.39732324080114E-15,-1.,0.));
#8821=DIRECTION('',(0.,0.,1.));
#8822=DIRECTION('',(8.39732324080117E-15,-1.,0.));
#8823=DIRECTION('',(0.,0.,1.));
#8824=DIRECTION('',(8.39732324080117E-15,-1.,0.));
#8825=DIRECTION('',(0.,0.,1.));
#8826=DIRECTION('',(8.39732324080119E-15,-1.,0.));
#8827=DIRECTION('',(0.,0.,1.));
#8828=DIRECTION('',(8.39732324080119E-15,-1.,0.));
#8829=DIRECTION('',(0.,0.,1.));
#8830=DIRECTION('',(-8.39732324080118E-15,-1.,0.));
#8831=DIRECTION('',(0.,0.,1.));
#8832=DIRECTION('',(-8.39732324080118E-15,-1.,0.));
#8833=DIRECTION('',(0.,0.,1.));
#8834=DIRECTION('',(8.39732324080114E-15,-1.,0.));
#8835=DIRECTION('',(0.,0.,1.));
#8836=DIRECTION('',(8.39732324080114E-15,-1.,0.));
#8837=DIRECTION('',(0.,0.,1.));
#8838=DIRECTION('',(-8.39732324080119E-15,-1.,0.));
#8839=DIRECTION('',(0.,0.,1.));
#8840=DIRECTION('',(-8.39732324080119E-15,-1.,0.));
#8841=DIRECTION('',(0.,0.,1.));
#8842=DIRECTION('',(0.,-1.,0.));
#8843=DIRECTION('',(0.,0.,1.));
#8844=DIRECTION('',(0.,-1.,0.));
#8845=DIRECTION('',(0.,0.,1.));
#8846=DIRECTION('',(8.39732324080118E-15,-1.,0.));
#8847=DIRECTION('',(0.,0.,1.));
#8848=DIRECTION('',(8.39732324080118E-15,-1.,0.));
#8849=DIRECTION('',(0.,0.,1.));
#8850=DIRECTION('',(0.,-1.,0.));
#8851=DIRECTION('',(0.,0.,1.));
#8852=DIRECTION('',(0.,-1.,0.));
#8853=DIRECTION('',(0.,0.,1.));
#8854=DIRECTION('',(8.3973232408012E-15,-1.,0.));
#8855=DIRECTION('',(0.,0.,1.));
#8856=DIRECTION('',(8.3973232408012E-15,-1.,0.));
#8857=DIRECTION('',(0.,0.,1.));
#8858=DIRECTION('',(1.67946464816024E-14,-1.,0.));
#8859=DIRECTION('',(0.,0.,1.));
#8860=DIRECTION('',(1.67946464816024E-14,-1.,0.));
#8861=DIRECTION('',(0.,0.,1.));
#8862=DIRECTION('',(-1.67946464816024E-14,-1.,0.));
#8863=DIRECTION('',(0.,0.,1.));
#8864=DIRECTION('',(-1.67946464816024E-14,-1.,0.));
#8865=DIRECTION('',(0.,0.,1.));
#8866=DIRECTION('',(0.,-1.,0.));
#8867=DIRECTION('',(0.,0.,1.));
#8868=DIRECTION('',(0.,-1.,0.));
#8869=DIRECTION('',(0.,0.,1.));
#8870=DIRECTION('',(-1.67946464816023E-14,-1.,0.));
#8871=DIRECTION('',(0.,0.,1.));
#8872=DIRECTION('',(-1.67946464816023E-14,-1.,0.));
#8873=DIRECTION('',(0.,0.,1.));
#8874=DIRECTION('',(8.39732324080111E-15,-1.,0.));
#8875=DIRECTION('',(0.,0.,1.));
#8876=DIRECTION('',(8.39732324080111E-15,-1.,0.));
#8877=DIRECTION('',(0.,0.,1.));
#8878=DIRECTION('',(0.,-1.,0.));
#8879=DIRECTION('',(0.,0.,1.));
#8880=DIRECTION('',(0.,-1.,0.));
#8881=DIRECTION('',(0.,0.,1.));
#8882=DIRECTION('',(0.,-1.,0.));
#8883=DIRECTION('',(0.,0.,1.));
#8884=DIRECTION('',(0.,-1.,0.));
#8885=DIRECTION('',(0.,0.,1.));
#8886=DIRECTION('',(0.,-1.,0.));
#8887=DIRECTION('',(0.,0.,1.));
#8888=DIRECTION('',(0.,-1.,0.));
#8889=DIRECTION('',(0.,0.,1.));
#8890=DIRECTION('',(-8.39732324080116E-15,-1.,0.));
#8891=DIRECTION('',(0.,0.,1.));
#8892=DIRECTION('',(-8.39732324080116E-15,-1.,0.));
#8893=DIRECTION('',(0.,0.,1.));
#8894=DIRECTION('',(8.39732324080117E-15,-1.,0.));
#8895=DIRECTION('',(0.,0.,1.));
#8896=DIRECTION('',(8.39732324080117E-15,-1.,0.));
#8897=DIRECTION('',(0.,0.,1.));
#8898=DIRECTION('',(8.39732324080122E-15,-1.,0.));
#8899=DIRECTION('',(0.,0.,1.));
#8900=DIRECTION('',(8.39732324080122E-15,-1.,0.));
#8901=DIRECTION('',(0.,0.,1.));
#8902=DIRECTION('',(8.39732324080118E-15,-1.,0.));
#8903=DIRECTION('',(0.,0.,1.));
#8904=DIRECTION('',(8.39732324080118E-15,-1.,0.));
#8905=DIRECTION('',(0.,0.,1.));
#8906=DIRECTION('',(0.,-1.,0.));
#8907=DIRECTION('',(0.,0.,1.));
#8908=DIRECTION('',(0.,-1.,0.));
#8909=DIRECTION('',(0.,0.,1.));
#8910=DIRECTION('',(8.39732324080125E-15,-1.,0.));
#8911=DIRECTION('',(0.,0.,1.));
#8912=DIRECTION('',(8.39732324080125E-15,-1.,0.));
#8913=DIRECTION('',(0.,0.,1.));
#8914=DIRECTION('',(-1.67946464816024E-14,-1.,0.));
#8915=DIRECTION('',(0.,0.,1.));
#8916=DIRECTION('',(-1.67946464816024E-14,-1.,0.));
#8917=DIRECTION('',(0.,0.,1.));
#8918=DIRECTION('',(0.,-1.,0.));
#8919=DIRECTION('',(0.,0.,1.));
#8920=DIRECTION('',(0.,-1.,0.));
#8921=DIRECTION('',(0.,0.,1.));
#8922=DIRECTION('',(-1.67946464816023E-14,-1.,0.));
#8923=DIRECTION('',(0.,0.,1.));
#8924=DIRECTION('',(-1.67946464816023E-14,-1.,0.));
#8925=DIRECTION('',(0.,0.,1.));
#8926=DIRECTION('',(1.67946464816025E-14,-1.,0.));
#8927=DIRECTION('',(0.,0.,1.));
#8928=DIRECTION('',(1.67946464816025E-14,-1.,0.));
#8929=DIRECTION('',(0.,0.,1.));
#8930=DIRECTION('',(8.3973232408012E-15,-1.,0.));
#8931=DIRECTION('',(0.,0.,1.));
#8932=DIRECTION('',(8.3973232408012E-15,-1.,0.));
#8933=DIRECTION('',(0.,0.,1.));
#8934=DIRECTION('',(8.39732324080111E-15,-1.,0.));
#8935=DIRECTION('',(0.,0.,1.));
#8936=DIRECTION('',(8.39732324080111E-15,-1.,0.));
#8937=DIRECTION('',(0.,0.,1.));
#8938=DIRECTION('',(0.,-1.,0.));
#8939=DIRECTION('',(0.,0.,1.));
#8940=DIRECTION('',(0.,-1.,0.));
#8941=DIRECTION('',(0.,0.,1.));
#8942=DIRECTION('',(0.,-1.,0.));
#8943=DIRECTION('',(0.,0.,1.));
#8944=DIRECTION('',(0.,-1.,0.));
#8945=DIRECTION('',(0.,0.,1.));
#8946=DIRECTION('',(-8.39732324080118E-15,-1.,0.));
#8947=DIRECTION('',(0.,0.,1.));
#8948=DIRECTION('',(-8.39732324080118E-15,-1.,0.));
#8949=DIRECTION('',(0.,0.,1.));
#8950=DIRECTION('',(0.,-1.,0.));
#8951=DIRECTION('',(0.,0.,1.));
#8952=DIRECTION('',(0.,-1.,0.));
#8953=DIRECTION('',(0.,0.,1.));
#8954=DIRECTION('',(-8.3973232408012E-15,-1.,0.));
#8955=DIRECTION('',(0.,0.,1.));
#8956=DIRECTION('',(-8.3973232408012E-15,-1.,0.));
#8957=DIRECTION('',(0.,0.,1.));
#8958=DIRECTION('',(8.39732324080118E-15,-1.,0.));
#8959=DIRECTION('',(0.,0.,1.));
#8960=DIRECTION('',(8.39732324080118E-15,-1.,0.));
#8961=DIRECTION('',(0.,0.,1.));
#8962=DIRECTION('',(8.39732324080121E-15,-1.,0.));
#8963=DIRECTION('',(0.,0.,1.));
#8964=DIRECTION('',(8.39732324080121E-15,-1.,0.));
#8965=DIRECTION('',(0.,0.,1.));
#8966=DIRECTION('',(8.39732324080114E-15,-1.,0.));
#8967=DIRECTION('',(0.,0.,1.));
#8968=DIRECTION('',(8.39732324080114E-15,-1.,0.));
#8969=DIRECTION('',(0.,0.,1.));
#8970=DIRECTION('',(0.,-1.,0.));
#8971=DIRECTION('',(0.,0.,1.));
#8972=DIRECTION('',(0.,-1.,0.));
#8973=DIRECTION('',(0.,0.,1.));
#8974=DIRECTION('',(0.,-1.,0.));
#8975=DIRECTION('',(0.,0.,1.));
#8976=DIRECTION('',(0.,-1.,0.));
#8977=DIRECTION('',(0.,0.,1.));
#8978=DIRECTION('',(-8.39732324080118E-15,-1.,0.));
#8979=DIRECTION('',(0.,0.,1.));
#8980=DIRECTION('',(-8.39732324080118E-15,-1.,0.));
#8981=DIRECTION('',(0.,0.,1.));
#8982=DIRECTION('',(8.39732324080114E-15,-1.,0.));
#8983=DIRECTION('',(0.,0.,1.));
#8984=DIRECTION('',(8.39732324080114E-15,-1.,0.));
#8985=DIRECTION('',(0.,0.,1.));
#8986=DIRECTION('',(-1.67946464816024E-14,-1.,0.));
#8987=DIRECTION('',(0.,0.,1.));
#8988=DIRECTION('',(-1.67946464816024E-14,-1.,0.));
#8989=DIRECTION('',(0.,0.,1.));
#8990=DIRECTION('',(8.3973232408012E-15,-1.,0.));
#8991=DIRECTION('',(0.,0.,1.));
#8992=DIRECTION('',(8.3973232408012E-15,-1.,0.));
#8993=DIRECTION('',(0.,0.,1.));
#8994=DIRECTION('',(8.39732324080116E-15,-1.,0.));
#8995=DIRECTION('',(0.,0.,1.));
#8996=DIRECTION('',(8.39732324080116E-15,-1.,0.));
#8997=DIRECTION('',(0.,0.,1.));
#8998=DIRECTION('',(8.39732324080114E-15,-1.,0.));
#8999=DIRECTION('',(0.,0.,1.));
#9000=DIRECTION('',(8.39732324080114E-15,-1.,0.));
#9001=DIRECTION('',(0.,0.,1.));
#9002=DIRECTION('',(0.,-1.,0.));
#9003=DIRECTION('',(0.,0.,1.));
#9004=DIRECTION('',(0.,-1.,0.));
#9005=DIRECTION('',(0.,0.,1.));
#9006=DIRECTION('',(0.,-1.,0.));
#9007=DIRECTION('',(0.,0.,1.));
#9008=DIRECTION('',(0.,-1.,0.));
#9009=DIRECTION('',(0.,0.,1.));
#9010=DIRECTION('',(-1.67946464816023E-14,-1.,0.));
#9011=DIRECTION('',(0.,0.,1.));
#9012=DIRECTION('',(-1.67946464816023E-14,-1.,0.));
#9013=DIRECTION('',(0.,0.,1.));
#9014=DIRECTION('',(0.,-1.,0.));
#9015=DIRECTION('',(0.,0.,1.));
#9016=DIRECTION('',(0.,-1.,0.));
#9017=DIRECTION('',(0.,0.,1.));
#9018=DIRECTION('',(-1.67946464816023E-14,-1.,0.));
#9019=DIRECTION('',(0.,0.,1.));
#9020=DIRECTION('',(-1.67946464816023E-14,-1.,0.));
#9021=DIRECTION('',(0.,0.,1.));
#9022=DIRECTION('',(1.67946464816024E-14,-1.,0.));
#9023=DIRECTION('',(0.,0.,1.));
#9024=DIRECTION('',(1.67946464816024E-14,-1.,0.));
#9025=DIRECTION('',(0.,0.,1.));
#9026=DIRECTION('',(8.39732324080121E-15,-1.,0.));
#9027=DIRECTION('',(0.,0.,1.));
#9028=DIRECTION('',(8.39732324080121E-15,-1.,0.));
#9029=DIRECTION('',(0.,0.,1.));
#9030=DIRECTION('',(8.39732324080111E-15,-1.,0.));
#9031=DIRECTION('',(0.,0.,1.));
#9032=DIRECTION('',(8.39732324080111E-15,-1.,0.));
#9033=DIRECTION('',(0.,0.,1.));
#9034=DIRECTION('',(0.,-1.,0.));
#9035=DIRECTION('',(0.,0.,1.));
#9036=DIRECTION('',(0.,-1.,0.));
#9037=DIRECTION('',(0.,0.,1.));
#9038=DIRECTION('',(0.,-1.,0.));
#9039=DIRECTION('',(0.,0.,1.));
#9040=DIRECTION('',(0.,-1.,0.));
#9041=DIRECTION('',(0.,0.,1.));
#9042=DIRECTION('',(-8.39732324080118E-15,-1.,0.));
#9043=DIRECTION('',(0.,0.,1.));
#9044=DIRECTION('',(-8.39732324080118E-15,-1.,0.));
#9045=DIRECTION('',(0.,0.,1.));
#9046=DIRECTION('',(0.,-1.,0.));
#9047=DIRECTION('',(0.,0.,1.));
#9048=DIRECTION('',(0.,-1.,0.));
#9049=DIRECTION('',(0.,0.,1.));
#9050=DIRECTION('',(-8.39732324080114E-15,-1.,0.));
#9051=DIRECTION('',(0.,0.,1.));
#9052=DIRECTION('',(-8.39732324080114E-15,-1.,0.));
#9053=DIRECTION('',(0.,0.,1.));
#9054=DIRECTION('',(8.39732324080125E-15,-1.,0.));
#9055=DIRECTION('',(0.,0.,1.));
#9056=DIRECTION('',(8.39732324080125E-15,-1.,0.));
#9057=DIRECTION('',(0.,0.,1.));
#9058=DIRECTION('',(8.39732324080114E-15,-1.,0.));
#9059=DIRECTION('',(0.,0.,1.));
#9060=DIRECTION('',(8.39732324080114E-15,-1.,0.));
#9061=DIRECTION('',(0.,0.,1.));
#9062=DIRECTION('',(0.,-1.,0.));
#9063=DIRECTION('',(0.,0.,1.));
#9064=DIRECTION('',(0.,-1.,0.));
#9065=DIRECTION('',(0.,0.,1.));
#9066=DIRECTION('',(0.,-1.,0.));
#9067=DIRECTION('',(0.,0.,1.));
#9068=DIRECTION('',(0.,-1.,0.));
#9069=DIRECTION('',(0.,0.,1.));
#9070=DIRECTION('',(0.,-1.,0.));
#9071=DIRECTION('',(0.,0.,1.));
#9072=DIRECTION('',(0.,-1.,0.));
#9073=DIRECTION('',(0.,0.,1.));
#9074=DIRECTION('',(-8.39732324080118E-15,-1.,0.));
#9075=DIRECTION('',(0.,0.,1.));
#9076=DIRECTION('',(-8.39732324080118E-15,-1.,0.));
#9077=DIRECTION('',(0.,0.,1.));
#9078=DIRECTION('',(0.,-1.,0.));
#9079=DIRECTION('',(0.,0.,1.));
#9080=DIRECTION('',(0.,-1.,0.));
#9081=DIRECTION('',(0.,0.,1.));
#9082=DIRECTION('',(-1.67946464816024E-14,-1.,0.));
#9083=DIRECTION('',(0.,0.,1.));
#9084=DIRECTION('',(-1.67946464816024E-14,-1.,0.));
#9085=DIRECTION('',(0.,0.,1.));
#9086=DIRECTION('',(8.39732324080118E-15,-1.,0.));
#9087=DIRECTION('',(0.,0.,1.));
#9088=DIRECTION('',(8.39732324080118E-15,-1.,0.));
#9089=DIRECTION('',(0.,0.,1.));
#9090=DIRECTION('',(8.39732324080125E-15,-1.,0.));
#9091=DIRECTION('',(0.,0.,1.));
#9092=DIRECTION('',(8.39732324080125E-15,-1.,0.));
#9093=DIRECTION('',(0.,0.,1.));
#9094=DIRECTION('',(8.39732324080111E-15,-1.,0.));
#9095=DIRECTION('',(0.,0.,1.));
#9096=DIRECTION('',(8.39732324080111E-15,-1.,0.));
#9097=DIRECTION('',(0.,0.,1.));
#9098=DIRECTION('',(0.,-1.,0.));
#9099=DIRECTION('',(0.,0.,1.));
#9100=DIRECTION('',(0.,-1.,0.));
#9101=DIRECTION('',(0.,0.,1.));
#9102=DIRECTION('',(1.,0.,0.));
#9103=DIRECTION('',(0.,0.,1.));
#9104=DIRECTION('',(1.,0.,0.));
#9105=DIRECTION('',(0.,0.,1.));
#9106=DIRECTION('',(1.,-2.09933081020029E-15,0.));
#9107=DIRECTION('',(0.,0.,1.));
#9108=DIRECTION('',(1.,-2.09933081020029E-15,0.));
#9109=DIRECTION('',(0.,0.,1.));
#9110=DIRECTION('',(1.,-8.39732324080118E-15,0.));
#9111=DIRECTION('',(0.,0.,1.));
#9112=DIRECTION('',(1.,-8.39732324080118E-15,0.));
#9113=DIRECTION('',(0.,0.,1.));
#9114=DIRECTION('',(1.,-4.19866162040055E-15,0.));
#9115=DIRECTION('',(0.,0.,1.));
#9116=DIRECTION('',(1.,-4.19866162040055E-15,0.));
#9117=DIRECTION('',(0.,0.,1.));
#9118=DIRECTION('',(1.,-2.09933081020029E-15,0.));
#9119=DIRECTION('',(0.,0.,1.));
#9120=DIRECTION('',(1.,-2.09933081020029E-15,0.));
#9121=DIRECTION('',(0.,0.,1.));
#9122=DIRECTION('',(1.,-2.09933081020029E-15,0.));
#9123=DIRECTION('',(0.,0.,1.));
#9124=DIRECTION('',(1.,-2.09933081020029E-15,0.));
#9125=DIRECTION('',(0.,0.,1.));
#9126=DIRECTION('',(1.,-8.39732324080118E-15,0.));
#9127=DIRECTION('',(0.,0.,1.));
#9128=DIRECTION('',(1.,-8.39732324080118E-15,0.));
#9129=DIRECTION('',(0.,0.,1.));
#9130=DIRECTION('',(1.,0.,0.));
#9131=DIRECTION('',(0.,0.,1.));
#9132=DIRECTION('',(1.,0.,0.));
#9133=DIRECTION('',(0.,0.,1.));
#9134=DIRECTION('',(1.,-4.19866162040059E-15,0.));
#9135=DIRECTION('',(0.,0.,1.));
#9136=DIRECTION('',(1.,-4.19866162040059E-15,0.));
#9137=DIRECTION('',(0.,0.,1.));
#9138=DIRECTION('',(1.,0.,0.));
#9139=DIRECTION('',(0.,0.,1.));
#9140=DIRECTION('',(1.,0.,0.));
#9141=DIRECTION('',(0.,0.,1.));
#9142=DIRECTION('',(1.,-8.39732324080111E-15,0.));
#9143=DIRECTION('',(0.,0.,1.));
#9144=DIRECTION('',(1.,-8.39732324080111E-15,0.));
#9145=DIRECTION('',(0.,0.,1.));
#9146=DIRECTION('',(1.,0.,0.));
#9147=DIRECTION('',(0.,0.,1.));
#9148=DIRECTION('',(1.,0.,0.));
#9149=DIRECTION('',(0.,0.,1.));
#9150=DIRECTION('',(1.,-8.39732324080118E-15,0.));
#9151=DIRECTION('',(0.,0.,1.));
#9152=DIRECTION('',(1.,-8.39732324080118E-15,0.));
#9153=DIRECTION('',(0.,0.,1.));
#9154=DIRECTION('',(-1.67946464816024E-14,-1.,0.));
#9155=DIRECTION('',(0.,0.,1.));
#9156=DIRECTION('',(-1.67946464816024E-14,-1.,0.));
#9157=DIRECTION('',(0.,0.,1.));
#9158=DIRECTION('',(1.,0.,0.));
#9159=CARTESIAN_POINT('',(0.,0.,0.));
#9160=CARTESIAN_POINT('',(-131.5,107.5,1.9));
#9161=CARTESIAN_POINT('',(-135.730769230769,103.269230769231,3.8));
#9162=CARTESIAN_POINT('',(-120.5,96.5,1.9));
#9163=CARTESIAN_POINT('',(-124.730769230769,92.2692307692308,3.8));
#9164=CARTESIAN_POINT('',(-120.5,107.5,1.9));
#9165=CARTESIAN_POINT('',(-124.730769230769,103.269230769231,3.8));
#9166=CARTESIAN_POINT('',(-131.5,74.5,1.9));
#9167=CARTESIAN_POINT('',(-135.730769230769,70.2692307692307,3.8));
#9168=CARTESIAN_POINT('',(-131.5,85.5,1.9));
#9169=CARTESIAN_POINT('',(-135.730769230769,81.2692307692308,3.8));
#9170=CARTESIAN_POINT('',(-120.5,74.5,1.9));
#9171=CARTESIAN_POINT('',(-124.730769230769,70.2692307692307,3.8));
#9172=CARTESIAN_POINT('',(-120.5,85.5,1.9));
#9173=CARTESIAN_POINT('',(-124.730769230769,81.2692307692308,3.8));
#9174=CARTESIAN_POINT('',(-153.5,129.5,1.9));
#9175=CARTESIAN_POINT('',(-157.730769230769,125.269230769231,3.8));
#9176=CARTESIAN_POINT('',(-142.5,129.5,1.9));
#9177=CARTESIAN_POINT('',(-146.730769230769,125.269230769231,3.8));
#9178=CARTESIAN_POINT('',(-153.5,118.5,1.9));
#9179=CARTESIAN_POINT('',(-157.730769230769,114.269230769231,3.8));
#9180=CARTESIAN_POINT('',(-142.5,118.5,1.9));
#9181=CARTESIAN_POINT('',(-146.730769230769,114.269230769231,3.8));
#9182=CARTESIAN_POINT('',(-175.5,129.5,1.9));
#9183=CARTESIAN_POINT('',(-179.730769230769,125.269230769231,3.8));
#9184=CARTESIAN_POINT('',(-164.5,129.5,1.9));
#9185=CARTESIAN_POINT('',(-168.730769230769,125.269230769231,3.8));
#9186=CARTESIAN_POINT('',(-175.5,118.5,1.9));
#9187=CARTESIAN_POINT('',(-179.730769230769,114.269230769231,3.8));
#9188=CARTESIAN_POINT('',(-164.5,118.5,1.9));
#9189=CARTESIAN_POINT('',(-168.730769230769,114.269230769231,3.8));
#9190=CARTESIAN_POINT('',(-197.5,129.5,1.9));
#9191=CARTESIAN_POINT('',(-201.730769230769,125.269230769231,3.8));
#9192=CARTESIAN_POINT('',(-186.5,129.5,1.9));
#9193=CARTESIAN_POINT('',(-190.730769230769,125.269230769231,3.8));
#9194=CARTESIAN_POINT('',(-197.5,118.5,1.9));
#9195=CARTESIAN_POINT('',(-201.730769230769,114.269230769231,3.8));
#9196=CARTESIAN_POINT('',(-186.5,118.5,1.9));
#9197=CARTESIAN_POINT('',(-190.730769230769,114.269230769231,3.8));
#9198=CARTESIAN_POINT('',(-219.5,129.5,1.9));
#9199=CARTESIAN_POINT('',(-223.730769230769,125.269230769231,3.8));
#9200=CARTESIAN_POINT('',(-208.5,129.5,1.9));
#9201=CARTESIAN_POINT('',(-212.730769230769,125.269230769231,3.8));
#9202=CARTESIAN_POINT('',(-219.5,118.5,1.9));
#9203=CARTESIAN_POINT('',(-223.730769230769,114.269230769231,3.8));
#9204=CARTESIAN_POINT('',(-208.5,118.5,1.9));
#9205=CARTESIAN_POINT('',(-212.730769230769,114.269230769231,3.8));
#9206=CARTESIAN_POINT('',(-241.5,129.5,1.9));
#9207=CARTESIAN_POINT('',(-245.730769230769,125.269230769231,3.8));
#9208=CARTESIAN_POINT('',(-230.5,129.5,1.9));
#9209=CARTESIAN_POINT('',(-234.730769230769,125.269230769231,3.8));
#9210=CARTESIAN_POINT('',(-241.5,118.5,1.9));
#9211=CARTESIAN_POINT('',(-245.730769230769,114.269230769231,3.8));
#9212=CARTESIAN_POINT('',(-230.5,118.5,1.9));
#9213=CARTESIAN_POINT('',(-234.730769230769,114.269230769231,3.8));
#9214=CARTESIAN_POINT('',(-252.5,129.5,1.9));
#9215=CARTESIAN_POINT('',(-256.730769230769,125.269230769231,3.8));
#9216=CARTESIAN_POINT('',(-263.5,118.5,1.9));
#9217=CARTESIAN_POINT('',(-267.730769230769,114.269230769231,3.8));
#9218=CARTESIAN_POINT('',(-252.5,118.5,1.9));
#9219=CARTESIAN_POINT('',(-256.730769230769,114.269230769231,3.8));
#9220=CARTESIAN_POINT('',(-153.5,85.5,1.9));
#9221=CARTESIAN_POINT('',(-157.730769230769,81.2692307692308,3.8));
#9222=CARTESIAN_POINT('',(-142.5,85.5,1.9));
#9223=CARTESIAN_POINT('',(-146.730769230769,81.2692307692308,3.8));
#9224=CARTESIAN_POINT('',(-153.5,74.5,1.9));
#9225=CARTESIAN_POINT('',(-157.730769230769,70.2692307692308,3.8));
#9226=CARTESIAN_POINT('',(-142.5,74.5,1.9));
#9227=CARTESIAN_POINT('',(-146.730769230769,70.2692307692308,3.8));
#9228=CARTESIAN_POINT('',(-175.5,85.5,1.9));
#9229=CARTESIAN_POINT('',(-179.730769230769,81.2692307692308,3.8));
#9230=CARTESIAN_POINT('',(-164.5,85.5,1.9));
#9231=CARTESIAN_POINT('',(-168.730769230769,81.2692307692308,3.8));
#9232=CARTESIAN_POINT('',(-175.5,74.5,1.9));
#9233=CARTESIAN_POINT('',(-179.730769230769,70.2692307692308,3.8));
#9234=CARTESIAN_POINT('',(-164.5,74.5,1.9));
#9235=CARTESIAN_POINT('',(-168.730769230769,70.2692307692308,3.8));
#9236=CARTESIAN_POINT('',(-197.5,85.5,1.9));
#9237=CARTESIAN_POINT('',(-201.730769230769,81.2692307692308,3.8));
#9238=CARTESIAN_POINT('',(-186.5,85.5,1.9));
#9239=CARTESIAN_POINT('',(-190.730769230769,81.2692307692308,3.8));
#9240=CARTESIAN_POINT('',(-197.5,74.5,1.9));
#9241=CARTESIAN_POINT('',(-201.730769230769,70.2692307692308,3.8));
#9242=CARTESIAN_POINT('',(-186.5,74.5,1.9));
#9243=CARTESIAN_POINT('',(-190.730769230769,70.2692307692308,3.8));
#9244=CARTESIAN_POINT('',(-219.5,85.5,1.9));
#9245=CARTESIAN_POINT('',(-223.730769230769,81.2692307692308,3.8));
#9246=CARTESIAN_POINT('',(-208.5,85.5,1.9));
#9247=CARTESIAN_POINT('',(-212.730769230769,81.2692307692308,3.8));
#9248=CARTESIAN_POINT('',(-219.5,74.5,1.9));
#9249=CARTESIAN_POINT('',(-223.730769230769,70.2692307692308,3.8));
#9250=CARTESIAN_POINT('',(-208.5,74.5,1.9));
#9251=CARTESIAN_POINT('',(-212.730769230769,70.2692307692308,3.8));
#9252=CARTESIAN_POINT('',(-241.5,85.5,1.9));
#9253=CARTESIAN_POINT('',(-245.730769230769,81.2692307692308,3.8));
#9254=CARTESIAN_POINT('',(-230.5,85.5,1.9));
#9255=CARTESIAN_POINT('',(-234.730769230769,81.2692307692308,3.8));
#9256=CARTESIAN_POINT('',(-241.5,74.5,1.9));
#9257=CARTESIAN_POINT('',(-245.730769230769,70.2692307692308,3.8));
#9258=CARTESIAN_POINT('',(-230.5,74.5,1.9));
#9259=CARTESIAN_POINT('',(-234.730769230769,70.2692307692308,3.8));
#9260=CARTESIAN_POINT('',(-263.5,85.5,1.9));
#9261=CARTESIAN_POINT('',(-267.730769230769,81.2692307692308,3.8));
#9262=CARTESIAN_POINT('',(-252.5,85.5,1.9));
#9263=CARTESIAN_POINT('',(-256.730769230769,81.2692307692308,3.8));
#9264=CARTESIAN_POINT('',(-263.5,74.5,1.9));
#9265=CARTESIAN_POINT('',(-267.730769230769,70.2692307692308,3.8));
#9266=CARTESIAN_POINT('',(-252.5,74.5,1.9));
#9267=CARTESIAN_POINT('',(-256.730769230769,70.2692307692308,3.8));
#9268=CARTESIAN_POINT('',(-153.5,41.5,1.9));
#9269=CARTESIAN_POINT('',(-157.730769230769,37.2692307692308,3.8));
#9270=CARTESIAN_POINT('',(-142.5,41.5,1.9));
#9271=CARTESIAN_POINT('',(-146.730769230769,37.2692307692308,3.8));
#9272=CARTESIAN_POINT('',(-153.5,30.5,1.9));
#9273=CARTESIAN_POINT('',(-157.730769230769,26.2692307692308,3.8));
#9274=CARTESIAN_POINT('',(-142.5,30.5,1.9));
#9275=CARTESIAN_POINT('',(-146.730769230769,26.2692307692308,3.8));
#9276=CARTESIAN_POINT('',(-175.5,41.5,1.9));
#9277=CARTESIAN_POINT('',(-179.730769230769,37.2692307692308,3.8));
#9278=CARTESIAN_POINT('',(-164.5,41.5,1.9));
#9279=CARTESIAN_POINT('',(-168.730769230769,37.2692307692308,3.8));
#9280=CARTESIAN_POINT('',(-175.5,30.5,1.9));
#9281=CARTESIAN_POINT('',(-179.730769230769,26.2692307692308,3.8));
#9282=CARTESIAN_POINT('',(-164.5,30.5,1.9));
#9283=CARTESIAN_POINT('',(-168.730769230769,26.2692307692308,3.8));
#9284=CARTESIAN_POINT('',(-241.5,41.5,1.9));
#9285=CARTESIAN_POINT('',(-245.730769230769,37.2692307692308,3.8));
#9286=CARTESIAN_POINT('',(-230.5,41.5,1.9));
#9287=CARTESIAN_POINT('',(-234.730769230769,37.2692307692308,3.8));
#9288=CARTESIAN_POINT('',(-241.5,30.5,1.9));
#9289=CARTESIAN_POINT('',(-245.730769230769,26.2692307692308,3.8));
#9290=CARTESIAN_POINT('',(-230.5,30.5,1.9));
#9291=CARTESIAN_POINT('',(-234.730769230769,26.2692307692308,3.8));
#9292=CARTESIAN_POINT('',(-263.5,41.5,1.9));
#9293=CARTESIAN_POINT('',(-267.730769230769,37.2692307692308,3.8));
#9294=CARTESIAN_POINT('',(-252.5,41.5,1.9));
#9295=CARTESIAN_POINT('',(-256.730769230769,37.2692307692308,3.8));
#9296=CARTESIAN_POINT('',(-263.5,30.5,1.9));
#9297=CARTESIAN_POINT('',(-267.730769230769,26.2692307692308,3.8));
#9298=CARTESIAN_POINT('',(-252.5,30.5,1.9));
#9299=CARTESIAN_POINT('',(-256.730769230769,26.2692307692308,3.8));
#9300=CARTESIAN_POINT('',(-208.5,30.5,1.9));
#9301=CARTESIAN_POINT('',(-212.730769230769,26.2692307692308,3.8));
#9302=CARTESIAN_POINT('',(-219.5,30.5,1.9));
#9303=CARTESIAN_POINT('',(-223.730769230769,26.2692307692308,3.8));
#9304=CARTESIAN_POINT('',(-208.5,41.5,1.9));
#9305=CARTESIAN_POINT('',(-212.730769230769,37.2692307692308,3.8));
#9306=CARTESIAN_POINT('',(-219.5,41.5,1.9));
#9307=CARTESIAN_POINT('',(-223.730769230769,37.2692307692308,3.8));
#9308=CARTESIAN_POINT('',(-186.5,30.5,1.9));
#9309=CARTESIAN_POINT('',(-190.730769230769,26.2692307692308,3.8));
#9310=CARTESIAN_POINT('',(-197.5,30.5,1.9));
#9311=CARTESIAN_POINT('',(-201.730769230769,26.2692307692308,3.8));
#9312=CARTESIAN_POINT('',(-186.5,41.5,1.9));
#9313=CARTESIAN_POINT('',(-190.730769230769,37.2692307692308,3.8));
#9314=CARTESIAN_POINT('',(-197.5,41.5,1.9));
#9315=CARTESIAN_POINT('',(-201.730769230769,37.2692307692308,3.8));
#9316=CARTESIAN_POINT('',(-252.5,52.5,1.9));
#9317=CARTESIAN_POINT('',(-256.730769230769,48.2692307692308,3.8));
#9318=CARTESIAN_POINT('',(-263.5,52.5,1.9));
#9319=CARTESIAN_POINT('',(-267.730769230769,48.2692307692308,3.8));
#9320=CARTESIAN_POINT('',(-252.5,63.5,1.9));
#9321=CARTESIAN_POINT('',(-256.730769230769,59.2692307692308,3.8));
#9322=CARTESIAN_POINT('',(-263.5,63.5,1.9));
#9323=CARTESIAN_POINT('',(-267.730769230769,59.2692307692308,3.8));
#9324=CARTESIAN_POINT('',(-230.5,52.5,1.9));
#9325=CARTESIAN_POINT('',(-234.730769230769,48.2692307692308,3.8));
#9326=CARTESIAN_POINT('',(-241.5,52.5,1.9));
#9327=CARTESIAN_POINT('',(-245.730769230769,48.2692307692308,3.8));
#9328=CARTESIAN_POINT('',(-230.5,63.5,1.9));
#9329=CARTESIAN_POINT('',(-234.730769230769,59.2692307692308,3.8));
#9330=CARTESIAN_POINT('',(-241.5,63.5,1.9));
#9331=CARTESIAN_POINT('',(-245.730769230769,59.2692307692308,3.8));
#9332=CARTESIAN_POINT('',(-208.5,52.5,1.9));
#9333=CARTESIAN_POINT('',(-212.730769230769,48.2692307692308,3.8));
#9334=CARTESIAN_POINT('',(-219.5,52.5,1.9));
#9335=CARTESIAN_POINT('',(-223.730769230769,48.2692307692308,3.8));
#9336=CARTESIAN_POINT('',(-208.5,63.5,1.9));
#9337=CARTESIAN_POINT('',(-212.730769230769,59.2692307692308,3.8));
#9338=CARTESIAN_POINT('',(-219.5,63.5,1.9));
#9339=CARTESIAN_POINT('',(-223.730769230769,59.2692307692308,3.8));
#9340=CARTESIAN_POINT('',(-186.5,52.5,1.9));
#9341=CARTESIAN_POINT('',(-190.730769230769,48.2692307692308,3.8));
#9342=CARTESIAN_POINT('',(-197.5,52.5,1.9));
#9343=CARTESIAN_POINT('',(-201.730769230769,48.2692307692308,3.8));
#9344=CARTESIAN_POINT('',(-186.5,63.5,1.9));
#9345=CARTESIAN_POINT('',(-190.730769230769,59.2692307692308,3.8));
#9346=CARTESIAN_POINT('',(-197.5,63.5,1.9));
#9347=CARTESIAN_POINT('',(-201.730769230769,59.2692307692308,3.8));
#9348=CARTESIAN_POINT('',(-164.5,52.5,1.9));
#9349=CARTESIAN_POINT('',(-168.730769230769,48.2692307692308,3.8));
#9350=CARTESIAN_POINT('',(-175.5,52.5,1.9));
#9351=CARTESIAN_POINT('',(-179.730769230769,48.2692307692308,3.8));
#9352=CARTESIAN_POINT('',(-164.5,63.5,1.9));
#9353=CARTESIAN_POINT('',(-168.730769230769,59.2692307692308,3.8));
#9354=CARTESIAN_POINT('',(-175.5,63.5,1.9));
#9355=CARTESIAN_POINT('',(-179.730769230769,59.2692307692308,3.8));
#9356=CARTESIAN_POINT('',(-142.5,52.5,1.9));
#9357=CARTESIAN_POINT('',(-146.730769230769,48.2692307692308,3.8));
#9358=CARTESIAN_POINT('',(-153.5,52.5,1.9));
#9359=CARTESIAN_POINT('',(-157.730769230769,48.2692307692308,3.8));
#9360=CARTESIAN_POINT('',(-142.5,63.5,1.9));
#9361=CARTESIAN_POINT('',(-146.730769230769,59.2692307692308,3.8));
#9362=CARTESIAN_POINT('',(-153.5,63.5,1.9));
#9363=CARTESIAN_POINT('',(-157.730769230769,59.2692307692308,3.8));
#9364=CARTESIAN_POINT('',(-252.5,96.5,1.9));
#9365=CARTESIAN_POINT('',(-256.730769230769,92.2692307692308,3.8));
#9366=CARTESIAN_POINT('',(-263.5,96.5,1.9));
#9367=CARTESIAN_POINT('',(-267.730769230769,92.2692307692308,3.8));
#9368=CARTESIAN_POINT('',(-252.5,107.5,1.9));
#9369=CARTESIAN_POINT('',(-256.730769230769,103.269230769231,3.8));
#9370=CARTESIAN_POINT('',(-263.5,107.5,1.9));
#9371=CARTESIAN_POINT('',(-267.730769230769,103.269230769231,3.8));
#9372=CARTESIAN_POINT('',(-230.5,96.5,1.9));
#9373=CARTESIAN_POINT('',(-234.730769230769,92.2692307692308,3.8));
#9374=CARTESIAN_POINT('',(-241.5,96.5,1.9));
#9375=CARTESIAN_POINT('',(-245.730769230769,92.2692307692308,3.8));
#9376=CARTESIAN_POINT('',(-230.5,107.5,1.9));
#9377=CARTESIAN_POINT('',(-234.730769230769,103.269230769231,3.8));
#9378=CARTESIAN_POINT('',(-241.5,107.5,1.9));
#9379=CARTESIAN_POINT('',(-245.730769230769,103.269230769231,3.8));
#9380=CARTESIAN_POINT('',(-208.5,96.5,1.9));
#9381=CARTESIAN_POINT('',(-212.730769230769,92.2692307692308,3.8));
#9382=CARTESIAN_POINT('',(-219.5,96.5,1.9));
#9383=CARTESIAN_POINT('',(-223.730769230769,92.2692307692308,3.8));
#9384=CARTESIAN_POINT('',(-208.5,107.5,1.9));
#9385=CARTESIAN_POINT('',(-212.730769230769,103.269230769231,3.8));
#9386=CARTESIAN_POINT('',(-219.5,107.5,1.9));
#9387=CARTESIAN_POINT('',(-223.730769230769,103.269230769231,3.8));
#9388=CARTESIAN_POINT('',(-186.5,96.5,1.9));
#9389=CARTESIAN_POINT('',(-190.730769230769,92.2692307692308,3.8));
#9390=CARTESIAN_POINT('',(-197.5,96.5,1.9));
#9391=CARTESIAN_POINT('',(-201.730769230769,92.2692307692308,3.8));
#9392=CARTESIAN_POINT('',(-186.5,107.5,1.9));
#9393=CARTESIAN_POINT('',(-190.730769230769,103.269230769231,3.8));
#9394=CARTESIAN_POINT('',(-197.5,107.5,1.9));
#9395=CARTESIAN_POINT('',(-201.730769230769,103.269230769231,3.8));
#9396=CARTESIAN_POINT('',(-164.5,96.5,1.9));
#9397=CARTESIAN_POINT('',(-168.730769230769,92.2692307692308,3.8));
#9398=CARTESIAN_POINT('',(-175.5,96.5,1.9));
#9399=CARTESIAN_POINT('',(-179.730769230769,92.2692307692308,3.8));
#9400=CARTESIAN_POINT('',(-164.5,107.5,1.9));
#9401=CARTESIAN_POINT('',(-168.730769230769,103.269230769231,3.8));
#9402=CARTESIAN_POINT('',(-175.5,107.5,1.9));
#9403=CARTESIAN_POINT('',(-179.730769230769,103.269230769231,3.8));
#9404=CARTESIAN_POINT('',(-142.5,96.5,1.9));
#9405=CARTESIAN_POINT('',(-146.730769230769,92.2692307692308,3.8));
#9406=CARTESIAN_POINT('',(-153.5,96.5,1.9));
#9407=CARTESIAN_POINT('',(-157.730769230769,92.2692307692308,3.8));
#9408=CARTESIAN_POINT('',(-142.5,107.5,1.9));
#9409=CARTESIAN_POINT('',(-146.730769230769,103.269230769231,3.8));
#9410=CARTESIAN_POINT('',(-153.5,107.5,1.9));
#9411=CARTESIAN_POINT('',(-157.730769230769,103.269230769231,3.8));
#9412=CARTESIAN_POINT('',(-120.5,41.5,1.9));
#9413=CARTESIAN_POINT('',(-124.730769230769,37.2692307692308,3.8));
#9414=CARTESIAN_POINT('',(-120.5,30.5,1.9));
#9415=CARTESIAN_POINT('',(-124.730769230769,26.2692307692307,3.8));
#9416=CARTESIAN_POINT('',(-131.5,41.5,1.9));
#9417=CARTESIAN_POINT('',(-135.730769230769,37.2692307692308,3.8));
#9418=CARTESIAN_POINT('',(-131.5,30.5,1.9));
#9419=CARTESIAN_POINT('',(-135.730769230769,26.2692307692307,3.8));
#9420=CARTESIAN_POINT('',(-120.5,63.5,1.9));
#9421=CARTESIAN_POINT('',(-124.730769230769,59.2692307692308,3.8));
#9422=CARTESIAN_POINT('',(-120.5,52.5,1.9));
#9423=CARTESIAN_POINT('',(-124.730769230769,48.2692307692308,3.8));
#9424=CARTESIAN_POINT('',(-131.5,63.5,1.9));
#9425=CARTESIAN_POINT('',(-135.730769230769,59.2692307692308,3.8));
#9426=CARTESIAN_POINT('',(-131.5,52.5,1.9));
#9427=CARTESIAN_POINT('',(-135.730769230769,48.2692307692308,3.8));
#9428=CARTESIAN_POINT('',(-131.5,96.5,1.9));
#9429=CARTESIAN_POINT('',(-135.730769230769,92.2692307692307,3.8));
#9430=CARTESIAN_POINT('',(-120.5,129.5,1.9));
#9431=CARTESIAN_POINT('',(-124.730769230769,125.269230769231,3.8));
#9432=CARTESIAN_POINT('',(-120.5,118.5,1.9));
#9433=CARTESIAN_POINT('',(-124.730769230769,114.269230769231,3.8));
#9434=CARTESIAN_POINT('',(-131.5,129.5,1.9));
#9435=CARTESIAN_POINT('',(-135.730769230769,125.269230769231,3.8));
#9436=CARTESIAN_POINT('',(-131.5,118.5,1.9));
#9437=CARTESIAN_POINT('',(-135.730769230769,114.269230769231,3.8));
#9438=CARTESIAN_POINT('',(-263.5,129.5,1.9));
#9439=CARTESIAN_POINT('',(-267.730769230769,125.269230769231,3.8));
#9440=CARTESIAN_POINT('',(-269.,25.,0.));
#9441=CARTESIAN_POINT('',(-115.,25.,0.));
#9442=CARTESIAN_POINT('',(-115.,135.,0.));
#9443=CARTESIAN_POINT('',(-269.,135.,0.));
#9444=CARTESIAN_POINT('',(-269.,25.,0.));
#9445=CARTESIAN_POINT('',(-269.,25.,2.));
#9446=CARTESIAN_POINT('',(-131.5,107.5,1.9));
#9447=CARTESIAN_POINT('',(-120.5,96.5,1.9));
#9448=CARTESIAN_POINT('',(-120.5,107.5,1.9));
#9449=CARTESIAN_POINT('',(-131.5,74.5,1.9));
#9450=CARTESIAN_POINT('',(-131.5,85.5,1.9));
#9451=CARTESIAN_POINT('',(-120.5,74.5,1.9));
#9452=CARTESIAN_POINT('',(-120.5,85.5,1.9));
#9453=CARTESIAN_POINT('',(-153.5,129.5,1.9));
#9454=CARTESIAN_POINT('',(-142.5,129.5,1.9));
#9455=CARTESIAN_POINT('',(-153.5,118.5,1.9));
#9456=CARTESIAN_POINT('',(-142.5,118.5,1.9));
#9457=CARTESIAN_POINT('',(-175.5,129.5,1.9));
#9458=CARTESIAN_POINT('',(-164.5,129.5,1.9));
#9459=CARTESIAN_POINT('',(-175.5,118.5,1.9));
#9460=CARTESIAN_POINT('',(-164.5,118.5,1.9));
#9461=CARTESIAN_POINT('',(-197.5,129.5,1.9));
#9462=CARTESIAN_POINT('',(-186.5,129.5,1.9));
#9463=CARTESIAN_POINT('',(-197.5,118.5,1.9));
#9464=CARTESIAN_POINT('',(-186.5,118.5,1.9));
#9465=CARTESIAN_POINT('',(-219.5,129.5,1.9));
#9466=CARTESIAN_POINT('',(-208.5,129.5,1.9));
#9467=CARTESIAN_POINT('',(-219.5,118.5,1.9));
#9468=CARTESIAN_POINT('',(-208.5,118.5,1.9));
#9469=CARTESIAN_POINT('',(-241.5,129.5,1.9));
#9470=CARTESIAN_POINT('',(-230.5,129.5,1.9));
#9471=CARTESIAN_POINT('',(-241.5,118.5,1.9));
#9472=CARTESIAN_POINT('',(-230.5,118.5,1.9));
#9473=CARTESIAN_POINT('',(-252.5,129.5,1.9));
#9474=CARTESIAN_POINT('',(-263.5,118.5,1.9));
#9475=CARTESIAN_POINT('',(-252.5,118.5,1.9));
#9476=CARTESIAN_POINT('',(-153.5,85.5,1.9));
#9477=CARTESIAN_POINT('',(-142.5,85.5,1.9));
#9478=CARTESIAN_POINT('',(-153.5,74.5,1.9));
#9479=CARTESIAN_POINT('',(-142.5,74.5,1.9));
#9480=CARTESIAN_POINT('',(-175.5,85.5,1.9));
#9481=CARTESIAN_POINT('',(-164.5,85.5,1.9));
#9482=CARTESIAN_POINT('',(-175.5,74.5,1.9));
#9483=CARTESIAN_POINT('',(-164.5,74.5,1.9));
#9484=CARTESIAN_POINT('',(-197.5,85.5,1.9));
#9485=CARTESIAN_POINT('',(-186.5,85.5,1.9));
#9486=CARTESIAN_POINT('',(-197.5,74.5,1.9));
#9487=CARTESIAN_POINT('',(-186.5,74.5,1.9));
#9488=CARTESIAN_POINT('',(-219.5,85.5,1.9));
#9489=CARTESIAN_POINT('',(-208.5,85.5,1.9));
#9490=CARTESIAN_POINT('',(-219.5,74.5,1.9));
#9491=CARTESIAN_POINT('',(-208.5,74.5,1.9));
#9492=CARTESIAN_POINT('',(-241.5,85.5,1.9));
#9493=CARTESIAN_POINT('',(-230.5,85.5,1.9));
#9494=CARTESIAN_POINT('',(-241.5,74.5,1.9));
#9495=CARTESIAN_POINT('',(-230.5,74.5,1.9));
#9496=CARTESIAN_POINT('',(-263.5,85.5,1.9));
#9497=CARTESIAN_POINT('',(-252.5,85.5,1.9));
#9498=CARTESIAN_POINT('',(-263.5,74.5,1.9));
#9499=CARTESIAN_POINT('',(-252.5,74.5,1.9));
#9500=CARTESIAN_POINT('',(-153.5,41.5,1.9));
#9501=CARTESIAN_POINT('',(-142.5,41.5,1.9));
#9502=CARTESIAN_POINT('',(-153.5,30.5,1.9));
#9503=CARTESIAN_POINT('',(-142.5,30.5,1.9));
#9504=CARTESIAN_POINT('',(-175.5,41.5,1.9));
#9505=CARTESIAN_POINT('',(-164.5,41.5,1.9));
#9506=CARTESIAN_POINT('',(-175.5,30.5,1.9));
#9507=CARTESIAN_POINT('',(-164.5,30.5,1.9));
#9508=CARTESIAN_POINT('',(-241.5,41.5,1.9));
#9509=CARTESIAN_POINT('',(-230.5,41.5,1.9));
#9510=CARTESIAN_POINT('',(-241.5,30.5,1.9));
#9511=CARTESIAN_POINT('',(-230.5,30.5,1.9));
#9512=CARTESIAN_POINT('',(-263.5,41.5,1.9));
#9513=CARTESIAN_POINT('',(-252.5,41.5,1.9));
#9514=CARTESIAN_POINT('',(-263.5,30.5,1.9));
#9515=CARTESIAN_POINT('',(-252.5,30.5,1.9));
#9516=CARTESIAN_POINT('',(-208.5,30.5,1.9));
#9517=CARTESIAN_POINT('',(-219.5,30.5,1.9));
#9518=CARTESIAN_POINT('',(-208.5,41.5,1.9));
#9519=CARTESIAN_POINT('',(-219.5,41.5,1.9));
#9520=CARTESIAN_POINT('',(-186.5,30.5,1.9));
#9521=CARTESIAN_POINT('',(-197.5,30.5,1.9));
#9522=CARTESIAN_POINT('',(-186.5,41.5,1.9));
#9523=CARTESIAN_POINT('',(-197.5,41.5,1.9));
#9524=CARTESIAN_POINT('',(-252.5,52.5,1.9));
#9525=CARTESIAN_POINT('',(-263.5,52.5,1.9));
#9526=CARTESIAN_POINT('',(-252.5,63.5,1.9));
#9527=CARTESIAN_POINT('',(-263.5,63.5,1.9));
#9528=CARTESIAN_POINT('',(-230.5,52.5,1.9));
#9529=CARTESIAN_POINT('',(-241.5,52.5,1.9));
#9530=CARTESIAN_POINT('',(-230.5,63.5,1.9));
#9531=CARTESIAN_POINT('',(-241.5,63.5,1.9));
#9532=CARTESIAN_POINT('',(-208.5,52.5,1.9));
#9533=CARTESIAN_POINT('',(-219.5,52.5,1.9));
#9534=CARTESIAN_POINT('',(-208.5,63.5,1.9));
#9535=CARTESIAN_POINT('',(-219.5,63.5,1.9));
#9536=CARTESIAN_POINT('',(-186.5,52.5,1.9));
#9537=CARTESIAN_POINT('',(-197.5,52.5,1.9));
#9538=CARTESIAN_POINT('',(-186.5,63.5,1.9));
#9539=CARTESIAN_POINT('',(-197.5,63.5,1.9));
#9540=CARTESIAN_POINT('',(-164.5,52.5,1.9));
#9541=CARTESIAN_POINT('',(-175.5,52.5,1.9));
#9542=CARTESIAN_POINT('',(-164.5,63.5,1.9));
#9543=CARTESIAN_POINT('',(-175.5,63.5,1.9));
#9544=CARTESIAN_POINT('',(-142.5,52.5,1.9));
#9545=CARTESIAN_POINT('',(-153.5,52.5,1.9));
#9546=CARTESIAN_POINT('',(-142.5,63.5,1.9));
#9547=CARTESIAN_POINT('',(-153.5,63.5,1.9));
#9548=CARTESIAN_POINT('',(-252.5,96.5,1.9));
#9549=CARTESIAN_POINT('',(-263.5,96.5,1.9));
#9550=CARTESIAN_POINT('',(-252.5,107.5,1.9));
#9551=CARTESIAN_POINT('',(-263.5,107.5,1.9));
#9552=CARTESIAN_POINT('',(-230.5,96.5,1.9));
#9553=CARTESIAN_POINT('',(-241.5,96.5,1.9));
#9554=CARTESIAN_POINT('',(-230.5,107.5,1.9));
#9555=CARTESIAN_POINT('',(-241.5,107.5,1.9));
#9556=CARTESIAN_POINT('',(-208.5,96.5,1.9));
#9557=CARTESIAN_POINT('',(-219.5,96.5,1.9));
#9558=CARTESIAN_POINT('',(-208.5,107.5,1.9));
#9559=CARTESIAN_POINT('',(-219.5,107.5,1.9));
#9560=CARTESIAN_POINT('',(-186.5,96.5,1.9));
#9561=CARTESIAN_POINT('',(-197.5,96.5,1.9));
#9562=CARTESIAN_POINT('',(-186.5,107.5,1.9));
#9563=CARTESIAN_POINT('',(-197.5,107.5,1.9));
#9564=CARTESIAN_POINT('',(-164.5,96.5,1.9));
#9565=CARTESIAN_POINT('',(-175.5,96.5,1.9));
#9566=CARTESIAN_POINT('',(-164.5,107.5,1.9));
#9567=CARTESIAN_POINT('',(-175.5,107.5,1.9));
#9568=CARTESIAN_POINT('',(-142.5,96.5,1.9));
#9569=CARTESIAN_POINT('',(-153.5,96.5,1.9));
#9570=CARTESIAN_POINT('',(-142.5,107.5,1.9));
#9571=CARTESIAN_POINT('',(-153.5,107.5,1.9));
#9572=CARTESIAN_POINT('',(-120.5,41.5,1.9));
#9573=CARTESIAN_POINT('',(-120.5,30.5,1.9));
#9574=CARTESIAN_POINT('',(-131.5,41.5,1.9));
#9575=CARTESIAN_POINT('',(-131.5,30.5,1.9));
#9576=CARTESIAN_POINT('',(-120.5,63.5,1.9));
#9577=CARTESIAN_POINT('',(-120.5,52.5,1.9));
#9578=CARTESIAN_POINT('',(-131.5,63.5,1.9));
#9579=CARTESIAN_POINT('',(-131.5,52.5,1.9));
#9580=CARTESIAN_POINT('',(-131.5,96.5,1.9));
#9581=CARTESIAN_POINT('',(-120.5,129.5,1.9));
#9582=CARTESIAN_POINT('',(-120.5,118.5,1.9));
#9583=CARTESIAN_POINT('',(-131.5,129.5,1.9));
#9584=CARTESIAN_POINT('',(-131.5,118.5,1.9));
#9585=CARTESIAN_POINT('',(-263.5,129.5,1.9));
#9586=CARTESIAN_POINT('',(-134.884615384615,107.5,3.8));
#9587=CARTESIAN_POINT('',(-123.884615384615,96.5,3.8));
#9588=CARTESIAN_POINT('',(-123.884615384615,107.5,3.8));
#9589=CARTESIAN_POINT('',(-134.884615384615,74.5,3.8));
#9590=CARTESIAN_POINT('',(-134.884615384615,85.5,3.8));
#9591=CARTESIAN_POINT('',(-123.884615384615,74.5,3.8));
#9592=CARTESIAN_POINT('',(-123.884615384615,85.5,3.8));
#9593=CARTESIAN_POINT('',(-153.5,132.884615384615,3.8));
#9594=CARTESIAN_POINT('',(-142.5,132.884615384615,3.8));
#9595=CARTESIAN_POINT('',(-153.5,121.884615384615,3.8));
#9596=CARTESIAN_POINT('',(-142.5,121.884615384615,3.8));
#9597=CARTESIAN_POINT('',(-175.5,132.884615384615,3.8));
#9598=CARTESIAN_POINT('',(-164.5,132.884615384615,3.8));
#9599=CARTESIAN_POINT('',(-175.5,121.884615384615,3.8));
#9600=CARTESIAN_POINT('',(-164.5,121.884615384615,3.8));
#9601=CARTESIAN_POINT('',(-197.5,132.884615384615,3.8));
#9602=CARTESIAN_POINT('',(-186.5,132.884615384615,3.8));
#9603=CARTESIAN_POINT('',(-197.5,121.884615384615,3.8));
#9604=CARTESIAN_POINT('',(-186.5,121.884615384615,3.8));
#9605=CARTESIAN_POINT('',(-219.5,132.884615384615,3.8));
#9606=CARTESIAN_POINT('',(-208.5,132.884615384615,3.8));
#9607=CARTESIAN_POINT('',(-219.5,121.884615384615,3.8));
#9608=CARTESIAN_POINT('',(-208.5,121.884615384615,3.8));
#9609=CARTESIAN_POINT('',(-241.5,132.884615384615,3.8));
#9610=CARTESIAN_POINT('',(-230.5,132.884615384615,3.8));
#9611=CARTESIAN_POINT('',(-241.5,121.884615384615,3.8));
#9612=CARTESIAN_POINT('',(-230.5,121.884615384615,3.8));
#9613=CARTESIAN_POINT('',(-252.5,132.884615384615,3.8));
#9614=CARTESIAN_POINT('',(-263.5,121.884615384615,3.8));
#9615=CARTESIAN_POINT('',(-252.5,121.884615384615,3.8));
#9616=CARTESIAN_POINT('',(-153.5,88.8846153846154,3.8));
#9617=CARTESIAN_POINT('',(-142.5,88.8846153846154,3.8));
#9618=CARTESIAN_POINT('',(-153.5,77.8846153846154,3.8));
#9619=CARTESIAN_POINT('',(-142.5,77.8846153846154,3.8));
#9620=CARTESIAN_POINT('',(-175.5,88.8846153846154,3.8));
#9621=CARTESIAN_POINT('',(-164.5,88.8846153846154,3.8));
#9622=CARTESIAN_POINT('',(-175.5,77.8846153846154,3.8));
#9623=CARTESIAN_POINT('',(-164.5,77.8846153846154,3.8));
#9624=CARTESIAN_POINT('',(-197.5,88.8846153846154,3.8));
#9625=CARTESIAN_POINT('',(-186.5,88.8846153846154,3.8));
#9626=CARTESIAN_POINT('',(-197.5,77.8846153846154,3.8));
#9627=CARTESIAN_POINT('',(-186.5,77.8846153846154,3.8));
#9628=CARTESIAN_POINT('',(-219.5,88.8846153846154,3.8));
#9629=CARTESIAN_POINT('',(-208.5,88.8846153846154,3.8));
#9630=CARTESIAN_POINT('',(-219.5,77.8846153846154,3.8));
#9631=CARTESIAN_POINT('',(-208.5,77.8846153846154,3.8));
#9632=CARTESIAN_POINT('',(-241.5,88.8846153846154,3.8));
#9633=CARTESIAN_POINT('',(-230.5,88.8846153846154,3.8));
#9634=CARTESIAN_POINT('',(-241.5,77.8846153846154,3.8));
#9635=CARTESIAN_POINT('',(-230.5,77.8846153846154,3.8));
#9636=CARTESIAN_POINT('',(-263.5,88.8846153846154,3.8));
#9637=CARTESIAN_POINT('',(-252.5,88.8846153846154,3.8));
#9638=CARTESIAN_POINT('',(-263.5,77.8846153846154,3.8));
#9639=CARTESIAN_POINT('',(-252.5,77.8846153846154,3.8));
#9640=CARTESIAN_POINT('',(-153.5,44.8846153846154,3.8));
#9641=CARTESIAN_POINT('',(-142.5,44.8846153846154,3.8));
#9642=CARTESIAN_POINT('',(-153.5,33.8846153846154,3.8));
#9643=CARTESIAN_POINT('',(-142.5,33.8846153846154,3.8));
#9644=CARTESIAN_POINT('',(-175.5,44.8846153846154,3.8));
#9645=CARTESIAN_POINT('',(-164.5,44.8846153846154,3.8));
#9646=CARTESIAN_POINT('',(-175.5,33.8846153846154,3.8));
#9647=CARTESIAN_POINT('',(-164.5,33.8846153846154,3.8));
#9648=CARTESIAN_POINT('',(-241.5,44.8846153846154,3.8));
#9649=CARTESIAN_POINT('',(-230.5,44.8846153846154,3.8));
#9650=CARTESIAN_POINT('',(-241.5,33.8846153846154,3.8));
#9651=CARTESIAN_POINT('',(-230.5,33.8846153846154,3.8));
#9652=CARTESIAN_POINT('',(-263.5,44.8846153846154,3.8));
#9653=CARTESIAN_POINT('',(-252.5,44.8846153846154,3.8));
#9654=CARTESIAN_POINT('',(-263.5,33.8846153846154,3.8));
#9655=CARTESIAN_POINT('',(-252.5,33.8846153846154,3.8));
#9656=CARTESIAN_POINT('',(-208.5,33.8846153846154,3.8));
#9657=CARTESIAN_POINT('',(-219.5,33.8846153846154,3.8));
#9658=CARTESIAN_POINT('',(-208.5,44.8846153846154,3.8));
#9659=CARTESIAN_POINT('',(-219.5,44.8846153846154,3.8));
#9660=CARTESIAN_POINT('',(-186.5,33.8846153846154,3.8));
#9661=CARTESIAN_POINT('',(-197.5,33.8846153846154,3.8));
#9662=CARTESIAN_POINT('',(-186.5,44.8846153846154,3.8));
#9663=CARTESIAN_POINT('',(-197.5,44.8846153846154,3.8));
#9664=CARTESIAN_POINT('',(-252.5,55.8846153846154,3.8));
#9665=CARTESIAN_POINT('',(-263.5,55.8846153846154,3.8));
#9666=CARTESIAN_POINT('',(-252.5,66.8846153846154,3.8));
#9667=CARTESIAN_POINT('',(-263.5,66.8846153846154,3.8));
#9668=CARTESIAN_POINT('',(-230.5,55.8846153846154,3.8));
#9669=CARTESIAN_POINT('',(-241.5,55.8846153846154,3.8));
#9670=CARTESIAN_POINT('',(-230.5,66.8846153846154,3.8));
#9671=CARTESIAN_POINT('',(-241.5,66.8846153846154,3.8));
#9672=CARTESIAN_POINT('',(-208.5,55.8846153846154,3.8));
#9673=CARTESIAN_POINT('',(-219.5,55.8846153846154,3.8));
#9674=CARTESIAN_POINT('',(-208.5,66.8846153846154,3.8));
#9675=CARTESIAN_POINT('',(-219.5,66.8846153846154,3.8));
#9676=CARTESIAN_POINT('',(-186.5,55.8846153846154,3.8));
#9677=CARTESIAN_POINT('',(-197.5,55.8846153846154,3.8));
#9678=CARTESIAN_POINT('',(-186.5,66.8846153846154,3.8));
#9679=CARTESIAN_POINT('',(-197.5,66.8846153846154,3.8));
#9680=CARTESIAN_POINT('',(-164.5,55.8846153846154,3.8));
#9681=CARTESIAN_POINT('',(-175.5,55.8846153846154,3.8));
#9682=CARTESIAN_POINT('',(-164.5,66.8846153846154,3.8));
#9683=CARTESIAN_POINT('',(-175.5,66.8846153846154,3.8));
#9684=CARTESIAN_POINT('',(-142.5,55.8846153846154,3.8));
#9685=CARTESIAN_POINT('',(-153.5,55.8846153846154,3.8));
#9686=CARTESIAN_POINT('',(-142.5,66.8846153846154,3.8));
#9687=CARTESIAN_POINT('',(-153.5,66.8846153846154,3.8));
#9688=CARTESIAN_POINT('',(-252.5,99.8846153846154,3.8));
#9689=CARTESIAN_POINT('',(-263.5,99.8846153846154,3.8));
#9690=CARTESIAN_POINT('',(-252.5,110.884615384615,3.8));
#9691=CARTESIAN_POINT('',(-263.5,110.884615384615,3.8));
#9692=CARTESIAN_POINT('',(-230.5,99.8846153846154,3.8));
#9693=CARTESIAN_POINT('',(-241.5,99.8846153846154,3.8));
#9694=CARTESIAN_POINT('',(-230.5,110.884615384615,3.8));
#9695=CARTESIAN_POINT('',(-241.5,110.884615384615,3.8));
#9696=CARTESIAN_POINT('',(-208.5,99.8846153846154,3.8));
#9697=CARTESIAN_POINT('',(-219.5,99.8846153846154,3.8));
#9698=CARTESIAN_POINT('',(-208.5,110.884615384615,3.8));
#9699=CARTESIAN_POINT('',(-219.5,110.884615384615,3.8));
#9700=CARTESIAN_POINT('',(-186.5,99.8846153846154,3.8));
#9701=CARTESIAN_POINT('',(-197.5,99.8846153846154,3.8));
#9702=CARTESIAN_POINT('',(-186.5,110.884615384615,3.8));
#9703=CARTESIAN_POINT('',(-197.5,110.884615384615,3.8));
#9704=CARTESIAN_POINT('',(-164.5,99.8846153846154,3.8));
#9705=CARTESIAN_POINT('',(-175.5,99.8846153846154,3.8));
#9706=CARTESIAN_POINT('',(-164.5,110.884615384615,3.8));
#9707=CARTESIAN_POINT('',(-175.5,110.884615384615,3.8));
#9708=CARTESIAN_POINT('',(-142.5,99.8846153846154,3.8));
#9709=CARTESIAN_POINT('',(-153.5,99.8846153846154,3.8));
#9710=CARTESIAN_POINT('',(-142.5,110.884615384615,3.8));
#9711=CARTESIAN_POINT('',(-153.5,110.884615384615,3.8));
#9712=CARTESIAN_POINT('',(-123.884615384615,41.5,3.8));
#9713=CARTESIAN_POINT('',(-123.884615384615,30.5,3.8));
#9714=CARTESIAN_POINT('',(-134.884615384615,41.5,3.8));
#9715=CARTESIAN_POINT('',(-134.884615384615,30.5,3.8));
#9716=CARTESIAN_POINT('',(-123.884615384615,63.5,3.8));
#9717=CARTESIAN_POINT('',(-123.884615384615,52.5,3.8));
#9718=CARTESIAN_POINT('',(-134.884615384615,63.5,3.8));
#9719=CARTESIAN_POINT('',(-134.884615384615,52.5,3.8));
#9720=CARTESIAN_POINT('',(-134.884615384615,96.5,3.8));
#9721=CARTESIAN_POINT('',(-123.884615384615,129.5,3.8));
#9722=CARTESIAN_POINT('',(-123.884615384615,118.5,3.8));
#9723=CARTESIAN_POINT('',(-134.884615384615,129.5,3.8));
#9724=CARTESIAN_POINT('',(-134.884615384615,118.5,3.8));
#9725=CARTESIAN_POINT('',(-263.5,132.884615384615,3.8));
#9726=CARTESIAN_POINT('',(-269.,25.,0.));
#9727=CARTESIAN_POINT('',(-115.,25.,0.));
#9728=CARTESIAN_POINT('',(-115.,25.,2.));
#9729=CARTESIAN_POINT('',(-269.,25.,2.));
#9730=CARTESIAN_POINT('',(-115.,135.,0.));
#9731=CARTESIAN_POINT('',(-115.,135.,2.));
#9732=CARTESIAN_POINT('',(-269.,135.,0.));
#9733=CARTESIAN_POINT('',(-269.,135.,2.));
#9734=CARTESIAN_POINT('',(-263.5,132.884615384615,2.));
#9735=CARTESIAN_POINT('',(-134.884615384615,118.5,2.));
#9736=CARTESIAN_POINT('',(-134.884615384615,129.5,2.));
#9737=CARTESIAN_POINT('',(-123.884615384615,118.5,2.));
#9738=CARTESIAN_POINT('',(-123.884615384615,129.5,2.));
#9739=CARTESIAN_POINT('',(-134.884615384615,96.5,2.));
#9740=CARTESIAN_POINT('',(-134.884615384615,52.5,2.));
#9741=CARTESIAN_POINT('',(-134.884615384615,63.5,2.));
#9742=CARTESIAN_POINT('',(-123.884615384615,52.5,2.));
#9743=CARTESIAN_POINT('',(-123.884615384615,63.5,2.));
#9744=CARTESIAN_POINT('',(-134.884615384615,30.5,2.));
#9745=CARTESIAN_POINT('',(-134.884615384615,41.5,2.));
#9746=CARTESIAN_POINT('',(-123.884615384615,30.5,2.));
#9747=CARTESIAN_POINT('',(-123.884615384615,41.5,2.));
#9748=CARTESIAN_POINT('',(-153.5,110.884615384615,2.));
#9749=CARTESIAN_POINT('',(-142.5,110.884615384615,2.));
#9750=CARTESIAN_POINT('',(-153.5,99.8846153846154,2.));
#9751=CARTESIAN_POINT('',(-142.5,99.8846153846154,2.));
#9752=CARTESIAN_POINT('',(-175.5,110.884615384615,2.));
#9753=CARTESIAN_POINT('',(-164.5,110.884615384615,2.));
#9754=CARTESIAN_POINT('',(-175.5,99.8846153846154,2.));
#9755=CARTESIAN_POINT('',(-164.5,99.8846153846154,2.));
#9756=CARTESIAN_POINT('',(-197.5,110.884615384615,2.));
#9757=CARTESIAN_POINT('',(-186.5,110.884615384615,2.));
#9758=CARTESIAN_POINT('',(-197.5,99.8846153846154,2.));
#9759=CARTESIAN_POINT('',(-186.5,99.8846153846154,2.));
#9760=CARTESIAN_POINT('',(-219.5,110.884615384615,2.));
#9761=CARTESIAN_POINT('',(-208.5,110.884615384615,2.));
#9762=CARTESIAN_POINT('',(-219.5,99.8846153846154,2.));
#9763=CARTESIAN_POINT('',(-208.5,99.8846153846154,2.));
#9764=CARTESIAN_POINT('',(-241.5,110.884615384615,2.));
#9765=CARTESIAN_POINT('',(-230.5,110.884615384615,2.));
#9766=CARTESIAN_POINT('',(-241.5,99.8846153846154,2.));
#9767=CARTESIAN_POINT('',(-230.5,99.8846153846154,2.));
#9768=CARTESIAN_POINT('',(-263.5,110.884615384615,2.));
#9769=CARTESIAN_POINT('',(-252.5,110.884615384615,2.));
#9770=CARTESIAN_POINT('',(-263.5,99.8846153846154,2.));
#9771=CARTESIAN_POINT('',(-252.5,99.8846153846154,2.));
#9772=CARTESIAN_POINT('',(-153.5,66.8846153846154,2.));
#9773=CARTESIAN_POINT('',(-142.5,66.8846153846154,2.));
#9774=CARTESIAN_POINT('',(-153.5,55.8846153846154,2.));
#9775=CARTESIAN_POINT('',(-142.5,55.8846153846154,2.));
#9776=CARTESIAN_POINT('',(-175.5,66.8846153846154,2.));
#9777=CARTESIAN_POINT('',(-164.5,66.8846153846154,2.));
#9778=CARTESIAN_POINT('',(-175.5,55.8846153846154,2.));
#9779=CARTESIAN_POINT('',(-164.5,55.8846153846154,2.));
#9780=CARTESIAN_POINT('',(-197.5,66.8846153846154,2.));
#9781=CARTESIAN_POINT('',(-186.5,66.8846153846154,2.));
#9782=CARTESIAN_POINT('',(-197.5,55.8846153846154,2.));
#9783=CARTESIAN_POINT('',(-186.5,55.8846153846154,2.));
#9784=CARTESIAN_POINT('',(-219.5,66.8846153846154,2.));
#9785=CARTESIAN_POINT('',(-208.5,66.8846153846154,2.));
#9786=CARTESIAN_POINT('',(-219.5,55.8846153846154,2.));
#9787=CARTESIAN_POINT('',(-208.5,55.8846153846154,2.));
#9788=CARTESIAN_POINT('',(-241.5,66.8846153846154,2.));
#9789=CARTESIAN_POINT('',(-230.5,66.8846153846154,2.));
#9790=CARTESIAN_POINT('',(-241.5,55.8846153846154,2.));
#9791=CARTESIAN_POINT('',(-230.5,55.8846153846154,2.));
#9792=CARTESIAN_POINT('',(-263.5,66.8846153846154,2.));
#9793=CARTESIAN_POINT('',(-252.5,66.8846153846154,2.));
#9794=CARTESIAN_POINT('',(-263.5,55.8846153846154,2.));
#9795=CARTESIAN_POINT('',(-252.5,55.8846153846154,2.));
#9796=CARTESIAN_POINT('',(-197.5,44.8846153846154,2.));
#9797=CARTESIAN_POINT('',(-186.5,44.8846153846154,2.));
#9798=CARTESIAN_POINT('',(-197.5,33.8846153846154,2.));
#9799=CARTESIAN_POINT('',(-186.5,33.8846153846154,2.));
#9800=CARTESIAN_POINT('',(-219.5,44.8846153846154,2.));
#9801=CARTESIAN_POINT('',(-208.5,44.8846153846154,2.));
#9802=CARTESIAN_POINT('',(-219.5,33.8846153846154,2.));
#9803=CARTESIAN_POINT('',(-208.5,33.8846153846154,2.));
#9804=CARTESIAN_POINT('',(-252.5,33.8846153846154,2.));
#9805=CARTESIAN_POINT('',(-263.5,33.8846153846154,2.));
#9806=CARTESIAN_POINT('',(-252.5,44.8846153846154,2.));
#9807=CARTESIAN_POINT('',(-263.5,44.8846153846154,2.));
#9808=CARTESIAN_POINT('',(-230.5,33.8846153846154,2.));
#9809=CARTESIAN_POINT('',(-241.5,33.8846153846154,2.));
#9810=CARTESIAN_POINT('',(-230.5,44.8846153846154,2.));
#9811=CARTESIAN_POINT('',(-241.5,44.8846153846154,2.));
#9812=CARTESIAN_POINT('',(-164.5,33.8846153846154,2.));
#9813=CARTESIAN_POINT('',(-175.5,33.8846153846154,2.));
#9814=CARTESIAN_POINT('',(-164.5,44.8846153846154,2.));
#9815=CARTESIAN_POINT('',(-175.5,44.8846153846154,2.));
#9816=CARTESIAN_POINT('',(-142.5,33.8846153846154,2.));
#9817=CARTESIAN_POINT('',(-153.5,33.8846153846154,2.));
#9818=CARTESIAN_POINT('',(-142.5,44.8846153846154,2.));
#9819=CARTESIAN_POINT('',(-153.5,44.8846153846154,2.));
#9820=CARTESIAN_POINT('',(-252.5,77.8846153846154,2.));
#9821=CARTESIAN_POINT('',(-263.5,77.8846153846154,2.));
#9822=CARTESIAN_POINT('',(-252.5,88.8846153846154,2.));
#9823=CARTESIAN_POINT('',(-263.5,88.8846153846154,2.));
#9824=CARTESIAN_POINT('',(-230.5,77.8846153846154,2.));
#9825=CARTESIAN_POINT('',(-241.5,77.8846153846154,2.));
#9826=CARTESIAN_POINT('',(-230.5,88.8846153846154,2.));
#9827=CARTESIAN_POINT('',(-241.5,88.8846153846154,2.));
#9828=CARTESIAN_POINT('',(-208.5,77.8846153846154,2.));
#9829=CARTESIAN_POINT('',(-219.5,77.8846153846154,2.));
#9830=CARTESIAN_POINT('',(-208.5,88.8846153846154,2.));
#9831=CARTESIAN_POINT('',(-219.5,88.8846153846154,2.));
#9832=CARTESIAN_POINT('',(-186.5,77.8846153846154,2.));
#9833=CARTESIAN_POINT('',(-197.5,77.8846153846154,2.));
#9834=CARTESIAN_POINT('',(-186.5,88.8846153846154,2.));
#9835=CARTESIAN_POINT('',(-197.5,88.8846153846154,2.));
#9836=CARTESIAN_POINT('',(-164.5,77.8846153846154,2.));
#9837=CARTESIAN_POINT('',(-175.5,77.8846153846154,2.));
#9838=CARTESIAN_POINT('',(-164.5,88.8846153846154,2.));
#9839=CARTESIAN_POINT('',(-175.5,88.8846153846154,2.));
#9840=CARTESIAN_POINT('',(-142.5,77.8846153846154,2.));
#9841=CARTESIAN_POINT('',(-153.5,77.8846153846154,2.));
#9842=CARTESIAN_POINT('',(-142.5,88.8846153846154,2.));
#9843=CARTESIAN_POINT('',(-153.5,88.8846153846154,2.));
#9844=CARTESIAN_POINT('',(-252.5,121.884615384615,2.));
#9845=CARTESIAN_POINT('',(-263.5,121.884615384615,2.));
#9846=CARTESIAN_POINT('',(-252.5,132.884615384615,2.));
#9847=CARTESIAN_POINT('',(-230.5,121.884615384615,2.));
#9848=CARTESIAN_POINT('',(-241.5,121.884615384615,2.));
#9849=CARTESIAN_POINT('',(-230.5,132.884615384615,2.));
#9850=CARTESIAN_POINT('',(-241.5,132.884615384615,2.));
#9851=CARTESIAN_POINT('',(-208.5,121.884615384615,2.));
#9852=CARTESIAN_POINT('',(-219.5,121.884615384615,2.));
#9853=CARTESIAN_POINT('',(-208.5,132.884615384615,2.));
#9854=CARTESIAN_POINT('',(-219.5,132.884615384615,2.));
#9855=CARTESIAN_POINT('',(-186.5,121.884615384615,2.));
#9856=CARTESIAN_POINT('',(-197.5,121.884615384615,2.));
#9857=CARTESIAN_POINT('',(-186.5,132.884615384615,2.));
#9858=CARTESIAN_POINT('',(-197.5,132.884615384615,2.));
#9859=CARTESIAN_POINT('',(-164.5,121.884615384615,2.));
#9860=CARTESIAN_POINT('',(-175.5,121.884615384615,2.));
#9861=CARTESIAN_POINT('',(-164.5,132.884615384615,2.));
#9862=CARTESIAN_POINT('',(-175.5,132.884615384615,2.));
#9863=CARTESIAN_POINT('',(-142.5,121.884615384615,2.));
#9864=CARTESIAN_POINT('',(-153.5,121.884615384615,2.));
#9865=CARTESIAN_POINT('',(-142.5,132.884615384615,2.));
#9866=CARTESIAN_POINT('',(-153.5,132.884615384615,2.));
#9867=CARTESIAN_POINT('',(-123.884615384615,85.5,2.));
#9868=CARTESIAN_POINT('',(-123.884615384615,74.5,2.));
#9869=CARTESIAN_POINT('',(-134.884615384615,85.5,2.));
#9870=CARTESIAN_POINT('',(-134.884615384615,74.5,2.));
#9871=CARTESIAN_POINT('',(-123.884615384615,107.5,2.));
#9872=CARTESIAN_POINT('',(-123.884615384615,96.5,2.));
#9873=CARTESIAN_POINT('',(-134.884615384615,107.5,2.));
#9874=CARTESIAN_POINT('',(-128.115384615385,107.5,2.));
#9875=CARTESIAN_POINT('',(-128.115384615385,107.5,3.8));
#9876=CARTESIAN_POINT('',(-117.115384615385,96.5,2.));
#9877=CARTESIAN_POINT('',(-117.115384615385,96.5,3.8));
#9878=CARTESIAN_POINT('',(-117.115384615385,107.5,2.));
#9879=CARTESIAN_POINT('',(-117.115384615385,107.5,3.8));
#9880=CARTESIAN_POINT('',(-128.115384615385,74.5,2.));
#9881=CARTESIAN_POINT('',(-128.115384615385,74.5,3.8));
#9882=CARTESIAN_POINT('',(-128.115384615385,85.5,2.));
#9883=CARTESIAN_POINT('',(-128.115384615385,85.5,3.8));
#9884=CARTESIAN_POINT('',(-117.115384615385,74.5,2.));
#9885=CARTESIAN_POINT('',(-117.115384615385,74.5,3.8));
#9886=CARTESIAN_POINT('',(-117.115384615385,85.5,2.));
#9887=CARTESIAN_POINT('',(-117.115384615385,85.5,3.8));
#9888=CARTESIAN_POINT('',(-153.5,126.115384615385,2.));
#9889=CARTESIAN_POINT('',(-153.5,126.115384615385,3.8));
#9890=CARTESIAN_POINT('',(-142.5,126.115384615385,2.));
#9891=CARTESIAN_POINT('',(-142.5,126.115384615385,3.8));
#9892=CARTESIAN_POINT('',(-153.5,115.115384615385,2.));
#9893=CARTESIAN_POINT('',(-153.5,115.115384615385,3.8));
#9894=CARTESIAN_POINT('',(-142.5,115.115384615385,2.));
#9895=CARTESIAN_POINT('',(-142.5,115.115384615385,3.8));
#9896=CARTESIAN_POINT('',(-175.5,126.115384615385,2.));
#9897=CARTESIAN_POINT('',(-175.5,126.115384615385,3.8));
#9898=CARTESIAN_POINT('',(-164.5,126.115384615385,2.));
#9899=CARTESIAN_POINT('',(-164.5,126.115384615385,3.8));
#9900=CARTESIAN_POINT('',(-175.5,115.115384615385,2.));
#9901=CARTESIAN_POINT('',(-175.5,115.115384615385,3.8));
#9902=CARTESIAN_POINT('',(-164.5,115.115384615385,2.));
#9903=CARTESIAN_POINT('',(-164.5,115.115384615385,3.8));
#9904=CARTESIAN_POINT('',(-197.5,126.115384615385,2.));
#9905=CARTESIAN_POINT('',(-197.5,126.115384615385,3.8));
#9906=CARTESIAN_POINT('',(-186.5,126.115384615385,2.));
#9907=CARTESIAN_POINT('',(-186.5,126.115384615385,3.8));
#9908=CARTESIAN_POINT('',(-197.5,115.115384615385,2.));
#9909=CARTESIAN_POINT('',(-197.5,115.115384615385,3.8));
#9910=CARTESIAN_POINT('',(-186.5,115.115384615385,2.));
#9911=CARTESIAN_POINT('',(-186.5,115.115384615385,3.8));
#9912=CARTESIAN_POINT('',(-219.5,126.115384615385,2.));
#9913=CARTESIAN_POINT('',(-219.5,126.115384615385,3.8));
#9914=CARTESIAN_POINT('',(-208.5,126.115384615385,2.));
#9915=CARTESIAN_POINT('',(-208.5,126.115384615385,3.8));
#9916=CARTESIAN_POINT('',(-219.5,115.115384615385,2.));
#9917=CARTESIAN_POINT('',(-219.5,115.115384615385,3.8));
#9918=CARTESIAN_POINT('',(-208.5,115.115384615385,2.));
#9919=CARTESIAN_POINT('',(-208.5,115.115384615385,3.8));
#9920=CARTESIAN_POINT('',(-241.5,126.115384615385,2.));
#9921=CARTESIAN_POINT('',(-241.5,126.115384615385,3.8));
#9922=CARTESIAN_POINT('',(-230.5,126.115384615385,2.));
#9923=CARTESIAN_POINT('',(-230.5,126.115384615385,3.8));
#9924=CARTESIAN_POINT('',(-241.5,115.115384615385,2.));
#9925=CARTESIAN_POINT('',(-241.5,115.115384615385,3.8));
#9926=CARTESIAN_POINT('',(-230.5,115.115384615385,2.));
#9927=CARTESIAN_POINT('',(-230.5,115.115384615385,3.8));
#9928=CARTESIAN_POINT('',(-252.5,126.115384615385,2.));
#9929=CARTESIAN_POINT('',(-252.5,126.115384615385,3.8));
#9930=CARTESIAN_POINT('',(-263.5,115.115384615385,2.));
#9931=CARTESIAN_POINT('',(-263.5,115.115384615385,3.8));
#9932=CARTESIAN_POINT('',(-252.5,115.115384615385,2.));
#9933=CARTESIAN_POINT('',(-252.5,115.115384615385,3.8));
#9934=CARTESIAN_POINT('',(-153.5,82.1153846153846,2.));
#9935=CARTESIAN_POINT('',(-153.5,82.1153846153846,3.8));
#9936=CARTESIAN_POINT('',(-142.5,82.1153846153846,2.));
#9937=CARTESIAN_POINT('',(-142.5,82.1153846153846,3.8));
#9938=CARTESIAN_POINT('',(-153.5,71.1153846153846,2.));
#9939=CARTESIAN_POINT('',(-153.5,71.1153846153846,3.8));
#9940=CARTESIAN_POINT('',(-142.5,71.1153846153846,2.));
#9941=CARTESIAN_POINT('',(-142.5,71.1153846153846,3.8));
#9942=CARTESIAN_POINT('',(-175.5,82.1153846153846,2.));
#9943=CARTESIAN_POINT('',(-175.5,82.1153846153846,3.8));
#9944=CARTESIAN_POINT('',(-164.5,82.1153846153846,2.));
#9945=CARTESIAN_POINT('',(-164.5,82.1153846153846,3.8));
#9946=CARTESIAN_POINT('',(-175.5,71.1153846153846,2.));
#9947=CARTESIAN_POINT('',(-175.5,71.1153846153846,3.8));
#9948=CARTESIAN_POINT('',(-164.5,71.1153846153846,2.));
#9949=CARTESIAN_POINT('',(-164.5,71.1153846153846,3.8));
#9950=CARTESIAN_POINT('',(-197.5,82.1153846153846,2.));
#9951=CARTESIAN_POINT('',(-197.5,82.1153846153846,3.8));
#9952=CARTESIAN_POINT('',(-186.5,82.1153846153846,2.));
#9953=CARTESIAN_POINT('',(-186.5,82.1153846153846,3.8));
#9954=CARTESIAN_POINT('',(-197.5,71.1153846153846,2.));
#9955=CARTESIAN_POINT('',(-197.5,71.1153846153846,3.8));
#9956=CARTESIAN_POINT('',(-186.5,71.1153846153846,2.));
#9957=CARTESIAN_POINT('',(-186.5,71.1153846153846,3.8));
#9958=CARTESIAN_POINT('',(-219.5,82.1153846153846,2.));
#9959=CARTESIAN_POINT('',(-219.5,82.1153846153846,3.8));
#9960=CARTESIAN_POINT('',(-208.5,82.1153846153846,2.));
#9961=CARTESIAN_POINT('',(-208.5,82.1153846153846,3.8));
#9962=CARTESIAN_POINT('',(-219.5,71.1153846153846,2.));
#9963=CARTESIAN_POINT('',(-219.5,71.1153846153846,3.8));
#9964=CARTESIAN_POINT('',(-208.5,71.1153846153846,2.));
#9965=CARTESIAN_POINT('',(-208.5,71.1153846153846,3.8));
#9966=CARTESIAN_POINT('',(-241.5,82.1153846153846,2.));
#9967=CARTESIAN_POINT('',(-241.5,82.1153846153846,3.8));
#9968=CARTESIAN_POINT('',(-230.5,82.1153846153846,2.));
#9969=CARTESIAN_POINT('',(-230.5,82.1153846153846,3.8));
#9970=CARTESIAN_POINT('',(-241.5,71.1153846153846,2.));
#9971=CARTESIAN_POINT('',(-241.5,71.1153846153846,3.8));
#9972=CARTESIAN_POINT('',(-230.5,71.1153846153846,2.));
#9973=CARTESIAN_POINT('',(-230.5,71.1153846153846,3.8));
#9974=CARTESIAN_POINT('',(-263.5,82.1153846153846,2.));
#9975=CARTESIAN_POINT('',(-263.5,82.1153846153846,3.8));
#9976=CARTESIAN_POINT('',(-252.5,82.1153846153846,2.));
#9977=CARTESIAN_POINT('',(-252.5,82.1153846153846,3.8));
#9978=CARTESIAN_POINT('',(-263.5,71.1153846153846,2.));
#9979=CARTESIAN_POINT('',(-263.5,71.1153846153846,3.8));
#9980=CARTESIAN_POINT('',(-252.5,71.1153846153846,2.));
#9981=CARTESIAN_POINT('',(-252.5,71.1153846153846,3.8));
#9982=CARTESIAN_POINT('',(-153.5,38.1153846153846,2.));
#9983=CARTESIAN_POINT('',(-153.5,38.1153846153846,3.8));
#9984=CARTESIAN_POINT('',(-142.5,38.1153846153846,2.));
#9985=CARTESIAN_POINT('',(-142.5,38.1153846153846,3.8));
#9986=CARTESIAN_POINT('',(-153.5,27.1153846153846,2.));
#9987=CARTESIAN_POINT('',(-153.5,27.1153846153846,3.8));
#9988=CARTESIAN_POINT('',(-142.5,27.1153846153846,2.));
#9989=CARTESIAN_POINT('',(-142.5,27.1153846153846,3.8));
#9990=CARTESIAN_POINT('',(-175.5,38.1153846153846,2.));
#9991=CARTESIAN_POINT('',(-175.5,38.1153846153846,3.8));
#9992=CARTESIAN_POINT('',(-164.5,38.1153846153846,2.));
#9993=CARTESIAN_POINT('',(-164.5,38.1153846153846,3.8));
#9994=CARTESIAN_POINT('',(-175.5,27.1153846153846,2.));
#9995=CARTESIAN_POINT('',(-175.5,27.1153846153846,3.8));
#9996=CARTESIAN_POINT('',(-164.5,27.1153846153846,2.));
#9997=CARTESIAN_POINT('',(-164.5,27.1153846153846,3.8));
#9998=CARTESIAN_POINT('',(-241.5,38.1153846153846,2.));
#9999=CARTESIAN_POINT('',(-241.5,38.1153846153846,3.8));
#10000=CARTESIAN_POINT('',(-230.5,38.1153846153846,2.));
#10001=CARTESIAN_POINT('',(-230.5,38.1153846153846,3.8));
#10002=CARTESIAN_POINT('',(-241.5,27.1153846153846,2.));
#10003=CARTESIAN_POINT('',(-241.5,27.1153846153846,3.8));
#10004=CARTESIAN_POINT('',(-230.5,27.1153846153846,2.));
#10005=CARTESIAN_POINT('',(-230.5,27.1153846153846,3.8));
#10006=CARTESIAN_POINT('',(-263.5,38.1153846153846,2.));
#10007=CARTESIAN_POINT('',(-263.5,38.1153846153846,3.8));
#10008=CARTESIAN_POINT('',(-252.5,38.1153846153846,2.));
#10009=CARTESIAN_POINT('',(-252.5,38.1153846153846,3.8));
#10010=CARTESIAN_POINT('',(-263.5,27.1153846153846,2.));
#10011=CARTESIAN_POINT('',(-263.5,27.1153846153846,3.8));
#10012=CARTESIAN_POINT('',(-252.5,27.1153846153846,2.));
#10013=CARTESIAN_POINT('',(-252.5,27.1153846153846,3.8));
#10014=CARTESIAN_POINT('',(-208.5,27.1153846153846,2.));
#10015=CARTESIAN_POINT('',(-208.5,27.1153846153846,3.8));
#10016=CARTESIAN_POINT('',(-219.5,27.1153846153846,2.));
#10017=CARTESIAN_POINT('',(-219.5,27.1153846153846,3.8));
#10018=CARTESIAN_POINT('',(-208.5,38.1153846153846,2.));
#10019=CARTESIAN_POINT('',(-208.5,38.1153846153846,3.8));
#10020=CARTESIAN_POINT('',(-219.5,38.1153846153846,2.));
#10021=CARTESIAN_POINT('',(-219.5,38.1153846153846,3.8));
#10022=CARTESIAN_POINT('',(-186.5,27.1153846153846,2.));
#10023=CARTESIAN_POINT('',(-186.5,27.1153846153846,3.8));
#10024=CARTESIAN_POINT('',(-197.5,27.1153846153846,2.));
#10025=CARTESIAN_POINT('',(-197.5,27.1153846153846,3.8));
#10026=CARTESIAN_POINT('',(-186.5,38.1153846153846,2.));
#10027=CARTESIAN_POINT('',(-186.5,38.1153846153846,3.8));
#10028=CARTESIAN_POINT('',(-197.5,38.1153846153846,2.));
#10029=CARTESIAN_POINT('',(-197.5,38.1153846153846,3.8));
#10030=CARTESIAN_POINT('',(-252.5,49.1153846153846,2.));
#10031=CARTESIAN_POINT('',(-252.5,49.1153846153846,3.8));
#10032=CARTESIAN_POINT('',(-263.5,49.1153846153846,2.));
#10033=CARTESIAN_POINT('',(-263.5,49.1153846153846,3.8));
#10034=CARTESIAN_POINT('',(-252.5,60.1153846153846,2.));
#10035=CARTESIAN_POINT('',(-252.5,60.1153846153846,3.8));
#10036=CARTESIAN_POINT('',(-263.5,60.1153846153846,2.));
#10037=CARTESIAN_POINT('',(-263.5,60.1153846153846,3.8));
#10038=CARTESIAN_POINT('',(-230.5,49.1153846153846,2.));
#10039=CARTESIAN_POINT('',(-230.5,49.1153846153846,3.8));
#10040=CARTESIAN_POINT('',(-241.5,49.1153846153846,2.));
#10041=CARTESIAN_POINT('',(-241.5,49.1153846153846,3.8));
#10042=CARTESIAN_POINT('',(-230.5,60.1153846153846,2.));
#10043=CARTESIAN_POINT('',(-230.5,60.1153846153846,3.8));
#10044=CARTESIAN_POINT('',(-241.5,60.1153846153846,2.));
#10045=CARTESIAN_POINT('',(-241.5,60.1153846153846,3.8));
#10046=CARTESIAN_POINT('',(-208.5,49.1153846153846,2.));
#10047=CARTESIAN_POINT('',(-208.5,49.1153846153846,3.8));
#10048=CARTESIAN_POINT('',(-219.5,49.1153846153846,2.));
#10049=CARTESIAN_POINT('',(-219.5,49.1153846153846,3.8));
#10050=CARTESIAN_POINT('',(-208.5,60.1153846153846,2.));
#10051=CARTESIAN_POINT('',(-208.5,60.1153846153846,3.8));
#10052=CARTESIAN_POINT('',(-219.5,60.1153846153846,2.));
#10053=CARTESIAN_POINT('',(-219.5,60.1153846153846,3.8));
#10054=CARTESIAN_POINT('',(-186.5,49.1153846153846,2.));
#10055=CARTESIAN_POINT('',(-186.5,49.1153846153846,3.8));
#10056=CARTESIAN_POINT('',(-197.5,49.1153846153846,2.));
#10057=CARTESIAN_POINT('',(-197.5,49.1153846153846,3.8));
#10058=CARTESIAN_POINT('',(-186.5,60.1153846153846,2.));
#10059=CARTESIAN_POINT('',(-186.5,60.1153846153846,3.8));
#10060=CARTESIAN_POINT('',(-197.5,60.1153846153846,2.));
#10061=CARTESIAN_POINT('',(-197.5,60.1153846153846,3.8));
#10062=CARTESIAN_POINT('',(-164.5,49.1153846153846,2.));
#10063=CARTESIAN_POINT('',(-164.5,49.1153846153846,3.8));
#10064=CARTESIAN_POINT('',(-175.5,49.1153846153846,2.));
#10065=CARTESIAN_POINT('',(-175.5,49.1153846153846,3.8));
#10066=CARTESIAN_POINT('',(-164.5,60.1153846153846,2.));
#10067=CARTESIAN_POINT('',(-164.5,60.1153846153846,3.8));
#10068=CARTESIAN_POINT('',(-175.5,60.1153846153846,2.));
#10069=CARTESIAN_POINT('',(-175.5,60.1153846153846,3.8));
#10070=CARTESIAN_POINT('',(-142.5,49.1153846153846,2.));
#10071=CARTESIAN_POINT('',(-142.5,49.1153846153846,3.8));
#10072=CARTESIAN_POINT('',(-153.5,49.1153846153846,2.));
#10073=CARTESIAN_POINT('',(-153.5,49.1153846153846,3.8));
#10074=CARTESIAN_POINT('',(-142.5,60.1153846153846,2.));
#10075=CARTESIAN_POINT('',(-142.5,60.1153846153846,3.8));
#10076=CARTESIAN_POINT('',(-153.5,60.1153846153846,2.));
#10077=CARTESIAN_POINT('',(-153.5,60.1153846153846,3.8));
#10078=CARTESIAN_POINT('',(-252.5,93.1153846153846,2.));
#10079=CARTESIAN_POINT('',(-252.5,93.1153846153846,3.8));
#10080=CARTESIAN_POINT('',(-263.5,93.1153846153846,2.));
#10081=CARTESIAN_POINT('',(-263.5,93.1153846153846,3.8));
#10082=CARTESIAN_POINT('',(-252.5,104.115384615385,2.));
#10083=CARTESIAN_POINT('',(-252.5,104.115384615385,3.8));
#10084=CARTESIAN_POINT('',(-263.5,104.115384615385,2.));
#10085=CARTESIAN_POINT('',(-263.5,104.115384615385,3.8));
#10086=CARTESIAN_POINT('',(-230.5,93.1153846153846,2.));
#10087=CARTESIAN_POINT('',(-230.5,93.1153846153846,3.8));
#10088=CARTESIAN_POINT('',(-241.5,93.1153846153846,2.));
#10089=CARTESIAN_POINT('',(-241.5,93.1153846153846,3.8));
#10090=CARTESIAN_POINT('',(-230.5,104.115384615385,2.));
#10091=CARTESIAN_POINT('',(-230.5,104.115384615385,3.8));
#10092=CARTESIAN_POINT('',(-241.5,104.115384615385,2.));
#10093=CARTESIAN_POINT('',(-241.5,104.115384615385,3.8));
#10094=CARTESIAN_POINT('',(-208.5,93.1153846153846,2.));
#10095=CARTESIAN_POINT('',(-208.5,93.1153846153846,3.8));
#10096=CARTESIAN_POINT('',(-219.5,93.1153846153846,2.));
#10097=CARTESIAN_POINT('',(-219.5,93.1153846153846,3.8));
#10098=CARTESIAN_POINT('',(-208.5,104.115384615385,2.));
#10099=CARTESIAN_POINT('',(-208.5,104.115384615385,3.8));
#10100=CARTESIAN_POINT('',(-219.5,104.115384615385,2.));
#10101=CARTESIAN_POINT('',(-219.5,104.115384615385,3.8));
#10102=CARTESIAN_POINT('',(-186.5,93.1153846153846,2.));
#10103=CARTESIAN_POINT('',(-186.5,93.1153846153846,3.8));
#10104=CARTESIAN_POINT('',(-197.5,93.1153846153846,2.));
#10105=CARTESIAN_POINT('',(-197.5,93.1153846153846,3.8));
#10106=CARTESIAN_POINT('',(-186.5,104.115384615385,2.));
#10107=CARTESIAN_POINT('',(-186.5,104.115384615385,3.8));
#10108=CARTESIAN_POINT('',(-197.5,104.115384615385,2.));
#10109=CARTESIAN_POINT('',(-197.5,104.115384615385,3.8));
#10110=CARTESIAN_POINT('',(-164.5,93.1153846153846,2.));
#10111=CARTESIAN_POINT('',(-164.5,93.1153846153846,3.8));
#10112=CARTESIAN_POINT('',(-175.5,93.1153846153846,2.));
#10113=CARTESIAN_POINT('',(-175.5,93.1153846153846,3.8));
#10114=CARTESIAN_POINT('',(-164.5,104.115384615385,2.));
#10115=CARTESIAN_POINT('',(-164.5,104.115384615385,3.8));
#10116=CARTESIAN_POINT('',(-175.5,104.115384615385,2.));
#10117=CARTESIAN_POINT('',(-175.5,104.115384615385,3.8));
#10118=CARTESIAN_POINT('',(-142.5,93.1153846153846,2.));
#10119=CARTESIAN_POINT('',(-142.5,93.1153846153846,3.8));
#10120=CARTESIAN_POINT('',(-153.5,93.1153846153846,2.));
#10121=CARTESIAN_POINT('',(-153.5,93.1153846153846,3.8));
#10122=CARTESIAN_POINT('',(-142.5,104.115384615385,2.));
#10123=CARTESIAN_POINT('',(-142.5,104.115384615385,3.8));
#10124=CARTESIAN_POINT('',(-153.5,104.115384615385,2.));
#10125=CARTESIAN_POINT('',(-153.5,104.115384615385,3.8));
#10126=CARTESIAN_POINT('',(-117.115384615385,41.5,2.));
#10127=CARTESIAN_POINT('',(-117.115384615385,41.5,3.8));
#10128=CARTESIAN_POINT('',(-117.115384615385,30.5,2.));
#10129=CARTESIAN_POINT('',(-117.115384615385,30.5,3.8));
#10130=CARTESIAN_POINT('',(-128.115384615385,41.5,2.));
#10131=CARTESIAN_POINT('',(-128.115384615385,41.5,3.8));
#10132=CARTESIAN_POINT('',(-128.115384615385,30.5,2.));
#10133=CARTESIAN_POINT('',(-128.115384615385,30.5,3.8));
#10134=CARTESIAN_POINT('',(-117.115384615385,63.5,2.));
#10135=CARTESIAN_POINT('',(-117.115384615385,63.5,3.8));
#10136=CARTESIAN_POINT('',(-117.115384615385,52.5,2.));
#10137=CARTESIAN_POINT('',(-117.115384615385,52.5,3.8));
#10138=CARTESIAN_POINT('',(-128.115384615385,63.5,2.));
#10139=CARTESIAN_POINT('',(-128.115384615385,63.5,3.8));
#10140=CARTESIAN_POINT('',(-128.115384615385,52.5,2.));
#10141=CARTESIAN_POINT('',(-128.115384615385,52.5,3.8));
#10142=CARTESIAN_POINT('',(-128.115384615385,96.5,2.));
#10143=CARTESIAN_POINT('',(-128.115384615385,96.5,3.8));
#10144=CARTESIAN_POINT('',(-117.115384615385,129.5,2.));
#10145=CARTESIAN_POINT('',(-117.115384615385,129.5,3.8));
#10146=CARTESIAN_POINT('',(-117.115384615385,118.5,2.));
#10147=CARTESIAN_POINT('',(-117.115384615385,118.5,3.8));
#10148=CARTESIAN_POINT('',(-128.115384615385,129.5,2.));
#10149=CARTESIAN_POINT('',(-128.115384615385,129.5,3.8));
#10150=CARTESIAN_POINT('',(-128.115384615385,118.5,2.));
#10151=CARTESIAN_POINT('',(-128.115384615385,118.5,3.8));
#10152=CARTESIAN_POINT('',(-263.5,126.115384615385,2.));
#10153=CARTESIAN_POINT('',(-263.5,126.115384615385,3.8));
#10154=CARTESIAN_POINT('',(-131.5,107.5,3.8));
#10155=CARTESIAN_POINT('',(-134.884615384615,107.5,3.8));
#10156=CARTESIAN_POINT('',(-128.115384615385,107.5,3.8));
#10157=CARTESIAN_POINT('',(-120.5,96.5,3.8));
#10158=CARTESIAN_POINT('',(-123.884615384615,96.5,3.8));
#10159=CARTESIAN_POINT('',(-117.115384615385,96.5,3.8));
#10160=CARTESIAN_POINT('',(-120.5,107.5,3.8));
#10161=CARTESIAN_POINT('',(-123.884615384615,107.5,3.8));
#10162=CARTESIAN_POINT('',(-117.115384615385,107.5,3.8));
#10163=CARTESIAN_POINT('',(-131.5,74.5,3.8));
#10164=CARTESIAN_POINT('',(-134.884615384615,74.5,3.8));
#10165=CARTESIAN_POINT('',(-128.115384615385,74.5,3.8));
#10166=CARTESIAN_POINT('',(-131.5,85.5,3.8));
#10167=CARTESIAN_POINT('',(-134.884615384615,85.5,3.8));
#10168=CARTESIAN_POINT('',(-128.115384615385,85.5,3.8));
#10169=CARTESIAN_POINT('',(-120.5,74.5,3.8));
#10170=CARTESIAN_POINT('',(-123.884615384615,74.5,3.8));
#10171=CARTESIAN_POINT('',(-117.115384615385,74.5,3.8));
#10172=CARTESIAN_POINT('',(-120.5,85.5,3.8));
#10173=CARTESIAN_POINT('',(-123.884615384615,85.5,3.8));
#10174=CARTESIAN_POINT('',(-117.115384615385,85.5,3.8));
#10175=CARTESIAN_POINT('',(-153.5,129.5,3.8));
#10176=CARTESIAN_POINT('',(-153.5,132.884615384615,3.8));
#10177=CARTESIAN_POINT('',(-153.5,126.115384615385,3.8));
#10178=CARTESIAN_POINT('',(-142.5,129.5,3.8));
#10179=CARTESIAN_POINT('',(-142.5,132.884615384615,3.8));
#10180=CARTESIAN_POINT('',(-142.5,126.115384615385,3.8));
#10181=CARTESIAN_POINT('',(-153.5,118.5,3.8));
#10182=CARTESIAN_POINT('',(-153.5,121.884615384615,3.8));
#10183=CARTESIAN_POINT('',(-153.5,115.115384615385,3.8));
#10184=CARTESIAN_POINT('',(-142.5,118.5,3.8));
#10185=CARTESIAN_POINT('',(-142.5,121.884615384615,3.8));
#10186=CARTESIAN_POINT('',(-142.5,115.115384615385,3.8));
#10187=CARTESIAN_POINT('',(-175.5,129.5,3.8));
#10188=CARTESIAN_POINT('',(-175.5,132.884615384615,3.8));
#10189=CARTESIAN_POINT('',(-175.5,126.115384615385,3.8));
#10190=CARTESIAN_POINT('',(-164.5,129.5,3.8));
#10191=CARTESIAN_POINT('',(-164.5,132.884615384615,3.8));
#10192=CARTESIAN_POINT('',(-164.5,126.115384615385,3.8));
#10193=CARTESIAN_POINT('',(-175.5,118.5,3.8));
#10194=CARTESIAN_POINT('',(-175.5,121.884615384615,3.8));
#10195=CARTESIAN_POINT('',(-175.5,115.115384615385,3.8));
#10196=CARTESIAN_POINT('',(-164.5,118.5,3.8));
#10197=CARTESIAN_POINT('',(-164.5,121.884615384615,3.8));
#10198=CARTESIAN_POINT('',(-164.5,115.115384615385,3.8));
#10199=CARTESIAN_POINT('',(-197.5,129.5,3.8));
#10200=CARTESIAN_POINT('',(-197.5,132.884615384615,3.8));
#10201=CARTESIAN_POINT('',(-197.5,126.115384615385,3.8));
#10202=CARTESIAN_POINT('',(-186.5,129.5,3.8));
#10203=CARTESIAN_POINT('',(-186.5,132.884615384615,3.8));
#10204=CARTESIAN_POINT('',(-186.5,126.115384615385,3.8));
#10205=CARTESIAN_POINT('',(-197.5,118.5,3.8));
#10206=CARTESIAN_POINT('',(-197.5,121.884615384615,3.8));
#10207=CARTESIAN_POINT('',(-197.5,115.115384615385,3.8));
#10208=CARTESIAN_POINT('',(-186.5,118.5,3.8));
#10209=CARTESIAN_POINT('',(-186.5,121.884615384615,3.8));
#10210=CARTESIAN_POINT('',(-186.5,115.115384615385,3.8));
#10211=CARTESIAN_POINT('',(-219.5,129.5,3.8));
#10212=CARTESIAN_POINT('',(-219.5,132.884615384615,3.8));
#10213=CARTESIAN_POINT('',(-219.5,126.115384615385,3.8));
#10214=CARTESIAN_POINT('',(-208.5,129.5,3.8));
#10215=CARTESIAN_POINT('',(-208.5,132.884615384615,3.8));
#10216=CARTESIAN_POINT('',(-208.5,126.115384615385,3.8));
#10217=CARTESIAN_POINT('',(-219.5,118.5,3.8));
#10218=CARTESIAN_POINT('',(-219.5,121.884615384615,3.8));
#10219=CARTESIAN_POINT('',(-219.5,115.115384615385,3.8));
#10220=CARTESIAN_POINT('',(-208.5,118.5,3.8));
#10221=CARTESIAN_POINT('',(-208.5,121.884615384615,3.8));
#10222=CARTESIAN_POINT('',(-208.5,115.115384615385,3.8));
#10223=CARTESIAN_POINT('',(-241.5,129.5,3.8));
#10224=CARTESIAN_POINT('',(-241.5,132.884615384615,3.8));
#10225=CARTESIAN_POINT('',(-241.5,126.115384615385,3.8));
#10226=CARTESIAN_POINT('',(-230.5,129.5,3.8));
#10227=CARTESIAN_POINT('',(-230.5,132.884615384615,3.8));
#10228=CARTESIAN_POINT('',(-230.5,126.115384615385,3.8));
#10229=CARTESIAN_POINT('',(-241.5,118.5,3.8));
#10230=CARTESIAN_POINT('',(-241.5,121.884615384615,3.8));
#10231=CARTESIAN_POINT('',(-241.5,115.115384615385,3.8));
#10232=CARTESIAN_POINT('',(-230.5,118.5,3.8));
#10233=CARTESIAN_POINT('',(-230.5,121.884615384615,3.8));
#10234=CARTESIAN_POINT('',(-230.5,115.115384615385,3.8));
#10235=CARTESIAN_POINT('',(-252.5,129.5,3.8));
#10236=CARTESIAN_POINT('',(-252.5,132.884615384615,3.8));
#10237=CARTESIAN_POINT('',(-252.5,126.115384615385,3.8));
#10238=CARTESIAN_POINT('',(-263.5,118.5,3.8));
#10239=CARTESIAN_POINT('',(-263.5,121.884615384615,3.8));
#10240=CARTESIAN_POINT('',(-263.5,115.115384615385,3.8));
#10241=CARTESIAN_POINT('',(-252.5,118.5,3.8));
#10242=CARTESIAN_POINT('',(-252.5,121.884615384615,3.8));
#10243=CARTESIAN_POINT('',(-252.5,115.115384615385,3.8));
#10244=CARTESIAN_POINT('',(-153.5,85.5,3.8));
#10245=CARTESIAN_POINT('',(-153.5,88.8846153846154,3.8));
#10246=CARTESIAN_POINT('',(-153.5,82.1153846153846,3.8));
#10247=CARTESIAN_POINT('',(-142.5,85.5,3.8));
#10248=CARTESIAN_POINT('',(-142.5,88.8846153846154,3.8));
#10249=CARTESIAN_POINT('',(-142.5,82.1153846153846,3.8));
#10250=CARTESIAN_POINT('',(-153.5,74.5,3.8));
#10251=CARTESIAN_POINT('',(-153.5,77.8846153846154,3.8));
#10252=CARTESIAN_POINT('',(-153.5,71.1153846153846,3.8));
#10253=CARTESIAN_POINT('',(-142.5,74.5,3.8));
#10254=CARTESIAN_POINT('',(-142.5,77.8846153846154,3.8));
#10255=CARTESIAN_POINT('',(-142.5,71.1153846153846,3.8));
#10256=CARTESIAN_POINT('',(-175.5,85.5,3.8));
#10257=CARTESIAN_POINT('',(-175.5,88.8846153846154,3.8));
#10258=CARTESIAN_POINT('',(-175.5,82.1153846153846,3.8));
#10259=CARTESIAN_POINT('',(-164.5,85.5,3.8));
#10260=CARTESIAN_POINT('',(-164.5,88.8846153846154,3.8));
#10261=CARTESIAN_POINT('',(-164.5,82.1153846153846,3.8));
#10262=CARTESIAN_POINT('',(-175.5,74.5,3.8));
#10263=CARTESIAN_POINT('',(-175.5,77.8846153846154,3.8));
#10264=CARTESIAN_POINT('',(-175.5,71.1153846153846,3.8));
#10265=CARTESIAN_POINT('',(-164.5,74.5,3.8));
#10266=CARTESIAN_POINT('',(-164.5,77.8846153846154,3.8));
#10267=CARTESIAN_POINT('',(-164.5,71.1153846153846,3.8));
#10268=CARTESIAN_POINT('',(-197.5,85.5,3.8));
#10269=CARTESIAN_POINT('',(-197.5,88.8846153846154,3.8));
#10270=CARTESIAN_POINT('',(-197.5,82.1153846153846,3.8));
#10271=CARTESIAN_POINT('',(-186.5,85.5,3.8));
#10272=CARTESIAN_POINT('',(-186.5,88.8846153846154,3.8));
#10273=CARTESIAN_POINT('',(-186.5,82.1153846153846,3.8));
#10274=CARTESIAN_POINT('',(-197.5,74.5,3.8));
#10275=CARTESIAN_POINT('',(-197.5,77.8846153846154,3.8));
#10276=CARTESIAN_POINT('',(-197.5,71.1153846153846,3.8));
#10277=CARTESIAN_POINT('',(-186.5,74.5,3.8));
#10278=CARTESIAN_POINT('',(-186.5,77.8846153846154,3.8));
#10279=CARTESIAN_POINT('',(-186.5,71.1153846153846,3.8));
#10280=CARTESIAN_POINT('',(-219.5,85.5,3.8));
#10281=CARTESIAN_POINT('',(-219.5,88.8846153846154,3.8));
#10282=CARTESIAN_POINT('',(-219.5,82.1153846153846,3.8));
#10283=CARTESIAN_POINT('',(-208.5,85.5,3.8));
#10284=CARTESIAN_POINT('',(-208.5,88.8846153846154,3.8));
#10285=CARTESIAN_POINT('',(-208.5,82.1153846153846,3.8));
#10286=CARTESIAN_POINT('',(-219.5,74.5,3.8));
#10287=CARTESIAN_POINT('',(-219.5,77.8846153846154,3.8));
#10288=CARTESIAN_POINT('',(-219.5,71.1153846153846,3.8));
#10289=CARTESIAN_POINT('',(-208.5,74.5,3.8));
#10290=CARTESIAN_POINT('',(-208.5,77.8846153846154,3.8));
#10291=CARTESIAN_POINT('',(-208.5,71.1153846153846,3.8));
#10292=CARTESIAN_POINT('',(-241.5,85.5,3.8));
#10293=CARTESIAN_POINT('',(-241.5,88.8846153846154,3.8));
#10294=CARTESIAN_POINT('',(-241.5,82.1153846153846,3.8));
#10295=CARTESIAN_POINT('',(-230.5,85.5,3.8));
#10296=CARTESIAN_POINT('',(-230.5,88.8846153846154,3.8));
#10297=CARTESIAN_POINT('',(-230.5,82.1153846153846,3.8));
#10298=CARTESIAN_POINT('',(-241.5,74.5,3.8));
#10299=CARTESIAN_POINT('',(-241.5,77.8846153846154,3.8));
#10300=CARTESIAN_POINT('',(-241.5,71.1153846153846,3.8));
#10301=CARTESIAN_POINT('',(-230.5,74.5,3.8));
#10302=CARTESIAN_POINT('',(-230.5,77.8846153846154,3.8));
#10303=CARTESIAN_POINT('',(-230.5,71.1153846153847,3.8));
#10304=CARTESIAN_POINT('',(-263.5,85.5,3.8));
#10305=CARTESIAN_POINT('',(-263.5,88.8846153846154,3.8));
#10306=CARTESIAN_POINT('',(-263.5,82.1153846153846,3.8));
#10307=CARTESIAN_POINT('',(-252.5,85.5,3.8));
#10308=CARTESIAN_POINT('',(-252.5,88.8846153846154,3.8));
#10309=CARTESIAN_POINT('',(-252.5,82.1153846153846,3.8));
#10310=CARTESIAN_POINT('',(-263.5,74.5,3.8));
#10311=CARTESIAN_POINT('',(-263.5,77.8846153846154,3.8));
#10312=CARTESIAN_POINT('',(-263.5,71.1153846153846,3.8));
#10313=CARTESIAN_POINT('',(-252.5,74.5,3.8));
#10314=CARTESIAN_POINT('',(-252.5,77.8846153846154,3.8));
#10315=CARTESIAN_POINT('',(-252.5,71.1153846153846,3.8));
#10316=CARTESIAN_POINT('',(-153.5,41.5,3.8));
#10317=CARTESIAN_POINT('',(-153.5,44.8846153846154,3.8));
#10318=CARTESIAN_POINT('',(-153.5,38.1153846153846,3.8));
#10319=CARTESIAN_POINT('',(-142.5,41.5,3.8));
#10320=CARTESIAN_POINT('',(-142.5,44.8846153846154,3.8));
#10321=CARTESIAN_POINT('',(-142.5,38.1153846153846,3.8));
#10322=CARTESIAN_POINT('',(-153.5,30.5,3.8));
#10323=CARTESIAN_POINT('',(-153.5,33.8846153846154,3.8));
#10324=CARTESIAN_POINT('',(-153.5,27.1153846153846,3.8));
#10325=CARTESIAN_POINT('',(-142.5,30.5,3.8));
#10326=CARTESIAN_POINT('',(-142.5,33.8846153846154,3.8));
#10327=CARTESIAN_POINT('',(-142.5,27.1153846153846,3.8));
#10328=CARTESIAN_POINT('',(-175.5,41.5,3.8));
#10329=CARTESIAN_POINT('',(-175.5,44.8846153846154,3.8));
#10330=CARTESIAN_POINT('',(-175.5,38.1153846153846,3.8));
#10331=CARTESIAN_POINT('',(-164.5,41.5,3.8));
#10332=CARTESIAN_POINT('',(-164.5,44.8846153846154,3.8));
#10333=CARTESIAN_POINT('',(-164.5,38.1153846153846,3.8));
#10334=CARTESIAN_POINT('',(-175.5,30.5,3.8));
#10335=CARTESIAN_POINT('',(-175.5,33.8846153846154,3.8));
#10336=CARTESIAN_POINT('',(-175.5,27.1153846153846,3.8));
#10337=CARTESIAN_POINT('',(-164.5,30.5,3.8));
#10338=CARTESIAN_POINT('',(-164.5,33.8846153846154,3.8));
#10339=CARTESIAN_POINT('',(-164.5,27.1153846153846,3.8));
#10340=CARTESIAN_POINT('',(-241.5,41.5,3.8));
#10341=CARTESIAN_POINT('',(-241.5,44.8846153846154,3.8));
#10342=CARTESIAN_POINT('',(-241.5,38.1153846153846,3.8));
#10343=CARTESIAN_POINT('',(-230.5,41.5,3.8));
#10344=CARTESIAN_POINT('',(-230.5,44.8846153846154,3.8));
#10345=CARTESIAN_POINT('',(-230.5,38.1153846153846,3.8));
#10346=CARTESIAN_POINT('',(-241.5,30.5,3.8));
#10347=CARTESIAN_POINT('',(-241.5,33.8846153846154,3.8));
#10348=CARTESIAN_POINT('',(-241.5,27.1153846153846,3.8));
#10349=CARTESIAN_POINT('',(-230.5,30.5,3.8));
#10350=CARTESIAN_POINT('',(-230.5,33.8846153846154,3.8));
#10351=CARTESIAN_POINT('',(-230.5,27.1153846153847,3.8));
#10352=CARTESIAN_POINT('',(-263.5,41.5,3.8));
#10353=CARTESIAN_POINT('',(-263.5,44.8846153846154,3.8));
#10354=CARTESIAN_POINT('',(-263.5,38.1153846153846,3.8));
#10355=CARTESIAN_POINT('',(-252.5,41.5,3.8));
#10356=CARTESIAN_POINT('',(-252.5,44.8846153846154,3.8));
#10357=CARTESIAN_POINT('',(-252.5,38.1153846153846,3.8));
#10358=CARTESIAN_POINT('',(-263.5,30.5,3.8));
#10359=CARTESIAN_POINT('',(-263.5,33.8846153846154,3.8));
#10360=CARTESIAN_POINT('',(-263.5,27.1153846153846,3.8));
#10361=CARTESIAN_POINT('',(-252.5,30.5,3.8));
#10362=CARTESIAN_POINT('',(-252.5,33.8846153846154,3.8));
#10363=CARTESIAN_POINT('',(-252.5,27.1153846153846,3.8));
#10364=CARTESIAN_POINT('',(-208.5,30.5,3.8));
#10365=CARTESIAN_POINT('',(-208.5,33.8846153846154,3.8));
#10366=CARTESIAN_POINT('',(-208.5,27.1153846153846,3.8));
#10367=CARTESIAN_POINT('',(-219.5,30.5,3.8));
#10368=CARTESIAN_POINT('',(-219.5,33.8846153846154,3.8));
#10369=CARTESIAN_POINT('',(-219.5,27.1153846153846,3.8));
#10370=CARTESIAN_POINT('',(-208.5,41.5,3.8));
#10371=CARTESIAN_POINT('',(-208.5,44.8846153846154,3.8));
#10372=CARTESIAN_POINT('',(-208.5,38.1153846153846,3.8));
#10373=CARTESIAN_POINT('',(-219.5,41.5,3.8));
#10374=CARTESIAN_POINT('',(-219.5,44.8846153846154,3.8));
#10375=CARTESIAN_POINT('',(-219.5,38.1153846153846,3.8));
#10376=CARTESIAN_POINT('',(-186.5,30.5,3.8));
#10377=CARTESIAN_POINT('',(-186.5,33.8846153846154,3.8));
#10378=CARTESIAN_POINT('',(-186.5,27.1153846153847,3.8));
#10379=CARTESIAN_POINT('',(-197.5,30.5,3.8));
#10380=CARTESIAN_POINT('',(-197.5,33.8846153846154,3.8));
#10381=CARTESIAN_POINT('',(-197.5,27.1153846153846,3.8));
#10382=CARTESIAN_POINT('',(-186.5,41.5,3.8));
#10383=CARTESIAN_POINT('',(-186.5,44.8846153846154,3.8));
#10384=CARTESIAN_POINT('',(-186.5,38.1153846153846,3.8));
#10385=CARTESIAN_POINT('',(-197.5,41.5,3.8));
#10386=CARTESIAN_POINT('',(-197.5,44.8846153846154,3.8));
#10387=CARTESIAN_POINT('',(-197.5,38.1153846153846,3.8));
#10388=CARTESIAN_POINT('',(-252.5,52.5,3.8));
#10389=CARTESIAN_POINT('',(-252.5,55.8846153846154,3.8));
#10390=CARTESIAN_POINT('',(-252.5,49.1153846153846,3.8));
#10391=CARTESIAN_POINT('',(-263.5,52.5,3.8));
#10392=CARTESIAN_POINT('',(-263.5,55.8846153846154,3.8));
#10393=CARTESIAN_POINT('',(-263.5,49.1153846153846,3.8));
#10394=CARTESIAN_POINT('',(-252.5,63.5,3.8));
#10395=CARTESIAN_POINT('',(-252.5,66.8846153846154,3.8));
#10396=CARTESIAN_POINT('',(-252.5,60.1153846153846,3.8));
#10397=CARTESIAN_POINT('',(-263.5,63.5,3.8));
#10398=CARTESIAN_POINT('',(-263.5,66.8846153846154,3.8));
#10399=CARTESIAN_POINT('',(-263.5,60.1153846153846,3.8));
#10400=CARTESIAN_POINT('',(-230.5,52.5,3.8));
#10401=CARTESIAN_POINT('',(-230.5,55.8846153846154,3.8));
#10402=CARTESIAN_POINT('',(-230.5,49.1153846153847,3.8));
#10403=CARTESIAN_POINT('',(-241.5,52.5,3.8));
#10404=CARTESIAN_POINT('',(-241.5,55.8846153846154,3.8));
#10405=CARTESIAN_POINT('',(-241.5,49.1153846153846,3.8));
#10406=CARTESIAN_POINT('',(-230.5,63.5,3.8));
#10407=CARTESIAN_POINT('',(-230.5,66.8846153846154,3.8));
#10408=CARTESIAN_POINT('',(-230.5,60.1153846153847,3.8));
#10409=CARTESIAN_POINT('',(-241.5,63.5,3.8));
#10410=CARTESIAN_POINT('',(-241.5,66.8846153846154,3.8));
#10411=CARTESIAN_POINT('',(-241.5,60.1153846153847,3.8));
#10412=CARTESIAN_POINT('',(-208.5,52.5,3.8));
#10413=CARTESIAN_POINT('',(-208.5,55.8846153846154,3.8));
#10414=CARTESIAN_POINT('',(-208.5,49.1153846153846,3.8));
#10415=CARTESIAN_POINT('',(-219.5,52.5,3.8));
#10416=CARTESIAN_POINT('',(-219.5,55.8846153846154,3.8));
#10417=CARTESIAN_POINT('',(-219.5,49.1153846153846,3.8));
#10418=CARTESIAN_POINT('',(-208.5,63.5,3.8));
#10419=CARTESIAN_POINT('',(-208.5,66.8846153846154,3.8));
#10420=CARTESIAN_POINT('',(-208.5,60.1153846153846,3.8));
#10421=CARTESIAN_POINT('',(-219.5,63.5,3.8));
#10422=CARTESIAN_POINT('',(-219.5,66.8846153846154,3.8));
#10423=CARTESIAN_POINT('',(-219.5,60.1153846153846,3.8));
#10424=CARTESIAN_POINT('',(-186.5,52.5,3.8));
#10425=CARTESIAN_POINT('',(-186.5,55.8846153846154,3.8));
#10426=CARTESIAN_POINT('',(-186.5,49.1153846153846,3.8));
#10427=CARTESIAN_POINT('',(-197.5,52.5,3.8));
#10428=CARTESIAN_POINT('',(-197.5,55.8846153846154,3.8));
#10429=CARTESIAN_POINT('',(-197.5,49.1153846153846,3.8));
#10430=CARTESIAN_POINT('',(-186.5,63.5,3.8));
#10431=CARTESIAN_POINT('',(-186.5,66.8846153846154,3.8));
#10432=CARTESIAN_POINT('',(-186.5,60.1153846153847,3.8));
#10433=CARTESIAN_POINT('',(-197.5,63.5,3.8));
#10434=CARTESIAN_POINT('',(-197.5,66.8846153846154,3.8));
#10435=CARTESIAN_POINT('',(-197.5,60.1153846153846,3.8));
#10436=CARTESIAN_POINT('',(-164.5,52.5,3.8));
#10437=CARTESIAN_POINT('',(-164.5,55.8846153846154,3.8));
#10438=CARTESIAN_POINT('',(-164.5,49.1153846153846,3.8));
#10439=CARTESIAN_POINT('',(-175.5,52.5,3.8));
#10440=CARTESIAN_POINT('',(-175.5,55.8846153846154,3.8));
#10441=CARTESIAN_POINT('',(-175.5,49.1153846153846,3.8));
#10442=CARTESIAN_POINT('',(-164.5,63.5,3.8));
#10443=CARTESIAN_POINT('',(-164.5,66.8846153846154,3.8));
#10444=CARTESIAN_POINT('',(-164.5,60.1153846153846,3.8));
#10445=CARTESIAN_POINT('',(-175.5,63.5,3.8));
#10446=CARTESIAN_POINT('',(-175.5,66.8846153846154,3.8));
#10447=CARTESIAN_POINT('',(-175.5,60.1153846153846,3.8));
#10448=CARTESIAN_POINT('',(-142.5,52.5,3.8));
#10449=CARTESIAN_POINT('',(-142.5,55.8846153846154,3.8));
#10450=CARTESIAN_POINT('',(-142.5,49.1153846153846,3.8));
#10451=CARTESIAN_POINT('',(-153.5,52.5,3.8));
#10452=CARTESIAN_POINT('',(-153.5,55.8846153846154,3.8));
#10453=CARTESIAN_POINT('',(-153.5,49.1153846153847,3.8));
#10454=CARTESIAN_POINT('',(-142.5,63.5,3.8));
#10455=CARTESIAN_POINT('',(-142.5,66.8846153846154,3.8));
#10456=CARTESIAN_POINT('',(-142.5,60.1153846153846,3.8));
#10457=CARTESIAN_POINT('',(-153.5,63.5,3.8));
#10458=CARTESIAN_POINT('',(-153.5,66.8846153846154,3.8));
#10459=CARTESIAN_POINT('',(-153.5,60.1153846153846,3.8));
#10460=CARTESIAN_POINT('',(-252.5,96.5,3.8));
#10461=CARTESIAN_POINT('',(-252.5,99.8846153846154,3.8));
#10462=CARTESIAN_POINT('',(-252.5,93.1153846153846,3.8));
#10463=CARTESIAN_POINT('',(-263.5,96.5,3.8));
#10464=CARTESIAN_POINT('',(-263.5,99.8846153846154,3.8));
#10465=CARTESIAN_POINT('',(-263.5,93.1153846153846,3.8));
#10466=CARTESIAN_POINT('',(-252.5,107.5,3.8));
#10467=CARTESIAN_POINT('',(-252.5,110.884615384615,3.8));
#10468=CARTESIAN_POINT('',(-252.5,104.115384615385,3.8));
#10469=CARTESIAN_POINT('',(-263.5,107.5,3.8));
#10470=CARTESIAN_POINT('',(-263.5,110.884615384615,3.8));
#10471=CARTESIAN_POINT('',(-263.5,104.115384615385,3.8));
#10472=CARTESIAN_POINT('',(-230.5,96.5,3.8));
#10473=CARTESIAN_POINT('',(-230.5,99.8846153846154,3.8));
#10474=CARTESIAN_POINT('',(-230.5,93.1153846153847,3.8));
#10475=CARTESIAN_POINT('',(-241.5,96.5,3.8));
#10476=CARTESIAN_POINT('',(-241.5,99.8846153846154,3.8));
#10477=CARTESIAN_POINT('',(-241.5,93.1153846153846,3.8));
#10478=CARTESIAN_POINT('',(-230.5,107.5,3.8));
#10479=CARTESIAN_POINT('',(-230.5,110.884615384615,3.8));
#10480=CARTESIAN_POINT('',(-230.5,104.115384615385,3.8));
#10481=CARTESIAN_POINT('',(-241.5,107.5,3.8));
#10482=CARTESIAN_POINT('',(-241.5,110.884615384615,3.8));
#10483=CARTESIAN_POINT('',(-241.5,104.115384615385,3.8));
#10484=CARTESIAN_POINT('',(-208.5,96.5,3.8));
#10485=CARTESIAN_POINT('',(-208.5,99.8846153846154,3.8));
#10486=CARTESIAN_POINT('',(-208.5,93.1153846153846,3.8));
#10487=CARTESIAN_POINT('',(-219.5,96.5,3.8));
#10488=CARTESIAN_POINT('',(-219.5,99.8846153846154,3.8));
#10489=CARTESIAN_POINT('',(-219.5,93.1153846153846,3.8));
#10490=CARTESIAN_POINT('',(-208.5,107.5,3.8));
#10491=CARTESIAN_POINT('',(-208.5,110.884615384615,3.8));
#10492=CARTESIAN_POINT('',(-208.5,104.115384615385,3.8));
#10493=CARTESIAN_POINT('',(-219.5,107.5,3.8));
#10494=CARTESIAN_POINT('',(-219.5,110.884615384615,3.8));
#10495=CARTESIAN_POINT('',(-219.5,104.115384615385,3.8));
#10496=CARTESIAN_POINT('',(-186.5,96.5,3.8));
#10497=CARTESIAN_POINT('',(-186.5,99.8846153846154,3.8));
#10498=CARTESIAN_POINT('',(-186.5,93.1153846153846,3.8));
#10499=CARTESIAN_POINT('',(-197.5,96.5,3.8));
#10500=CARTESIAN_POINT('',(-197.5,99.8846153846154,3.8));
#10501=CARTESIAN_POINT('',(-197.5,93.1153846153846,3.8));
#10502=CARTESIAN_POINT('',(-186.5,107.5,3.8));
#10503=CARTESIAN_POINT('',(-186.5,110.884615384615,3.8));
#10504=CARTESIAN_POINT('',(-186.5,104.115384615385,3.8));
#10505=CARTESIAN_POINT('',(-197.5,107.5,3.8));
#10506=CARTESIAN_POINT('',(-197.5,110.884615384615,3.8));
#10507=CARTESIAN_POINT('',(-197.5,104.115384615385,3.8));
#10508=CARTESIAN_POINT('',(-164.5,96.5,3.8));
#10509=CARTESIAN_POINT('',(-164.5,99.8846153846154,3.8));
#10510=CARTESIAN_POINT('',(-164.5,93.1153846153846,3.8));
#10511=CARTESIAN_POINT('',(-175.5,96.5,3.8));
#10512=CARTESIAN_POINT('',(-175.5,99.8846153846154,3.8));
#10513=CARTESIAN_POINT('',(-175.5,93.1153846153846,3.8));
#10514=CARTESIAN_POINT('',(-164.5,107.5,3.8));
#10515=CARTESIAN_POINT('',(-164.5,110.884615384615,3.8));
#10516=CARTESIAN_POINT('',(-164.5,104.115384615385,3.8));
#10517=CARTESIAN_POINT('',(-175.5,107.5,3.8));
#10518=CARTESIAN_POINT('',(-175.5,110.884615384615,3.8));
#10519=CARTESIAN_POINT('',(-175.5,104.115384615385,3.8));
#10520=CARTESIAN_POINT('',(-142.5,96.5,3.8));
#10521=CARTESIAN_POINT('',(-142.5,99.8846153846154,3.8));
#10522=CARTESIAN_POINT('',(-142.5,93.1153846153846,3.8));
#10523=CARTESIAN_POINT('',(-153.5,96.5,3.8));
#10524=CARTESIAN_POINT('',(-153.5,99.8846153846154,3.8));
#10525=CARTESIAN_POINT('',(-153.5,93.1153846153847,3.8));
#10526=CARTESIAN_POINT('',(-142.5,107.5,3.8));
#10527=CARTESIAN_POINT('',(-142.5,110.884615384615,3.8));
#10528=CARTESIAN_POINT('',(-142.5,104.115384615385,3.8));
#10529=CARTESIAN_POINT('',(-153.5,107.5,3.8));
#10530=CARTESIAN_POINT('',(-153.5,110.884615384615,3.8));
#10531=CARTESIAN_POINT('',(-153.5,104.115384615385,3.8));
#10532=CARTESIAN_POINT('',(-120.5,41.5,3.8));
#10533=CARTESIAN_POINT('',(-123.884615384615,41.5,3.8));
#10534=CARTESIAN_POINT('',(-117.115384615385,41.5,3.8));
#10535=CARTESIAN_POINT('',(-120.5,30.5,3.8));
#10536=CARTESIAN_POINT('',(-123.884615384615,30.5,3.8));
#10537=CARTESIAN_POINT('',(-117.115384615385,30.5,3.8));
#10538=CARTESIAN_POINT('',(-131.5,41.5,3.8));
#10539=CARTESIAN_POINT('',(-134.884615384615,41.5,3.8));
#10540=CARTESIAN_POINT('',(-128.115384615385,41.5,3.8));
#10541=CARTESIAN_POINT('',(-131.5,30.5,3.8));
#10542=CARTESIAN_POINT('',(-134.884615384615,30.5,3.8));
#10543=CARTESIAN_POINT('',(-128.115384615385,30.5,3.8));
#10544=CARTESIAN_POINT('',(-120.5,63.5,3.8));
#10545=CARTESIAN_POINT('',(-123.884615384615,63.5,3.8));
#10546=CARTESIAN_POINT('',(-117.115384615385,63.5,3.8));
#10547=CARTESIAN_POINT('',(-120.5,52.5,3.8));
#10548=CARTESIAN_POINT('',(-123.884615384615,52.5,3.8));
#10549=CARTESIAN_POINT('',(-117.115384615385,52.5,3.8));
#10550=CARTESIAN_POINT('',(-131.5,63.5,3.8));
#10551=CARTESIAN_POINT('',(-134.884615384615,63.5,3.8));
#10552=CARTESIAN_POINT('',(-128.115384615385,63.5,3.8));
#10553=CARTESIAN_POINT('',(-131.5,52.5,3.8));
#10554=CARTESIAN_POINT('',(-134.884615384615,52.5,3.8));
#10555=CARTESIAN_POINT('',(-128.115384615385,52.5,3.8));
#10556=CARTESIAN_POINT('',(-131.5,96.5,3.8));
#10557=CARTESIAN_POINT('',(-134.884615384615,96.5,3.8));
#10558=CARTESIAN_POINT('',(-128.115384615385,96.5,3.8));
#10559=CARTESIAN_POINT('',(-120.5,129.5,3.8));
#10560=CARTESIAN_POINT('',(-123.884615384615,129.5,3.8));
#10561=CARTESIAN_POINT('',(-117.115384615385,129.5,3.8));
#10562=CARTESIAN_POINT('',(-120.5,118.5,3.8));
#10563=CARTESIAN_POINT('',(-123.884615384615,118.5,3.8));
#10564=CARTESIAN_POINT('',(-117.115384615385,118.5,3.8));
#10565=CARTESIAN_POINT('',(-131.5,129.5,3.8));
#10566=CARTESIAN_POINT('',(-134.884615384615,129.5,3.8));
#10567=CARTESIAN_POINT('',(-128.115384615385,129.5,3.8));
#10568=CARTESIAN_POINT('',(-131.5,118.5,3.8));
#10569=CARTESIAN_POINT('',(-134.884615384615,118.5,3.8));
#10570=CARTESIAN_POINT('',(-128.115384615385,118.5,3.8));
#10571=CARTESIAN_POINT('',(-263.5,129.5,3.8));
#10572=CARTESIAN_POINT('',(-263.5,132.884615384615,3.8));
#10573=CARTESIAN_POINT('',(-263.5,126.115384615385,3.8));
#10574=CARTESIAN_POINT('',(-269.,25.,0.));
#10575=CARTESIAN_POINT('',(-115.,25.,0.));
#10576=CARTESIAN_POINT('',(-115.,25.,0.));
#10577=CARTESIAN_POINT('',(-115.,25.,2.));
#10578=CARTESIAN_POINT('',(-269.,25.,2.));
#10579=CARTESIAN_POINT('',(-115.,25.,2.));
#10580=CARTESIAN_POINT('',(-269.,25.,0.));
#10581=CARTESIAN_POINT('',(-269.,25.,2.));
#10582=CARTESIAN_POINT('',(-115.,25.,0.));
#10583=CARTESIAN_POINT('',(-115.,135.,0.));
#10584=CARTESIAN_POINT('',(-115.,135.,0.));
#10585=CARTESIAN_POINT('',(-115.,135.,2.));
#10586=CARTESIAN_POINT('',(-115.,25.,2.));
#10587=CARTESIAN_POINT('',(-115.,135.,2.));
#10588=CARTESIAN_POINT('',(-115.,135.,0.));
#10589=CARTESIAN_POINT('',(-269.,135.,0.));
#10590=CARTESIAN_POINT('',(-269.,135.,0.));
#10591=CARTESIAN_POINT('',(-269.,135.,2.));
#10592=CARTESIAN_POINT('',(-115.,135.,2.));
#10593=CARTESIAN_POINT('',(-269.,135.,2.));
#10594=CARTESIAN_POINT('',(-269.,135.,0.));
#10595=CARTESIAN_POINT('',(-269.,25.,0.));
#10596=CARTESIAN_POINT('',(-269.,135.,2.));
#10597=CARTESIAN_POINT('',(-269.,25.,2.));
#10598=CARTESIAN_POINT('',(-263.5,129.5,2.));
#10599=CARTESIAN_POINT('',(-263.5,132.884615384615,2.));
#10600=CARTESIAN_POINT('',(-263.5,126.115384615385,2.));
#10601=CARTESIAN_POINT('',(-263.5,132.884615384615,2.));
#10602=CARTESIAN_POINT('',(-263.5,132.884615384615,3.8));
#10603=CARTESIAN_POINT('',(-131.5,118.5,2.));
#10604=CARTESIAN_POINT('',(-134.884615384615,118.5,2.));
#10605=CARTESIAN_POINT('',(-128.115384615385,118.5,2.));
#10606=CARTESIAN_POINT('',(-134.884615384615,118.5,2.));
#10607=CARTESIAN_POINT('',(-134.884615384615,118.5,3.8));
#10608=CARTESIAN_POINT('',(-131.5,129.5,2.));
#10609=CARTESIAN_POINT('',(-134.884615384615,129.5,2.));
#10610=CARTESIAN_POINT('',(-128.115384615385,129.5,2.));
#10611=CARTESIAN_POINT('',(-134.884615384615,129.5,2.));
#10612=CARTESIAN_POINT('',(-134.884615384615,129.5,3.8));
#10613=CARTESIAN_POINT('',(-120.5,118.5,2.));
#10614=CARTESIAN_POINT('',(-123.884615384615,118.5,2.));
#10615=CARTESIAN_POINT('',(-117.115384615385,118.5,2.));
#10616=CARTESIAN_POINT('',(-123.884615384615,118.5,2.));
#10617=CARTESIAN_POINT('',(-123.884615384615,118.5,3.8));
#10618=CARTESIAN_POINT('',(-120.5,129.5,2.));
#10619=CARTESIAN_POINT('',(-123.884615384615,129.5,2.));
#10620=CARTESIAN_POINT('',(-117.115384615385,129.5,2.));
#10621=CARTESIAN_POINT('',(-123.884615384615,129.5,2.));
#10622=CARTESIAN_POINT('',(-123.884615384615,129.5,3.8));
#10623=CARTESIAN_POINT('',(-131.5,96.5,2.));
#10624=CARTESIAN_POINT('',(-134.884615384615,96.5,2.));
#10625=CARTESIAN_POINT('',(-128.115384615385,96.5,2.));
#10626=CARTESIAN_POINT('',(-134.884615384615,96.5,2.));
#10627=CARTESIAN_POINT('',(-134.884615384615,96.5,3.8));
#10628=CARTESIAN_POINT('',(-131.5,52.5,2.));
#10629=CARTESIAN_POINT('',(-134.884615384615,52.5,2.));
#10630=CARTESIAN_POINT('',(-128.115384615385,52.5,2.));
#10631=CARTESIAN_POINT('',(-134.884615384615,52.5,2.));
#10632=CARTESIAN_POINT('',(-134.884615384615,52.5,3.8));
#10633=CARTESIAN_POINT('',(-131.5,63.5,2.));
#10634=CARTESIAN_POINT('',(-134.884615384615,63.5,2.));
#10635=CARTESIAN_POINT('',(-128.115384615385,63.5,2.));
#10636=CARTESIAN_POINT('',(-134.884615384615,63.5,2.));
#10637=CARTESIAN_POINT('',(-134.884615384615,63.5,3.8));
#10638=CARTESIAN_POINT('',(-120.5,52.5,2.));
#10639=CARTESIAN_POINT('',(-123.884615384615,52.5,2.));
#10640=CARTESIAN_POINT('',(-117.115384615385,52.5,2.));
#10641=CARTESIAN_POINT('',(-123.884615384615,52.5,2.));
#10642=CARTESIAN_POINT('',(-123.884615384615,52.5,3.8));
#10643=CARTESIAN_POINT('',(-120.5,63.5,2.));
#10644=CARTESIAN_POINT('',(-123.884615384615,63.5,2.));
#10645=CARTESIAN_POINT('',(-117.115384615385,63.5,2.));
#10646=CARTESIAN_POINT('',(-123.884615384615,63.5,2.));
#10647=CARTESIAN_POINT('',(-123.884615384615,63.5,3.8));
#10648=CARTESIAN_POINT('',(-131.5,30.5,2.));
#10649=CARTESIAN_POINT('',(-134.884615384615,30.5,2.));
#10650=CARTESIAN_POINT('',(-128.115384615385,30.5,2.));
#10651=CARTESIAN_POINT('',(-134.884615384615,30.5,2.));
#10652=CARTESIAN_POINT('',(-134.884615384615,30.5,3.8));
#10653=CARTESIAN_POINT('',(-131.5,41.5,2.));
#10654=CARTESIAN_POINT('',(-134.884615384615,41.5,2.));
#10655=CARTESIAN_POINT('',(-128.115384615385,41.5,2.));
#10656=CARTESIAN_POINT('',(-134.884615384615,41.5,2.));
#10657=CARTESIAN_POINT('',(-134.884615384615,41.5,3.8));
#10658=CARTESIAN_POINT('',(-120.5,30.5,2.));
#10659=CARTESIAN_POINT('',(-123.884615384615,30.5,2.));
#10660=CARTESIAN_POINT('',(-117.115384615385,30.5,2.));
#10661=CARTESIAN_POINT('',(-123.884615384615,30.5,2.));
#10662=CARTESIAN_POINT('',(-123.884615384615,30.5,3.8));
#10663=CARTESIAN_POINT('',(-120.5,41.5,2.));
#10664=CARTESIAN_POINT('',(-123.884615384615,41.5,2.));
#10665=CARTESIAN_POINT('',(-117.115384615385,41.5,2.));
#10666=CARTESIAN_POINT('',(-123.884615384615,41.5,2.));
#10667=CARTESIAN_POINT('',(-123.884615384615,41.5,3.8));
#10668=CARTESIAN_POINT('',(-153.5,107.5,2.));
#10669=CARTESIAN_POINT('',(-153.5,110.884615384615,2.));
#10670=CARTESIAN_POINT('',(-153.5,104.115384615385,2.));
#10671=CARTESIAN_POINT('',(-153.5,110.884615384615,2.));
#10672=CARTESIAN_POINT('',(-153.5,110.884615384615,3.8));
#10673=CARTESIAN_POINT('',(-142.5,107.5,2.));
#10674=CARTESIAN_POINT('',(-142.5,110.884615384615,2.));
#10675=CARTESIAN_POINT('',(-142.5,104.115384615385,2.));
#10676=CARTESIAN_POINT('',(-142.5,110.884615384615,2.));
#10677=CARTESIAN_POINT('',(-142.5,110.884615384615,3.8));
#10678=CARTESIAN_POINT('',(-153.5,96.5,2.));
#10679=CARTESIAN_POINT('',(-153.5,99.8846153846154,2.));
#10680=CARTESIAN_POINT('',(-153.5,93.1153846153847,2.));
#10681=CARTESIAN_POINT('',(-153.5,99.8846153846154,2.));
#10682=CARTESIAN_POINT('',(-153.5,99.8846153846154,3.8));
#10683=CARTESIAN_POINT('',(-142.5,96.5,2.));
#10684=CARTESIAN_POINT('',(-142.5,99.8846153846154,2.));
#10685=CARTESIAN_POINT('',(-142.5,93.1153846153846,2.));
#10686=CARTESIAN_POINT('',(-142.5,99.8846153846154,2.));
#10687=CARTESIAN_POINT('',(-142.5,99.8846153846154,3.8));
#10688=CARTESIAN_POINT('',(-175.5,107.5,2.));
#10689=CARTESIAN_POINT('',(-175.5,110.884615384615,2.));
#10690=CARTESIAN_POINT('',(-175.5,104.115384615385,2.));
#10691=CARTESIAN_POINT('',(-175.5,110.884615384615,2.));
#10692=CARTESIAN_POINT('',(-175.5,110.884615384615,3.8));
#10693=CARTESIAN_POINT('',(-164.5,107.5,2.));
#10694=CARTESIAN_POINT('',(-164.5,110.884615384615,2.));
#10695=CARTESIAN_POINT('',(-164.5,104.115384615385,2.));
#10696=CARTESIAN_POINT('',(-164.5,110.884615384615,2.));
#10697=CARTESIAN_POINT('',(-164.5,110.884615384615,3.8));
#10698=CARTESIAN_POINT('',(-175.5,96.5,2.));
#10699=CARTESIAN_POINT('',(-175.5,99.8846153846154,2.));
#10700=CARTESIAN_POINT('',(-175.5,93.1153846153846,2.));
#10701=CARTESIAN_POINT('',(-175.5,99.8846153846154,2.));
#10702=CARTESIAN_POINT('',(-175.5,99.8846153846154,3.8));
#10703=CARTESIAN_POINT('',(-164.5,96.5,2.));
#10704=CARTESIAN_POINT('',(-164.5,99.8846153846154,2.));
#10705=CARTESIAN_POINT('',(-164.5,93.1153846153846,2.));
#10706=CARTESIAN_POINT('',(-164.5,99.8846153846154,2.));
#10707=CARTESIAN_POINT('',(-164.5,99.8846153846154,3.8));
#10708=CARTESIAN_POINT('',(-197.5,107.5,2.));
#10709=CARTESIAN_POINT('',(-197.5,110.884615384615,2.));
#10710=CARTESIAN_POINT('',(-197.5,104.115384615385,2.));
#10711=CARTESIAN_POINT('',(-197.5,110.884615384615,2.));
#10712=CARTESIAN_POINT('',(-197.5,110.884615384615,3.8));
#10713=CARTESIAN_POINT('',(-186.5,107.5,2.));
#10714=CARTESIAN_POINT('',(-186.5,110.884615384615,2.));
#10715=CARTESIAN_POINT('',(-186.5,104.115384615385,2.));
#10716=CARTESIAN_POINT('',(-186.5,110.884615384615,2.));
#10717=CARTESIAN_POINT('',(-186.5,110.884615384615,3.8));
#10718=CARTESIAN_POINT('',(-197.5,96.5,2.));
#10719=CARTESIAN_POINT('',(-197.5,99.8846153846154,2.));
#10720=CARTESIAN_POINT('',(-197.5,93.1153846153846,2.));
#10721=CARTESIAN_POINT('',(-197.5,99.8846153846154,2.));
#10722=CARTESIAN_POINT('',(-197.5,99.8846153846154,3.8));
#10723=CARTESIAN_POINT('',(-186.5,96.5,2.));
#10724=CARTESIAN_POINT('',(-186.5,99.8846153846154,2.));
#10725=CARTESIAN_POINT('',(-186.5,93.1153846153846,2.));
#10726=CARTESIAN_POINT('',(-186.5,99.8846153846154,2.));
#10727=CARTESIAN_POINT('',(-186.5,99.8846153846154,3.8));
#10728=CARTESIAN_POINT('',(-219.5,107.5,2.));
#10729=CARTESIAN_POINT('',(-219.5,110.884615384615,2.));
#10730=CARTESIAN_POINT('',(-219.5,104.115384615385,2.));
#10731=CARTESIAN_POINT('',(-219.5,110.884615384615,2.));
#10732=CARTESIAN_POINT('',(-219.5,110.884615384615,3.8));
#10733=CARTESIAN_POINT('',(-208.5,107.5,2.));
#10734=CARTESIAN_POINT('',(-208.5,110.884615384615,2.));
#10735=CARTESIAN_POINT('',(-208.5,104.115384615385,2.));
#10736=CARTESIAN_POINT('',(-208.5,110.884615384615,2.));
#10737=CARTESIAN_POINT('',(-208.5,110.884615384615,3.8));
#10738=CARTESIAN_POINT('',(-219.5,96.5,2.));
#10739=CARTESIAN_POINT('',(-219.5,99.8846153846154,2.));
#10740=CARTESIAN_POINT('',(-219.5,93.1153846153846,2.));
#10741=CARTESIAN_POINT('',(-219.5,99.8846153846154,2.));
#10742=CARTESIAN_POINT('',(-219.5,99.8846153846154,3.8));
#10743=CARTESIAN_POINT('',(-208.5,96.5,2.));
#10744=CARTESIAN_POINT('',(-208.5,99.8846153846154,2.));
#10745=CARTESIAN_POINT('',(-208.5,93.1153846153846,2.));
#10746=CARTESIAN_POINT('',(-208.5,99.8846153846154,2.));
#10747=CARTESIAN_POINT('',(-208.5,99.8846153846154,3.8));
#10748=CARTESIAN_POINT('',(-241.5,107.5,2.));
#10749=CARTESIAN_POINT('',(-241.5,110.884615384615,2.));
#10750=CARTESIAN_POINT('',(-241.5,104.115384615385,2.));
#10751=CARTESIAN_POINT('',(-241.5,110.884615384615,2.));
#10752=CARTESIAN_POINT('',(-241.5,110.884615384615,3.8));
#10753=CARTESIAN_POINT('',(-230.5,107.5,2.));
#10754=CARTESIAN_POINT('',(-230.5,110.884615384615,2.));
#10755=CARTESIAN_POINT('',(-230.5,104.115384615385,2.));
#10756=CARTESIAN_POINT('',(-230.5,110.884615384615,2.));
#10757=CARTESIAN_POINT('',(-230.5,110.884615384615,3.8));
#10758=CARTESIAN_POINT('',(-241.5,96.5,2.));
#10759=CARTESIAN_POINT('',(-241.5,99.8846153846154,2.));
#10760=CARTESIAN_POINT('',(-241.5,93.1153846153846,2.));
#10761=CARTESIAN_POINT('',(-241.5,99.8846153846154,2.));
#10762=CARTESIAN_POINT('',(-241.5,99.8846153846154,3.8));
#10763=CARTESIAN_POINT('',(-230.5,96.5,2.));
#10764=CARTESIAN_POINT('',(-230.5,99.8846153846154,2.));
#10765=CARTESIAN_POINT('',(-230.5,93.1153846153847,2.));
#10766=CARTESIAN_POINT('',(-230.5,99.8846153846154,2.));
#10767=CARTESIAN_POINT('',(-230.5,99.8846153846154,3.8));
#10768=CARTESIAN_POINT('',(-263.5,107.5,2.));
#10769=CARTESIAN_POINT('',(-263.5,110.884615384615,2.));
#10770=CARTESIAN_POINT('',(-263.5,104.115384615385,2.));
#10771=CARTESIAN_POINT('',(-263.5,110.884615384615,2.));
#10772=CARTESIAN_POINT('',(-263.5,110.884615384615,3.8));
#10773=CARTESIAN_POINT('',(-252.5,107.5,2.));
#10774=CARTESIAN_POINT('',(-252.5,110.884615384615,2.));
#10775=CARTESIAN_POINT('',(-252.5,104.115384615385,2.));
#10776=CARTESIAN_POINT('',(-252.5,110.884615384615,2.));
#10777=CARTESIAN_POINT('',(-252.5,110.884615384615,3.8));
#10778=CARTESIAN_POINT('',(-263.5,96.5,2.));
#10779=CARTESIAN_POINT('',(-263.5,99.8846153846154,2.));
#10780=CARTESIAN_POINT('',(-263.5,93.1153846153846,2.));
#10781=CARTESIAN_POINT('',(-263.5,99.8846153846154,2.));
#10782=CARTESIAN_POINT('',(-263.5,99.8846153846154,3.8));
#10783=CARTESIAN_POINT('',(-252.5,96.5,2.));
#10784=CARTESIAN_POINT('',(-252.5,99.8846153846154,2.));
#10785=CARTESIAN_POINT('',(-252.5,93.1153846153846,2.));
#10786=CARTESIAN_POINT('',(-252.5,99.8846153846154,2.));
#10787=CARTESIAN_POINT('',(-252.5,99.8846153846154,3.8));
#10788=CARTESIAN_POINT('',(-153.5,63.5,2.));
#10789=CARTESIAN_POINT('',(-153.5,66.8846153846154,2.));
#10790=CARTESIAN_POINT('',(-153.5,60.1153846153846,2.));
#10791=CARTESIAN_POINT('',(-153.5,66.8846153846154,2.));
#10792=CARTESIAN_POINT('',(-153.5,66.8846153846154,3.8));
#10793=CARTESIAN_POINT('',(-142.5,63.5,2.));
#10794=CARTESIAN_POINT('',(-142.5,66.8846153846154,2.));
#10795=CARTESIAN_POINT('',(-142.5,60.1153846153846,2.));
#10796=CARTESIAN_POINT('',(-142.5,66.8846153846154,2.));
#10797=CARTESIAN_POINT('',(-142.5,66.8846153846154,3.8));
#10798=CARTESIAN_POINT('',(-153.5,52.5,2.));
#10799=CARTESIAN_POINT('',(-153.5,55.8846153846154,2.));
#10800=CARTESIAN_POINT('',(-153.5,49.1153846153847,2.));
#10801=CARTESIAN_POINT('',(-153.5,55.8846153846154,2.));
#10802=CARTESIAN_POINT('',(-153.5,55.8846153846154,3.8));
#10803=CARTESIAN_POINT('',(-142.5,52.5,2.));
#10804=CARTESIAN_POINT('',(-142.5,55.8846153846154,2.));
#10805=CARTESIAN_POINT('',(-142.5,49.1153846153846,2.));
#10806=CARTESIAN_POINT('',(-142.5,55.8846153846154,2.));
#10807=CARTESIAN_POINT('',(-142.5,55.8846153846154,3.8));
#10808=CARTESIAN_POINT('',(-175.5,63.5,2.));
#10809=CARTESIAN_POINT('',(-175.5,66.8846153846154,2.));
#10810=CARTESIAN_POINT('',(-175.5,60.1153846153846,2.));
#10811=CARTESIAN_POINT('',(-175.5,66.8846153846154,2.));
#10812=CARTESIAN_POINT('',(-175.5,66.8846153846154,3.8));
#10813=CARTESIAN_POINT('',(-164.5,63.5,2.));
#10814=CARTESIAN_POINT('',(-164.5,66.8846153846154,2.));
#10815=CARTESIAN_POINT('',(-164.5,60.1153846153846,2.));
#10816=CARTESIAN_POINT('',(-164.5,66.8846153846154,2.));
#10817=CARTESIAN_POINT('',(-164.5,66.8846153846154,3.8));
#10818=CARTESIAN_POINT('',(-175.5,52.5,2.));
#10819=CARTESIAN_POINT('',(-175.5,55.8846153846154,2.));
#10820=CARTESIAN_POINT('',(-175.5,49.1153846153846,2.));
#10821=CARTESIAN_POINT('',(-175.5,55.8846153846154,2.));
#10822=CARTESIAN_POINT('',(-175.5,55.8846153846154,3.8));
#10823=CARTESIAN_POINT('',(-164.5,52.5,2.));
#10824=CARTESIAN_POINT('',(-164.5,55.8846153846154,2.));
#10825=CARTESIAN_POINT('',(-164.5,49.1153846153846,2.));
#10826=CARTESIAN_POINT('',(-164.5,55.8846153846154,2.));
#10827=CARTESIAN_POINT('',(-164.5,55.8846153846154,3.8));
#10828=CARTESIAN_POINT('',(-197.5,63.5,2.));
#10829=CARTESIAN_POINT('',(-197.5,66.8846153846154,2.));
#10830=CARTESIAN_POINT('',(-197.5,60.1153846153846,2.));
#10831=CARTESIAN_POINT('',(-197.5,66.8846153846154,2.));
#10832=CARTESIAN_POINT('',(-197.5,66.8846153846154,3.8));
#10833=CARTESIAN_POINT('',(-186.5,63.5,2.));
#10834=CARTESIAN_POINT('',(-186.5,66.8846153846154,2.));
#10835=CARTESIAN_POINT('',(-186.5,60.1153846153847,2.));
#10836=CARTESIAN_POINT('',(-186.5,66.8846153846154,2.));
#10837=CARTESIAN_POINT('',(-186.5,66.8846153846154,3.8));
#10838=CARTESIAN_POINT('',(-197.5,52.5,2.));
#10839=CARTESIAN_POINT('',(-197.5,55.8846153846154,2.));
#10840=CARTESIAN_POINT('',(-197.5,49.1153846153846,2.));
#10841=CARTESIAN_POINT('',(-197.5,55.8846153846154,2.));
#10842=CARTESIAN_POINT('',(-197.5,55.8846153846154,3.8));
#10843=CARTESIAN_POINT('',(-186.5,52.5,2.));
#10844=CARTESIAN_POINT('',(-186.5,55.8846153846154,2.));
#10845=CARTESIAN_POINT('',(-186.5,49.1153846153846,2.));
#10846=CARTESIAN_POINT('',(-186.5,55.8846153846154,2.));
#10847=CARTESIAN_POINT('',(-186.5,55.8846153846154,3.8));
#10848=CARTESIAN_POINT('',(-219.5,63.5,2.));
#10849=CARTESIAN_POINT('',(-219.5,66.8846153846154,2.));
#10850=CARTESIAN_POINT('',(-219.5,60.1153846153846,2.));
#10851=CARTESIAN_POINT('',(-219.5,66.8846153846154,2.));
#10852=CARTESIAN_POINT('',(-219.5,66.8846153846154,3.8));
#10853=CARTESIAN_POINT('',(-208.5,63.5,2.));
#10854=CARTESIAN_POINT('',(-208.5,66.8846153846154,2.));
#10855=CARTESIAN_POINT('',(-208.5,60.1153846153846,2.));
#10856=CARTESIAN_POINT('',(-208.5,66.8846153846154,2.));
#10857=CARTESIAN_POINT('',(-208.5,66.8846153846154,3.8));
#10858=CARTESIAN_POINT('',(-219.5,52.5,2.));
#10859=CARTESIAN_POINT('',(-219.5,55.8846153846154,2.));
#10860=CARTESIAN_POINT('',(-219.5,49.1153846153846,2.));
#10861=CARTESIAN_POINT('',(-219.5,55.8846153846154,2.));
#10862=CARTESIAN_POINT('',(-219.5,55.8846153846154,3.8));
#10863=CARTESIAN_POINT('',(-208.5,52.5,2.));
#10864=CARTESIAN_POINT('',(-208.5,55.8846153846154,2.));
#10865=CARTESIAN_POINT('',(-208.5,49.1153846153846,2.));
#10866=CARTESIAN_POINT('',(-208.5,55.8846153846154,2.));
#10867=CARTESIAN_POINT('',(-208.5,55.8846153846154,3.8));
#10868=CARTESIAN_POINT('',(-241.5,63.5,2.));
#10869=CARTESIAN_POINT('',(-241.5,66.8846153846154,2.));
#10870=CARTESIAN_POINT('',(-241.5,60.1153846153847,2.));
#10871=CARTESIAN_POINT('',(-241.5,66.8846153846154,2.));
#10872=CARTESIAN_POINT('',(-241.5,66.8846153846154,3.8));
#10873=CARTESIAN_POINT('',(-230.5,63.5,2.));
#10874=CARTESIAN_POINT('',(-230.5,66.8846153846154,2.));
#10875=CARTESIAN_POINT('',(-230.5,60.1153846153847,2.));
#10876=CARTESIAN_POINT('',(-230.5,66.8846153846154,2.));
#10877=CARTESIAN_POINT('',(-230.5,66.8846153846154,3.8));
#10878=CARTESIAN_POINT('',(-241.5,52.5,2.));
#10879=CARTESIAN_POINT('',(-241.5,55.8846153846154,2.));
#10880=CARTESIAN_POINT('',(-241.5,49.1153846153846,2.));
#10881=CARTESIAN_POINT('',(-241.5,55.8846153846154,2.));
#10882=CARTESIAN_POINT('',(-241.5,55.8846153846154,3.8));
#10883=CARTESIAN_POINT('',(-230.5,52.5,2.));
#10884=CARTESIAN_POINT('',(-230.5,55.8846153846154,2.));
#10885=CARTESIAN_POINT('',(-230.5,49.1153846153847,2.));
#10886=CARTESIAN_POINT('',(-230.5,55.8846153846154,2.));
#10887=CARTESIAN_POINT('',(-230.5,55.8846153846154,3.8));
#10888=CARTESIAN_POINT('',(-263.5,63.5,2.));
#10889=CARTESIAN_POINT('',(-263.5,66.8846153846154,2.));
#10890=CARTESIAN_POINT('',(-263.5,60.1153846153846,2.));
#10891=CARTESIAN_POINT('',(-263.5,66.8846153846154,2.));
#10892=CARTESIAN_POINT('',(-263.5,66.8846153846154,3.8));
#10893=CARTESIAN_POINT('',(-252.5,63.5,2.));
#10894=CARTESIAN_POINT('',(-252.5,66.8846153846154,2.));
#10895=CARTESIAN_POINT('',(-252.5,60.1153846153846,2.));
#10896=CARTESIAN_POINT('',(-252.5,66.8846153846154,2.));
#10897=CARTESIAN_POINT('',(-252.5,66.8846153846154,3.8));
#10898=CARTESIAN_POINT('',(-263.5,52.5,2.));
#10899=CARTESIAN_POINT('',(-263.5,55.8846153846154,2.));
#10900=CARTESIAN_POINT('',(-263.5,49.1153846153846,2.));
#10901=CARTESIAN_POINT('',(-263.5,55.8846153846154,2.));
#10902=CARTESIAN_POINT('',(-263.5,55.8846153846154,3.8));
#10903=CARTESIAN_POINT('',(-252.5,52.5,2.));
#10904=CARTESIAN_POINT('',(-252.5,55.8846153846154,2.));
#10905=CARTESIAN_POINT('',(-252.5,49.1153846153846,2.));
#10906=CARTESIAN_POINT('',(-252.5,55.8846153846154,2.));
#10907=CARTESIAN_POINT('',(-252.5,55.8846153846154,3.8));
#10908=CARTESIAN_POINT('',(-197.5,41.5,2.));
#10909=CARTESIAN_POINT('',(-197.5,44.8846153846154,2.));
#10910=CARTESIAN_POINT('',(-197.5,38.1153846153846,2.));
#10911=CARTESIAN_POINT('',(-197.5,44.8846153846154,2.));
#10912=CARTESIAN_POINT('',(-197.5,44.8846153846154,3.8));
#10913=CARTESIAN_POINT('',(-186.5,41.5,2.));
#10914=CARTESIAN_POINT('',(-186.5,44.8846153846154,2.));
#10915=CARTESIAN_POINT('',(-186.5,38.1153846153846,2.));
#10916=CARTESIAN_POINT('',(-186.5,44.8846153846154,2.));
#10917=CARTESIAN_POINT('',(-186.5,44.8846153846154,3.8));
#10918=CARTESIAN_POINT('',(-197.5,30.5,2.));
#10919=CARTESIAN_POINT('',(-197.5,33.8846153846154,2.));
#10920=CARTESIAN_POINT('',(-197.5,27.1153846153846,2.));
#10921=CARTESIAN_POINT('',(-197.5,33.8846153846154,2.));
#10922=CARTESIAN_POINT('',(-197.5,33.8846153846154,3.8));
#10923=CARTESIAN_POINT('',(-186.5,30.5,2.));
#10924=CARTESIAN_POINT('',(-186.5,33.8846153846154,2.));
#10925=CARTESIAN_POINT('',(-186.5,27.1153846153847,2.));
#10926=CARTESIAN_POINT('',(-186.5,33.8846153846154,2.));
#10927=CARTESIAN_POINT('',(-186.5,33.8846153846154,3.8));
#10928=CARTESIAN_POINT('',(-219.5,41.5,2.));
#10929=CARTESIAN_POINT('',(-219.5,44.8846153846154,2.));
#10930=CARTESIAN_POINT('',(-219.5,38.1153846153846,2.));
#10931=CARTESIAN_POINT('',(-219.5,44.8846153846154,2.));
#10932=CARTESIAN_POINT('',(-219.5,44.8846153846154,3.8));
#10933=CARTESIAN_POINT('',(-208.5,41.5,2.));
#10934=CARTESIAN_POINT('',(-208.5,44.8846153846154,2.));
#10935=CARTESIAN_POINT('',(-208.5,38.1153846153846,2.));
#10936=CARTESIAN_POINT('',(-208.5,44.8846153846154,2.));
#10937=CARTESIAN_POINT('',(-208.5,44.8846153846154,3.8));
#10938=CARTESIAN_POINT('',(-219.5,30.5,2.));
#10939=CARTESIAN_POINT('',(-219.5,33.8846153846154,2.));
#10940=CARTESIAN_POINT('',(-219.5,27.1153846153846,2.));
#10941=CARTESIAN_POINT('',(-219.5,33.8846153846154,2.));
#10942=CARTESIAN_POINT('',(-219.5,33.8846153846154,3.8));
#10943=CARTESIAN_POINT('',(-208.5,30.5,2.));
#10944=CARTESIAN_POINT('',(-208.5,33.8846153846154,2.));
#10945=CARTESIAN_POINT('',(-208.5,27.1153846153846,2.));
#10946=CARTESIAN_POINT('',(-208.5,33.8846153846154,2.));
#10947=CARTESIAN_POINT('',(-208.5,33.8846153846154,3.8));
#10948=CARTESIAN_POINT('',(-252.5,30.5,2.));
#10949=CARTESIAN_POINT('',(-252.5,33.8846153846154,2.));
#10950=CARTESIAN_POINT('',(-252.5,27.1153846153846,2.));
#10951=CARTESIAN_POINT('',(-252.5,33.8846153846154,2.));
#10952=CARTESIAN_POINT('',(-252.5,33.8846153846154,3.8));
#10953=CARTESIAN_POINT('',(-263.5,30.5,2.));
#10954=CARTESIAN_POINT('',(-263.5,33.8846153846154,2.));
#10955=CARTESIAN_POINT('',(-263.5,27.1153846153846,2.));
#10956=CARTESIAN_POINT('',(-263.5,33.8846153846154,2.));
#10957=CARTESIAN_POINT('',(-263.5,33.8846153846154,3.8));
#10958=CARTESIAN_POINT('',(-252.5,41.5,2.));
#10959=CARTESIAN_POINT('',(-252.5,44.8846153846154,2.));
#10960=CARTESIAN_POINT('',(-252.5,38.1153846153846,2.));
#10961=CARTESIAN_POINT('',(-252.5,44.8846153846154,2.));
#10962=CARTESIAN_POINT('',(-252.5,44.8846153846154,3.8));
#10963=CARTESIAN_POINT('',(-263.5,41.5,2.));
#10964=CARTESIAN_POINT('',(-263.5,44.8846153846154,2.));
#10965=CARTESIAN_POINT('',(-263.5,38.1153846153846,2.));
#10966=CARTESIAN_POINT('',(-263.5,44.8846153846154,2.));
#10967=CARTESIAN_POINT('',(-263.5,44.8846153846154,3.8));
#10968=CARTESIAN_POINT('',(-230.5,30.5,2.));
#10969=CARTESIAN_POINT('',(-230.5,33.8846153846154,2.));
#10970=CARTESIAN_POINT('',(-230.5,27.1153846153847,2.));
#10971=CARTESIAN_POINT('',(-230.5,33.8846153846154,2.));
#10972=CARTESIAN_POINT('',(-230.5,33.8846153846154,3.8));
#10973=CARTESIAN_POINT('',(-241.5,30.5,2.));
#10974=CARTESIAN_POINT('',(-241.5,33.8846153846154,2.));
#10975=CARTESIAN_POINT('',(-241.5,27.1153846153846,2.));
#10976=CARTESIAN_POINT('',(-241.5,33.8846153846154,2.));
#10977=CARTESIAN_POINT('',(-241.5,33.8846153846154,3.8));
#10978=CARTESIAN_POINT('',(-230.5,41.5,2.));
#10979=CARTESIAN_POINT('',(-230.5,44.8846153846154,2.));
#10980=CARTESIAN_POINT('',(-230.5,38.1153846153846,2.));
#10981=CARTESIAN_POINT('',(-230.5,44.8846153846154,2.));
#10982=CARTESIAN_POINT('',(-230.5,44.8846153846154,3.8));
#10983=CARTESIAN_POINT('',(-241.5,41.5,2.));
#10984=CARTESIAN_POINT('',(-241.5,44.8846153846154,2.));
#10985=CARTESIAN_POINT('',(-241.5,38.1153846153846,2.));
#10986=CARTESIAN_POINT('',(-241.5,44.8846153846154,2.));
#10987=CARTESIAN_POINT('',(-241.5,44.8846153846154,3.8));
#10988=CARTESIAN_POINT('',(-164.5,30.5,2.));
#10989=CARTESIAN_POINT('',(-164.5,33.8846153846154,2.));
#10990=CARTESIAN_POINT('',(-164.5,27.1153846153846,2.));
#10991=CARTESIAN_POINT('',(-164.5,33.8846153846154,2.));
#10992=CARTESIAN_POINT('',(-164.5,33.8846153846154,3.8));
#10993=CARTESIAN_POINT('',(-175.5,30.5,2.));
#10994=CARTESIAN_POINT('',(-175.5,33.8846153846154,2.));
#10995=CARTESIAN_POINT('',(-175.5,27.1153846153846,2.));
#10996=CARTESIAN_POINT('',(-175.5,33.8846153846154,2.));
#10997=CARTESIAN_POINT('',(-175.5,33.8846153846154,3.8));
#10998=CARTESIAN_POINT('',(-164.5,41.5,2.));
#10999=CARTESIAN_POINT('',(-164.5,44.8846153846154,2.));
#11000=CARTESIAN_POINT('',(-164.5,38.1153846153846,2.));
#11001=CARTESIAN_POINT('',(-164.5,44.8846153846154,2.));
#11002=CARTESIAN_POINT('',(-164.5,44.8846153846154,3.8));
#11003=CARTESIAN_POINT('',(-175.5,41.5,2.));
#11004=CARTESIAN_POINT('',(-175.5,44.8846153846154,2.));
#11005=CARTESIAN_POINT('',(-175.5,38.1153846153846,2.));
#11006=CARTESIAN_POINT('',(-175.5,44.8846153846154,2.));
#11007=CARTESIAN_POINT('',(-175.5,44.8846153846154,3.8));
#11008=CARTESIAN_POINT('',(-142.5,30.5,2.));
#11009=CARTESIAN_POINT('',(-142.5,33.8846153846154,2.));
#11010=CARTESIAN_POINT('',(-142.5,27.1153846153846,2.));
#11011=CARTESIAN_POINT('',(-142.5,33.8846153846154,2.));
#11012=CARTESIAN_POINT('',(-142.5,33.8846153846154,3.8));
#11013=CARTESIAN_POINT('',(-153.5,30.5,2.));
#11014=CARTESIAN_POINT('',(-153.5,33.8846153846154,2.));
#11015=CARTESIAN_POINT('',(-153.5,27.1153846153846,2.));
#11016=CARTESIAN_POINT('',(-153.5,33.8846153846154,2.));
#11017=CARTESIAN_POINT('',(-153.5,33.8846153846154,3.8));
#11018=CARTESIAN_POINT('',(-142.5,41.5,2.));
#11019=CARTESIAN_POINT('',(-142.5,44.8846153846154,2.));
#11020=CARTESIAN_POINT('',(-142.5,38.1153846153846,2.));
#11021=CARTESIAN_POINT('',(-142.5,44.8846153846154,2.));
#11022=CARTESIAN_POINT('',(-142.5,44.8846153846154,3.8));
#11023=CARTESIAN_POINT('',(-153.5,41.5,2.));
#11024=CARTESIAN_POINT('',(-153.5,44.8846153846154,2.));
#11025=CARTESIAN_POINT('',(-153.5,38.1153846153846,2.));
#11026=CARTESIAN_POINT('',(-153.5,44.8846153846154,2.));
#11027=CARTESIAN_POINT('',(-153.5,44.8846153846154,3.8));
#11028=CARTESIAN_POINT('',(-252.5,74.5,2.));
#11029=CARTESIAN_POINT('',(-252.5,77.8846153846154,2.));
#11030=CARTESIAN_POINT('',(-252.5,71.1153846153846,2.));
#11031=CARTESIAN_POINT('',(-252.5,77.8846153846154,2.));
#11032=CARTESIAN_POINT('',(-252.5,77.8846153846154,3.8));
#11033=CARTESIAN_POINT('',(-263.5,74.5,2.));
#11034=CARTESIAN_POINT('',(-263.5,77.8846153846154,2.));
#11035=CARTESIAN_POINT('',(-263.5,71.1153846153846,2.));
#11036=CARTESIAN_POINT('',(-263.5,77.8846153846154,2.));
#11037=CARTESIAN_POINT('',(-263.5,77.8846153846154,3.8));
#11038=CARTESIAN_POINT('',(-252.5,85.5,2.));
#11039=CARTESIAN_POINT('',(-252.5,88.8846153846154,2.));
#11040=CARTESIAN_POINT('',(-252.5,82.1153846153846,2.));
#11041=CARTESIAN_POINT('',(-252.5,88.8846153846154,2.));
#11042=CARTESIAN_POINT('',(-252.5,88.8846153846154,3.8));
#11043=CARTESIAN_POINT('',(-263.5,85.5,2.));
#11044=CARTESIAN_POINT('',(-263.5,88.8846153846154,2.));
#11045=CARTESIAN_POINT('',(-263.5,82.1153846153846,2.));
#11046=CARTESIAN_POINT('',(-263.5,88.8846153846154,2.));
#11047=CARTESIAN_POINT('',(-263.5,88.8846153846154,3.8));
#11048=CARTESIAN_POINT('',(-230.5,74.5,2.));
#11049=CARTESIAN_POINT('',(-230.5,77.8846153846154,2.));
#11050=CARTESIAN_POINT('',(-230.5,71.1153846153847,2.));
#11051=CARTESIAN_POINT('',(-230.5,77.8846153846154,2.));
#11052=CARTESIAN_POINT('',(-230.5,77.8846153846154,3.8));
#11053=CARTESIAN_POINT('',(-241.5,74.5,2.));
#11054=CARTESIAN_POINT('',(-241.5,77.8846153846154,2.));
#11055=CARTESIAN_POINT('',(-241.5,71.1153846153846,2.));
#11056=CARTESIAN_POINT('',(-241.5,77.8846153846154,2.));
#11057=CARTESIAN_POINT('',(-241.5,77.8846153846154,3.8));
#11058=CARTESIAN_POINT('',(-230.5,85.5,2.));
#11059=CARTESIAN_POINT('',(-230.5,88.8846153846154,2.));
#11060=CARTESIAN_POINT('',(-230.5,82.1153846153846,2.));
#11061=CARTESIAN_POINT('',(-230.5,88.8846153846154,2.));
#11062=CARTESIAN_POINT('',(-230.5,88.8846153846154,3.8));
#11063=CARTESIAN_POINT('',(-241.5,85.5,2.));
#11064=CARTESIAN_POINT('',(-241.5,88.8846153846154,2.));
#11065=CARTESIAN_POINT('',(-241.5,82.1153846153846,2.));
#11066=CARTESIAN_POINT('',(-241.5,88.8846153846154,2.));
#11067=CARTESIAN_POINT('',(-241.5,88.8846153846154,3.8));
#11068=CARTESIAN_POINT('',(-208.5,74.5,2.));
#11069=CARTESIAN_POINT('',(-208.5,77.8846153846154,2.));
#11070=CARTESIAN_POINT('',(-208.5,71.1153846153846,2.));
#11071=CARTESIAN_POINT('',(-208.5,77.8846153846154,2.));
#11072=CARTESIAN_POINT('',(-208.5,77.8846153846154,3.8));
#11073=CARTESIAN_POINT('',(-219.5,74.5,2.));
#11074=CARTESIAN_POINT('',(-219.5,77.8846153846154,2.));
#11075=CARTESIAN_POINT('',(-219.5,71.1153846153846,2.));
#11076=CARTESIAN_POINT('',(-219.5,77.8846153846154,2.));
#11077=CARTESIAN_POINT('',(-219.5,77.8846153846154,3.8));
#11078=CARTESIAN_POINT('',(-208.5,85.5,2.));
#11079=CARTESIAN_POINT('',(-208.5,88.8846153846154,2.));
#11080=CARTESIAN_POINT('',(-208.5,82.1153846153846,2.));
#11081=CARTESIAN_POINT('',(-208.5,88.8846153846154,2.));
#11082=CARTESIAN_POINT('',(-208.5,88.8846153846154,3.8));
#11083=CARTESIAN_POINT('',(-219.5,85.5,2.));
#11084=CARTESIAN_POINT('',(-219.5,88.8846153846154,2.));
#11085=CARTESIAN_POINT('',(-219.5,82.1153846153846,2.));
#11086=CARTESIAN_POINT('',(-219.5,88.8846153846154,2.));
#11087=CARTESIAN_POINT('',(-219.5,88.8846153846154,3.8));
#11088=CARTESIAN_POINT('',(-186.5,74.5,2.));
#11089=CARTESIAN_POINT('',(-186.5,77.8846153846154,2.));
#11090=CARTESIAN_POINT('',(-186.5,71.1153846153846,2.));
#11091=CARTESIAN_POINT('',(-186.5,77.8846153846154,2.));
#11092=CARTESIAN_POINT('',(-186.5,77.8846153846154,3.8));
#11093=CARTESIAN_POINT('',(-197.5,74.5,2.));
#11094=CARTESIAN_POINT('',(-197.5,77.8846153846154,2.));
#11095=CARTESIAN_POINT('',(-197.5,71.1153846153846,2.));
#11096=CARTESIAN_POINT('',(-197.5,77.8846153846154,2.));
#11097=CARTESIAN_POINT('',(-197.5,77.8846153846154,3.8));
#11098=CARTESIAN_POINT('',(-186.5,85.5,2.));
#11099=CARTESIAN_POINT('',(-186.5,88.8846153846154,2.));
#11100=CARTESIAN_POINT('',(-186.5,82.1153846153846,2.));
#11101=CARTESIAN_POINT('',(-186.5,88.8846153846154,2.));
#11102=CARTESIAN_POINT('',(-186.5,88.8846153846154,3.8));
#11103=CARTESIAN_POINT('',(-197.5,85.5,2.));
#11104=CARTESIAN_POINT('',(-197.5,88.8846153846154,2.));
#11105=CARTESIAN_POINT('',(-197.5,82.1153846153846,2.));
#11106=CARTESIAN_POINT('',(-197.5,88.8846153846154,2.));
#11107=CARTESIAN_POINT('',(-197.5,88.8846153846154,3.8));
#11108=CARTESIAN_POINT('',(-164.5,74.5,2.));
#11109=CARTESIAN_POINT('',(-164.5,77.8846153846154,2.));
#11110=CARTESIAN_POINT('',(-164.5,71.1153846153846,2.));
#11111=CARTESIAN_POINT('',(-164.5,77.8846153846154,2.));
#11112=CARTESIAN_POINT('',(-164.5,77.8846153846154,3.8));
#11113=CARTESIAN_POINT('',(-175.5,74.5,2.));
#11114=CARTESIAN_POINT('',(-175.5,77.8846153846154,2.));
#11115=CARTESIAN_POINT('',(-175.5,71.1153846153846,2.));
#11116=CARTESIAN_POINT('',(-175.5,77.8846153846154,2.));
#11117=CARTESIAN_POINT('',(-175.5,77.8846153846154,3.8));
#11118=CARTESIAN_POINT('',(-164.5,85.5,2.));
#11119=CARTESIAN_POINT('',(-164.5,88.8846153846154,2.));
#11120=CARTESIAN_POINT('',(-164.5,82.1153846153846,2.));
#11121=CARTESIAN_POINT('',(-164.5,88.8846153846154,2.));
#11122=CARTESIAN_POINT('',(-164.5,88.8846153846154,3.8));
#11123=CARTESIAN_POINT('',(-175.5,85.5,2.));
#11124=CARTESIAN_POINT('',(-175.5,88.8846153846154,2.));
#11125=CARTESIAN_POINT('',(-175.5,82.1153846153846,2.));
#11126=CARTESIAN_POINT('',(-175.5,88.8846153846154,2.));
#11127=CARTESIAN_POINT('',(-175.5,88.8846153846154,3.8));
#11128=CARTESIAN_POINT('',(-142.5,74.5,2.));
#11129=CARTESIAN_POINT('',(-142.5,77.8846153846154,2.));
#11130=CARTESIAN_POINT('',(-142.5,71.1153846153846,2.));
#11131=CARTESIAN_POINT('',(-142.5,77.8846153846154,2.));
#11132=CARTESIAN_POINT('',(-142.5,77.8846153846154,3.8));
#11133=CARTESIAN_POINT('',(-153.5,74.5,2.));
#11134=CARTESIAN_POINT('',(-153.5,77.8846153846154,2.));
#11135=CARTESIAN_POINT('',(-153.5,71.1153846153846,2.));
#11136=CARTESIAN_POINT('',(-153.5,77.8846153846154,2.));
#11137=CARTESIAN_POINT('',(-153.5,77.8846153846154,3.8));
#11138=CARTESIAN_POINT('',(-142.5,85.5,2.));
#11139=CARTESIAN_POINT('',(-142.5,88.8846153846154,2.));
#11140=CARTESIAN_POINT('',(-142.5,82.1153846153846,2.));
#11141=CARTESIAN_POINT('',(-142.5,88.8846153846154,2.));
#11142=CARTESIAN_POINT('',(-142.5,88.8846153846154,3.8));
#11143=CARTESIAN_POINT('',(-153.5,85.5,2.));
#11144=CARTESIAN_POINT('',(-153.5,88.8846153846154,2.));
#11145=CARTESIAN_POINT('',(-153.5,82.1153846153846,2.));
#11146=CARTESIAN_POINT('',(-153.5,88.8846153846154,2.));
#11147=CARTESIAN_POINT('',(-153.5,88.8846153846154,3.8));
#11148=CARTESIAN_POINT('',(-252.5,118.5,2.));
#11149=CARTESIAN_POINT('',(-252.5,121.884615384615,2.));
#11150=CARTESIAN_POINT('',(-252.5,115.115384615385,2.));
#11151=CARTESIAN_POINT('',(-252.5,121.884615384615,2.));
#11152=CARTESIAN_POINT('',(-252.5,121.884615384615,3.8));
#11153=CARTESIAN_POINT('',(-263.5,118.5,2.));
#11154=CARTESIAN_POINT('',(-263.5,121.884615384615,2.));
#11155=CARTESIAN_POINT('',(-263.5,115.115384615385,2.));
#11156=CARTESIAN_POINT('',(-263.5,121.884615384615,2.));
#11157=CARTESIAN_POINT('',(-263.5,121.884615384615,3.8));
#11158=CARTESIAN_POINT('',(-252.5,129.5,2.));
#11159=CARTESIAN_POINT('',(-252.5,132.884615384615,2.));
#11160=CARTESIAN_POINT('',(-252.5,126.115384615385,2.));
#11161=CARTESIAN_POINT('',(-252.5,132.884615384615,2.));
#11162=CARTESIAN_POINT('',(-252.5,132.884615384615,3.8));
#11163=CARTESIAN_POINT('',(-230.5,118.5,2.));
#11164=CARTESIAN_POINT('',(-230.5,121.884615384615,2.));
#11165=CARTESIAN_POINT('',(-230.5,115.115384615385,2.));
#11166=CARTESIAN_POINT('',(-230.5,121.884615384615,2.));
#11167=CARTESIAN_POINT('',(-230.5,121.884615384615,3.8));
#11168=CARTESIAN_POINT('',(-241.5,118.5,2.));
#11169=CARTESIAN_POINT('',(-241.5,121.884615384615,2.));
#11170=CARTESIAN_POINT('',(-241.5,115.115384615385,2.));
#11171=CARTESIAN_POINT('',(-241.5,121.884615384615,2.));
#11172=CARTESIAN_POINT('',(-241.5,121.884615384615,3.8));
#11173=CARTESIAN_POINT('',(-230.5,129.5,2.));
#11174=CARTESIAN_POINT('',(-230.5,132.884615384615,2.));
#11175=CARTESIAN_POINT('',(-230.5,126.115384615385,2.));
#11176=CARTESIAN_POINT('',(-230.5,132.884615384615,2.));
#11177=CARTESIAN_POINT('',(-230.5,132.884615384615,3.8));
#11178=CARTESIAN_POINT('',(-241.5,129.5,2.));
#11179=CARTESIAN_POINT('',(-241.5,132.884615384615,2.));
#11180=CARTESIAN_POINT('',(-241.5,126.115384615385,2.));
#11181=CARTESIAN_POINT('',(-241.5,132.884615384615,2.));
#11182=CARTESIAN_POINT('',(-241.5,132.884615384615,3.8));
#11183=CARTESIAN_POINT('',(-208.5,118.5,2.));
#11184=CARTESIAN_POINT('',(-208.5,121.884615384615,2.));
#11185=CARTESIAN_POINT('',(-208.5,115.115384615385,2.));
#11186=CARTESIAN_POINT('',(-208.5,121.884615384615,2.));
#11187=CARTESIAN_POINT('',(-208.5,121.884615384615,3.8));
#11188=CARTESIAN_POINT('',(-219.5,118.5,2.));
#11189=CARTESIAN_POINT('',(-219.5,121.884615384615,2.));
#11190=CARTESIAN_POINT('',(-219.5,115.115384615385,2.));
#11191=CARTESIAN_POINT('',(-219.5,121.884615384615,2.));
#11192=CARTESIAN_POINT('',(-219.5,121.884615384615,3.8));
#11193=CARTESIAN_POINT('',(-208.5,129.5,2.));
#11194=CARTESIAN_POINT('',(-208.5,132.884615384615,2.));
#11195=CARTESIAN_POINT('',(-208.5,126.115384615385,2.));
#11196=CARTESIAN_POINT('',(-208.5,132.884615384615,2.));
#11197=CARTESIAN_POINT('',(-208.5,132.884615384615,3.8));
#11198=CARTESIAN_POINT('',(-219.5,129.5,2.));
#11199=CARTESIAN_POINT('',(-219.5,132.884615384615,2.));
#11200=CARTESIAN_POINT('',(-219.5,126.115384615385,2.));
#11201=CARTESIAN_POINT('',(-219.5,132.884615384615,2.));
#11202=CARTESIAN_POINT('',(-219.5,132.884615384615,3.8));
#11203=CARTESIAN_POINT('',(-186.5,118.5,2.));
#11204=CARTESIAN_POINT('',(-186.5,121.884615384615,2.));
#11205=CARTESIAN_POINT('',(-186.5,115.115384615385,2.));
#11206=CARTESIAN_POINT('',(-186.5,121.884615384615,2.));
#11207=CARTESIAN_POINT('',(-186.5,121.884615384615,3.8));
#11208=CARTESIAN_POINT('',(-197.5,118.5,2.));
#11209=CARTESIAN_POINT('',(-197.5,121.884615384615,2.));
#11210=CARTESIAN_POINT('',(-197.5,115.115384615385,2.));
#11211=CARTESIAN_POINT('',(-197.5,121.884615384615,2.));
#11212=CARTESIAN_POINT('',(-197.5,121.884615384615,3.8));
#11213=CARTESIAN_POINT('',(-186.5,129.5,2.));
#11214=CARTESIAN_POINT('',(-186.5,132.884615384615,2.));
#11215=CARTESIAN_POINT('',(-186.5,126.115384615385,2.));
#11216=CARTESIAN_POINT('',(-186.5,132.884615384615,2.));
#11217=CARTESIAN_POINT('',(-186.5,132.884615384615,3.8));
#11218=CARTESIAN_POINT('',(-197.5,129.5,2.));
#11219=CARTESIAN_POINT('',(-197.5,132.884615384615,2.));
#11220=CARTESIAN_POINT('',(-197.5,126.115384615385,2.));
#11221=CARTESIAN_POINT('',(-197.5,132.884615384615,2.));
#11222=CARTESIAN_POINT('',(-197.5,132.884615384615,3.8));
#11223=CARTESIAN_POINT('',(-164.5,118.5,2.));
#11224=CARTESIAN_POINT('',(-164.5,121.884615384615,2.));
#11225=CARTESIAN_POINT('',(-164.5,115.115384615385,2.));
#11226=CARTESIAN_POINT('',(-164.5,121.884615384615,2.));
#11227=CARTESIAN_POINT('',(-164.5,121.884615384615,3.8));
#11228=CARTESIAN_POINT('',(-175.5,118.5,2.));
#11229=CARTESIAN_POINT('',(-175.5,121.884615384615,2.));
#11230=CARTESIAN_POINT('',(-175.5,115.115384615385,2.));
#11231=CARTESIAN_POINT('',(-175.5,121.884615384615,2.));
#11232=CARTESIAN_POINT('',(-175.5,121.884615384615,3.8));
#11233=CARTESIAN_POINT('',(-164.5,129.5,2.));
#11234=CARTESIAN_POINT('',(-164.5,132.884615384615,2.));
#11235=CARTESIAN_POINT('',(-164.5,126.115384615385,2.));
#11236=CARTESIAN_POINT('',(-164.5,132.884615384615,2.));
#11237=CARTESIAN_POINT('',(-164.5,132.884615384615,3.8));
#11238=CARTESIAN_POINT('',(-175.5,129.5,2.));
#11239=CARTESIAN_POINT('',(-175.5,132.884615384615,2.));
#11240=CARTESIAN_POINT('',(-175.5,126.115384615385,2.));
#11241=CARTESIAN_POINT('',(-175.5,132.884615384615,2.));
#11242=CARTESIAN_POINT('',(-175.5,132.884615384615,3.8));
#11243=CARTESIAN_POINT('',(-142.5,118.5,2.));
#11244=CARTESIAN_POINT('',(-142.5,121.884615384615,2.));
#11245=CARTESIAN_POINT('',(-142.5,115.115384615385,2.));
#11246=CARTESIAN_POINT('',(-142.5,121.884615384615,2.));
#11247=CARTESIAN_POINT('',(-142.5,121.884615384615,3.8));
#11248=CARTESIAN_POINT('',(-153.5,118.5,2.));
#11249=CARTESIAN_POINT('',(-153.5,121.884615384615,2.));
#11250=CARTESIAN_POINT('',(-153.5,115.115384615385,2.));
#11251=CARTESIAN_POINT('',(-153.5,121.884615384615,2.));
#11252=CARTESIAN_POINT('',(-153.5,121.884615384615,3.8));
#11253=CARTESIAN_POINT('',(-142.5,129.5,2.));
#11254=CARTESIAN_POINT('',(-142.5,132.884615384615,2.));
#11255=CARTESIAN_POINT('',(-142.5,126.115384615385,2.));
#11256=CARTESIAN_POINT('',(-142.5,132.884615384615,2.));
#11257=CARTESIAN_POINT('',(-142.5,132.884615384615,3.8));
#11258=CARTESIAN_POINT('',(-153.5,129.5,2.));
#11259=CARTESIAN_POINT('',(-153.5,132.884615384615,2.));
#11260=CARTESIAN_POINT('',(-153.5,126.115384615385,2.));
#11261=CARTESIAN_POINT('',(-153.5,132.884615384615,2.));
#11262=CARTESIAN_POINT('',(-153.5,132.884615384615,3.8));
#11263=CARTESIAN_POINT('',(-120.5,85.5,2.));
#11264=CARTESIAN_POINT('',(-123.884615384615,85.5,2.));
#11265=CARTESIAN_POINT('',(-117.115384615385,85.5,2.));
#11266=CARTESIAN_POINT('',(-123.884615384615,85.5,2.));
#11267=CARTESIAN_POINT('',(-123.884615384615,85.5,3.8));
#11268=CARTESIAN_POINT('',(-120.5,74.5,2.));
#11269=CARTESIAN_POINT('',(-123.884615384615,74.5,2.));
#11270=CARTESIAN_POINT('',(-117.115384615385,74.5,2.));
#11271=CARTESIAN_POINT('',(-123.884615384615,74.5,2.));
#11272=CARTESIAN_POINT('',(-123.884615384615,74.5,3.8));
#11273=CARTESIAN_POINT('',(-131.5,85.5,2.));
#11274=CARTESIAN_POINT('',(-134.884615384615,85.5,2.));
#11275=CARTESIAN_POINT('',(-128.115384615385,85.5,2.));
#11276=CARTESIAN_POINT('',(-134.884615384615,85.5,2.));
#11277=CARTESIAN_POINT('',(-134.884615384615,85.5,3.8));
#11278=CARTESIAN_POINT('',(-131.5,74.5,2.));
#11279=CARTESIAN_POINT('',(-134.884615384615,74.5,2.));
#11280=CARTESIAN_POINT('',(-128.115384615385,74.5,2.));
#11281=CARTESIAN_POINT('',(-134.884615384615,74.5,2.));
#11282=CARTESIAN_POINT('',(-134.884615384615,74.5,3.8));
#11283=CARTESIAN_POINT('',(-120.5,107.5,2.));
#11284=CARTESIAN_POINT('',(-123.884615384615,107.5,2.));
#11285=CARTESIAN_POINT('',(-117.115384615385,107.5,2.));
#11286=CARTESIAN_POINT('',(-123.884615384615,107.5,2.));
#11287=CARTESIAN_POINT('',(-123.884615384615,107.5,3.8));
#11288=CARTESIAN_POINT('',(-120.5,96.5,2.));
#11289=CARTESIAN_POINT('',(-123.884615384615,96.5,2.));
#11290=CARTESIAN_POINT('',(-117.115384615385,96.5,2.));
#11291=CARTESIAN_POINT('',(-123.884615384615,96.5,2.));
#11292=CARTESIAN_POINT('',(-123.884615384615,96.5,3.8));
#11293=CARTESIAN_POINT('',(-131.5,107.5,2.));
#11294=CARTESIAN_POINT('',(-134.884615384615,107.5,2.));
#11295=CARTESIAN_POINT('',(-128.115384615385,107.5,2.));
#11296=CARTESIAN_POINT('',(-134.884615384615,107.5,2.));
#11297=CARTESIAN_POINT('',(-134.884615384615,107.5,3.8));
#11298=CARTESIAN_POINT('',(-128.115384615385,107.5,2.));
#11299=CARTESIAN_POINT('',(-128.115384615385,107.5,3.8));
#11300=CARTESIAN_POINT('',(-131.5,107.5,3.8));
#11301=CARTESIAN_POINT('',(-128.115384615385,107.5,3.8));
#11302=CARTESIAN_POINT('',(-134.884615384615,107.5,3.8));
#11303=CARTESIAN_POINT('',(-131.5,107.5,2.));
#11304=CARTESIAN_POINT('',(-128.115384615385,107.5,2.));
#11305=CARTESIAN_POINT('',(-134.884615384615,107.5,2.));
#11306=CARTESIAN_POINT('',(-117.115384615385,96.5,2.));
#11307=CARTESIAN_POINT('',(-117.115384615385,96.5,3.8));
#11308=CARTESIAN_POINT('',(-120.5,96.5,3.8));
#11309=CARTESIAN_POINT('',(-117.115384615385,96.5,3.8));
#11310=CARTESIAN_POINT('',(-123.884615384615,96.5,3.8));
#11311=CARTESIAN_POINT('',(-120.5,96.5,2.));
#11312=CARTESIAN_POINT('',(-117.115384615385,96.5,2.));
#11313=CARTESIAN_POINT('',(-123.884615384615,96.5,2.));
#11314=CARTESIAN_POINT('',(-117.115384615385,107.5,2.));
#11315=CARTESIAN_POINT('',(-117.115384615385,107.5,3.8));
#11316=CARTESIAN_POINT('',(-120.5,107.5,3.8));
#11317=CARTESIAN_POINT('',(-117.115384615385,107.5,3.8));
#11318=CARTESIAN_POINT('',(-123.884615384615,107.5,3.8));
#11319=CARTESIAN_POINT('',(-120.5,107.5,2.));
#11320=CARTESIAN_POINT('',(-117.115384615385,107.5,2.));
#11321=CARTESIAN_POINT('',(-123.884615384615,107.5,2.));
#11322=CARTESIAN_POINT('',(-128.115384615385,74.5,2.));
#11323=CARTESIAN_POINT('',(-128.115384615385,74.5,3.8));
#11324=CARTESIAN_POINT('',(-131.5,74.5,3.8));
#11325=CARTESIAN_POINT('',(-128.115384615385,74.5,3.8));
#11326=CARTESIAN_POINT('',(-134.884615384615,74.5,3.8));
#11327=CARTESIAN_POINT('',(-131.5,74.5,2.));
#11328=CARTESIAN_POINT('',(-128.115384615385,74.5,2.));
#11329=CARTESIAN_POINT('',(-134.884615384615,74.5,2.));
#11330=CARTESIAN_POINT('',(-128.115384615385,85.5,2.));
#11331=CARTESIAN_POINT('',(-128.115384615385,85.5,3.8));
#11332=CARTESIAN_POINT('',(-131.5,85.5,3.8));
#11333=CARTESIAN_POINT('',(-128.115384615385,85.5,3.8));
#11334=CARTESIAN_POINT('',(-134.884615384615,85.5,3.8));
#11335=CARTESIAN_POINT('',(-131.5,85.5,2.));
#11336=CARTESIAN_POINT('',(-128.115384615385,85.5,2.));
#11337=CARTESIAN_POINT('',(-134.884615384615,85.5,2.));
#11338=CARTESIAN_POINT('',(-117.115384615385,74.5,2.));
#11339=CARTESIAN_POINT('',(-117.115384615385,74.5,3.8));
#11340=CARTESIAN_POINT('',(-120.5,74.5,3.8));
#11341=CARTESIAN_POINT('',(-117.115384615385,74.5,3.8));
#11342=CARTESIAN_POINT('',(-123.884615384615,74.5,3.8));
#11343=CARTESIAN_POINT('',(-120.5,74.5,2.));
#11344=CARTESIAN_POINT('',(-117.115384615385,74.5,2.));
#11345=CARTESIAN_POINT('',(-123.884615384615,74.5,2.));
#11346=CARTESIAN_POINT('',(-117.115384615385,85.5,2.));
#11347=CARTESIAN_POINT('',(-117.115384615385,85.5,3.8));
#11348=CARTESIAN_POINT('',(-120.5,85.5,3.8));
#11349=CARTESIAN_POINT('',(-117.115384615385,85.5,3.8));
#11350=CARTESIAN_POINT('',(-123.884615384615,85.5,3.8));
#11351=CARTESIAN_POINT('',(-120.5,85.5,2.));
#11352=CARTESIAN_POINT('',(-117.115384615385,85.5,2.));
#11353=CARTESIAN_POINT('',(-123.884615384615,85.5,2.));
#11354=CARTESIAN_POINT('',(-153.5,126.115384615385,2.));
#11355=CARTESIAN_POINT('',(-153.5,126.115384615385,3.8));
#11356=CARTESIAN_POINT('',(-153.5,129.5,3.8));
#11357=CARTESIAN_POINT('',(-153.5,126.115384615385,3.8));
#11358=CARTESIAN_POINT('',(-153.5,132.884615384615,3.8));
#11359=CARTESIAN_POINT('',(-153.5,129.5,2.));
#11360=CARTESIAN_POINT('',(-153.5,126.115384615385,2.));
#11361=CARTESIAN_POINT('',(-153.5,132.884615384615,2.));
#11362=CARTESIAN_POINT('',(-142.5,126.115384615385,2.));
#11363=CARTESIAN_POINT('',(-142.5,126.115384615385,3.8));
#11364=CARTESIAN_POINT('',(-142.5,129.5,3.8));
#11365=CARTESIAN_POINT('',(-142.5,126.115384615385,3.8));
#11366=CARTESIAN_POINT('',(-142.5,132.884615384615,3.8));
#11367=CARTESIAN_POINT('',(-142.5,129.5,2.));
#11368=CARTESIAN_POINT('',(-142.5,126.115384615385,2.));
#11369=CARTESIAN_POINT('',(-142.5,132.884615384615,2.));
#11370=CARTESIAN_POINT('',(-153.5,115.115384615385,2.));
#11371=CARTESIAN_POINT('',(-153.5,115.115384615385,3.8));
#11372=CARTESIAN_POINT('',(-153.5,118.5,3.8));
#11373=CARTESIAN_POINT('',(-153.5,115.115384615385,3.8));
#11374=CARTESIAN_POINT('',(-153.5,121.884615384615,3.8));
#11375=CARTESIAN_POINT('',(-153.5,118.5,2.));
#11376=CARTESIAN_POINT('',(-153.5,115.115384615385,2.));
#11377=CARTESIAN_POINT('',(-153.5,121.884615384615,2.));
#11378=CARTESIAN_POINT('',(-142.5,115.115384615385,2.));
#11379=CARTESIAN_POINT('',(-142.5,115.115384615385,3.8));
#11380=CARTESIAN_POINT('',(-142.5,118.5,3.8));
#11381=CARTESIAN_POINT('',(-142.5,115.115384615385,3.8));
#11382=CARTESIAN_POINT('',(-142.5,121.884615384615,3.8));
#11383=CARTESIAN_POINT('',(-142.5,118.5,2.));
#11384=CARTESIAN_POINT('',(-142.5,115.115384615385,2.));
#11385=CARTESIAN_POINT('',(-142.5,121.884615384615,2.));
#11386=CARTESIAN_POINT('',(-175.5,126.115384615385,2.));
#11387=CARTESIAN_POINT('',(-175.5,126.115384615385,3.8));
#11388=CARTESIAN_POINT('',(-175.5,129.5,3.8));
#11389=CARTESIAN_POINT('',(-175.5,126.115384615385,3.8));
#11390=CARTESIAN_POINT('',(-175.5,132.884615384615,3.8));
#11391=CARTESIAN_POINT('',(-175.5,129.5,2.));
#11392=CARTESIAN_POINT('',(-175.5,126.115384615385,2.));
#11393=CARTESIAN_POINT('',(-175.5,132.884615384615,2.));
#11394=CARTESIAN_POINT('',(-164.5,126.115384615385,2.));
#11395=CARTESIAN_POINT('',(-164.5,126.115384615385,3.8));
#11396=CARTESIAN_POINT('',(-164.5,129.5,3.8));
#11397=CARTESIAN_POINT('',(-164.5,126.115384615385,3.8));
#11398=CARTESIAN_POINT('',(-164.5,132.884615384615,3.8));
#11399=CARTESIAN_POINT('',(-164.5,129.5,2.));
#11400=CARTESIAN_POINT('',(-164.5,126.115384615385,2.));
#11401=CARTESIAN_POINT('',(-164.5,132.884615384615,2.));
#11402=CARTESIAN_POINT('',(-175.5,115.115384615385,2.));
#11403=CARTESIAN_POINT('',(-175.5,115.115384615385,3.8));
#11404=CARTESIAN_POINT('',(-175.5,118.5,3.8));
#11405=CARTESIAN_POINT('',(-175.5,115.115384615385,3.8));
#11406=CARTESIAN_POINT('',(-175.5,121.884615384615,3.8));
#11407=CARTESIAN_POINT('',(-175.5,118.5,2.));
#11408=CARTESIAN_POINT('',(-175.5,115.115384615385,2.));
#11409=CARTESIAN_POINT('',(-175.5,121.884615384615,2.));
#11410=CARTESIAN_POINT('',(-164.5,115.115384615385,2.));
#11411=CARTESIAN_POINT('',(-164.5,115.115384615385,3.8));
#11412=CARTESIAN_POINT('',(-164.5,118.5,3.8));
#11413=CARTESIAN_POINT('',(-164.5,115.115384615385,3.8));
#11414=CARTESIAN_POINT('',(-164.5,121.884615384615,3.8));
#11415=CARTESIAN_POINT('',(-164.5,118.5,2.));
#11416=CARTESIAN_POINT('',(-164.5,115.115384615385,2.));
#11417=CARTESIAN_POINT('',(-164.5,121.884615384615,2.));
#11418=CARTESIAN_POINT('',(-197.5,126.115384615385,2.));
#11419=CARTESIAN_POINT('',(-197.5,126.115384615385,3.8));
#11420=CARTESIAN_POINT('',(-197.5,129.5,3.8));
#11421=CARTESIAN_POINT('',(-197.5,126.115384615385,3.8));
#11422=CARTESIAN_POINT('',(-197.5,132.884615384615,3.8));
#11423=CARTESIAN_POINT('',(-197.5,129.5,2.));
#11424=CARTESIAN_POINT('',(-197.5,126.115384615385,2.));
#11425=CARTESIAN_POINT('',(-197.5,132.884615384615,2.));
#11426=CARTESIAN_POINT('',(-186.5,126.115384615385,2.));
#11427=CARTESIAN_POINT('',(-186.5,126.115384615385,3.8));
#11428=CARTESIAN_POINT('',(-186.5,129.5,3.8));
#11429=CARTESIAN_POINT('',(-186.5,126.115384615385,3.8));
#11430=CARTESIAN_POINT('',(-186.5,132.884615384615,3.8));
#11431=CARTESIAN_POINT('',(-186.5,129.5,2.));
#11432=CARTESIAN_POINT('',(-186.5,126.115384615385,2.));
#11433=CARTESIAN_POINT('',(-186.5,132.884615384615,2.));
#11434=CARTESIAN_POINT('',(-197.5,115.115384615385,2.));
#11435=CARTESIAN_POINT('',(-197.5,115.115384615385,3.8));
#11436=CARTESIAN_POINT('',(-197.5,118.5,3.8));
#11437=CARTESIAN_POINT('',(-197.5,115.115384615385,3.8));
#11438=CARTESIAN_POINT('',(-197.5,121.884615384615,3.8));
#11439=CARTESIAN_POINT('',(-197.5,118.5,2.));
#11440=CARTESIAN_POINT('',(-197.5,115.115384615385,2.));
#11441=CARTESIAN_POINT('',(-197.5,121.884615384615,2.));
#11442=CARTESIAN_POINT('',(-186.5,115.115384615385,2.));
#11443=CARTESIAN_POINT('',(-186.5,115.115384615385,3.8));
#11444=CARTESIAN_POINT('',(-186.5,118.5,3.8));
#11445=CARTESIAN_POINT('',(-186.5,115.115384615385,3.8));
#11446=CARTESIAN_POINT('',(-186.5,121.884615384615,3.8));
#11447=CARTESIAN_POINT('',(-186.5,118.5,2.));
#11448=CARTESIAN_POINT('',(-186.5,115.115384615385,2.));
#11449=CARTESIAN_POINT('',(-186.5,121.884615384615,2.));
#11450=CARTESIAN_POINT('',(-219.5,126.115384615385,2.));
#11451=CARTESIAN_POINT('',(-219.5,126.115384615385,3.8));
#11452=CARTESIAN_POINT('',(-219.5,129.5,3.8));
#11453=CARTESIAN_POINT('',(-219.5,126.115384615385,3.8));
#11454=CARTESIAN_POINT('',(-219.5,132.884615384615,3.8));
#11455=CARTESIAN_POINT('',(-219.5,129.5,2.));
#11456=CARTESIAN_POINT('',(-219.5,126.115384615385,2.));
#11457=CARTESIAN_POINT('',(-219.5,132.884615384615,2.));
#11458=CARTESIAN_POINT('',(-208.5,126.115384615385,2.));
#11459=CARTESIAN_POINT('',(-208.5,126.115384615385,3.8));
#11460=CARTESIAN_POINT('',(-208.5,129.5,3.8));
#11461=CARTESIAN_POINT('',(-208.5,126.115384615385,3.8));
#11462=CARTESIAN_POINT('',(-208.5,132.884615384615,3.8));
#11463=CARTESIAN_POINT('',(-208.5,129.5,2.));
#11464=CARTESIAN_POINT('',(-208.5,126.115384615385,2.));
#11465=CARTESIAN_POINT('',(-208.5,132.884615384615,2.));
#11466=CARTESIAN_POINT('',(-219.5,115.115384615385,2.));
#11467=CARTESIAN_POINT('',(-219.5,115.115384615385,3.8));
#11468=CARTESIAN_POINT('',(-219.5,118.5,3.8));
#11469=CARTESIAN_POINT('',(-219.5,115.115384615385,3.8));
#11470=CARTESIAN_POINT('',(-219.5,121.884615384615,3.8));
#11471=CARTESIAN_POINT('',(-219.5,118.5,2.));
#11472=CARTESIAN_POINT('',(-219.5,115.115384615385,2.));
#11473=CARTESIAN_POINT('',(-219.5,121.884615384615,2.));
#11474=CARTESIAN_POINT('',(-208.5,115.115384615385,2.));
#11475=CARTESIAN_POINT('',(-208.5,115.115384615385,3.8));
#11476=CARTESIAN_POINT('',(-208.5,118.5,3.8));
#11477=CARTESIAN_POINT('',(-208.5,115.115384615385,3.8));
#11478=CARTESIAN_POINT('',(-208.5,121.884615384615,3.8));
#11479=CARTESIAN_POINT('',(-208.5,118.5,2.));
#11480=CARTESIAN_POINT('',(-208.5,115.115384615385,2.));
#11481=CARTESIAN_POINT('',(-208.5,121.884615384615,2.));
#11482=CARTESIAN_POINT('',(-241.5,126.115384615385,2.));
#11483=CARTESIAN_POINT('',(-241.5,126.115384615385,3.8));
#11484=CARTESIAN_POINT('',(-241.5,129.5,3.8));
#11485=CARTESIAN_POINT('',(-241.5,126.115384615385,3.8));
#11486=CARTESIAN_POINT('',(-241.5,132.884615384615,3.8));
#11487=CARTESIAN_POINT('',(-241.5,129.5,2.));
#11488=CARTESIAN_POINT('',(-241.5,126.115384615385,2.));
#11489=CARTESIAN_POINT('',(-241.5,132.884615384615,2.));
#11490=CARTESIAN_POINT('',(-230.5,126.115384615385,2.));
#11491=CARTESIAN_POINT('',(-230.5,126.115384615385,3.8));
#11492=CARTESIAN_POINT('',(-230.5,129.5,3.8));
#11493=CARTESIAN_POINT('',(-230.5,126.115384615385,3.8));
#11494=CARTESIAN_POINT('',(-230.5,132.884615384615,3.8));
#11495=CARTESIAN_POINT('',(-230.5,129.5,2.));
#11496=CARTESIAN_POINT('',(-230.5,126.115384615385,2.));
#11497=CARTESIAN_POINT('',(-230.5,132.884615384615,2.));
#11498=CARTESIAN_POINT('',(-241.5,115.115384615385,2.));
#11499=CARTESIAN_POINT('',(-241.5,115.115384615385,3.8));
#11500=CARTESIAN_POINT('',(-241.5,118.5,3.8));
#11501=CARTESIAN_POINT('',(-241.5,115.115384615385,3.8));
#11502=CARTESIAN_POINT('',(-241.5,121.884615384615,3.8));
#11503=CARTESIAN_POINT('',(-241.5,118.5,2.));
#11504=CARTESIAN_POINT('',(-241.5,115.115384615385,2.));
#11505=CARTESIAN_POINT('',(-241.5,121.884615384615,2.));
#11506=CARTESIAN_POINT('',(-230.5,115.115384615385,2.));
#11507=CARTESIAN_POINT('',(-230.5,115.115384615385,3.8));
#11508=CARTESIAN_POINT('',(-230.5,118.5,3.8));
#11509=CARTESIAN_POINT('',(-230.5,115.115384615385,3.8));
#11510=CARTESIAN_POINT('',(-230.5,121.884615384615,3.8));
#11511=CARTESIAN_POINT('',(-230.5,118.5,2.));
#11512=CARTESIAN_POINT('',(-230.5,115.115384615385,2.));
#11513=CARTESIAN_POINT('',(-230.5,121.884615384615,2.));
#11514=CARTESIAN_POINT('',(-252.5,126.115384615385,2.));
#11515=CARTESIAN_POINT('',(-252.5,126.115384615385,3.8));
#11516=CARTESIAN_POINT('',(-252.5,129.5,3.8));
#11517=CARTESIAN_POINT('',(-252.5,126.115384615385,3.8));
#11518=CARTESIAN_POINT('',(-252.5,132.884615384615,3.8));
#11519=CARTESIAN_POINT('',(-252.5,129.5,2.));
#11520=CARTESIAN_POINT('',(-252.5,126.115384615385,2.));
#11521=CARTESIAN_POINT('',(-252.5,132.884615384615,2.));
#11522=CARTESIAN_POINT('',(-263.5,115.115384615385,2.));
#11523=CARTESIAN_POINT('',(-263.5,115.115384615385,3.8));
#11524=CARTESIAN_POINT('',(-263.5,118.5,3.8));
#11525=CARTESIAN_POINT('',(-263.5,115.115384615385,3.8));
#11526=CARTESIAN_POINT('',(-263.5,121.884615384615,3.8));
#11527=CARTESIAN_POINT('',(-263.5,118.5,2.));
#11528=CARTESIAN_POINT('',(-263.5,115.115384615385,2.));
#11529=CARTESIAN_POINT('',(-263.5,121.884615384615,2.));
#11530=CARTESIAN_POINT('',(-252.5,115.115384615385,2.));
#11531=CARTESIAN_POINT('',(-252.5,115.115384615385,3.8));
#11532=CARTESIAN_POINT('',(-252.5,118.5,3.8));
#11533=CARTESIAN_POINT('',(-252.5,115.115384615385,3.8));
#11534=CARTESIAN_POINT('',(-252.5,121.884615384615,3.8));
#11535=CARTESIAN_POINT('',(-252.5,118.5,2.));
#11536=CARTESIAN_POINT('',(-252.5,115.115384615385,2.));
#11537=CARTESIAN_POINT('',(-252.5,121.884615384615,2.));
#11538=CARTESIAN_POINT('',(-153.5,82.1153846153846,2.));
#11539=CARTESIAN_POINT('',(-153.5,82.1153846153846,3.8));
#11540=CARTESIAN_POINT('',(-153.5,85.5,3.8));
#11541=CARTESIAN_POINT('',(-153.5,82.1153846153846,3.8));
#11542=CARTESIAN_POINT('',(-153.5,88.8846153846154,3.8));
#11543=CARTESIAN_POINT('',(-153.5,85.5,2.));
#11544=CARTESIAN_POINT('',(-153.5,82.1153846153846,2.));
#11545=CARTESIAN_POINT('',(-153.5,88.8846153846154,2.));
#11546=CARTESIAN_POINT('',(-142.5,82.1153846153846,2.));
#11547=CARTESIAN_POINT('',(-142.5,82.1153846153846,3.8));
#11548=CARTESIAN_POINT('',(-142.5,85.5,3.8));
#11549=CARTESIAN_POINT('',(-142.5,82.1153846153846,3.8));
#11550=CARTESIAN_POINT('',(-142.5,88.8846153846154,3.8));
#11551=CARTESIAN_POINT('',(-142.5,85.5,2.));
#11552=CARTESIAN_POINT('',(-142.5,82.1153846153846,2.));
#11553=CARTESIAN_POINT('',(-142.5,88.8846153846154,2.));
#11554=CARTESIAN_POINT('',(-153.5,71.1153846153846,2.));
#11555=CARTESIAN_POINT('',(-153.5,71.1153846153846,3.8));
#11556=CARTESIAN_POINT('',(-153.5,74.5,3.8));
#11557=CARTESIAN_POINT('',(-153.5,71.1153846153846,3.8));
#11558=CARTESIAN_POINT('',(-153.5,77.8846153846154,3.8));
#11559=CARTESIAN_POINT('',(-153.5,74.5,2.));
#11560=CARTESIAN_POINT('',(-153.5,71.1153846153846,2.));
#11561=CARTESIAN_POINT('',(-153.5,77.8846153846154,2.));
#11562=CARTESIAN_POINT('',(-142.5,71.1153846153846,2.));
#11563=CARTESIAN_POINT('',(-142.5,71.1153846153846,3.8));
#11564=CARTESIAN_POINT('',(-142.5,74.5,3.8));
#11565=CARTESIAN_POINT('',(-142.5,71.1153846153846,3.8));
#11566=CARTESIAN_POINT('',(-142.5,77.8846153846154,3.8));
#11567=CARTESIAN_POINT('',(-142.5,74.5,2.));
#11568=CARTESIAN_POINT('',(-142.5,71.1153846153846,2.));
#11569=CARTESIAN_POINT('',(-142.5,77.8846153846154,2.));
#11570=CARTESIAN_POINT('',(-175.5,82.1153846153846,2.));
#11571=CARTESIAN_POINT('',(-175.5,82.1153846153846,3.8));
#11572=CARTESIAN_POINT('',(-175.5,85.5,3.8));
#11573=CARTESIAN_POINT('',(-175.5,82.1153846153846,3.8));
#11574=CARTESIAN_POINT('',(-175.5,88.8846153846154,3.8));
#11575=CARTESIAN_POINT('',(-175.5,85.5,2.));
#11576=CARTESIAN_POINT('',(-175.5,82.1153846153846,2.));
#11577=CARTESIAN_POINT('',(-175.5,88.8846153846154,2.));
#11578=CARTESIAN_POINT('',(-164.5,82.1153846153846,2.));
#11579=CARTESIAN_POINT('',(-164.5,82.1153846153846,3.8));
#11580=CARTESIAN_POINT('',(-164.5,85.5,3.8));
#11581=CARTESIAN_POINT('',(-164.5,82.1153846153846,3.8));
#11582=CARTESIAN_POINT('',(-164.5,88.8846153846154,3.8));
#11583=CARTESIAN_POINT('',(-164.5,85.5,2.));
#11584=CARTESIAN_POINT('',(-164.5,82.1153846153846,2.));
#11585=CARTESIAN_POINT('',(-164.5,88.8846153846154,2.));
#11586=CARTESIAN_POINT('',(-175.5,71.1153846153846,2.));
#11587=CARTESIAN_POINT('',(-175.5,71.1153846153846,3.8));
#11588=CARTESIAN_POINT('',(-175.5,74.5,3.8));
#11589=CARTESIAN_POINT('',(-175.5,71.1153846153846,3.8));
#11590=CARTESIAN_POINT('',(-175.5,77.8846153846154,3.8));
#11591=CARTESIAN_POINT('',(-175.5,74.5,2.));
#11592=CARTESIAN_POINT('',(-175.5,71.1153846153846,2.));
#11593=CARTESIAN_POINT('',(-175.5,77.8846153846154,2.));
#11594=CARTESIAN_POINT('',(-164.5,71.1153846153846,2.));
#11595=CARTESIAN_POINT('',(-164.5,71.1153846153846,3.8));
#11596=CARTESIAN_POINT('',(-164.5,74.5,3.8));
#11597=CARTESIAN_POINT('',(-164.5,71.1153846153846,3.8));
#11598=CARTESIAN_POINT('',(-164.5,77.8846153846154,3.8));
#11599=CARTESIAN_POINT('',(-164.5,74.5,2.));
#11600=CARTESIAN_POINT('',(-164.5,71.1153846153846,2.));
#11601=CARTESIAN_POINT('',(-164.5,77.8846153846154,2.));
#11602=CARTESIAN_POINT('',(-197.5,82.1153846153846,2.));
#11603=CARTESIAN_POINT('',(-197.5,82.1153846153846,3.8));
#11604=CARTESIAN_POINT('',(-197.5,85.5,3.8));
#11605=CARTESIAN_POINT('',(-197.5,82.1153846153846,3.8));
#11606=CARTESIAN_POINT('',(-197.5,88.8846153846154,3.8));
#11607=CARTESIAN_POINT('',(-197.5,85.5,2.));
#11608=CARTESIAN_POINT('',(-197.5,82.1153846153846,2.));
#11609=CARTESIAN_POINT('',(-197.5,88.8846153846154,2.));
#11610=CARTESIAN_POINT('',(-186.5,82.1153846153846,2.));
#11611=CARTESIAN_POINT('',(-186.5,82.1153846153846,3.8));
#11612=CARTESIAN_POINT('',(-186.5,85.5,3.8));
#11613=CARTESIAN_POINT('',(-186.5,82.1153846153846,3.8));
#11614=CARTESIAN_POINT('',(-186.5,88.8846153846154,3.8));
#11615=CARTESIAN_POINT('',(-186.5,85.5,2.));
#11616=CARTESIAN_POINT('',(-186.5,82.1153846153846,2.));
#11617=CARTESIAN_POINT('',(-186.5,88.8846153846154,2.));
#11618=CARTESIAN_POINT('',(-197.5,71.1153846153846,2.));
#11619=CARTESIAN_POINT('',(-197.5,71.1153846153846,3.8));
#11620=CARTESIAN_POINT('',(-197.5,74.5,3.8));
#11621=CARTESIAN_POINT('',(-197.5,71.1153846153846,3.8));
#11622=CARTESIAN_POINT('',(-197.5,77.8846153846154,3.8));
#11623=CARTESIAN_POINT('',(-197.5,74.5,2.));
#11624=CARTESIAN_POINT('',(-197.5,71.1153846153846,2.));
#11625=CARTESIAN_POINT('',(-197.5,77.8846153846154,2.));
#11626=CARTESIAN_POINT('',(-186.5,71.1153846153846,2.));
#11627=CARTESIAN_POINT('',(-186.5,71.1153846153846,3.8));
#11628=CARTESIAN_POINT('',(-186.5,74.5,3.8));
#11629=CARTESIAN_POINT('',(-186.5,71.1153846153846,3.8));
#11630=CARTESIAN_POINT('',(-186.5,77.8846153846154,3.8));
#11631=CARTESIAN_POINT('',(-186.5,74.5,2.));
#11632=CARTESIAN_POINT('',(-186.5,71.1153846153846,2.));
#11633=CARTESIAN_POINT('',(-186.5,77.8846153846154,2.));
#11634=CARTESIAN_POINT('',(-219.5,82.1153846153846,2.));
#11635=CARTESIAN_POINT('',(-219.5,82.1153846153846,3.8));
#11636=CARTESIAN_POINT('',(-219.5,85.5,3.8));
#11637=CARTESIAN_POINT('',(-219.5,82.1153846153846,3.8));
#11638=CARTESIAN_POINT('',(-219.5,88.8846153846154,3.8));
#11639=CARTESIAN_POINT('',(-219.5,85.5,2.));
#11640=CARTESIAN_POINT('',(-219.5,82.1153846153846,2.));
#11641=CARTESIAN_POINT('',(-219.5,88.8846153846154,2.));
#11642=CARTESIAN_POINT('',(-208.5,82.1153846153846,2.));
#11643=CARTESIAN_POINT('',(-208.5,82.1153846153846,3.8));
#11644=CARTESIAN_POINT('',(-208.5,85.5,3.8));
#11645=CARTESIAN_POINT('',(-208.5,82.1153846153846,3.8));
#11646=CARTESIAN_POINT('',(-208.5,88.8846153846154,3.8));
#11647=CARTESIAN_POINT('',(-208.5,85.5,2.));
#11648=CARTESIAN_POINT('',(-208.5,82.1153846153846,2.));
#11649=CARTESIAN_POINT('',(-208.5,88.8846153846154,2.));
#11650=CARTESIAN_POINT('',(-219.5,71.1153846153846,2.));
#11651=CARTESIAN_POINT('',(-219.5,71.1153846153846,3.8));
#11652=CARTESIAN_POINT('',(-219.5,74.5,3.8));
#11653=CARTESIAN_POINT('',(-219.5,71.1153846153846,3.8));
#11654=CARTESIAN_POINT('',(-219.5,77.8846153846154,3.8));
#11655=CARTESIAN_POINT('',(-219.5,74.5,2.));
#11656=CARTESIAN_POINT('',(-219.5,71.1153846153846,2.));
#11657=CARTESIAN_POINT('',(-219.5,77.8846153846154,2.));
#11658=CARTESIAN_POINT('',(-208.5,71.1153846153846,2.));
#11659=CARTESIAN_POINT('',(-208.5,71.1153846153846,3.8));
#11660=CARTESIAN_POINT('',(-208.5,74.5,3.8));
#11661=CARTESIAN_POINT('',(-208.5,71.1153846153846,3.8));
#11662=CARTESIAN_POINT('',(-208.5,77.8846153846154,3.8));
#11663=CARTESIAN_POINT('',(-208.5,74.5,2.));
#11664=CARTESIAN_POINT('',(-208.5,71.1153846153846,2.));
#11665=CARTESIAN_POINT('',(-208.5,77.8846153846154,2.));
#11666=CARTESIAN_POINT('',(-241.5,82.1153846153846,2.));
#11667=CARTESIAN_POINT('',(-241.5,82.1153846153846,3.8));
#11668=CARTESIAN_POINT('',(-241.5,85.5,3.8));
#11669=CARTESIAN_POINT('',(-241.5,82.1153846153846,3.8));
#11670=CARTESIAN_POINT('',(-241.5,88.8846153846154,3.8));
#11671=CARTESIAN_POINT('',(-241.5,85.5,2.));
#11672=CARTESIAN_POINT('',(-241.5,82.1153846153846,2.));
#11673=CARTESIAN_POINT('',(-241.5,88.8846153846154,2.));
#11674=CARTESIAN_POINT('',(-230.5,82.1153846153846,2.));
#11675=CARTESIAN_POINT('',(-230.5,82.1153846153846,3.8));
#11676=CARTESIAN_POINT('',(-230.5,85.5,3.8));
#11677=CARTESIAN_POINT('',(-230.5,82.1153846153846,3.8));
#11678=CARTESIAN_POINT('',(-230.5,88.8846153846154,3.8));
#11679=CARTESIAN_POINT('',(-230.5,85.5,2.));
#11680=CARTESIAN_POINT('',(-230.5,82.1153846153846,2.));
#11681=CARTESIAN_POINT('',(-230.5,88.8846153846154,2.));
#11682=CARTESIAN_POINT('',(-241.5,71.1153846153846,2.));
#11683=CARTESIAN_POINT('',(-241.5,71.1153846153846,3.8));
#11684=CARTESIAN_POINT('',(-241.5,74.5,3.8));
#11685=CARTESIAN_POINT('',(-241.5,71.1153846153846,3.8));
#11686=CARTESIAN_POINT('',(-241.5,77.8846153846154,3.8));
#11687=CARTESIAN_POINT('',(-241.5,74.5,2.));
#11688=CARTESIAN_POINT('',(-241.5,71.1153846153846,2.));
#11689=CARTESIAN_POINT('',(-241.5,77.8846153846154,2.));
#11690=CARTESIAN_POINT('',(-230.5,71.1153846153846,2.));
#11691=CARTESIAN_POINT('',(-230.5,71.1153846153846,3.8));
#11692=CARTESIAN_POINT('',(-230.5,74.5,3.8));
#11693=CARTESIAN_POINT('',(-230.5,71.1153846153846,3.8));
#11694=CARTESIAN_POINT('',(-230.5,77.8846153846154,3.8));
#11695=CARTESIAN_POINT('',(-230.5,74.5,2.));
#11696=CARTESIAN_POINT('',(-230.5,71.1153846153846,2.));
#11697=CARTESIAN_POINT('',(-230.5,77.8846153846154,2.));
#11698=CARTESIAN_POINT('',(-263.5,82.1153846153846,2.));
#11699=CARTESIAN_POINT('',(-263.5,82.1153846153846,3.8));
#11700=CARTESIAN_POINT('',(-263.5,85.5,3.8));
#11701=CARTESIAN_POINT('',(-263.5,82.1153846153846,3.8));
#11702=CARTESIAN_POINT('',(-263.5,88.8846153846154,3.8));
#11703=CARTESIAN_POINT('',(-263.5,85.5,2.));
#11704=CARTESIAN_POINT('',(-263.5,82.1153846153846,2.));
#11705=CARTESIAN_POINT('',(-263.5,88.8846153846154,2.));
#11706=CARTESIAN_POINT('',(-252.5,82.1153846153846,2.));
#11707=CARTESIAN_POINT('',(-252.5,82.1153846153846,3.8));
#11708=CARTESIAN_POINT('',(-252.5,85.5,3.8));
#11709=CARTESIAN_POINT('',(-252.5,82.1153846153846,3.8));
#11710=CARTESIAN_POINT('',(-252.5,88.8846153846154,3.8));
#11711=CARTESIAN_POINT('',(-252.5,85.5,2.));
#11712=CARTESIAN_POINT('',(-252.5,82.1153846153846,2.));
#11713=CARTESIAN_POINT('',(-252.5,88.8846153846154,2.));
#11714=CARTESIAN_POINT('',(-263.5,71.1153846153846,2.));
#11715=CARTESIAN_POINT('',(-263.5,71.1153846153846,3.8));
#11716=CARTESIAN_POINT('',(-263.5,74.5,3.8));
#11717=CARTESIAN_POINT('',(-263.5,71.1153846153846,3.8));
#11718=CARTESIAN_POINT('',(-263.5,77.8846153846154,3.8));
#11719=CARTESIAN_POINT('',(-263.5,74.5,2.));
#11720=CARTESIAN_POINT('',(-263.5,71.1153846153846,2.));
#11721=CARTESIAN_POINT('',(-263.5,77.8846153846154,2.));
#11722=CARTESIAN_POINT('',(-252.5,71.1153846153846,2.));
#11723=CARTESIAN_POINT('',(-252.5,71.1153846153846,3.8));
#11724=CARTESIAN_POINT('',(-252.5,74.5,3.8));
#11725=CARTESIAN_POINT('',(-252.5,71.1153846153846,3.8));
#11726=CARTESIAN_POINT('',(-252.5,77.8846153846153,3.8));
#11727=CARTESIAN_POINT('',(-252.5,74.5,2.));
#11728=CARTESIAN_POINT('',(-252.5,71.1153846153846,2.));
#11729=CARTESIAN_POINT('',(-252.5,77.8846153846153,2.));
#11730=CARTESIAN_POINT('',(-153.5,38.1153846153846,2.));
#11731=CARTESIAN_POINT('',(-153.5,38.1153846153846,3.8));
#11732=CARTESIAN_POINT('',(-153.5,41.5,3.8));
#11733=CARTESIAN_POINT('',(-153.5,38.1153846153846,3.8));
#11734=CARTESIAN_POINT('',(-153.5,44.8846153846154,3.8));
#11735=CARTESIAN_POINT('',(-153.5,41.5,2.));
#11736=CARTESIAN_POINT('',(-153.5,38.1153846153846,2.));
#11737=CARTESIAN_POINT('',(-153.5,44.8846153846154,2.));
#11738=CARTESIAN_POINT('',(-142.5,38.1153846153846,2.));
#11739=CARTESIAN_POINT('',(-142.5,38.1153846153846,3.8));
#11740=CARTESIAN_POINT('',(-142.5,41.5,3.8));
#11741=CARTESIAN_POINT('',(-142.5,38.1153846153846,3.8));
#11742=CARTESIAN_POINT('',(-142.5,44.8846153846154,3.8));
#11743=CARTESIAN_POINT('',(-142.5,41.5,2.));
#11744=CARTESIAN_POINT('',(-142.5,38.1153846153846,2.));
#11745=CARTESIAN_POINT('',(-142.5,44.8846153846154,2.));
#11746=CARTESIAN_POINT('',(-153.5,27.1153846153846,2.));
#11747=CARTESIAN_POINT('',(-153.5,27.1153846153846,3.8));
#11748=CARTESIAN_POINT('',(-153.5,30.5,3.8));
#11749=CARTESIAN_POINT('',(-153.5,27.1153846153846,3.8));
#11750=CARTESIAN_POINT('',(-153.5,33.8846153846154,3.8));
#11751=CARTESIAN_POINT('',(-153.5,30.5,2.));
#11752=CARTESIAN_POINT('',(-153.5,27.1153846153846,2.));
#11753=CARTESIAN_POINT('',(-153.5,33.8846153846154,2.));
#11754=CARTESIAN_POINT('',(-142.5,27.1153846153846,2.));
#11755=CARTESIAN_POINT('',(-142.5,27.1153846153846,3.8));
#11756=CARTESIAN_POINT('',(-142.5,30.5,3.8));
#11757=CARTESIAN_POINT('',(-142.5,27.1153846153846,3.8));
#11758=CARTESIAN_POINT('',(-142.5,33.8846153846154,3.8));
#11759=CARTESIAN_POINT('',(-142.5,30.5,2.));
#11760=CARTESIAN_POINT('',(-142.5,27.1153846153846,2.));
#11761=CARTESIAN_POINT('',(-142.5,33.8846153846154,2.));
#11762=CARTESIAN_POINT('',(-175.5,38.1153846153846,2.));
#11763=CARTESIAN_POINT('',(-175.5,38.1153846153846,3.8));
#11764=CARTESIAN_POINT('',(-175.5,41.5,3.8));
#11765=CARTESIAN_POINT('',(-175.5,38.1153846153846,3.8));
#11766=CARTESIAN_POINT('',(-175.5,44.8846153846154,3.8));
#11767=CARTESIAN_POINT('',(-175.5,41.5,2.));
#11768=CARTESIAN_POINT('',(-175.5,38.1153846153846,2.));
#11769=CARTESIAN_POINT('',(-175.5,44.8846153846154,2.));
#11770=CARTESIAN_POINT('',(-164.5,38.1153846153846,2.));
#11771=CARTESIAN_POINT('',(-164.5,38.1153846153846,3.8));
#11772=CARTESIAN_POINT('',(-164.5,41.5,3.8));
#11773=CARTESIAN_POINT('',(-164.5,38.1153846153846,3.8));
#11774=CARTESIAN_POINT('',(-164.5,44.8846153846154,3.8));
#11775=CARTESIAN_POINT('',(-164.5,41.5,2.));
#11776=CARTESIAN_POINT('',(-164.5,38.1153846153846,2.));
#11777=CARTESIAN_POINT('',(-164.5,44.8846153846154,2.));
#11778=CARTESIAN_POINT('',(-175.5,27.1153846153846,2.));
#11779=CARTESIAN_POINT('',(-175.5,27.1153846153846,3.8));
#11780=CARTESIAN_POINT('',(-175.5,30.5,3.8));
#11781=CARTESIAN_POINT('',(-175.5,27.1153846153846,3.8));
#11782=CARTESIAN_POINT('',(-175.5,33.8846153846154,3.8));
#11783=CARTESIAN_POINT('',(-175.5,30.5,2.));
#11784=CARTESIAN_POINT('',(-175.5,27.1153846153846,2.));
#11785=CARTESIAN_POINT('',(-175.5,33.8846153846154,2.));
#11786=CARTESIAN_POINT('',(-164.5,27.1153846153846,2.));
#11787=CARTESIAN_POINT('',(-164.5,27.1153846153846,3.8));
#11788=CARTESIAN_POINT('',(-164.5,30.5,3.8));
#11789=CARTESIAN_POINT('',(-164.5,27.1153846153846,3.8));
#11790=CARTESIAN_POINT('',(-164.5,33.8846153846154,3.8));
#11791=CARTESIAN_POINT('',(-164.5,30.5,2.));
#11792=CARTESIAN_POINT('',(-164.5,27.1153846153846,2.));
#11793=CARTESIAN_POINT('',(-164.5,33.8846153846154,2.));
#11794=CARTESIAN_POINT('',(-241.5,38.1153846153846,2.));
#11795=CARTESIAN_POINT('',(-241.5,38.1153846153846,3.8));
#11796=CARTESIAN_POINT('',(-241.5,41.5,3.8));
#11797=CARTESIAN_POINT('',(-241.5,38.1153846153846,3.8));
#11798=CARTESIAN_POINT('',(-241.5,44.8846153846154,3.8));
#11799=CARTESIAN_POINT('',(-241.5,41.5,2.));
#11800=CARTESIAN_POINT('',(-241.5,38.1153846153846,2.));
#11801=CARTESIAN_POINT('',(-241.5,44.8846153846154,2.));
#11802=CARTESIAN_POINT('',(-230.5,38.1153846153846,2.));
#11803=CARTESIAN_POINT('',(-230.5,38.1153846153846,3.8));
#11804=CARTESIAN_POINT('',(-230.5,41.5,3.8));
#11805=CARTESIAN_POINT('',(-230.5,38.1153846153846,3.8));
#11806=CARTESIAN_POINT('',(-230.5,44.8846153846154,3.8));
#11807=CARTESIAN_POINT('',(-230.5,41.5,2.));
#11808=CARTESIAN_POINT('',(-230.5,38.1153846153846,2.));
#11809=CARTESIAN_POINT('',(-230.5,44.8846153846154,2.));
#11810=CARTESIAN_POINT('',(-241.5,27.1153846153846,2.));
#11811=CARTESIAN_POINT('',(-241.5,27.1153846153846,3.8));
#11812=CARTESIAN_POINT('',(-241.5,30.5,3.8));
#11813=CARTESIAN_POINT('',(-241.5,27.1153846153846,3.8));
#11814=CARTESIAN_POINT('',(-241.5,33.8846153846154,3.8));
#11815=CARTESIAN_POINT('',(-241.5,30.5,2.));
#11816=CARTESIAN_POINT('',(-241.5,27.1153846153846,2.));
#11817=CARTESIAN_POINT('',(-241.5,33.8846153846154,2.));
#11818=CARTESIAN_POINT('',(-230.5,27.1153846153846,2.));
#11819=CARTESIAN_POINT('',(-230.5,27.1153846153846,3.8));
#11820=CARTESIAN_POINT('',(-230.5,30.5,3.8));
#11821=CARTESIAN_POINT('',(-230.5,27.1153846153846,3.8));
#11822=CARTESIAN_POINT('',(-230.5,33.8846153846154,3.8));
#11823=CARTESIAN_POINT('',(-230.5,30.5,2.));
#11824=CARTESIAN_POINT('',(-230.5,27.1153846153846,2.));
#11825=CARTESIAN_POINT('',(-230.5,33.8846153846154,2.));
#11826=CARTESIAN_POINT('',(-263.5,38.1153846153846,2.));
#11827=CARTESIAN_POINT('',(-263.5,38.1153846153846,3.8));
#11828=CARTESIAN_POINT('',(-263.5,41.5,3.8));
#11829=CARTESIAN_POINT('',(-263.5,38.1153846153846,3.8));
#11830=CARTESIAN_POINT('',(-263.5,44.8846153846154,3.8));
#11831=CARTESIAN_POINT('',(-263.5,41.5,2.));
#11832=CARTESIAN_POINT('',(-263.5,38.1153846153846,2.));
#11833=CARTESIAN_POINT('',(-263.5,44.8846153846154,2.));
#11834=CARTESIAN_POINT('',(-252.5,38.1153846153846,2.));
#11835=CARTESIAN_POINT('',(-252.5,38.1153846153846,3.8));
#11836=CARTESIAN_POINT('',(-252.5,41.5,3.8));
#11837=CARTESIAN_POINT('',(-252.5,38.1153846153846,3.8));
#11838=CARTESIAN_POINT('',(-252.5,44.8846153846154,3.8));
#11839=CARTESIAN_POINT('',(-252.5,41.5,2.));
#11840=CARTESIAN_POINT('',(-252.5,38.1153846153846,2.));
#11841=CARTESIAN_POINT('',(-252.5,44.8846153846154,2.));
#11842=CARTESIAN_POINT('',(-263.5,27.1153846153846,2.));
#11843=CARTESIAN_POINT('',(-263.5,27.1153846153846,3.8));
#11844=CARTESIAN_POINT('',(-263.5,30.5,3.8));
#11845=CARTESIAN_POINT('',(-263.5,27.1153846153846,3.8));
#11846=CARTESIAN_POINT('',(-263.5,33.8846153846154,3.8));
#11847=CARTESIAN_POINT('',(-263.5,30.5,2.));
#11848=CARTESIAN_POINT('',(-263.5,27.1153846153846,2.));
#11849=CARTESIAN_POINT('',(-263.5,33.8846153846154,2.));
#11850=CARTESIAN_POINT('',(-252.5,27.1153846153846,2.));
#11851=CARTESIAN_POINT('',(-252.5,27.1153846153846,3.8));
#11852=CARTESIAN_POINT('',(-252.5,30.5,3.8));
#11853=CARTESIAN_POINT('',(-252.5,27.1153846153846,3.8));
#11854=CARTESIAN_POINT('',(-252.5,33.8846153846154,3.8));
#11855=CARTESIAN_POINT('',(-252.5,30.5,2.));
#11856=CARTESIAN_POINT('',(-252.5,27.1153846153846,2.));
#11857=CARTESIAN_POINT('',(-252.5,33.8846153846154,2.));
#11858=CARTESIAN_POINT('',(-208.5,27.1153846153846,2.));
#11859=CARTESIAN_POINT('',(-208.5,27.1153846153846,3.8));
#11860=CARTESIAN_POINT('',(-208.5,30.5,3.8));
#11861=CARTESIAN_POINT('',(-208.5,27.1153846153846,3.8));
#11862=CARTESIAN_POINT('',(-208.5,33.8846153846154,3.8));
#11863=CARTESIAN_POINT('',(-208.5,30.5,2.));
#11864=CARTESIAN_POINT('',(-208.5,27.1153846153846,2.));
#11865=CARTESIAN_POINT('',(-208.5,33.8846153846154,2.));
#11866=CARTESIAN_POINT('',(-219.5,27.1153846153846,2.));
#11867=CARTESIAN_POINT('',(-219.5,27.1153846153846,3.8));
#11868=CARTESIAN_POINT('',(-219.5,30.5,3.8));
#11869=CARTESIAN_POINT('',(-219.5,27.1153846153846,3.8));
#11870=CARTESIAN_POINT('',(-219.5,33.8846153846154,3.8));
#11871=CARTESIAN_POINT('',(-219.5,30.5,2.));
#11872=CARTESIAN_POINT('',(-219.5,27.1153846153846,2.));
#11873=CARTESIAN_POINT('',(-219.5,33.8846153846154,2.));
#11874=CARTESIAN_POINT('',(-208.5,38.1153846153846,2.));
#11875=CARTESIAN_POINT('',(-208.5,38.1153846153846,3.8));
#11876=CARTESIAN_POINT('',(-208.5,41.5,3.8));
#11877=CARTESIAN_POINT('',(-208.5,38.1153846153846,3.8));
#11878=CARTESIAN_POINT('',(-208.5,44.8846153846154,3.8));
#11879=CARTESIAN_POINT('',(-208.5,41.5,2.));
#11880=CARTESIAN_POINT('',(-208.5,38.1153846153846,2.));
#11881=CARTESIAN_POINT('',(-208.5,44.8846153846154,2.));
#11882=CARTESIAN_POINT('',(-219.5,38.1153846153846,2.));
#11883=CARTESIAN_POINT('',(-219.5,38.1153846153846,3.8));
#11884=CARTESIAN_POINT('',(-219.5,41.5,3.8));
#11885=CARTESIAN_POINT('',(-219.5,38.1153846153846,3.8));
#11886=CARTESIAN_POINT('',(-219.5,44.8846153846154,3.8));
#11887=CARTESIAN_POINT('',(-219.5,41.5,2.));
#11888=CARTESIAN_POINT('',(-219.5,38.1153846153846,2.));
#11889=CARTESIAN_POINT('',(-219.5,44.8846153846154,2.));
#11890=CARTESIAN_POINT('',(-186.5,27.1153846153846,2.));
#11891=CARTESIAN_POINT('',(-186.5,27.1153846153846,3.8));
#11892=CARTESIAN_POINT('',(-186.5,30.5,3.8));
#11893=CARTESIAN_POINT('',(-186.5,27.1153846153846,3.8));
#11894=CARTESIAN_POINT('',(-186.5,33.8846153846154,3.8));
#11895=CARTESIAN_POINT('',(-186.5,30.5,2.));
#11896=CARTESIAN_POINT('',(-186.5,27.1153846153846,2.));
#11897=CARTESIAN_POINT('',(-186.5,33.8846153846154,2.));
#11898=CARTESIAN_POINT('',(-197.5,27.1153846153846,2.));
#11899=CARTESIAN_POINT('',(-197.5,27.1153846153846,3.8));
#11900=CARTESIAN_POINT('',(-197.5,30.5,3.8));
#11901=CARTESIAN_POINT('',(-197.5,27.1153846153846,3.8));
#11902=CARTESIAN_POINT('',(-197.5,33.8846153846154,3.8));
#11903=CARTESIAN_POINT('',(-197.5,30.5,2.));
#11904=CARTESIAN_POINT('',(-197.5,27.1153846153846,2.));
#11905=CARTESIAN_POINT('',(-197.5,33.8846153846154,2.));
#11906=CARTESIAN_POINT('',(-186.5,38.1153846153846,2.));
#11907=CARTESIAN_POINT('',(-186.5,38.1153846153846,3.8));
#11908=CARTESIAN_POINT('',(-186.5,41.5,3.8));
#11909=CARTESIAN_POINT('',(-186.5,38.1153846153846,3.8));
#11910=CARTESIAN_POINT('',(-186.5,44.8846153846154,3.8));
#11911=CARTESIAN_POINT('',(-186.5,41.5,2.));
#11912=CARTESIAN_POINT('',(-186.5,38.1153846153846,2.));
#11913=CARTESIAN_POINT('',(-186.5,44.8846153846154,2.));
#11914=CARTESIAN_POINT('',(-197.5,38.1153846153846,2.));
#11915=CARTESIAN_POINT('',(-197.5,38.1153846153846,3.8));
#11916=CARTESIAN_POINT('',(-197.5,41.5,3.8));
#11917=CARTESIAN_POINT('',(-197.5,38.1153846153846,3.8));
#11918=CARTESIAN_POINT('',(-197.5,44.8846153846154,3.8));
#11919=CARTESIAN_POINT('',(-197.5,41.5,2.));
#11920=CARTESIAN_POINT('',(-197.5,38.1153846153846,2.));
#11921=CARTESIAN_POINT('',(-197.5,44.8846153846154,2.));
#11922=CARTESIAN_POINT('',(-252.5,49.1153846153846,2.));
#11923=CARTESIAN_POINT('',(-252.5,49.1153846153846,3.8));
#11924=CARTESIAN_POINT('',(-252.5,52.5,3.8));
#11925=CARTESIAN_POINT('',(-252.5,49.1153846153846,3.8));
#11926=CARTESIAN_POINT('',(-252.5,55.8846153846153,3.8));
#11927=CARTESIAN_POINT('',(-252.5,52.5,2.));
#11928=CARTESIAN_POINT('',(-252.5,49.1153846153846,2.));
#11929=CARTESIAN_POINT('',(-252.5,55.8846153846153,2.));
#11930=CARTESIAN_POINT('',(-263.5,49.1153846153846,2.));
#11931=CARTESIAN_POINT('',(-263.5,49.1153846153846,3.8));
#11932=CARTESIAN_POINT('',(-263.5,52.5,3.8));
#11933=CARTESIAN_POINT('',(-263.5,49.1153846153846,3.8));
#11934=CARTESIAN_POINT('',(-263.5,55.8846153846154,3.8));
#11935=CARTESIAN_POINT('',(-263.5,52.5,2.));
#11936=CARTESIAN_POINT('',(-263.5,49.1153846153846,2.));
#11937=CARTESIAN_POINT('',(-263.5,55.8846153846154,2.));
#11938=CARTESIAN_POINT('',(-252.5,60.1153846153846,2.));
#11939=CARTESIAN_POINT('',(-252.5,60.1153846153846,3.8));
#11940=CARTESIAN_POINT('',(-252.5,63.5,3.8));
#11941=CARTESIAN_POINT('',(-252.5,60.1153846153846,3.8));
#11942=CARTESIAN_POINT('',(-252.5,66.8846153846154,3.8));
#11943=CARTESIAN_POINT('',(-252.5,63.5,2.));
#11944=CARTESIAN_POINT('',(-252.5,60.1153846153846,2.));
#11945=CARTESIAN_POINT('',(-252.5,66.8846153846154,2.));
#11946=CARTESIAN_POINT('',(-263.5,60.1153846153846,2.));
#11947=CARTESIAN_POINT('',(-263.5,60.1153846153846,3.8));
#11948=CARTESIAN_POINT('',(-263.5,63.5,3.8));
#11949=CARTESIAN_POINT('',(-263.5,60.1153846153846,3.8));
#11950=CARTESIAN_POINT('',(-263.5,66.8846153846154,3.8));
#11951=CARTESIAN_POINT('',(-263.5,63.5,2.));
#11952=CARTESIAN_POINT('',(-263.5,60.1153846153846,2.));
#11953=CARTESIAN_POINT('',(-263.5,66.8846153846154,2.));
#11954=CARTESIAN_POINT('',(-230.5,49.1153846153846,2.));
#11955=CARTESIAN_POINT('',(-230.5,49.1153846153846,3.8));
#11956=CARTESIAN_POINT('',(-230.5,52.5,3.8));
#11957=CARTESIAN_POINT('',(-230.5,49.1153846153846,3.8));
#11958=CARTESIAN_POINT('',(-230.5,55.8846153846153,3.8));
#11959=CARTESIAN_POINT('',(-230.5,52.5,2.));
#11960=CARTESIAN_POINT('',(-230.5,49.1153846153846,2.));
#11961=CARTESIAN_POINT('',(-230.5,55.8846153846153,2.));
#11962=CARTESIAN_POINT('',(-241.5,49.1153846153846,2.));
#11963=CARTESIAN_POINT('',(-241.5,49.1153846153846,3.8));
#11964=CARTESIAN_POINT('',(-241.5,52.5,3.8));
#11965=CARTESIAN_POINT('',(-241.5,49.1153846153846,3.8));
#11966=CARTESIAN_POINT('',(-241.5,55.8846153846154,3.8));
#11967=CARTESIAN_POINT('',(-241.5,52.5,2.));
#11968=CARTESIAN_POINT('',(-241.5,49.1153846153846,2.));
#11969=CARTESIAN_POINT('',(-241.5,55.8846153846154,2.));
#11970=CARTESIAN_POINT('',(-230.5,60.1153846153846,2.));
#11971=CARTESIAN_POINT('',(-230.5,60.1153846153846,3.8));
#11972=CARTESIAN_POINT('',(-230.5,63.5,3.8));
#11973=CARTESIAN_POINT('',(-230.5,60.1153846153846,3.8));
#11974=CARTESIAN_POINT('',(-230.5,66.8846153846154,3.8));
#11975=CARTESIAN_POINT('',(-230.5,63.5,2.));
#11976=CARTESIAN_POINT('',(-230.5,60.1153846153846,2.));
#11977=CARTESIAN_POINT('',(-230.5,66.8846153846154,2.));
#11978=CARTESIAN_POINT('',(-241.5,60.1153846153846,2.));
#11979=CARTESIAN_POINT('',(-241.5,60.1153846153846,3.8));
#11980=CARTESIAN_POINT('',(-241.5,63.5,3.8));
#11981=CARTESIAN_POINT('',(-241.5,60.1153846153846,3.8));
#11982=CARTESIAN_POINT('',(-241.5,66.8846153846154,3.8));
#11983=CARTESIAN_POINT('',(-241.5,63.5,2.));
#11984=CARTESIAN_POINT('',(-241.5,60.1153846153846,2.));
#11985=CARTESIAN_POINT('',(-241.5,66.8846153846154,2.));
#11986=CARTESIAN_POINT('',(-208.5,49.1153846153846,2.));
#11987=CARTESIAN_POINT('',(-208.5,49.1153846153846,3.8));
#11988=CARTESIAN_POINT('',(-208.5,52.5,3.8));
#11989=CARTESIAN_POINT('',(-208.5,49.1153846153846,3.8));
#11990=CARTESIAN_POINT('',(-208.5,55.8846153846154,3.8));
#11991=CARTESIAN_POINT('',(-208.5,52.5,2.));
#11992=CARTESIAN_POINT('',(-208.5,49.1153846153846,2.));
#11993=CARTESIAN_POINT('',(-208.5,55.8846153846154,2.));
#11994=CARTESIAN_POINT('',(-219.5,49.1153846153846,2.));
#11995=CARTESIAN_POINT('',(-219.5,49.1153846153846,3.8));
#11996=CARTESIAN_POINT('',(-219.5,52.5,3.8));
#11997=CARTESIAN_POINT('',(-219.5,49.1153846153846,3.8));
#11998=CARTESIAN_POINT('',(-219.5,55.8846153846154,3.8));
#11999=CARTESIAN_POINT('',(-219.5,52.5,2.));
#12000=CARTESIAN_POINT('',(-219.5,49.1153846153846,2.));
#12001=CARTESIAN_POINT('',(-219.5,55.8846153846154,2.));
#12002=CARTESIAN_POINT('',(-208.5,60.1153846153846,2.));
#12003=CARTESIAN_POINT('',(-208.5,60.1153846153846,3.8));
#12004=CARTESIAN_POINT('',(-208.5,63.5,3.8));
#12005=CARTESIAN_POINT('',(-208.5,60.1153846153846,3.8));
#12006=CARTESIAN_POINT('',(-208.5,66.8846153846153,3.8));
#12007=CARTESIAN_POINT('',(-208.5,63.5,2.));
#12008=CARTESIAN_POINT('',(-208.5,60.1153846153846,2.));
#12009=CARTESIAN_POINT('',(-208.5,66.8846153846153,2.));
#12010=CARTESIAN_POINT('',(-219.5,60.1153846153846,2.));
#12011=CARTESIAN_POINT('',(-219.5,60.1153846153846,3.8));
#12012=CARTESIAN_POINT('',(-219.5,63.5,3.8));
#12013=CARTESIAN_POINT('',(-219.5,60.1153846153846,3.8));
#12014=CARTESIAN_POINT('',(-219.5,66.8846153846154,3.8));
#12015=CARTESIAN_POINT('',(-219.5,63.5,2.));
#12016=CARTESIAN_POINT('',(-219.5,60.1153846153846,2.));
#12017=CARTESIAN_POINT('',(-219.5,66.8846153846154,2.));
#12018=CARTESIAN_POINT('',(-186.5,49.1153846153846,2.));
#12019=CARTESIAN_POINT('',(-186.5,49.1153846153846,3.8));
#12020=CARTESIAN_POINT('',(-186.5,52.5,3.8));
#12021=CARTESIAN_POINT('',(-186.5,49.1153846153846,3.8));
#12022=CARTESIAN_POINT('',(-186.5,55.8846153846154,3.8));
#12023=CARTESIAN_POINT('',(-186.5,52.5,2.));
#12024=CARTESIAN_POINT('',(-186.5,49.1153846153846,2.));
#12025=CARTESIAN_POINT('',(-186.5,55.8846153846154,2.));
#12026=CARTESIAN_POINT('',(-197.5,49.1153846153846,2.));
#12027=CARTESIAN_POINT('',(-197.5,49.1153846153846,3.8));
#12028=CARTESIAN_POINT('',(-197.5,52.5,3.8));
#12029=CARTESIAN_POINT('',(-197.5,49.1153846153846,3.8));
#12030=CARTESIAN_POINT('',(-197.5,55.8846153846154,3.8));
#12031=CARTESIAN_POINT('',(-197.5,52.5,2.));
#12032=CARTESIAN_POINT('',(-197.5,49.1153846153846,2.));
#12033=CARTESIAN_POINT('',(-197.5,55.8846153846154,2.));
#12034=CARTESIAN_POINT('',(-186.5,60.1153846153846,2.));
#12035=CARTESIAN_POINT('',(-186.5,60.1153846153846,3.8));
#12036=CARTESIAN_POINT('',(-186.5,63.5,3.8));
#12037=CARTESIAN_POINT('',(-186.5,60.1153846153846,3.8));
#12038=CARTESIAN_POINT('',(-186.5,66.8846153846154,3.8));
#12039=CARTESIAN_POINT('',(-186.5,63.5,2.));
#12040=CARTESIAN_POINT('',(-186.5,60.1153846153846,2.));
#12041=CARTESIAN_POINT('',(-186.5,66.8846153846154,2.));
#12042=CARTESIAN_POINT('',(-197.5,60.1153846153846,2.));
#12043=CARTESIAN_POINT('',(-197.5,60.1153846153846,3.8));
#12044=CARTESIAN_POINT('',(-197.5,63.5,3.8));
#12045=CARTESIAN_POINT('',(-197.5,60.1153846153846,3.8));
#12046=CARTESIAN_POINT('',(-197.5,66.8846153846154,3.8));
#12047=CARTESIAN_POINT('',(-197.5,63.5,2.));
#12048=CARTESIAN_POINT('',(-197.5,60.1153846153846,2.));
#12049=CARTESIAN_POINT('',(-197.5,66.8846153846154,2.));
#12050=CARTESIAN_POINT('',(-164.5,49.1153846153846,2.));
#12051=CARTESIAN_POINT('',(-164.5,49.1153846153846,3.8));
#12052=CARTESIAN_POINT('',(-164.5,52.5,3.8));
#12053=CARTESIAN_POINT('',(-164.5,49.1153846153846,3.8));
#12054=CARTESIAN_POINT('',(-164.5,55.8846153846154,3.8));
#12055=CARTESIAN_POINT('',(-164.5,52.5,2.));
#12056=CARTESIAN_POINT('',(-164.5,49.1153846153846,2.));
#12057=CARTESIAN_POINT('',(-164.5,55.8846153846154,2.));
#12058=CARTESIAN_POINT('',(-175.5,49.1153846153846,2.));
#12059=CARTESIAN_POINT('',(-175.5,49.1153846153846,3.8));
#12060=CARTESIAN_POINT('',(-175.5,52.5,3.8));
#12061=CARTESIAN_POINT('',(-175.5,49.1153846153846,3.8));
#12062=CARTESIAN_POINT('',(-175.5,55.8846153846154,3.8));
#12063=CARTESIAN_POINT('',(-175.5,52.5,2.));
#12064=CARTESIAN_POINT('',(-175.5,49.1153846153846,2.));
#12065=CARTESIAN_POINT('',(-175.5,55.8846153846154,2.));
#12066=CARTESIAN_POINT('',(-164.5,60.1153846153846,2.));
#12067=CARTESIAN_POINT('',(-164.5,60.1153846153846,3.8));
#12068=CARTESIAN_POINT('',(-164.5,63.5,3.8));
#12069=CARTESIAN_POINT('',(-164.5,60.1153846153846,3.8));
#12070=CARTESIAN_POINT('',(-164.5,66.8846153846154,3.8));
#12071=CARTESIAN_POINT('',(-164.5,63.5,2.));
#12072=CARTESIAN_POINT('',(-164.5,60.1153846153846,2.));
#12073=CARTESIAN_POINT('',(-164.5,66.8846153846154,2.));
#12074=CARTESIAN_POINT('',(-175.5,60.1153846153846,2.));
#12075=CARTESIAN_POINT('',(-175.5,60.1153846153846,3.8));
#12076=CARTESIAN_POINT('',(-175.5,63.5,3.8));
#12077=CARTESIAN_POINT('',(-175.5,60.1153846153846,3.8));
#12078=CARTESIAN_POINT('',(-175.5,66.8846153846154,3.8));
#12079=CARTESIAN_POINT('',(-175.5,63.5,2.));
#12080=CARTESIAN_POINT('',(-175.5,60.1153846153846,2.));
#12081=CARTESIAN_POINT('',(-175.5,66.8846153846154,2.));
#12082=CARTESIAN_POINT('',(-142.5,49.1153846153846,2.));
#12083=CARTESIAN_POINT('',(-142.5,49.1153846153846,3.8));
#12084=CARTESIAN_POINT('',(-142.5,52.5,3.8));
#12085=CARTESIAN_POINT('',(-142.5,49.1153846153846,3.8));
#12086=CARTESIAN_POINT('',(-142.5,55.8846153846154,3.8));
#12087=CARTESIAN_POINT('',(-142.5,52.5,2.));
#12088=CARTESIAN_POINT('',(-142.5,49.1153846153846,2.));
#12089=CARTESIAN_POINT('',(-142.5,55.8846153846154,2.));
#12090=CARTESIAN_POINT('',(-153.5,49.1153846153846,2.));
#12091=CARTESIAN_POINT('',(-153.5,49.1153846153846,3.8));
#12092=CARTESIAN_POINT('',(-153.5,52.5,3.8));
#12093=CARTESIAN_POINT('',(-153.5,49.1153846153846,3.8));
#12094=CARTESIAN_POINT('',(-153.5,55.8846153846154,3.8));
#12095=CARTESIAN_POINT('',(-153.5,52.5,2.));
#12096=CARTESIAN_POINT('',(-153.5,49.1153846153846,2.));
#12097=CARTESIAN_POINT('',(-153.5,55.8846153846154,2.));
#12098=CARTESIAN_POINT('',(-142.5,60.1153846153846,2.));
#12099=CARTESIAN_POINT('',(-142.5,60.1153846153846,3.8));
#12100=CARTESIAN_POINT('',(-142.5,63.5,3.8));
#12101=CARTESIAN_POINT('',(-142.5,60.1153846153846,3.8));
#12102=CARTESIAN_POINT('',(-142.5,66.8846153846154,3.8));
#12103=CARTESIAN_POINT('',(-142.5,63.5,2.));
#12104=CARTESIAN_POINT('',(-142.5,60.1153846153846,2.));
#12105=CARTESIAN_POINT('',(-142.5,66.8846153846154,2.));
#12106=CARTESIAN_POINT('',(-153.5,60.1153846153846,2.));
#12107=CARTESIAN_POINT('',(-153.5,60.1153846153846,3.8));
#12108=CARTESIAN_POINT('',(-153.5,63.5,3.8));
#12109=CARTESIAN_POINT('',(-153.5,60.1153846153846,3.8));
#12110=CARTESIAN_POINT('',(-153.5,66.8846153846154,3.8));
#12111=CARTESIAN_POINT('',(-153.5,63.5,2.));
#12112=CARTESIAN_POINT('',(-153.5,60.1153846153846,2.));
#12113=CARTESIAN_POINT('',(-153.5,66.8846153846154,2.));
#12114=CARTESIAN_POINT('',(-252.5,93.1153846153846,2.));
#12115=CARTESIAN_POINT('',(-252.5,93.1153846153846,3.8));
#12116=CARTESIAN_POINT('',(-252.5,96.5,3.8));
#12117=CARTESIAN_POINT('',(-252.5,93.1153846153846,3.8));
#12118=CARTESIAN_POINT('',(-252.5,99.8846153846154,3.8));
#12119=CARTESIAN_POINT('',(-252.5,96.5,2.));
#12120=CARTESIAN_POINT('',(-252.5,93.1153846153846,2.));
#12121=CARTESIAN_POINT('',(-252.5,99.8846153846154,2.));
#12122=CARTESIAN_POINT('',(-263.5,93.1153846153846,2.));
#12123=CARTESIAN_POINT('',(-263.5,93.1153846153846,3.8));
#12124=CARTESIAN_POINT('',(-263.5,96.5,3.8));
#12125=CARTESIAN_POINT('',(-263.5,93.1153846153846,3.8));
#12126=CARTESIAN_POINT('',(-263.5,99.8846153846154,3.8));
#12127=CARTESIAN_POINT('',(-263.5,96.5,2.));
#12128=CARTESIAN_POINT('',(-263.5,93.1153846153846,2.));
#12129=CARTESIAN_POINT('',(-263.5,99.8846153846154,2.));
#12130=CARTESIAN_POINT('',(-252.5,104.115384615385,2.));
#12131=CARTESIAN_POINT('',(-252.5,104.115384615385,3.8));
#12132=CARTESIAN_POINT('',(-252.5,107.5,3.8));
#12133=CARTESIAN_POINT('',(-252.5,104.115384615385,3.8));
#12134=CARTESIAN_POINT('',(-252.5,110.884615384615,3.8));
#12135=CARTESIAN_POINT('',(-252.5,107.5,2.));
#12136=CARTESIAN_POINT('',(-252.5,104.115384615385,2.));
#12137=CARTESIAN_POINT('',(-252.5,110.884615384615,2.));
#12138=CARTESIAN_POINT('',(-263.5,104.115384615385,2.));
#12139=CARTESIAN_POINT('',(-263.5,104.115384615385,3.8));
#12140=CARTESIAN_POINT('',(-263.5,107.5,3.8));
#12141=CARTESIAN_POINT('',(-263.5,104.115384615385,3.8));
#12142=CARTESIAN_POINT('',(-263.5,110.884615384615,3.8));
#12143=CARTESIAN_POINT('',(-263.5,107.5,2.));
#12144=CARTESIAN_POINT('',(-263.5,104.115384615385,2.));
#12145=CARTESIAN_POINT('',(-263.5,110.884615384615,2.));
#12146=CARTESIAN_POINT('',(-230.5,93.1153846153846,2.));
#12147=CARTESIAN_POINT('',(-230.5,93.1153846153846,3.8));
#12148=CARTESIAN_POINT('',(-230.5,96.5,3.8));
#12149=CARTESIAN_POINT('',(-230.5,93.1153846153846,3.8));
#12150=CARTESIAN_POINT('',(-230.5,99.8846153846154,3.8));
#12151=CARTESIAN_POINT('',(-230.5,96.5,2.));
#12152=CARTESIAN_POINT('',(-230.5,93.1153846153846,2.));
#12153=CARTESIAN_POINT('',(-230.5,99.8846153846154,2.));
#12154=CARTESIAN_POINT('',(-241.5,93.1153846153846,2.));
#12155=CARTESIAN_POINT('',(-241.5,93.1153846153846,3.8));
#12156=CARTESIAN_POINT('',(-241.5,96.5,3.8));
#12157=CARTESIAN_POINT('',(-241.5,93.1153846153846,3.8));
#12158=CARTESIAN_POINT('',(-241.5,99.8846153846154,3.8));
#12159=CARTESIAN_POINT('',(-241.5,96.5,2.));
#12160=CARTESIAN_POINT('',(-241.5,93.1153846153846,2.));
#12161=CARTESIAN_POINT('',(-241.5,99.8846153846154,2.));
#12162=CARTESIAN_POINT('',(-230.5,104.115384615385,2.));
#12163=CARTESIAN_POINT('',(-230.5,104.115384615385,3.8));
#12164=CARTESIAN_POINT('',(-230.5,107.5,3.8));
#12165=CARTESIAN_POINT('',(-230.5,104.115384615385,3.8));
#12166=CARTESIAN_POINT('',(-230.5,110.884615384615,3.8));
#12167=CARTESIAN_POINT('',(-230.5,107.5,2.));
#12168=CARTESIAN_POINT('',(-230.5,104.115384615385,2.));
#12169=CARTESIAN_POINT('',(-230.5,110.884615384615,2.));
#12170=CARTESIAN_POINT('',(-241.5,104.115384615385,2.));
#12171=CARTESIAN_POINT('',(-241.5,104.115384615385,3.8));
#12172=CARTESIAN_POINT('',(-241.5,107.5,3.8));
#12173=CARTESIAN_POINT('',(-241.5,104.115384615385,3.8));
#12174=CARTESIAN_POINT('',(-241.5,110.884615384615,3.8));
#12175=CARTESIAN_POINT('',(-241.5,107.5,2.));
#12176=CARTESIAN_POINT('',(-241.5,104.115384615385,2.));
#12177=CARTESIAN_POINT('',(-241.5,110.884615384615,2.));
#12178=CARTESIAN_POINT('',(-208.5,93.1153846153846,2.));
#12179=CARTESIAN_POINT('',(-208.5,93.1153846153846,3.8));
#12180=CARTESIAN_POINT('',(-208.5,96.5,3.8));
#12181=CARTESIAN_POINT('',(-208.5,93.1153846153846,3.8));
#12182=CARTESIAN_POINT('',(-208.5,99.8846153846154,3.8));
#12183=CARTESIAN_POINT('',(-208.5,96.5,2.));
#12184=CARTESIAN_POINT('',(-208.5,93.1153846153846,2.));
#12185=CARTESIAN_POINT('',(-208.5,99.8846153846154,2.));
#12186=CARTESIAN_POINT('',(-219.5,93.1153846153846,2.));
#12187=CARTESIAN_POINT('',(-219.5,93.1153846153846,3.8));
#12188=CARTESIAN_POINT('',(-219.5,96.5,3.8));
#12189=CARTESIAN_POINT('',(-219.5,93.1153846153846,3.8));
#12190=CARTESIAN_POINT('',(-219.5,99.8846153846154,3.8));
#12191=CARTESIAN_POINT('',(-219.5,96.5,2.));
#12192=CARTESIAN_POINT('',(-219.5,93.1153846153846,2.));
#12193=CARTESIAN_POINT('',(-219.5,99.8846153846154,2.));
#12194=CARTESIAN_POINT('',(-208.5,104.115384615385,2.));
#12195=CARTESIAN_POINT('',(-208.5,104.115384615385,3.8));
#12196=CARTESIAN_POINT('',(-208.5,107.5,3.8));
#12197=CARTESIAN_POINT('',(-208.5,104.115384615385,3.8));
#12198=CARTESIAN_POINT('',(-208.5,110.884615384615,3.8));
#12199=CARTESIAN_POINT('',(-208.5,107.5,2.));
#12200=CARTESIAN_POINT('',(-208.5,104.115384615385,2.));
#12201=CARTESIAN_POINT('',(-208.5,110.884615384615,2.));
#12202=CARTESIAN_POINT('',(-219.5,104.115384615385,2.));
#12203=CARTESIAN_POINT('',(-219.5,104.115384615385,3.8));
#12204=CARTESIAN_POINT('',(-219.5,107.5,3.8));
#12205=CARTESIAN_POINT('',(-219.5,104.115384615385,3.8));
#12206=CARTESIAN_POINT('',(-219.5,110.884615384615,3.8));
#12207=CARTESIAN_POINT('',(-219.5,107.5,2.));
#12208=CARTESIAN_POINT('',(-219.5,104.115384615385,2.));
#12209=CARTESIAN_POINT('',(-219.5,110.884615384615,2.));
#12210=CARTESIAN_POINT('',(-186.5,93.1153846153846,2.));
#12211=CARTESIAN_POINT('',(-186.5,93.1153846153846,3.8));
#12212=CARTESIAN_POINT('',(-186.5,96.5,3.8));
#12213=CARTESIAN_POINT('',(-186.5,93.1153846153846,3.8));
#12214=CARTESIAN_POINT('',(-186.5,99.8846153846153,3.8));
#12215=CARTESIAN_POINT('',(-186.5,96.5,2.));
#12216=CARTESIAN_POINT('',(-186.5,93.1153846153846,2.));
#12217=CARTESIAN_POINT('',(-186.5,99.8846153846153,2.));
#12218=CARTESIAN_POINT('',(-197.5,93.1153846153846,2.));
#12219=CARTESIAN_POINT('',(-197.5,93.1153846153846,3.8));
#12220=CARTESIAN_POINT('',(-197.5,96.5,3.8));
#12221=CARTESIAN_POINT('',(-197.5,93.1153846153846,3.8));
#12222=CARTESIAN_POINT('',(-197.5,99.8846153846154,3.8));
#12223=CARTESIAN_POINT('',(-197.5,96.5,2.));
#12224=CARTESIAN_POINT('',(-197.5,93.1153846153846,2.));
#12225=CARTESIAN_POINT('',(-197.5,99.8846153846154,2.));
#12226=CARTESIAN_POINT('',(-186.5,104.115384615385,2.));
#12227=CARTESIAN_POINT('',(-186.5,104.115384615385,3.8));
#12228=CARTESIAN_POINT('',(-186.5,107.5,3.8));
#12229=CARTESIAN_POINT('',(-186.5,104.115384615385,3.8));
#12230=CARTESIAN_POINT('',(-186.5,110.884615384615,3.8));
#12231=CARTESIAN_POINT('',(-186.5,107.5,2.));
#12232=CARTESIAN_POINT('',(-186.5,104.115384615385,2.));
#12233=CARTESIAN_POINT('',(-186.5,110.884615384615,2.));
#12234=CARTESIAN_POINT('',(-197.5,104.115384615385,2.));
#12235=CARTESIAN_POINT('',(-197.5,104.115384615385,3.8));
#12236=CARTESIAN_POINT('',(-197.5,107.5,3.8));
#12237=CARTESIAN_POINT('',(-197.5,104.115384615385,3.8));
#12238=CARTESIAN_POINT('',(-197.5,110.884615384615,3.8));
#12239=CARTESIAN_POINT('',(-197.5,107.5,2.));
#12240=CARTESIAN_POINT('',(-197.5,104.115384615385,2.));
#12241=CARTESIAN_POINT('',(-197.5,110.884615384615,2.));
#12242=CARTESIAN_POINT('',(-164.5,93.1153846153846,2.));
#12243=CARTESIAN_POINT('',(-164.5,93.1153846153846,3.8));
#12244=CARTESIAN_POINT('',(-164.5,96.5,3.8));
#12245=CARTESIAN_POINT('',(-164.5,93.1153846153846,3.8));
#12246=CARTESIAN_POINT('',(-164.5,99.8846153846154,3.8));
#12247=CARTESIAN_POINT('',(-164.5,96.5,2.));
#12248=CARTESIAN_POINT('',(-164.5,93.1153846153846,2.));
#12249=CARTESIAN_POINT('',(-164.5,99.8846153846154,2.));
#12250=CARTESIAN_POINT('',(-175.5,93.1153846153846,2.));
#12251=CARTESIAN_POINT('',(-175.5,93.1153846153846,3.8));
#12252=CARTESIAN_POINT('',(-175.5,96.5,3.8));
#12253=CARTESIAN_POINT('',(-175.5,93.1153846153846,3.8));
#12254=CARTESIAN_POINT('',(-175.5,99.8846153846154,3.8));
#12255=CARTESIAN_POINT('',(-175.5,96.5,2.));
#12256=CARTESIAN_POINT('',(-175.5,93.1153846153846,2.));
#12257=CARTESIAN_POINT('',(-175.5,99.8846153846154,2.));
#12258=CARTESIAN_POINT('',(-164.5,104.115384615385,2.));
#12259=CARTESIAN_POINT('',(-164.5,104.115384615385,3.8));
#12260=CARTESIAN_POINT('',(-164.5,107.5,3.8));
#12261=CARTESIAN_POINT('',(-164.5,104.115384615385,3.8));
#12262=CARTESIAN_POINT('',(-164.5,110.884615384615,3.8));
#12263=CARTESIAN_POINT('',(-164.5,107.5,2.));
#12264=CARTESIAN_POINT('',(-164.5,104.115384615385,2.));
#12265=CARTESIAN_POINT('',(-164.5,110.884615384615,2.));
#12266=CARTESIAN_POINT('',(-175.5,104.115384615385,2.));
#12267=CARTESIAN_POINT('',(-175.5,104.115384615385,3.8));
#12268=CARTESIAN_POINT('',(-175.5,107.5,3.8));
#12269=CARTESIAN_POINT('',(-175.5,104.115384615385,3.8));
#12270=CARTESIAN_POINT('',(-175.5,110.884615384615,3.8));
#12271=CARTESIAN_POINT('',(-175.5,107.5,2.));
#12272=CARTESIAN_POINT('',(-175.5,104.115384615385,2.));
#12273=CARTESIAN_POINT('',(-175.5,110.884615384615,2.));
#12274=CARTESIAN_POINT('',(-142.5,93.1153846153846,2.));
#12275=CARTESIAN_POINT('',(-142.5,93.1153846153846,3.8));
#12276=CARTESIAN_POINT('',(-142.5,96.5,3.8));
#12277=CARTESIAN_POINT('',(-142.5,93.1153846153846,3.8));
#12278=CARTESIAN_POINT('',(-142.5,99.8846153846154,3.8));
#12279=CARTESIAN_POINT('',(-142.5,96.5,2.));
#12280=CARTESIAN_POINT('',(-142.5,93.1153846153846,2.));
#12281=CARTESIAN_POINT('',(-142.5,99.8846153846154,2.));
#12282=CARTESIAN_POINT('',(-153.5,93.1153846153846,2.));
#12283=CARTESIAN_POINT('',(-153.5,93.1153846153846,3.8));
#12284=CARTESIAN_POINT('',(-153.5,96.5,3.8));
#12285=CARTESIAN_POINT('',(-153.5,93.1153846153846,3.8));
#12286=CARTESIAN_POINT('',(-153.5,99.8846153846153,3.8));
#12287=CARTESIAN_POINT('',(-153.5,96.5,2.));
#12288=CARTESIAN_POINT('',(-153.5,93.1153846153846,2.));
#12289=CARTESIAN_POINT('',(-153.5,99.8846153846153,2.));
#12290=CARTESIAN_POINT('',(-142.5,104.115384615385,2.));
#12291=CARTESIAN_POINT('',(-142.5,104.115384615385,3.8));
#12292=CARTESIAN_POINT('',(-142.5,107.5,3.8));
#12293=CARTESIAN_POINT('',(-142.5,104.115384615385,3.8));
#12294=CARTESIAN_POINT('',(-142.5,110.884615384615,3.8));
#12295=CARTESIAN_POINT('',(-142.5,107.5,2.));
#12296=CARTESIAN_POINT('',(-142.5,104.115384615385,2.));
#12297=CARTESIAN_POINT('',(-142.5,110.884615384615,2.));
#12298=CARTESIAN_POINT('',(-153.5,104.115384615385,2.));
#12299=CARTESIAN_POINT('',(-153.5,104.115384615385,3.8));
#12300=CARTESIAN_POINT('',(-153.5,107.5,3.8));
#12301=CARTESIAN_POINT('',(-153.5,104.115384615385,3.8));
#12302=CARTESIAN_POINT('',(-153.5,110.884615384615,3.8));
#12303=CARTESIAN_POINT('',(-153.5,107.5,2.));
#12304=CARTESIAN_POINT('',(-153.5,104.115384615385,2.));
#12305=CARTESIAN_POINT('',(-153.5,110.884615384615,2.));
#12306=CARTESIAN_POINT('',(-117.115384615385,41.5,2.));
#12307=CARTESIAN_POINT('',(-117.115384615385,41.5,3.8));
#12308=CARTESIAN_POINT('',(-120.5,41.5,3.8));
#12309=CARTESIAN_POINT('',(-117.115384615385,41.5,3.8));
#12310=CARTESIAN_POINT('',(-123.884615384615,41.5,3.8));
#12311=CARTESIAN_POINT('',(-120.5,41.5,2.));
#12312=CARTESIAN_POINT('',(-117.115384615385,41.5,2.));
#12313=CARTESIAN_POINT('',(-123.884615384615,41.5,2.));
#12314=CARTESIAN_POINT('',(-117.115384615385,30.5,2.));
#12315=CARTESIAN_POINT('',(-117.115384615385,30.5,3.8));
#12316=CARTESIAN_POINT('',(-120.5,30.5,3.8));
#12317=CARTESIAN_POINT('',(-117.115384615385,30.5,3.8));
#12318=CARTESIAN_POINT('',(-123.884615384615,30.5,3.8));
#12319=CARTESIAN_POINT('',(-120.5,30.5,2.));
#12320=CARTESIAN_POINT('',(-117.115384615385,30.5,2.));
#12321=CARTESIAN_POINT('',(-123.884615384615,30.5,2.));
#12322=CARTESIAN_POINT('',(-128.115384615385,41.5,2.));
#12323=CARTESIAN_POINT('',(-128.115384615385,41.5,3.8));
#12324=CARTESIAN_POINT('',(-131.5,41.5,3.8));
#12325=CARTESIAN_POINT('',(-128.115384615385,41.5,3.8));
#12326=CARTESIAN_POINT('',(-134.884615384615,41.5,3.8));
#12327=CARTESIAN_POINT('',(-131.5,41.5,2.));
#12328=CARTESIAN_POINT('',(-128.115384615385,41.5,2.));
#12329=CARTESIAN_POINT('',(-134.884615384615,41.5,2.));
#12330=CARTESIAN_POINT('',(-128.115384615385,30.5,2.));
#12331=CARTESIAN_POINT('',(-128.115384615385,30.5,3.8));
#12332=CARTESIAN_POINT('',(-131.5,30.5,3.8));
#12333=CARTESIAN_POINT('',(-128.115384615385,30.5,3.8));
#12334=CARTESIAN_POINT('',(-134.884615384615,30.5,3.8));
#12335=CARTESIAN_POINT('',(-131.5,30.5,2.));
#12336=CARTESIAN_POINT('',(-128.115384615385,30.5,2.));
#12337=CARTESIAN_POINT('',(-134.884615384615,30.5,2.));
#12338=CARTESIAN_POINT('',(-117.115384615385,63.5,2.));
#12339=CARTESIAN_POINT('',(-117.115384615385,63.5,3.8));
#12340=CARTESIAN_POINT('',(-120.5,63.5,3.8));
#12341=CARTESIAN_POINT('',(-117.115384615385,63.5,3.8));
#12342=CARTESIAN_POINT('',(-123.884615384615,63.5,3.8));
#12343=CARTESIAN_POINT('',(-120.5,63.5,2.));
#12344=CARTESIAN_POINT('',(-117.115384615385,63.5,2.));
#12345=CARTESIAN_POINT('',(-123.884615384615,63.5,2.));
#12346=CARTESIAN_POINT('',(-117.115384615385,52.5,2.));
#12347=CARTESIAN_POINT('',(-117.115384615385,52.5,3.8));
#12348=CARTESIAN_POINT('',(-120.5,52.5,3.8));
#12349=CARTESIAN_POINT('',(-117.115384615385,52.5,3.8));
#12350=CARTESIAN_POINT('',(-123.884615384615,52.5,3.8));
#12351=CARTESIAN_POINT('',(-120.5,52.5,2.));
#12352=CARTESIAN_POINT('',(-117.115384615385,52.5,2.));
#12353=CARTESIAN_POINT('',(-123.884615384615,52.5,2.));
#12354=CARTESIAN_POINT('',(-128.115384615385,63.5,2.));
#12355=CARTESIAN_POINT('',(-128.115384615385,63.5,3.8));
#12356=CARTESIAN_POINT('',(-131.5,63.5,3.8));
#12357=CARTESIAN_POINT('',(-128.115384615385,63.5,3.8));
#12358=CARTESIAN_POINT('',(-134.884615384615,63.5,3.8));
#12359=CARTESIAN_POINT('',(-131.5,63.5,2.));
#12360=CARTESIAN_POINT('',(-128.115384615385,63.5,2.));
#12361=CARTESIAN_POINT('',(-134.884615384615,63.5,2.));
#12362=CARTESIAN_POINT('',(-128.115384615385,52.5,2.));
#12363=CARTESIAN_POINT('',(-128.115384615385,52.5,3.8));
#12364=CARTESIAN_POINT('',(-131.5,52.5,3.8));
#12365=CARTESIAN_POINT('',(-128.115384615385,52.5,3.8));
#12366=CARTESIAN_POINT('',(-134.884615384615,52.5,3.8));
#12367=CARTESIAN_POINT('',(-131.5,52.5,2.));
#12368=CARTESIAN_POINT('',(-128.115384615385,52.5,2.));
#12369=CARTESIAN_POINT('',(-134.884615384615,52.5,2.));
#12370=CARTESIAN_POINT('',(-128.115384615385,96.5,2.));
#12371=CARTESIAN_POINT('',(-128.115384615385,96.5,3.8));
#12372=CARTESIAN_POINT('',(-131.5,96.5,3.8));
#12373=CARTESIAN_POINT('',(-128.115384615385,96.5,3.8));
#12374=CARTESIAN_POINT('',(-134.884615384615,96.5,3.8));
#12375=CARTESIAN_POINT('',(-131.5,96.5,2.));
#12376=CARTESIAN_POINT('',(-128.115384615385,96.5,2.));
#12377=CARTESIAN_POINT('',(-134.884615384615,96.5,2.));
#12378=CARTESIAN_POINT('',(-117.115384615385,129.5,2.));
#12379=CARTESIAN_POINT('',(-117.115384615385,129.5,3.8));
#12380=CARTESIAN_POINT('',(-120.5,129.5,3.8));
#12381=CARTESIAN_POINT('',(-117.115384615385,129.5,3.8));
#12382=CARTESIAN_POINT('',(-123.884615384615,129.5,3.8));
#12383=CARTESIAN_POINT('',(-120.5,129.5,2.));
#12384=CARTESIAN_POINT('',(-117.115384615385,129.5,2.));
#12385=CARTESIAN_POINT('',(-123.884615384615,129.5,2.));
#12386=CARTESIAN_POINT('',(-117.115384615385,118.5,2.));
#12387=CARTESIAN_POINT('',(-117.115384615385,118.5,3.8));
#12388=CARTESIAN_POINT('',(-120.5,118.5,3.8));
#12389=CARTESIAN_POINT('',(-117.115384615385,118.5,3.8));
#12390=CARTESIAN_POINT('',(-123.884615384615,118.5,3.8));
#12391=CARTESIAN_POINT('',(-120.5,118.5,2.));
#12392=CARTESIAN_POINT('',(-117.115384615385,118.5,2.));
#12393=CARTESIAN_POINT('',(-123.884615384615,118.5,2.));
#12394=CARTESIAN_POINT('',(-128.115384615385,129.5,2.));
#12395=CARTESIAN_POINT('',(-128.115384615385,129.5,3.8));
#12396=CARTESIAN_POINT('',(-131.5,129.5,3.8));
#12397=CARTESIAN_POINT('',(-128.115384615385,129.5,3.8));
#12398=CARTESIAN_POINT('',(-134.884615384615,129.5,3.8));
#12399=CARTESIAN_POINT('',(-131.5,129.5,2.));
#12400=CARTESIAN_POINT('',(-128.115384615385,129.5,2.));
#12401=CARTESIAN_POINT('',(-134.884615384615,129.5,2.));
#12402=CARTESIAN_POINT('',(-128.115384615385,118.5,2.));
#12403=CARTESIAN_POINT('',(-128.115384615385,118.5,3.8));
#12404=CARTESIAN_POINT('',(-131.5,118.5,3.8));
#12405=CARTESIAN_POINT('',(-128.115384615385,118.5,3.8));
#12406=CARTESIAN_POINT('',(-134.884615384615,118.5,3.8));
#12407=CARTESIAN_POINT('',(-131.5,118.5,2.));
#12408=CARTESIAN_POINT('',(-128.115384615385,118.5,2.));
#12409=CARTESIAN_POINT('',(-134.884615384615,118.5,2.));
#12410=CARTESIAN_POINT('',(-263.5,126.115384615385,2.));
#12411=CARTESIAN_POINT('',(-263.5,126.115384615385,3.8));
#12412=CARTESIAN_POINT('',(-263.5,129.5,3.8));
#12413=CARTESIAN_POINT('',(-263.5,126.115384615385,3.8));
#12414=CARTESIAN_POINT('',(-263.5,132.884615384615,3.8));
#12415=CARTESIAN_POINT('',(-263.5,129.5,2.));
#12416=CARTESIAN_POINT('',(-263.5,126.115384615385,2.));
#12417=CARTESIAN_POINT('',(-263.5,132.884615384615,2.));
#12418=CARTESIAN_POINT('',(0.,0.,0.));
ENDSEC;
END-ISO-10303-21;
