ISO-10303-21;
HEADER;
/* Generated by software containing ST-Developer
 * from STEP Tools, Inc. (www.steptools.com) 
 */
/* OPTION: using custom schema-name function */

FILE_DESCRIPTION(
/* description */ (''),
/* implementation_level */ '2;1');

FILE_NAME(
/* name */ 'locker_main',
/* time_stamp */ '2026-08-23T19:04:21+03:00',
/* author */ (''),
/* organization */ (''),
/* preprocessor_version */ 'ST-DEVELOPER v19.2',
/* originating_system */ 'Rhino 8.34',
/* authorisation */ '');

FILE_SCHEMA (('CONFIG_CONTROL_DESIGN'));
ENDSEC;

DATA;
#10=SHAPE_REPRESENTATION_RELATIONSHIP('','',#1344,#12);
#11=MANIFOLD_SOLID_BREP('brep_1',#13);
#12=ADVANCED_BREP_SHAPE_REPRESENTATION('brep_rep_0',(#11,#1432),#1343);
#13=CLOSED_SHELL('',(#20,#21,#22,#23,#24,#25,#26,#27,#28,#29,#30,#31,#32,
#33,#34,#35,#36,#37,#38,#39,#40,#41,#42,#43,#44,#45,#46,#47,#48,#49,#50,
#51,#52,#53,#54,#55,#56,#57,#58,#59,#60,#61,#62,#63,#64,#65,#66,#67,#68,
#69,#70,#71,#72,#73,#74,#75,#76,#77,#78,#79,#80,#81,#82,#83,#84,#85,#86,
#87,#88,#89,#90,#91,#92,#93));
#14=FACE_BOUND('',#192,.T.);
#15=FACE_BOUND('',#204,.T.);
#16=FACE_BOUND('',#216,.T.);
#17=FACE_BOUND('',#241,.T.);
#18=FACE_BOUND('',#242,.T.);
#19=FACE_BOUND('',#243,.T.);
#20=ADVANCED_FACE('',(#94),#1190,.T.);
#21=ADVANCED_FACE('',(#95),#1191,.T.);
#22=ADVANCED_FACE('',(#96),#1192,.T.);
#23=ADVANCED_FACE('',(#97),#1193,.T.);
#24=ADVANCED_FACE('',(#98),#1194,.T.);
#25=ADVANCED_FACE('',(#99),#1195,.T.);
#26=ADVANCED_FACE('',(#100),#1196,.T.);
#27=ADVANCED_FACE('',(#101),#1197,.T.);
#28=ADVANCED_FACE('',(#102),#1198,.T.);
#29=ADVANCED_FACE('',(#103),#1199,.T.);
#30=ADVANCED_FACE('',(#104),#1200,.T.);
#31=ADVANCED_FACE('',(#105),#1201,.T.);
#32=ADVANCED_FACE('',(#106),#1202,.T.);
#33=ADVANCED_FACE('',(#107),#1203,.T.);
#34=ADVANCED_FACE('',(#108),#1204,.T.);
#35=ADVANCED_FACE('',(#109),#1205,.T.);
#36=ADVANCED_FACE('',(#110),#1206,.T.);
#37=ADVANCED_FACE('',(#111),#1207,.T.);
#38=ADVANCED_FACE('',(#112),#1208,.T.);
#39=ADVANCED_FACE('',(#113),#1209,.T.);
#40=ADVANCED_FACE('',(#114),#1210,.T.);
#41=ADVANCED_FACE('',(#115),#1211,.T.);
#42=ADVANCED_FACE('',(#116),#1212,.T.);
#43=ADVANCED_FACE('',(#117,#14),#1213,.T.);
#44=ADVANCED_FACE('',(#118),#1214,.T.);
#45=ADVANCED_FACE('',(#119),#1215,.T.);
#46=ADVANCED_FACE('',(#120),#1216,.T.);
#47=ADVANCED_FACE('',(#121),#1217,.T.);
#48=ADVANCED_FACE('',(#122),#1218,.T.);
#49=ADVANCED_FACE('',(#123),#1219,.T.);
#50=ADVANCED_FACE('',(#124),#1220,.T.);
#51=ADVANCED_FACE('',(#125),#1221,.T.);
#52=ADVANCED_FACE('',(#126),#1222,.T.);
#53=ADVANCED_FACE('',(#127),#1223,.T.);
#54=ADVANCED_FACE('',(#128,#15),#1224,.T.);
#55=ADVANCED_FACE('',(#129),#1225,.T.);
#56=ADVANCED_FACE('',(#130),#1226,.T.);
#57=ADVANCED_FACE('',(#131),#1227,.T.);
#58=ADVANCED_FACE('',(#132),#1228,.T.);
#59=ADVANCED_FACE('',(#133),#1229,.T.);
#60=ADVANCED_FACE('',(#134),#1230,.T.);
#61=ADVANCED_FACE('',(#135),#1231,.T.);
#62=ADVANCED_FACE('',(#136),#1232,.T.);
#63=ADVANCED_FACE('',(#137),#1233,.T.);
#64=ADVANCED_FACE('',(#138),#1234,.T.);
#65=ADVANCED_FACE('',(#139,#16),#1235,.T.);
#66=ADVANCED_FACE('',(#140),#1236,.T.);
#67=ADVANCED_FACE('',(#141),#1237,.T.);
#68=ADVANCED_FACE('',(#142),#1238,.T.);
#69=ADVANCED_FACE('',(#143),#1184,.F.);
#70=ADVANCED_FACE('',(#144),#1239,.T.);
#71=ADVANCED_FACE('',(#145),#1185,.F.);
#72=ADVANCED_FACE('',(#146),#1240,.T.);
#73=ADVANCED_FACE('',(#147),#1186,.F.);
#74=ADVANCED_FACE('',(#148),#1241,.T.);
#75=ADVANCED_FACE('',(#149),#1242,.T.);
#76=ADVANCED_FACE('',(#150),#1243,.T.);
#77=ADVANCED_FACE('',(#151),#1244,.T.);
#78=ADVANCED_FACE('',(#152),#1245,.T.);
#79=ADVANCED_FACE('',(#153),#1246,.T.);
#80=ADVANCED_FACE('',(#154),#1247,.T.);
#81=ADVANCED_FACE('',(#155),#1248,.T.);
#82=ADVANCED_FACE('',(#156),#1249,.T.);
#83=ADVANCED_FACE('',(#157),#1250,.T.);
#84=ADVANCED_FACE('',(#158),#1251,.T.);
#85=ADVANCED_FACE('',(#159),#1252,.T.);
#86=ADVANCED_FACE('',(#160),#1253,.T.);
#87=ADVANCED_FACE('',(#161),#1254,.T.);
#88=ADVANCED_FACE('',(#162),#1255,.T.);
#89=ADVANCED_FACE('',(#163,#17,#18,#19),#1256,.T.);
#90=ADVANCED_FACE('',(#164),#1257,.T.);
#91=ADVANCED_FACE('',(#165),#1187,.F.);
#92=ADVANCED_FACE('',(#166),#1188,.F.);
#93=ADVANCED_FACE('',(#167),#1189,.F.);
#94=FACE_OUTER_BOUND('',#168,.T.);
#95=FACE_OUTER_BOUND('',#169,.T.);
#96=FACE_OUTER_BOUND('',#170,.T.);
#97=FACE_OUTER_BOUND('',#171,.T.);
#98=FACE_OUTER_BOUND('',#172,.T.);
#99=FACE_OUTER_BOUND('',#173,.T.);
#100=FACE_OUTER_BOUND('',#174,.T.);
#101=FACE_OUTER_BOUND('',#175,.T.);
#102=FACE_OUTER_BOUND('',#176,.T.);
#103=FACE_OUTER_BOUND('',#177,.T.);
#104=FACE_OUTER_BOUND('',#178,.T.);
#105=FACE_OUTER_BOUND('',#179,.T.);
#106=FACE_OUTER_BOUND('',#180,.T.);
#107=FACE_OUTER_BOUND('',#181,.T.);
#108=FACE_OUTER_BOUND('',#182,.T.);
#109=FACE_OUTER_BOUND('',#183,.T.);
#110=FACE_OUTER_BOUND('',#184,.T.);
#111=FACE_OUTER_BOUND('',#185,.T.);
#112=FACE_OUTER_BOUND('',#186,.T.);
#113=FACE_OUTER_BOUND('',#187,.T.);
#114=FACE_OUTER_BOUND('',#188,.T.);
#115=FACE_OUTER_BOUND('',#189,.T.);
#116=FACE_OUTER_BOUND('',#190,.T.);
#117=FACE_OUTER_BOUND('',#191,.T.);
#118=FACE_OUTER_BOUND('',#193,.T.);
#119=FACE_OUTER_BOUND('',#194,.T.);
#120=FACE_OUTER_BOUND('',#195,.T.);
#121=FACE_OUTER_BOUND('',#196,.T.);
#122=FACE_OUTER_BOUND('',#197,.T.);
#123=FACE_OUTER_BOUND('',#198,.T.);
#124=FACE_OUTER_BOUND('',#199,.T.);
#125=FACE_OUTER_BOUND('',#200,.T.);
#126=FACE_OUTER_BOUND('',#201,.T.);
#127=FACE_OUTER_BOUND('',#202,.T.);
#128=FACE_OUTER_BOUND('',#203,.T.);
#129=FACE_OUTER_BOUND('',#205,.T.);
#130=FACE_OUTER_BOUND('',#206,.T.);
#131=FACE_OUTER_BOUND('',#207,.T.);
#132=FACE_OUTER_BOUND('',#208,.T.);
#133=FACE_OUTER_BOUND('',#209,.T.);
#134=FACE_OUTER_BOUND('',#210,.T.);
#135=FACE_OUTER_BOUND('',#211,.T.);
#136=FACE_OUTER_BOUND('',#212,.T.);
#137=FACE_OUTER_BOUND('',#213,.T.);
#138=FACE_OUTER_BOUND('',#214,.T.);
#139=FACE_OUTER_BOUND('',#215,.T.);
#140=FACE_OUTER_BOUND('',#217,.T.);
#141=FACE_OUTER_BOUND('',#218,.T.);
#142=FACE_OUTER_BOUND('',#219,.T.);
#143=FACE_OUTER_BOUND('',#220,.T.);
#144=FACE_OUTER_BOUND('',#221,.T.);
#145=FACE_OUTER_BOUND('',#222,.T.);
#146=FACE_OUTER_BOUND('',#223,.T.);
#147=FACE_OUTER_BOUND('',#224,.T.);
#148=FACE_OUTER_BOUND('',#225,.T.);
#149=FACE_OUTER_BOUND('',#226,.T.);
#150=FACE_OUTER_BOUND('',#227,.T.);
#151=FACE_OUTER_BOUND('',#228,.T.);
#152=FACE_OUTER_BOUND('',#229,.T.);
#153=FACE_OUTER_BOUND('',#230,.T.);
#154=FACE_OUTER_BOUND('',#231,.T.);
#155=FACE_OUTER_BOUND('',#232,.T.);
#156=FACE_OUTER_BOUND('',#233,.T.);
#157=FACE_OUTER_BOUND('',#234,.T.);
#158=FACE_OUTER_BOUND('',#235,.T.);
#159=FACE_OUTER_BOUND('',#236,.T.);
#160=FACE_OUTER_BOUND('',#237,.T.);
#161=FACE_OUTER_BOUND('',#238,.T.);
#162=FACE_OUTER_BOUND('',#239,.T.);
#163=FACE_OUTER_BOUND('',#240,.T.);
#164=FACE_OUTER_BOUND('',#244,.T.);
#165=FACE_OUTER_BOUND('',#245,.T.);
#166=FACE_OUTER_BOUND('',#246,.T.);
#167=FACE_OUTER_BOUND('',#247,.T.);
#168=EDGE_LOOP('',(#248,#249,#250,#251));
#169=EDGE_LOOP('',(#252,#253,#254,#255));
#170=EDGE_LOOP('',(#256,#257,#258,#259));
#171=EDGE_LOOP('',(#260,#261,#262,#263));
#172=EDGE_LOOP('',(#264,#265,#266,#267));
#173=EDGE_LOOP('',(#268,#269,#270,#271));
#174=EDGE_LOOP('',(#272,#273,#274,#275));
#175=EDGE_LOOP('',(#276,#277,#278,#279));
#176=EDGE_LOOP('',(#280,#281,#282,#283));
#177=EDGE_LOOP('',(#284,#285,#286,#287));
#178=EDGE_LOOP('',(#288,#289,#290,#291));
#179=EDGE_LOOP('',(#292,#293,#294,#295));
#180=EDGE_LOOP('',(#296,#297,#298,#299));
#181=EDGE_LOOP('',(#300,#301,#302,#303));
#182=EDGE_LOOP('',(#304,#305,#306,#307));
#183=EDGE_LOOP('',(#308,#309,#310,#311));
#184=EDGE_LOOP('',(#312,#313,#314,#315));
#185=EDGE_LOOP('',(#316,#317,#318,#319));
#186=EDGE_LOOP('',(#320,#321,#322,#323));
#187=EDGE_LOOP('',(#324,#325,#326,#327));
#188=EDGE_LOOP('',(#328,#329,#330,#331));
#189=EDGE_LOOP('',(#332,#333,#334,#335));
#190=EDGE_LOOP('',(#336,#337,#338,#339));
#191=EDGE_LOOP('',(#340,#341,#342,#343));
#192=EDGE_LOOP('',(#344,#345));
#193=EDGE_LOOP('',(#346,#347,#348,#349,#350,#351,#352,#353,#354,#355,#356,
#357));
#194=EDGE_LOOP('',(#358,#359,#360,#361));
#195=EDGE_LOOP('',(#362,#363,#364,#365,#366,#367,#368,#369,#370,#371,#372,
#373));
#196=EDGE_LOOP('',(#374,#375,#376,#377));
#197=EDGE_LOOP('',(#378,#379,#380,#381));
#198=EDGE_LOOP('',(#382,#383,#384,#385));
#199=EDGE_LOOP('',(#386,#387,#388,#389));
#200=EDGE_LOOP('',(#390,#391,#392,#393));
#201=EDGE_LOOP('',(#394,#395,#396,#397));
#202=EDGE_LOOP('',(#398,#399,#400,#401));
#203=EDGE_LOOP('',(#402,#403,#404,#405));
#204=EDGE_LOOP('',(#406,#407));
#205=EDGE_LOOP('',(#408,#409,#410,#411,#412,#413,#414,#415,#416,#417,#418,
#419));
#206=EDGE_LOOP('',(#420,#421,#422,#423));
#207=EDGE_LOOP('',(#424,#425,#426,#427,#428,#429,#430,#431,#432,#433,#434,
#435));
#208=EDGE_LOOP('',(#436,#437,#438,#439));
#209=EDGE_LOOP('',(#440,#441,#442,#443));
#210=EDGE_LOOP('',(#444,#445,#446,#447));
#211=EDGE_LOOP('',(#448,#449,#450,#451));
#212=EDGE_LOOP('',(#452,#453,#454,#455));
#213=EDGE_LOOP('',(#456,#457,#458,#459));
#214=EDGE_LOOP('',(#460,#461,#462,#463));
#215=EDGE_LOOP('',(#464,#465,#466,#467));
#216=EDGE_LOOP('',(#468,#469));
#217=EDGE_LOOP('',(#470,#471,#472,#473,#474,#475,#476,#477,#478,#479,#480,
#481));
#218=EDGE_LOOP('',(#482,#483,#484,#485));
#219=EDGE_LOOP('',(#486,#487,#488,#489,#490,#491,#492,#493,#494,#495,#496,
#497));
#220=EDGE_LOOP('',(#498,#499,#500,#501));
#221=EDGE_LOOP('',(#502,#503));
#222=EDGE_LOOP('',(#504,#505,#506,#507));
#223=EDGE_LOOP('',(#508,#509));
#224=EDGE_LOOP('',(#510,#511,#512,#513));
#225=EDGE_LOOP('',(#514,#515));
#226=EDGE_LOOP('',(#516,#517,#518,#519));
#227=EDGE_LOOP('',(#520,#521,#522,#523));
#228=EDGE_LOOP('',(#524,#525,#526,#527));
#229=EDGE_LOOP('',(#528,#529,#530,#531));
#230=EDGE_LOOP('',(#532,#533,#534,#535));
#231=EDGE_LOOP('',(#536,#537,#538,#539));
#232=EDGE_LOOP('',(#540,#541,#542,#543));
#233=EDGE_LOOP('',(#544,#545,#546,#547));
#234=EDGE_LOOP('',(#548,#549,#550,#551));
#235=EDGE_LOOP('',(#552,#553,#554,#555));
#236=EDGE_LOOP('',(#556,#557,#558,#559));
#237=EDGE_LOOP('',(#560,#561,#562,#563,#564,#565,#566,#567,#568,#569,#570,
#571,#572,#573,#574,#575,#576,#577,#578,#579));
#238=EDGE_LOOP('',(#580,#581,#582,#583,#584,#585,#586,#587));
#239=EDGE_LOOP('',(#588,#589,#590,#591,#592,#593,#594,#595));
#240=EDGE_LOOP('',(#596,#597,#598,#599,#600,#601,#602,#603,#604,#605,#606,
#607));
#241=EDGE_LOOP('',(#608,#609,#610,#611));
#242=EDGE_LOOP('',(#612,#613,#614,#615));
#243=EDGE_LOOP('',(#616,#617,#618,#619));
#244=EDGE_LOOP('',(#620,#621,#622,#623,#624,#625,#626,#627,#628,#629,#630,
#631));
#245=EDGE_LOOP('',(#632,#633,#634,#635));
#246=EDGE_LOOP('',(#636,#637,#638,#639));
#247=EDGE_LOOP('',(#640,#641,#642,#643));
#248=ORIENTED_EDGE('',*,*,#648,.F.);
#249=ORIENTED_EDGE('',*,*,#644,.F.);
#250=ORIENTED_EDGE('',*,*,#646,.T.);
#251=ORIENTED_EDGE('',*,*,#647,.T.);
#252=ORIENTED_EDGE('',*,*,#649,.T.);
#253=ORIENTED_EDGE('',*,*,#650,.F.);
#254=ORIENTED_EDGE('',*,*,#651,.F.);
#255=ORIENTED_EDGE('',*,*,#647,.F.);
#256=ORIENTED_EDGE('',*,*,#651,.T.);
#257=ORIENTED_EDGE('',*,*,#652,.T.);
#258=ORIENTED_EDGE('',*,*,#645,.T.);
#259=ORIENTED_EDGE('',*,*,#648,.T.);
#260=ORIENTED_EDGE('',*,*,#657,.T.);
#261=ORIENTED_EDGE('',*,*,#658,.F.);
#262=ORIENTED_EDGE('',*,*,#659,.F.);
#263=ORIENTED_EDGE('',*,*,#655,.F.);
#264=ORIENTED_EDGE('',*,*,#660,.T.);
#265=ORIENTED_EDGE('',*,*,#654,.T.);
#266=ORIENTED_EDGE('',*,*,#661,.F.);
#267=ORIENTED_EDGE('',*,*,#658,.T.);
#268=ORIENTED_EDGE('',*,*,#659,.T.);
#269=ORIENTED_EDGE('',*,*,#661,.T.);
#270=ORIENTED_EDGE('',*,*,#653,.T.);
#271=ORIENTED_EDGE('',*,*,#656,.T.);
#272=ORIENTED_EDGE('',*,*,#666,.F.);
#273=ORIENTED_EDGE('',*,*,#662,.F.);
#274=ORIENTED_EDGE('',*,*,#664,.T.);
#275=ORIENTED_EDGE('',*,*,#665,.T.);
#276=ORIENTED_EDGE('',*,*,#667,.T.);
#277=ORIENTED_EDGE('',*,*,#668,.F.);
#278=ORIENTED_EDGE('',*,*,#669,.F.);
#279=ORIENTED_EDGE('',*,*,#665,.F.);
#280=ORIENTED_EDGE('',*,*,#669,.T.);
#281=ORIENTED_EDGE('',*,*,#670,.T.);
#282=ORIENTED_EDGE('',*,*,#663,.T.);
#283=ORIENTED_EDGE('',*,*,#666,.T.);
#284=ORIENTED_EDGE('',*,*,#672,.T.);
#285=ORIENTED_EDGE('',*,*,#673,.T.);
#286=ORIENTED_EDGE('',*,*,#674,.F.);
#287=ORIENTED_EDGE('',*,*,#671,.F.);
#288=ORIENTED_EDGE('',*,*,#675,.T.);
#289=ORIENTED_EDGE('',*,*,#676,.T.);
#290=ORIENTED_EDGE('',*,*,#677,.T.);
#291=ORIENTED_EDGE('',*,*,#678,.T.);
#292=ORIENTED_EDGE('',*,*,#679,.T.);
#293=ORIENTED_EDGE('',*,*,#680,.T.);
#294=ORIENTED_EDGE('',*,*,#681,.T.);
#295=ORIENTED_EDGE('',*,*,#682,.T.);
#296=ORIENTED_EDGE('',*,*,#683,.T.);
#297=ORIENTED_EDGE('',*,*,#684,.T.);
#298=ORIENTED_EDGE('',*,*,#685,.T.);
#299=ORIENTED_EDGE('',*,*,#686,.T.);
#300=ORIENTED_EDGE('',*,*,#687,.T.);
#301=ORIENTED_EDGE('',*,*,#688,.T.);
#302=ORIENTED_EDGE('',*,*,#689,.T.);
#303=ORIENTED_EDGE('',*,*,#690,.T.);
#304=ORIENTED_EDGE('',*,*,#691,.T.);
#305=ORIENTED_EDGE('',*,*,#692,.T.);
#306=ORIENTED_EDGE('',*,*,#693,.T.);
#307=ORIENTED_EDGE('',*,*,#694,.T.);
#308=ORIENTED_EDGE('',*,*,#695,.T.);
#309=ORIENTED_EDGE('',*,*,#696,.T.);
#310=ORIENTED_EDGE('',*,*,#697,.T.);
#311=ORIENTED_EDGE('',*,*,#698,.T.);
#312=ORIENTED_EDGE('',*,*,#712,.T.);
#313=ORIENTED_EDGE('',*,*,#717,.F.);
#314=ORIENTED_EDGE('',*,*,#713,.T.);
#315=ORIENTED_EDGE('',*,*,#721,.F.);
#316=ORIENTED_EDGE('',*,*,#718,.F.);
#317=ORIENTED_EDGE('',*,*,#711,.T.);
#318=ORIENTED_EDGE('',*,*,#720,.F.);
#319=ORIENTED_EDGE('',*,*,#715,.F.);
#320=ORIENTED_EDGE('',*,*,#714,.T.);
#321=ORIENTED_EDGE('',*,*,#716,.F.);
#322=ORIENTED_EDGE('',*,*,#719,.F.);
#323=ORIENTED_EDGE('',*,*,#722,.F.);
#324=ORIENTED_EDGE('',*,*,#723,.T.);
#325=ORIENTED_EDGE('',*,*,#683,.F.);
#326=ORIENTED_EDGE('',*,*,#724,.F.);
#327=ORIENTED_EDGE('',*,*,#711,.F.);
#328=ORIENTED_EDGE('',*,*,#726,.T.);
#329=ORIENTED_EDGE('',*,*,#685,.F.);
#330=ORIENTED_EDGE('',*,*,#725,.F.);
#331=ORIENTED_EDGE('',*,*,#712,.F.);
#332=ORIENTED_EDGE('',*,*,#727,.T.);
#333=ORIENTED_EDGE('',*,*,#695,.F.);
#334=ORIENTED_EDGE('',*,*,#728,.F.);
#335=ORIENTED_EDGE('',*,*,#713,.F.);
#336=ORIENTED_EDGE('',*,*,#730,.T.);
#337=ORIENTED_EDGE('',*,*,#697,.F.);
#338=ORIENTED_EDGE('',*,*,#729,.F.);
#339=ORIENTED_EDGE('',*,*,#714,.F.);
#340=ORIENTED_EDGE('',*,*,#715,.T.);
#341=ORIENTED_EDGE('',*,*,#732,.T.);
#342=ORIENTED_EDGE('',*,*,#707,.T.);
#343=ORIENTED_EDGE('',*,*,#731,.F.);
#344=ORIENTED_EDGE('',*,*,#789,.T.);
#345=ORIENTED_EDGE('',*,*,#840,.T.);
#346=ORIENTED_EDGE('',*,*,#717,.T.);
#347=ORIENTED_EDGE('',*,*,#725,.T.);
#348=ORIENTED_EDGE('',*,*,#684,.F.);
#349=ORIENTED_EDGE('',*,*,#723,.F.);
#350=ORIENTED_EDGE('',*,*,#718,.T.);
#351=ORIENTED_EDGE('',*,*,#731,.T.);
#352=ORIENTED_EDGE('',*,*,#708,.T.);
#353=ORIENTED_EDGE('',*,*,#733,.F.);
#354=ORIENTED_EDGE('',*,*,#716,.T.);
#355=ORIENTED_EDGE('',*,*,#729,.T.);
#356=ORIENTED_EDGE('',*,*,#696,.F.);
#357=ORIENTED_EDGE('',*,*,#727,.F.);
#358=ORIENTED_EDGE('',*,*,#719,.T.);
#359=ORIENTED_EDGE('',*,*,#733,.T.);
#360=ORIENTED_EDGE('',*,*,#709,.T.);
#361=ORIENTED_EDGE('',*,*,#734,.F.);
#362=ORIENTED_EDGE('',*,*,#720,.T.);
#363=ORIENTED_EDGE('',*,*,#724,.T.);
#364=ORIENTED_EDGE('',*,*,#686,.F.);
#365=ORIENTED_EDGE('',*,*,#726,.F.);
#366=ORIENTED_EDGE('',*,*,#721,.T.);
#367=ORIENTED_EDGE('',*,*,#728,.T.);
#368=ORIENTED_EDGE('',*,*,#698,.F.);
#369=ORIENTED_EDGE('',*,*,#730,.F.);
#370=ORIENTED_EDGE('',*,*,#722,.T.);
#371=ORIENTED_EDGE('',*,*,#734,.T.);
#372=ORIENTED_EDGE('',*,*,#710,.T.);
#373=ORIENTED_EDGE('',*,*,#732,.F.);
#374=ORIENTED_EDGE('',*,*,#736,.T.);
#375=ORIENTED_EDGE('',*,*,#741,.F.);
#376=ORIENTED_EDGE('',*,*,#737,.T.);
#377=ORIENTED_EDGE('',*,*,#745,.F.);
#378=ORIENTED_EDGE('',*,*,#742,.F.);
#379=ORIENTED_EDGE('',*,*,#735,.T.);
#380=ORIENTED_EDGE('',*,*,#744,.F.);
#381=ORIENTED_EDGE('',*,*,#739,.F.);
#382=ORIENTED_EDGE('',*,*,#738,.T.);
#383=ORIENTED_EDGE('',*,*,#740,.F.);
#384=ORIENTED_EDGE('',*,*,#743,.F.);
#385=ORIENTED_EDGE('',*,*,#746,.F.);
#386=ORIENTED_EDGE('',*,*,#747,.T.);
#387=ORIENTED_EDGE('',*,*,#679,.F.);
#388=ORIENTED_EDGE('',*,*,#748,.F.);
#389=ORIENTED_EDGE('',*,*,#735,.F.);
#390=ORIENTED_EDGE('',*,*,#750,.T.);
#391=ORIENTED_EDGE('',*,*,#681,.F.);
#392=ORIENTED_EDGE('',*,*,#749,.F.);
#393=ORIENTED_EDGE('',*,*,#736,.F.);
#394=ORIENTED_EDGE('',*,*,#751,.T.);
#395=ORIENTED_EDGE('',*,*,#691,.F.);
#396=ORIENTED_EDGE('',*,*,#752,.F.);
#397=ORIENTED_EDGE('',*,*,#737,.F.);
#398=ORIENTED_EDGE('',*,*,#754,.T.);
#399=ORIENTED_EDGE('',*,*,#693,.F.);
#400=ORIENTED_EDGE('',*,*,#753,.F.);
#401=ORIENTED_EDGE('',*,*,#738,.F.);
#402=ORIENTED_EDGE('',*,*,#739,.T.);
#403=ORIENTED_EDGE('',*,*,#756,.T.);
#404=ORIENTED_EDGE('',*,*,#703,.T.);
#405=ORIENTED_EDGE('',*,*,#755,.F.);
#406=ORIENTED_EDGE('',*,*,#786,.T.);
#407=ORIENTED_EDGE('',*,*,#837,.T.);
#408=ORIENTED_EDGE('',*,*,#741,.T.);
#409=ORIENTED_EDGE('',*,*,#749,.T.);
#410=ORIENTED_EDGE('',*,*,#680,.F.);
#411=ORIENTED_EDGE('',*,*,#747,.F.);
#412=ORIENTED_EDGE('',*,*,#742,.T.);
#413=ORIENTED_EDGE('',*,*,#755,.T.);
#414=ORIENTED_EDGE('',*,*,#704,.T.);
#415=ORIENTED_EDGE('',*,*,#757,.F.);
#416=ORIENTED_EDGE('',*,*,#740,.T.);
#417=ORIENTED_EDGE('',*,*,#753,.T.);
#418=ORIENTED_EDGE('',*,*,#692,.F.);
#419=ORIENTED_EDGE('',*,*,#751,.F.);
#420=ORIENTED_EDGE('',*,*,#743,.T.);
#421=ORIENTED_EDGE('',*,*,#757,.T.);
#422=ORIENTED_EDGE('',*,*,#705,.T.);
#423=ORIENTED_EDGE('',*,*,#758,.F.);
#424=ORIENTED_EDGE('',*,*,#744,.T.);
#425=ORIENTED_EDGE('',*,*,#748,.T.);
#426=ORIENTED_EDGE('',*,*,#682,.F.);
#427=ORIENTED_EDGE('',*,*,#750,.F.);
#428=ORIENTED_EDGE('',*,*,#745,.T.);
#429=ORIENTED_EDGE('',*,*,#752,.T.);
#430=ORIENTED_EDGE('',*,*,#694,.F.);
#431=ORIENTED_EDGE('',*,*,#754,.F.);
#432=ORIENTED_EDGE('',*,*,#746,.T.);
#433=ORIENTED_EDGE('',*,*,#758,.T.);
#434=ORIENTED_EDGE('',*,*,#706,.T.);
#435=ORIENTED_EDGE('',*,*,#756,.F.);
#436=ORIENTED_EDGE('',*,*,#760,.T.);
#437=ORIENTED_EDGE('',*,*,#765,.F.);
#438=ORIENTED_EDGE('',*,*,#761,.T.);
#439=ORIENTED_EDGE('',*,*,#769,.F.);
#440=ORIENTED_EDGE('',*,*,#766,.F.);
#441=ORIENTED_EDGE('',*,*,#759,.T.);
#442=ORIENTED_EDGE('',*,*,#768,.F.);
#443=ORIENTED_EDGE('',*,*,#763,.F.);
#444=ORIENTED_EDGE('',*,*,#762,.T.);
#445=ORIENTED_EDGE('',*,*,#764,.F.);
#446=ORIENTED_EDGE('',*,*,#767,.F.);
#447=ORIENTED_EDGE('',*,*,#770,.F.);
#448=ORIENTED_EDGE('',*,*,#771,.T.);
#449=ORIENTED_EDGE('',*,*,#675,.F.);
#450=ORIENTED_EDGE('',*,*,#772,.F.);
#451=ORIENTED_EDGE('',*,*,#759,.F.);
#452=ORIENTED_EDGE('',*,*,#774,.T.);
#453=ORIENTED_EDGE('',*,*,#677,.F.);
#454=ORIENTED_EDGE('',*,*,#773,.F.);
#455=ORIENTED_EDGE('',*,*,#760,.F.);
#456=ORIENTED_EDGE('',*,*,#775,.T.);
#457=ORIENTED_EDGE('',*,*,#687,.F.);
#458=ORIENTED_EDGE('',*,*,#776,.F.);
#459=ORIENTED_EDGE('',*,*,#761,.F.);
#460=ORIENTED_EDGE('',*,*,#778,.T.);
#461=ORIENTED_EDGE('',*,*,#689,.F.);
#462=ORIENTED_EDGE('',*,*,#777,.F.);
#463=ORIENTED_EDGE('',*,*,#762,.F.);
#464=ORIENTED_EDGE('',*,*,#763,.T.);
#465=ORIENTED_EDGE('',*,*,#780,.T.);
#466=ORIENTED_EDGE('',*,*,#699,.T.);
#467=ORIENTED_EDGE('',*,*,#779,.F.);
#468=ORIENTED_EDGE('',*,*,#783,.T.);
#469=ORIENTED_EDGE('',*,*,#834,.T.);
#470=ORIENTED_EDGE('',*,*,#766,.T.);
#471=ORIENTED_EDGE('',*,*,#779,.T.);
#472=ORIENTED_EDGE('',*,*,#700,.T.);
#473=ORIENTED_EDGE('',*,*,#781,.F.);
#474=ORIENTED_EDGE('',*,*,#764,.T.);
#475=ORIENTED_EDGE('',*,*,#777,.T.);
#476=ORIENTED_EDGE('',*,*,#688,.F.);
#477=ORIENTED_EDGE('',*,*,#775,.F.);
#478=ORIENTED_EDGE('',*,*,#765,.T.);
#479=ORIENTED_EDGE('',*,*,#773,.T.);
#480=ORIENTED_EDGE('',*,*,#676,.F.);
#481=ORIENTED_EDGE('',*,*,#771,.F.);
#482=ORIENTED_EDGE('',*,*,#767,.T.);
#483=ORIENTED_EDGE('',*,*,#781,.T.);
#484=ORIENTED_EDGE('',*,*,#701,.T.);
#485=ORIENTED_EDGE('',*,*,#782,.F.);
#486=ORIENTED_EDGE('',*,*,#769,.T.);
#487=ORIENTED_EDGE('',*,*,#776,.T.);
#488=ORIENTED_EDGE('',*,*,#690,.F.);
#489=ORIENTED_EDGE('',*,*,#778,.F.);
#490=ORIENTED_EDGE('',*,*,#770,.T.);
#491=ORIENTED_EDGE('',*,*,#782,.T.);
#492=ORIENTED_EDGE('',*,*,#702,.T.);
#493=ORIENTED_EDGE('',*,*,#780,.F.);
#494=ORIENTED_EDGE('',*,*,#768,.T.);
#495=ORIENTED_EDGE('',*,*,#772,.T.);
#496=ORIENTED_EDGE('',*,*,#678,.F.);
#497=ORIENTED_EDGE('',*,*,#774,.F.);
#498=ORIENTED_EDGE('',*,*,#783,.F.);
#499=ORIENTED_EDGE('',*,*,#784,.T.);
#500=ORIENTED_EDGE('',*,*,#785,.T.);
#501=ORIENTED_EDGE('',*,*,#833,.F.);
#502=ORIENTED_EDGE('',*,*,#835,.F.);
#503=ORIENTED_EDGE('',*,*,#785,.F.);
#504=ORIENTED_EDGE('',*,*,#786,.F.);
#505=ORIENTED_EDGE('',*,*,#787,.T.);
#506=ORIENTED_EDGE('',*,*,#788,.T.);
#507=ORIENTED_EDGE('',*,*,#836,.F.);
#508=ORIENTED_EDGE('',*,*,#838,.F.);
#509=ORIENTED_EDGE('',*,*,#788,.F.);
#510=ORIENTED_EDGE('',*,*,#789,.F.);
#511=ORIENTED_EDGE('',*,*,#790,.T.);
#512=ORIENTED_EDGE('',*,*,#791,.T.);
#513=ORIENTED_EDGE('',*,*,#839,.F.);
#514=ORIENTED_EDGE('',*,*,#841,.F.);
#515=ORIENTED_EDGE('',*,*,#791,.F.);
#516=ORIENTED_EDGE('',*,*,#796,.F.);
#517=ORIENTED_EDGE('',*,*,#792,.F.);
#518=ORIENTED_EDGE('',*,*,#800,.T.);
#519=ORIENTED_EDGE('',*,*,#795,.T.);
#520=ORIENTED_EDGE('',*,*,#801,.T.);
#521=ORIENTED_EDGE('',*,*,#797,.F.);
#522=ORIENTED_EDGE('',*,*,#798,.F.);
#523=ORIENTED_EDGE('',*,*,#795,.F.);
#524=ORIENTED_EDGE('',*,*,#802,.T.);
#525=ORIENTED_EDGE('',*,*,#794,.T.);
#526=ORIENTED_EDGE('',*,*,#799,.F.);
#527=ORIENTED_EDGE('',*,*,#797,.T.);
#528=ORIENTED_EDGE('',*,*,#798,.T.);
#529=ORIENTED_EDGE('',*,*,#799,.T.);
#530=ORIENTED_EDGE('',*,*,#793,.T.);
#531=ORIENTED_EDGE('',*,*,#796,.T.);
#532=ORIENTED_EDGE('',*,*,#808,.F.);
#533=ORIENTED_EDGE('',*,*,#804,.F.);
#534=ORIENTED_EDGE('',*,*,#812,.T.);
#535=ORIENTED_EDGE('',*,*,#807,.T.);
#536=ORIENTED_EDGE('',*,*,#813,.T.);
#537=ORIENTED_EDGE('',*,*,#809,.F.);
#538=ORIENTED_EDGE('',*,*,#810,.F.);
#539=ORIENTED_EDGE('',*,*,#807,.F.);
#540=ORIENTED_EDGE('',*,*,#814,.T.);
#541=ORIENTED_EDGE('',*,*,#806,.T.);
#542=ORIENTED_EDGE('',*,*,#811,.F.);
#543=ORIENTED_EDGE('',*,*,#809,.T.);
#544=ORIENTED_EDGE('',*,*,#810,.T.);
#545=ORIENTED_EDGE('',*,*,#811,.T.);
#546=ORIENTED_EDGE('',*,*,#805,.T.);
#547=ORIENTED_EDGE('',*,*,#808,.T.);
#548=ORIENTED_EDGE('',*,*,#823,.T.);
#549=ORIENTED_EDGE('',*,*,#820,.F.);
#550=ORIENTED_EDGE('',*,*,#821,.F.);
#551=ORIENTED_EDGE('',*,*,#818,.F.);
#552=ORIENTED_EDGE('',*,*,#824,.T.);
#553=ORIENTED_EDGE('',*,*,#817,.T.);
#554=ORIENTED_EDGE('',*,*,#822,.F.);
#555=ORIENTED_EDGE('',*,*,#820,.T.);
#556=ORIENTED_EDGE('',*,*,#821,.T.);
#557=ORIENTED_EDGE('',*,*,#822,.T.);
#558=ORIENTED_EDGE('',*,*,#816,.T.);
#559=ORIENTED_EDGE('',*,*,#819,.T.);
#560=ORIENTED_EDGE('',*,*,#803,.F.);
#561=ORIENTED_EDGE('',*,*,#802,.F.);
#562=ORIENTED_EDGE('',*,*,#801,.F.);
#563=ORIENTED_EDGE('',*,*,#800,.F.);
#564=ORIENTED_EDGE('',*,*,#828,.F.);
#565=ORIENTED_EDGE('',*,*,#660,.F.);
#566=ORIENTED_EDGE('',*,*,#657,.F.);
#567=ORIENTED_EDGE('',*,*,#827,.F.);
#568=ORIENTED_EDGE('',*,*,#667,.F.);
#569=ORIENTED_EDGE('',*,*,#664,.F.);
#570=ORIENTED_EDGE('',*,*,#826,.T.);
#571=ORIENTED_EDGE('',*,*,#814,.F.);
#572=ORIENTED_EDGE('',*,*,#813,.F.);
#573=ORIENTED_EDGE('',*,*,#812,.F.);
#574=ORIENTED_EDGE('',*,*,#815,.T.);
#575=ORIENTED_EDGE('',*,*,#824,.F.);
#576=ORIENTED_EDGE('',*,*,#823,.F.);
#577=ORIENTED_EDGE('',*,*,#825,.T.);
#578=ORIENTED_EDGE('',*,*,#649,.F.);
#579=ORIENTED_EDGE('',*,*,#646,.F.);
#580=ORIENTED_EDGE('',*,*,#831,.T.);
#581=ORIENTED_EDGE('',*,*,#670,.F.);
#582=ORIENTED_EDGE('',*,*,#668,.T.);
#583=ORIENTED_EDGE('',*,*,#827,.T.);
#584=ORIENTED_EDGE('',*,*,#655,.T.);
#585=ORIENTED_EDGE('',*,*,#656,.F.);
#586=ORIENTED_EDGE('',*,*,#830,.F.);
#587=ORIENTED_EDGE('',*,*,#673,.F.);
#588=ORIENTED_EDGE('',*,*,#819,.F.);
#589=ORIENTED_EDGE('',*,*,#832,.F.);
#590=ORIENTED_EDGE('',*,*,#671,.T.);
#591=ORIENTED_EDGE('',*,*,#829,.T.);
#592=ORIENTED_EDGE('',*,*,#652,.F.);
#593=ORIENTED_EDGE('',*,*,#650,.T.);
#594=ORIENTED_EDGE('',*,*,#825,.F.);
#595=ORIENTED_EDGE('',*,*,#818,.T.);
#596=ORIENTED_EDGE('',*,*,#792,.T.);
#597=ORIENTED_EDGE('',*,*,#793,.F.);
#598=ORIENTED_EDGE('',*,*,#794,.F.);
#599=ORIENTED_EDGE('',*,*,#803,.T.);
#600=ORIENTED_EDGE('',*,*,#644,.T.);
#601=ORIENTED_EDGE('',*,*,#645,.F.);
#602=ORIENTED_EDGE('',*,*,#829,.F.);
#603=ORIENTED_EDGE('',*,*,#674,.T.);
#604=ORIENTED_EDGE('',*,*,#830,.T.);
#605=ORIENTED_EDGE('',*,*,#653,.F.);
#606=ORIENTED_EDGE('',*,*,#654,.F.);
#607=ORIENTED_EDGE('',*,*,#828,.T.);
#608=ORIENTED_EDGE('',*,*,#709,.F.);
#609=ORIENTED_EDGE('',*,*,#708,.F.);
#610=ORIENTED_EDGE('',*,*,#707,.F.);
#611=ORIENTED_EDGE('',*,*,#710,.F.);
#612=ORIENTED_EDGE('',*,*,#701,.F.);
#613=ORIENTED_EDGE('',*,*,#700,.F.);
#614=ORIENTED_EDGE('',*,*,#699,.F.);
#615=ORIENTED_EDGE('',*,*,#702,.F.);
#616=ORIENTED_EDGE('',*,*,#705,.F.);
#617=ORIENTED_EDGE('',*,*,#704,.F.);
#618=ORIENTED_EDGE('',*,*,#703,.F.);
#619=ORIENTED_EDGE('',*,*,#706,.F.);
#620=ORIENTED_EDGE('',*,*,#832,.T.);
#621=ORIENTED_EDGE('',*,*,#816,.F.);
#622=ORIENTED_EDGE('',*,*,#817,.F.);
#623=ORIENTED_EDGE('',*,*,#815,.F.);
#624=ORIENTED_EDGE('',*,*,#804,.T.);
#625=ORIENTED_EDGE('',*,*,#805,.F.);
#626=ORIENTED_EDGE('',*,*,#806,.F.);
#627=ORIENTED_EDGE('',*,*,#826,.F.);
#628=ORIENTED_EDGE('',*,*,#662,.T.);
#629=ORIENTED_EDGE('',*,*,#663,.F.);
#630=ORIENTED_EDGE('',*,*,#831,.F.);
#631=ORIENTED_EDGE('',*,*,#672,.F.);
#632=ORIENTED_EDGE('',*,*,#833,.T.);
#633=ORIENTED_EDGE('',*,*,#835,.T.);
#634=ORIENTED_EDGE('',*,*,#784,.F.);
#635=ORIENTED_EDGE('',*,*,#834,.F.);
#636=ORIENTED_EDGE('',*,*,#836,.T.);
#637=ORIENTED_EDGE('',*,*,#838,.T.);
#638=ORIENTED_EDGE('',*,*,#787,.F.);
#639=ORIENTED_EDGE('',*,*,#837,.F.);
#640=ORIENTED_EDGE('',*,*,#839,.T.);
#641=ORIENTED_EDGE('',*,*,#841,.T.);
#642=ORIENTED_EDGE('',*,*,#790,.F.);
#643=ORIENTED_EDGE('',*,*,#840,.F.);
#644=EDGE_CURVE('',#1052,#1053,#872,.T.);
#645=EDGE_CURVE('',#1054,#1053,#873,.T.);
#646=EDGE_CURVE('',#1052,#1055,#874,.T.);
#647=EDGE_CURVE('',#1055,#1057,#875,.T.);
#648=EDGE_CURVE('',#1053,#1057,#876,.T.);
#649=EDGE_CURVE('',#1055,#1056,#877,.T.);
#650=EDGE_CURVE('',#1058,#1056,#878,.T.);
#651=EDGE_CURVE('',#1057,#1058,#879,.T.);
#652=EDGE_CURVE('',#1058,#1054,#880,.T.);
#653=EDGE_CURVE('',#1061,#1060,#881,.T.);
#654=EDGE_CURVE('',#1059,#1061,#882,.T.);
#655=EDGE_CURVE('',#1062,#1064,#883,.T.);
#656=EDGE_CURVE('',#1060,#1064,#884,.T.);
#657=EDGE_CURVE('',#1062,#1063,#885,.T.);
#658=EDGE_CURVE('',#1065,#1063,#886,.T.);
#659=EDGE_CURVE('',#1064,#1065,#887,.T.);
#660=EDGE_CURVE('',#1063,#1059,#888,.T.);
#661=EDGE_CURVE('',#1065,#1061,#889,.T.);
#662=EDGE_CURVE('',#1066,#1067,#890,.T.);
#663=EDGE_CURVE('',#1068,#1067,#891,.T.);
#664=EDGE_CURVE('',#1066,#1069,#892,.T.);
#665=EDGE_CURVE('',#1069,#1071,#893,.T.);
#666=EDGE_CURVE('',#1067,#1071,#894,.T.);
#667=EDGE_CURVE('',#1069,#1070,#895,.T.);
#668=EDGE_CURVE('',#1072,#1070,#896,.T.);
#669=EDGE_CURVE('',#1071,#1072,#897,.T.);
#670=EDGE_CURVE('',#1072,#1068,#898,.T.);
#671=EDGE_CURVE('',#1073,#1074,#899,.T.);
#672=EDGE_CURVE('',#1073,#1075,#900,.T.);
#673=EDGE_CURVE('',#1075,#1076,#901,.T.);
#674=EDGE_CURVE('',#1074,#1076,#902,.T.);
#675=EDGE_CURVE('',#1078,#1077,#903,.T.);
#676=EDGE_CURVE('',#1077,#1079,#904,.T.);
#677=EDGE_CURVE('',#1079,#1080,#905,.T.);
#678=EDGE_CURVE('',#1080,#1078,#906,.T.);
#679=EDGE_CURVE('',#1082,#1081,#907,.T.);
#680=EDGE_CURVE('',#1081,#1083,#908,.T.);
#681=EDGE_CURVE('',#1083,#1084,#909,.T.);
#682=EDGE_CURVE('',#1084,#1082,#910,.T.);
#683=EDGE_CURVE('',#1086,#1085,#911,.T.);
#684=EDGE_CURVE('',#1085,#1087,#912,.T.);
#685=EDGE_CURVE('',#1087,#1088,#913,.T.);
#686=EDGE_CURVE('',#1088,#1086,#914,.T.);
#687=EDGE_CURVE('',#1090,#1089,#915,.T.);
#688=EDGE_CURVE('',#1089,#1091,#916,.T.);
#689=EDGE_CURVE('',#1091,#1092,#917,.T.);
#690=EDGE_CURVE('',#1092,#1090,#918,.T.);
#691=EDGE_CURVE('',#1094,#1093,#919,.T.);
#692=EDGE_CURVE('',#1093,#1095,#920,.T.);
#693=EDGE_CURVE('',#1095,#1096,#921,.T.);
#694=EDGE_CURVE('',#1096,#1094,#922,.T.);
#695=EDGE_CURVE('',#1098,#1097,#923,.T.);
#696=EDGE_CURVE('',#1097,#1099,#924,.T.);
#697=EDGE_CURVE('',#1099,#1100,#925,.T.);
#698=EDGE_CURVE('',#1100,#1098,#926,.T.);
#699=EDGE_CURVE('',#1101,#1102,#927,.T.);
#700=EDGE_CURVE('',#1102,#1103,#928,.T.);
#701=EDGE_CURVE('',#1103,#1104,#929,.T.);
#702=EDGE_CURVE('',#1104,#1101,#930,.T.);
#703=EDGE_CURVE('',#1105,#1106,#931,.T.);
#704=EDGE_CURVE('',#1106,#1107,#932,.T.);
#705=EDGE_CURVE('',#1107,#1108,#933,.T.);
#706=EDGE_CURVE('',#1108,#1105,#934,.T.);
#707=EDGE_CURVE('',#1109,#1110,#935,.T.);
#708=EDGE_CURVE('',#1110,#1111,#936,.T.);
#709=EDGE_CURVE('',#1111,#1112,#937,.T.);
#710=EDGE_CURVE('',#1112,#1109,#938,.T.);
#711=EDGE_CURVE('',#1113,#1114,#939,.T.);
#712=EDGE_CURVE('',#1115,#1116,#940,.T.);
#713=EDGE_CURVE('',#1117,#1118,#941,.T.);
#714=EDGE_CURVE('',#1119,#1120,#942,.T.);
#715=EDGE_CURVE('',#1121,#1122,#943,.T.);
#716=EDGE_CURVE('',#1123,#1120,#944,.T.);
#717=EDGE_CURVE('',#1117,#1116,#945,.T.);
#718=EDGE_CURVE('',#1113,#1121,#946,.T.);
#719=EDGE_CURVE('',#1124,#1123,#947,.T.);
#720=EDGE_CURVE('',#1122,#1114,#948,.T.);
#721=EDGE_CURVE('',#1115,#1118,#949,.T.);
#722=EDGE_CURVE('',#1119,#1124,#950,.T.);
#723=EDGE_CURVE('',#1113,#1085,#951,.T.);
#724=EDGE_CURVE('',#1114,#1086,#952,.T.);
#725=EDGE_CURVE('',#1116,#1087,#953,.T.);
#726=EDGE_CURVE('',#1115,#1088,#954,.T.);
#727=EDGE_CURVE('',#1117,#1097,#955,.T.);
#728=EDGE_CURVE('',#1118,#1098,#956,.T.);
#729=EDGE_CURVE('',#1120,#1099,#957,.T.);
#730=EDGE_CURVE('',#1119,#1100,#958,.T.);
#731=EDGE_CURVE('',#1121,#1110,#959,.T.);
#732=EDGE_CURVE('',#1122,#1109,#960,.T.);
#733=EDGE_CURVE('',#1123,#1111,#961,.T.);
#734=EDGE_CURVE('',#1124,#1112,#962,.T.);
#735=EDGE_CURVE('',#1125,#1126,#963,.T.);
#736=EDGE_CURVE('',#1127,#1128,#964,.T.);
#737=EDGE_CURVE('',#1129,#1130,#965,.T.);
#738=EDGE_CURVE('',#1131,#1132,#966,.T.);
#739=EDGE_CURVE('',#1133,#1134,#967,.T.);
#740=EDGE_CURVE('',#1135,#1132,#968,.T.);
#741=EDGE_CURVE('',#1129,#1128,#969,.T.);
#742=EDGE_CURVE('',#1125,#1133,#970,.T.);
#743=EDGE_CURVE('',#1136,#1135,#971,.T.);
#744=EDGE_CURVE('',#1134,#1126,#972,.T.);
#745=EDGE_CURVE('',#1127,#1130,#973,.T.);
#746=EDGE_CURVE('',#1131,#1136,#974,.T.);
#747=EDGE_CURVE('',#1125,#1081,#975,.T.);
#748=EDGE_CURVE('',#1126,#1082,#976,.T.);
#749=EDGE_CURVE('',#1128,#1083,#977,.T.);
#750=EDGE_CURVE('',#1127,#1084,#978,.T.);
#751=EDGE_CURVE('',#1129,#1093,#979,.T.);
#752=EDGE_CURVE('',#1130,#1094,#980,.T.);
#753=EDGE_CURVE('',#1132,#1095,#981,.T.);
#754=EDGE_CURVE('',#1131,#1096,#982,.T.);
#755=EDGE_CURVE('',#1133,#1106,#983,.T.);
#756=EDGE_CURVE('',#1134,#1105,#984,.T.);
#757=EDGE_CURVE('',#1135,#1107,#985,.T.);
#758=EDGE_CURVE('',#1136,#1108,#986,.T.);
#759=EDGE_CURVE('',#1137,#1138,#987,.T.);
#760=EDGE_CURVE('',#1139,#1140,#988,.T.);
#761=EDGE_CURVE('',#1141,#1142,#989,.T.);
#762=EDGE_CURVE('',#1143,#1144,#990,.T.);
#763=EDGE_CURVE('',#1145,#1146,#991,.T.);
#764=EDGE_CURVE('',#1147,#1144,#992,.T.);
#765=EDGE_CURVE('',#1141,#1140,#993,.T.);
#766=EDGE_CURVE('',#1137,#1145,#994,.T.);
#767=EDGE_CURVE('',#1148,#1147,#995,.T.);
#768=EDGE_CURVE('',#1146,#1138,#996,.T.);
#769=EDGE_CURVE('',#1139,#1142,#997,.T.);
#770=EDGE_CURVE('',#1143,#1148,#998,.T.);
#771=EDGE_CURVE('',#1137,#1077,#999,.T.);
#772=EDGE_CURVE('',#1138,#1078,#1000,.T.);
#773=EDGE_CURVE('',#1140,#1079,#1001,.T.);
#774=EDGE_CURVE('',#1139,#1080,#1002,.T.);
#775=EDGE_CURVE('',#1141,#1089,#1003,.T.);
#776=EDGE_CURVE('',#1142,#1090,#1004,.T.);
#777=EDGE_CURVE('',#1144,#1091,#1005,.T.);
#778=EDGE_CURVE('',#1143,#1092,#1006,.T.);
#779=EDGE_CURVE('',#1145,#1102,#1007,.T.);
#780=EDGE_CURVE('',#1146,#1101,#1008,.T.);
#781=EDGE_CURVE('',#1147,#1103,#1009,.T.);
#782=EDGE_CURVE('',#1148,#1104,#1010,.T.);
#783=EDGE_CURVE('',#1150,#1178,#848,.T.);
#784=EDGE_CURVE('',#1150,#1149,#842,.T.);
#785=EDGE_CURVE('',#1149,#1179,#849,.T.);
#786=EDGE_CURVE('',#1152,#1180,#850,.T.);
#787=EDGE_CURVE('',#1152,#1151,#843,.T.);
#788=EDGE_CURVE('',#1151,#1181,#851,.T.);
#789=EDGE_CURVE('',#1154,#1182,#852,.T.);
#790=EDGE_CURVE('',#1154,#1153,#844,.T.);
#791=EDGE_CURVE('',#1153,#1183,#853,.T.);
#792=EDGE_CURVE('',#1159,#1155,#1011,.T.);
#793=EDGE_CURVE('',#1156,#1155,#1012,.T.);
#794=EDGE_CURVE('',#1160,#1156,#1013,.T.);
#795=EDGE_CURVE('',#1161,#1157,#1014,.T.);
#796=EDGE_CURVE('',#1155,#1157,#1015,.T.);
#797=EDGE_CURVE('',#1158,#1162,#1016,.T.);
#798=EDGE_CURVE('',#1157,#1158,#1017,.T.);
#799=EDGE_CURVE('',#1158,#1156,#1018,.T.);
#800=EDGE_CURVE('',#1159,#1161,#1019,.T.);
#801=EDGE_CURVE('',#1161,#1162,#1020,.T.);
#802=EDGE_CURVE('',#1162,#1160,#1021,.T.);
#803=EDGE_CURVE('',#1160,#1052,#1022,.T.);
#804=EDGE_CURVE('',#1168,#1163,#1023,.T.);
#805=EDGE_CURVE('',#1164,#1163,#1024,.T.);
#806=EDGE_CURVE('',#1167,#1164,#1025,.T.);
#807=EDGE_CURVE('',#1169,#1165,#1026,.T.);
#808=EDGE_CURVE('',#1163,#1165,#1027,.T.);
#809=EDGE_CURVE('',#1166,#1170,#1028,.T.);
#810=EDGE_CURVE('',#1165,#1166,#1029,.T.);
#811=EDGE_CURVE('',#1166,#1164,#1030,.T.);
#812=EDGE_CURVE('',#1168,#1169,#1031,.T.);
#813=EDGE_CURVE('',#1169,#1170,#1032,.T.);
#814=EDGE_CURVE('',#1170,#1167,#1033,.T.);
#815=EDGE_CURVE('',#1168,#1175,#1034,.T.);
#816=EDGE_CURVE('',#1172,#1171,#1035,.T.);
#817=EDGE_CURVE('',#1175,#1172,#1036,.T.);
#818=EDGE_CURVE('',#1176,#1173,#1037,.T.);
#819=EDGE_CURVE('',#1171,#1173,#1038,.T.);
#820=EDGE_CURVE('',#1174,#1177,#1039,.T.);
#821=EDGE_CURVE('',#1173,#1174,#1040,.T.);
#822=EDGE_CURVE('',#1174,#1172,#1041,.T.);
#823=EDGE_CURVE('',#1176,#1177,#1042,.T.);
#824=EDGE_CURVE('',#1177,#1175,#1043,.T.);
#825=EDGE_CURVE('',#1176,#1056,#1044,.T.);
#826=EDGE_CURVE('',#1066,#1167,#1045,.T.);
#827=EDGE_CURVE('',#1070,#1062,#1046,.T.);
#828=EDGE_CURVE('',#1059,#1159,#1047,.T.);
#829=EDGE_CURVE('',#1074,#1054,#1048,.T.);
#830=EDGE_CURVE('',#1076,#1060,#1049,.T.);
#831=EDGE_CURVE('',#1075,#1068,#1050,.T.);
#832=EDGE_CURVE('',#1073,#1171,#1051,.T.);
#833=EDGE_CURVE('',#1178,#1179,#845,.T.);
#834=EDGE_CURVE('',#1178,#1150,#854,.T.);
#835=EDGE_CURVE('',#1179,#1149,#855,.T.);
#836=EDGE_CURVE('',#1180,#1181,#846,.T.);
#837=EDGE_CURVE('',#1180,#1152,#856,.T.);
#838=EDGE_CURVE('',#1181,#1151,#857,.T.);
#839=EDGE_CURVE('',#1182,#1183,#847,.T.);
#840=EDGE_CURVE('',#1182,#1154,#858,.T.);
#841=EDGE_CURVE('',#1183,#1153,#859,.T.);
#842=(
BOUNDED_CURVE()
B_SPLINE_CURVE(1,(#2023,#2024),.UNSPECIFIED.,.F.,.F.)
B_SPLINE_CURVE_WITH_KNOTS((2,2),(0.,3.),.UNSPECIFIED.)
CURVE()
GEOMETRIC_REPRESENTATION_ITEM()
RATIONAL_B_SPLINE_CURVE((1.,1.))
REPRESENTATION_ITEM('')
);
#843=(
BOUNDED_CURVE()
B_SPLINE_CURVE(1,(#2031,#2032),.UNSPECIFIED.,.F.,.F.)
B_SPLINE_CURVE_WITH_KNOTS((2,2),(0.,3.),.UNSPECIFIED.)
CURVE()
GEOMETRIC_REPRESENTATION_ITEM()
RATIONAL_B_SPLINE_CURVE((1.,1.))
REPRESENTATION_ITEM('')
);
#844=(
BOUNDED_CURVE()
B_SPLINE_CURVE(1,(#2039,#2040),.UNSPECIFIED.,.F.,.F.)
B_SPLINE_CURVE_WITH_KNOTS((2,2),(0.,3.),.UNSPECIFIED.)
CURVE()
GEOMETRIC_REPRESENTATION_ITEM()
RATIONAL_B_SPLINE_CURVE((1.,1.))
REPRESENTATION_ITEM('')
);
#845=(
BOUNDED_CURVE()
B_SPLINE_CURVE(1,(#2126,#2127),.UNSPECIFIED.,.F.,.F.)
B_SPLINE_CURVE_WITH_KNOTS((2,2),(0.,3.),.UNSPECIFIED.)
CURVE()
GEOMETRIC_REPRESENTATION_ITEM()
RATIONAL_B_SPLINE_CURVE((1.,1.))
REPRESENTATION_ITEM('')
);
#846=(
BOUNDED_CURVE()
B_SPLINE_CURVE(1,(#2134,#2135),.UNSPECIFIED.,.F.,.F.)
B_SPLINE_CURVE_WITH_KNOTS((2,2),(0.,3.),.UNSPECIFIED.)
CURVE()
GEOMETRIC_REPRESENTATION_ITEM()
RATIONAL_B_SPLINE_CURVE((1.,1.))
REPRESENTATION_ITEM('')
);
#847=(
BOUNDED_CURVE()
B_SPLINE_CURVE(1,(#2142,#2143),.UNSPECIFIED.,.F.,.F.)
B_SPLINE_CURVE_WITH_KNOTS((2,2),(0.,3.),.UNSPECIFIED.)
CURVE()
GEOMETRIC_REPRESENTATION_ITEM()
RATIONAL_B_SPLINE_CURVE((1.,1.))
REPRESENTATION_ITEM('')
);
#848=TRIMMED_CURVE($,#860,(#2021),(#2022),.T.,.CARTESIAN.);
#849=TRIMMED_CURVE($,#861,(#2026),(#2027),.T.,.CARTESIAN.);
#850=TRIMMED_CURVE($,#862,(#2029),(#2030),.T.,.CARTESIAN.);
#851=TRIMMED_CURVE($,#863,(#2034),(#2035),.T.,.CARTESIAN.);
#852=TRIMMED_CURVE($,#864,(#2037),(#2038),.T.,.CARTESIAN.);
#853=TRIMMED_CURVE($,#865,(#2042),(#2043),.T.,.CARTESIAN.);
#854=TRIMMED_CURVE($,#866,(#2129),(#2130),.T.,.CARTESIAN.);
#855=TRIMMED_CURVE($,#867,(#2132),(#2133),.T.,.CARTESIAN.);
#856=TRIMMED_CURVE($,#868,(#2137),(#2138),.T.,.CARTESIAN.);
#857=TRIMMED_CURVE($,#869,(#2140),(#2141),.T.,.CARTESIAN.);
#858=TRIMMED_CURVE($,#870,(#2145),(#2146),.T.,.CARTESIAN.);
#859=TRIMMED_CURVE($,#871,(#2148),(#2149),.T.,.CARTESIAN.);
#860=CIRCLE('',#1420,0.399999999999999);
#861=CIRCLE('',#1421,0.399999999999999);
#862=CIRCLE('',#1422,0.400000000000006);
#863=CIRCLE('',#1423,0.400000000000006);
#864=CIRCLE('',#1424,0.400000000000006);
#865=CIRCLE('',#1425,0.400000000000006);
#866=CIRCLE('',#1426,0.400000000000002);
#867=CIRCLE('',#1427,0.400000000000002);
#868=CIRCLE('',#1428,0.400000000000006);
#869=CIRCLE('',#1429,0.400000000000006);
#870=CIRCLE('',#1430,0.400000000000006);
#871=CIRCLE('',#1431,0.400000000000006);
#872=B_SPLINE_CURVE_WITH_KNOTS('',1,(#1742,#1743),.UNSPECIFIED.,.F.,.F.,
(2,2),(0.,5.),.UNSPECIFIED.);
#873=B_SPLINE_CURVE_WITH_KNOTS('',1,(#1744,#1745),.UNSPECIFIED.,.F.,.F.,
(2,2),(0.,10.),.UNSPECIFIED.);
#874=B_SPLINE_CURVE_WITH_KNOTS('',1,(#1746,#1747),.UNSPECIFIED.,.F.,.F.,
(2,2),(10.,20.),.UNSPECIFIED.);
#875=B_SPLINE_CURVE_WITH_KNOTS('',1,(#1748,#1749),.UNSPECIFIED.,.F.,.F.,
(2,2),(0.,7.07106781186559),.UNSPECIFIED.);
#876=B_SPLINE_CURVE_WITH_KNOTS('',1,(#1750,#1751),.UNSPECIFIED.,.F.,.F.,
(2,2),(10.,15.),.UNSPECIFIED.);
#877=B_SPLINE_CURVE_WITH_KNOTS('',1,(#1752,#1753),.UNSPECIFIED.,.F.,.F.,
(2,2),(20.,30.),.UNSPECIFIED.);
#878=B_SPLINE_CURVE_WITH_KNOTS('',1,(#1754,#1755),.UNSPECIFIED.,.F.,.F.,
(2,2),(-7.07106781186559,0.),.UNSPECIFIED.);
#879=B_SPLINE_CURVE_WITH_KNOTS('',1,(#1756,#1757),.UNSPECIFIED.,.F.,.F.,
(2,2),(0.,10.),.UNSPECIFIED.);
#880=B_SPLINE_CURVE_WITH_KNOTS('',1,(#1758,#1759),.UNSPECIFIED.,.F.,.F.,
(2,2),(35.,40.),.UNSPECIFIED.);
#881=B_SPLINE_CURVE_WITH_KNOTS('',1,(#1760,#1761),.UNSPECIFIED.,.F.,.F.,
(2,2),(0.,10.),.UNSPECIFIED.);
#882=B_SPLINE_CURVE_WITH_KNOTS('',1,(#1762,#1763),.UNSPECIFIED.,.F.,.F.,
(2,2),(0.,5.),.UNSPECIFIED.);
#883=B_SPLINE_CURVE_WITH_KNOTS('',1,(#1764,#1765),.UNSPECIFIED.,.F.,.F.,
(2,2),(0.,7.07106781186559),.UNSPECIFIED.);
#884=B_SPLINE_CURVE_WITH_KNOTS('',1,(#1766,#1767),.UNSPECIFIED.,.F.,.F.,
(2,2),(10.,15.),.UNSPECIFIED.);
#885=B_SPLINE_CURVE_WITH_KNOTS('',1,(#1768,#1769),.UNSPECIFIED.,.F.,.F.,
(2,2),(20.,30.),.UNSPECIFIED.);
#886=B_SPLINE_CURVE_WITH_KNOTS('',1,(#1770,#1771),.UNSPECIFIED.,.F.,.F.,
(2,2),(-7.07106781186559,0.),.UNSPECIFIED.);
#887=B_SPLINE_CURVE_WITH_KNOTS('',1,(#1772,#1773),.UNSPECIFIED.,.F.,.F.,
(2,2),(0.,10.),.UNSPECIFIED.);
#888=B_SPLINE_CURVE_WITH_KNOTS('',1,(#1774,#1775),.UNSPECIFIED.,.F.,.F.,
(2,2),(30.,40.),.UNSPECIFIED.);
#889=B_SPLINE_CURVE_WITH_KNOTS('',1,(#1776,#1777),.UNSPECIFIED.,.F.,.F.,
(2,2),(35.,40.),.UNSPECIFIED.);
#890=B_SPLINE_CURVE_WITH_KNOTS('',1,(#1778,#1779),.UNSPECIFIED.,.F.,.F.,
(2,2),(0.,5.),.UNSPECIFIED.);
#891=B_SPLINE_CURVE_WITH_KNOTS('',1,(#1780,#1781),.UNSPECIFIED.,.F.,.F.,
(2,2),(0.,10.),.UNSPECIFIED.);
#892=B_SPLINE_CURVE_WITH_KNOTS('',1,(#1782,#1783),.UNSPECIFIED.,.F.,.F.,
(2,2),(10.,20.),.UNSPECIFIED.);
#893=B_SPLINE_CURVE_WITH_KNOTS('',1,(#1784,#1785),.UNSPECIFIED.,.F.,.F.,
(2,2),(0.,7.07106781186559),.UNSPECIFIED.);
#894=B_SPLINE_CURVE_WITH_KNOTS('',1,(#1786,#1787),.UNSPECIFIED.,.F.,.F.,
(2,2),(10.,15.),.UNSPECIFIED.);
#895=B_SPLINE_CURVE_WITH_KNOTS('',1,(#1788,#1789),.UNSPECIFIED.,.F.,.F.,
(2,2),(20.,30.),.UNSPECIFIED.);
#896=B_SPLINE_CURVE_WITH_KNOTS('',1,(#1790,#1791),.UNSPECIFIED.,.F.,.F.,
(2,2),(-7.07106781186559,0.),.UNSPECIFIED.);
#897=B_SPLINE_CURVE_WITH_KNOTS('',1,(#1792,#1793),.UNSPECIFIED.,.F.,.F.,
(2,2),(0.,10.),.UNSPECIFIED.);
#898=B_SPLINE_CURVE_WITH_KNOTS('',1,(#1794,#1795),.UNSPECIFIED.,.F.,.F.,
(2,2),(35.,40.),.UNSPECIFIED.);
#899=B_SPLINE_CURVE_WITH_KNOTS('',1,(#1796,#1797),.UNSPECIFIED.,.F.,.F.,
(2,2),(0.,60.),.UNSPECIFIED.);
#900=B_SPLINE_CURVE_WITH_KNOTS('',1,(#1798,#1799),.UNSPECIFIED.,.F.,.F.,
(2,2),(190.,378.),.UNSPECIFIED.);
#901=B_SPLINE_CURVE_WITH_KNOTS('',1,(#1800,#1801),.UNSPECIFIED.,.F.,.F.,
(2,2),(0.,60.),.UNSPECIFIED.);
#902=B_SPLINE_CURVE_WITH_KNOTS('',1,(#1802,#1803),.UNSPECIFIED.,.F.,.F.,
(2,2),(190.,378.),.UNSPECIFIED.);
#903=B_SPLINE_CURVE_WITH_KNOTS('',1,(#1804,#1805),.UNSPECIFIED.,.F.,.F.,
(2,2),(0.,60.),.UNSPECIFIED.);
#904=B_SPLINE_CURVE_WITH_KNOTS('',1,(#1806,#1807),.UNSPECIFIED.,.F.,.F.,
(2,2),(60.,62.),.UNSPECIFIED.);
#905=B_SPLINE_CURVE_WITH_KNOTS('',1,(#1808,#1809),.UNSPECIFIED.,.F.,.F.,
(2,2),(62.,122.),.UNSPECIFIED.);
#906=B_SPLINE_CURVE_WITH_KNOTS('',1,(#1810,#1811),.UNSPECIFIED.,.F.,.F.,
(2,2),(122.,124.),.UNSPECIFIED.);
#907=B_SPLINE_CURVE_WITH_KNOTS('',1,(#1812,#1813),.UNSPECIFIED.,.F.,.F.,
(2,2),(0.,60.),.UNSPECIFIED.);
#908=B_SPLINE_CURVE_WITH_KNOTS('',1,(#1814,#1815),.UNSPECIFIED.,.F.,.F.,
(2,2),(60.,62.),.UNSPECIFIED.);
#909=B_SPLINE_CURVE_WITH_KNOTS('',1,(#1816,#1817),.UNSPECIFIED.,.F.,.F.,
(2,2),(62.,122.),.UNSPECIFIED.);
#910=B_SPLINE_CURVE_WITH_KNOTS('',1,(#1818,#1819),.UNSPECIFIED.,.F.,.F.,
(2,2),(122.,124.),.UNSPECIFIED.);
#911=B_SPLINE_CURVE_WITH_KNOTS('',1,(#1820,#1821),.UNSPECIFIED.,.F.,.F.,
(2,2),(0.,60.),.UNSPECIFIED.);
#912=B_SPLINE_CURVE_WITH_KNOTS('',1,(#1822,#1823),.UNSPECIFIED.,.F.,.F.,
(2,2),(60.,62.),.UNSPECIFIED.);
#913=B_SPLINE_CURVE_WITH_KNOTS('',1,(#1824,#1825),.UNSPECIFIED.,.F.,.F.,
(2,2),(62.,122.),.UNSPECIFIED.);
#914=B_SPLINE_CURVE_WITH_KNOTS('',1,(#1826,#1827),.UNSPECIFIED.,.F.,.F.,
(2,2),(122.,124.),.UNSPECIFIED.);
#915=B_SPLINE_CURVE_WITH_KNOTS('',1,(#1828,#1829),.UNSPECIFIED.,.F.,.F.,
(2,2),(0.,60.),.UNSPECIFIED.);
#916=B_SPLINE_CURVE_WITH_KNOTS('',1,(#1830,#1831),.UNSPECIFIED.,.F.,.F.,
(2,2),(60.,62.),.UNSPECIFIED.);
#917=B_SPLINE_CURVE_WITH_KNOTS('',1,(#1832,#1833),.UNSPECIFIED.,.F.,.F.,
(2,2),(62.,122.),.UNSPECIFIED.);
#918=B_SPLINE_CURVE_WITH_KNOTS('',1,(#1834,#1835),.UNSPECIFIED.,.F.,.F.,
(2,2),(122.,124.),.UNSPECIFIED.);
#919=B_SPLINE_CURVE_WITH_KNOTS('',1,(#1836,#1837),.UNSPECIFIED.,.F.,.F.,
(2,2),(0.,60.),.UNSPECIFIED.);
#920=B_SPLINE_CURVE_WITH_KNOTS('',1,(#1838,#1839),.UNSPECIFIED.,.F.,.F.,
(2,2),(60.,62.),.UNSPECIFIED.);
#921=B_SPLINE_CURVE_WITH_KNOTS('',1,(#1840,#1841),.UNSPECIFIED.,.F.,.F.,
(2,2),(62.,122.),.UNSPECIFIED.);
#922=B_SPLINE_CURVE_WITH_KNOTS('',1,(#1842,#1843),.UNSPECIFIED.,.F.,.F.,
(2,2),(122.,124.),.UNSPECIFIED.);
#923=B_SPLINE_CURVE_WITH_KNOTS('',1,(#1844,#1845),.UNSPECIFIED.,.F.,.F.,
(2,2),(0.,60.),.UNSPECIFIED.);
#924=B_SPLINE_CURVE_WITH_KNOTS('',1,(#1846,#1847),.UNSPECIFIED.,.F.,.F.,
(2,2),(60.,62.),.UNSPECIFIED.);
#925=B_SPLINE_CURVE_WITH_KNOTS('',1,(#1848,#1849),.UNSPECIFIED.,.F.,.F.,
(2,2),(62.,122.),.UNSPECIFIED.);
#926=B_SPLINE_CURVE_WITH_KNOTS('',1,(#1850,#1851),.UNSPECIFIED.,.F.,.F.,
(2,2),(122.,124.),.UNSPECIFIED.);
#927=B_SPLINE_CURVE_WITH_KNOTS('',1,(#1852,#1853),.UNSPECIFIED.,.F.,.F.,
(2,2),(2.,61.),.UNSPECIFIED.);
#928=B_SPLINE_CURVE_WITH_KNOTS('',1,(#1854,#1855),.UNSPECIFIED.,.F.,.F.,
(2,2),(61.,342.),.UNSPECIFIED.);
#929=B_SPLINE_CURVE_WITH_KNOTS('',1,(#1856,#1857),.UNSPECIFIED.,.F.,.F.,
(2,2),(342.,401.),.UNSPECIFIED.);
#930=B_SPLINE_CURVE_WITH_KNOTS('',1,(#1858,#1859),.UNSPECIFIED.,.F.,.F.,
(2,2),(401.,682.),.UNSPECIFIED.);
#931=B_SPLINE_CURVE_WITH_KNOTS('',1,(#1860,#1861),.UNSPECIFIED.,.F.,.F.,
(2,2),(2.,60.),.UNSPECIFIED.);
#932=B_SPLINE_CURVE_WITH_KNOTS('',1,(#1862,#1863),.UNSPECIFIED.,.F.,.F.,
(2,2),(60.,341.),.UNSPECIFIED.);
#933=B_SPLINE_CURVE_WITH_KNOTS('',1,(#1864,#1865),.UNSPECIFIED.,.F.,.F.,
(2,2),(341.,399.),.UNSPECIFIED.);
#934=B_SPLINE_CURVE_WITH_KNOTS('',1,(#1866,#1867),.UNSPECIFIED.,.F.,.F.,
(2,2),(399.,680.),.UNSPECIFIED.);
#935=B_SPLINE_CURVE_WITH_KNOTS('',1,(#1868,#1869),.UNSPECIFIED.,.F.,.F.,
(2,2),(2.,61.),.UNSPECIFIED.);
#936=B_SPLINE_CURVE_WITH_KNOTS('',1,(#1870,#1871),.UNSPECIFIED.,.F.,.F.,
(2,2),(61.,342.),.UNSPECIFIED.);
#937=B_SPLINE_CURVE_WITH_KNOTS('',1,(#1872,#1873),.UNSPECIFIED.,.F.,.F.,
(2,2),(342.,401.),.UNSPECIFIED.);
#938=B_SPLINE_CURVE_WITH_KNOTS('',1,(#1874,#1875),.UNSPECIFIED.,.F.,.F.,
(2,2),(401.,682.),.UNSPECIFIED.);
#939=B_SPLINE_CURVE_WITH_KNOTS('',1,(#1876,#1877),.UNSPECIFIED.,.F.,.F.,
(2,2),(-60.,0.),.UNSPECIFIED.);
#940=B_SPLINE_CURVE_WITH_KNOTS('',1,(#1878,#1879),.UNSPECIFIED.,.F.,.F.,
(2,2),(-122.,-62.),.UNSPECIFIED.);
#941=B_SPLINE_CURVE_WITH_KNOTS('',1,(#1880,#1881),.UNSPECIFIED.,.F.,.F.,
(2,2),(-60.,0.),.UNSPECIFIED.);
#942=B_SPLINE_CURVE_WITH_KNOTS('',1,(#1882,#1883),.UNSPECIFIED.,.F.,.F.,
(2,2),(-122.,-62.),.UNSPECIFIED.);
#943=B_SPLINE_CURVE_WITH_KNOTS('',1,(#1884,#1885),.UNSPECIFIED.,.F.,.F.,
(2,2),(-61.,-2.),.UNSPECIFIED.);
#944=B_SPLINE_CURVE_WITH_KNOTS('',1,(#1886,#1887),.UNSPECIFIED.,.F.,.F.,
(2,2),(-342.,-302.5),.UNSPECIFIED.);
#945=B_SPLINE_CURVE_WITH_KNOTS('',1,(#1888,#1889),.UNSPECIFIED.,.F.,.F.,
(2,2),(-300.5,-102.518033659046),.UNSPECIFIED.);
#946=B_SPLINE_CURVE_WITH_KNOTS('',1,(#1890,#1891),.UNSPECIFIED.,.F.,.F.,
(2,2),(-100.518033659046,-61.),.UNSPECIFIED.);
#947=B_SPLINE_CURVE_WITH_KNOTS('',1,(#1892,#1893),.UNSPECIFIED.,.F.,.F.,
(2,2),(-401.,-342.),.UNSPECIFIED.);
#948=B_SPLINE_CURVE_WITH_KNOTS('',1,(#1894,#1895),.UNSPECIFIED.,.F.,.F.,
(2,2),(2.00000000000004,41.518033659046),.UNSPECIFIED.);
#949=B_SPLINE_CURVE_WITH_KNOTS('',1,(#1896,#1897),.UNSPECIFIED.,.F.,.F.,
(2,2),(43.518033659046,241.5),.UNSPECIFIED.);
#950=B_SPLINE_CURVE_WITH_KNOTS('',1,(#1898,#1899),.UNSPECIFIED.,.F.,.F.,
(2,2),(243.5,283.),.UNSPECIFIED.);
#951=B_SPLINE_CURVE_WITH_KNOTS('',1,(#1900,#1901),.UNSPECIFIED.,.F.,.F.,
(2,2),(2.,55.),.UNSPECIFIED.);
#952=B_SPLINE_CURVE_WITH_KNOTS('',1,(#1902,#1903),.UNSPECIFIED.,.F.,.F.,
(2,2),(2.,55.),.UNSPECIFIED.);
#953=B_SPLINE_CURVE_WITH_KNOTS('',1,(#1904,#1905),.UNSPECIFIED.,.F.,.F.,
(2,2),(2.,55.),.UNSPECIFIED.);
#954=B_SPLINE_CURVE_WITH_KNOTS('',1,(#1906,#1907),.UNSPECIFIED.,.F.,.F.,
(2,2),(2.,55.),.UNSPECIFIED.);
#955=B_SPLINE_CURVE_WITH_KNOTS('',1,(#1908,#1909),.UNSPECIFIED.,.F.,.F.,
(2,2),(2.,55.),.UNSPECIFIED.);
#956=B_SPLINE_CURVE_WITH_KNOTS('',1,(#1910,#1911),.UNSPECIFIED.,.F.,.F.,
(2,2),(2.,55.),.UNSPECIFIED.);
#957=B_SPLINE_CURVE_WITH_KNOTS('',1,(#1912,#1913),.UNSPECIFIED.,.F.,.F.,
(2,2),(2.,55.),.UNSPECIFIED.);
#958=B_SPLINE_CURVE_WITH_KNOTS('',1,(#1914,#1915),.UNSPECIFIED.,.F.,.F.,
(2,2),(2.,55.),.UNSPECIFIED.);
#959=B_SPLINE_CURVE_WITH_KNOTS('',1,(#1916,#1917),.UNSPECIFIED.,.F.,.F.,
(2,2),(2.,60.),.UNSPECIFIED.);
#960=B_SPLINE_CURVE_WITH_KNOTS('',1,(#1918,#1919),.UNSPECIFIED.,.F.,.F.,
(2,2),(2.,60.),.UNSPECIFIED.);
#961=B_SPLINE_CURVE_WITH_KNOTS('',1,(#1920,#1921),.UNSPECIFIED.,.F.,.F.,
(2,2),(2.,60.),.UNSPECIFIED.);
#962=B_SPLINE_CURVE_WITH_KNOTS('',1,(#1922,#1923),.UNSPECIFIED.,.F.,.F.,
(2,2),(2.,60.),.UNSPECIFIED.);
#963=B_SPLINE_CURVE_WITH_KNOTS('',1,(#1924,#1925),.UNSPECIFIED.,.F.,.F.,
(2,2),(-60.,0.),.UNSPECIFIED.);
#964=B_SPLINE_CURVE_WITH_KNOTS('',1,(#1926,#1927),.UNSPECIFIED.,.F.,.F.,
(2,2),(-122.,-62.),.UNSPECIFIED.);
#965=B_SPLINE_CURVE_WITH_KNOTS('',1,(#1928,#1929),.UNSPECIFIED.,.F.,.F.,
(2,2),(-60.,0.),.UNSPECIFIED.);
#966=B_SPLINE_CURVE_WITH_KNOTS('',1,(#1930,#1931),.UNSPECIFIED.,.F.,.F.,
(2,2),(-122.,-62.),.UNSPECIFIED.);
#967=B_SPLINE_CURVE_WITH_KNOTS('',1,(#1932,#1933),.UNSPECIFIED.,.F.,.F.,
(2,2),(-60.,-2.),.UNSPECIFIED.);
#968=B_SPLINE_CURVE_WITH_KNOTS('',1,(#1934,#1935),.UNSPECIFIED.,.F.,.F.,
(2,2),(-283.,-243.5),.UNSPECIFIED.);
#969=B_SPLINE_CURVE_WITH_KNOTS('',1,(#1936,#1937),.UNSPECIFIED.,.F.,.F.,
(2,2),(-241.5,-43.5180336590459),.UNSPECIFIED.);
#970=B_SPLINE_CURVE_WITH_KNOTS('',1,(#1938,#1939),.UNSPECIFIED.,.F.,.F.,
(2,2),(-41.518033659046,-2.00000000000004),.UNSPECIFIED.);
#971=B_SPLINE_CURVE_WITH_KNOTS('',1,(#1940,#1941),.UNSPECIFIED.,.F.,.F.,
(2,2),(-399.,-341.),.UNSPECIFIED.);
#972=B_SPLINE_CURVE_WITH_KNOTS('',1,(#1942,#1943),.UNSPECIFIED.,.F.,.F.,
(2,2),(-680.,-640.481966340954),.UNSPECIFIED.);
#973=B_SPLINE_CURVE_WITH_KNOTS('',1,(#1944,#1945),.UNSPECIFIED.,.F.,.F.,
(2,2),(-638.481966340954,-440.5),.UNSPECIFIED.);
#974=B_SPLINE_CURVE_WITH_KNOTS('',1,(#1946,#1947),.UNSPECIFIED.,.F.,.F.,
(2,2),(-438.5,-399.),.UNSPECIFIED.);
#975=B_SPLINE_CURVE_WITH_KNOTS('',1,(#1948,#1949),.UNSPECIFIED.,.F.,.F.,
(2,2),(2.,55.),.UNSPECIFIED.);
#976=B_SPLINE_CURVE_WITH_KNOTS('',1,(#1950,#1951),.UNSPECIFIED.,.F.,.F.,
(2,2),(2.,55.),.UNSPECIFIED.);
#977=B_SPLINE_CURVE_WITH_KNOTS('',1,(#1952,#1953),.UNSPECIFIED.,.F.,.F.,
(2,2),(2.,55.),.UNSPECIFIED.);
#978=B_SPLINE_CURVE_WITH_KNOTS('',1,(#1954,#1955),.UNSPECIFIED.,.F.,.F.,
(2,2),(2.,55.),.UNSPECIFIED.);
#979=B_SPLINE_CURVE_WITH_KNOTS('',1,(#1956,#1957),.UNSPECIFIED.,.F.,.F.,
(2,2),(2.,55.),.UNSPECIFIED.);
#980=B_SPLINE_CURVE_WITH_KNOTS('',1,(#1958,#1959),.UNSPECIFIED.,.F.,.F.,
(2,2),(2.,55.),.UNSPECIFIED.);
#981=B_SPLINE_CURVE_WITH_KNOTS('',1,(#1960,#1961),.UNSPECIFIED.,.F.,.F.,
(2,2),(2.,55.),.UNSPECIFIED.);
#982=B_SPLINE_CURVE_WITH_KNOTS('',1,(#1962,#1963),.UNSPECIFIED.,.F.,.F.,
(2,2),(2.,55.),.UNSPECIFIED.);
#983=B_SPLINE_CURVE_WITH_KNOTS('',1,(#1964,#1965),.UNSPECIFIED.,.F.,.F.,
(2,2),(2.,60.),.UNSPECIFIED.);
#984=B_SPLINE_CURVE_WITH_KNOTS('',1,(#1966,#1967),.UNSPECIFIED.,.F.,.F.,
(2,2),(2.,60.),.UNSPECIFIED.);
#985=B_SPLINE_CURVE_WITH_KNOTS('',1,(#1968,#1969),.UNSPECIFIED.,.F.,.F.,
(2,2),(2.,60.),.UNSPECIFIED.);
#986=B_SPLINE_CURVE_WITH_KNOTS('',1,(#1970,#1971),.UNSPECIFIED.,.F.,.F.,
(2,2),(2.,60.),.UNSPECIFIED.);
#987=B_SPLINE_CURVE_WITH_KNOTS('',1,(#1972,#1973),.UNSPECIFIED.,.F.,.F.,
(2,2),(-60.,0.),.UNSPECIFIED.);
#988=B_SPLINE_CURVE_WITH_KNOTS('',1,(#1974,#1975),.UNSPECIFIED.,.F.,.F.,
(2,2),(-122.,-62.),.UNSPECIFIED.);
#989=B_SPLINE_CURVE_WITH_KNOTS('',1,(#1976,#1977),.UNSPECIFIED.,.F.,.F.,
(2,2),(-60.,0.),.UNSPECIFIED.);
#990=B_SPLINE_CURVE_WITH_KNOTS('',1,(#1978,#1979),.UNSPECIFIED.,.F.,.F.,
(2,2),(-122.,-62.),.UNSPECIFIED.);
#991=B_SPLINE_CURVE_WITH_KNOTS('',1,(#1980,#1981),.UNSPECIFIED.,.F.,.F.,
(2,2),(-61.,-2.),.UNSPECIFIED.);
#992=B_SPLINE_CURVE_WITH_KNOTS('',1,(#1982,#1983),.UNSPECIFIED.,.F.,.F.,
(2,2),(-342.,-302.5),.UNSPECIFIED.);
#993=B_SPLINE_CURVE_WITH_KNOTS('',1,(#1984,#1985),.UNSPECIFIED.,.F.,.F.,
(2,2),(-300.5,-102.518033659046),.UNSPECIFIED.);
#994=B_SPLINE_CURVE_WITH_KNOTS('',1,(#1986,#1987),.UNSPECIFIED.,.F.,.F.,
(2,2),(-100.518033659046,-61.),.UNSPECIFIED.);
#995=B_SPLINE_CURVE_WITH_KNOTS('',1,(#1988,#1989),.UNSPECIFIED.,.F.,.F.,
(2,2),(-401.,-342.),.UNSPECIFIED.);
#996=B_SPLINE_CURVE_WITH_KNOTS('',1,(#1990,#1991),.UNSPECIFIED.,.F.,.F.,
(2,2),(-682.,-642.481966340954),.UNSPECIFIED.);
#997=B_SPLINE_CURVE_WITH_KNOTS('',1,(#1992,#1993),.UNSPECIFIED.,.F.,.F.,
(2,2),(-640.481966340954,-442.5),.UNSPECIFIED.);
#998=B_SPLINE_CURVE_WITH_KNOTS('',1,(#1994,#1995),.UNSPECIFIED.,.F.,.F.,
(2,2),(-440.5,-401.),.UNSPECIFIED.);
#999=B_SPLINE_CURVE_WITH_KNOTS('',1,(#1996,#1997),.UNSPECIFIED.,.F.,.F.,
(2,2),(2.,55.),.UNSPECIFIED.);
#1000=B_SPLINE_CURVE_WITH_KNOTS('',1,(#1998,#1999),.UNSPECIFIED.,.F.,.F.,
(2,2),(2.,55.),.UNSPECIFIED.);
#1001=B_SPLINE_CURVE_WITH_KNOTS('',1,(#2000,#2001),.UNSPECIFIED.,.F.,.F.,
(2,2),(2.,55.),.UNSPECIFIED.);
#1002=B_SPLINE_CURVE_WITH_KNOTS('',1,(#2002,#2003),.UNSPECIFIED.,.F.,.F.,
(2,2),(2.,55.),.UNSPECIFIED.);
#1003=B_SPLINE_CURVE_WITH_KNOTS('',1,(#2004,#2005),.UNSPECIFIED.,.F.,.F.,
(2,2),(2.,55.),.UNSPECIFIED.);
#1004=B_SPLINE_CURVE_WITH_KNOTS('',1,(#2006,#2007),.UNSPECIFIED.,.F.,.F.,
(2,2),(2.,55.),.UNSPECIFIED.);
#1005=B_SPLINE_CURVE_WITH_KNOTS('',1,(#2008,#2009),.UNSPECIFIED.,.F.,.F.,
(2,2),(2.,55.),.UNSPECIFIED.);
#1006=B_SPLINE_CURVE_WITH_KNOTS('',1,(#2010,#2011),.UNSPECIFIED.,.F.,.F.,
(2,2),(2.,55.),.UNSPECIFIED.);
#1007=B_SPLINE_CURVE_WITH_KNOTS('',1,(#2012,#2013),.UNSPECIFIED.,.F.,.F.,
(2,2),(2.,60.),.UNSPECIFIED.);
#1008=B_SPLINE_CURVE_WITH_KNOTS('',1,(#2014,#2015),.UNSPECIFIED.,.F.,.F.,
(2,2),(2.,60.),.UNSPECIFIED.);
#1009=B_SPLINE_CURVE_WITH_KNOTS('',1,(#2016,#2017),.UNSPECIFIED.,.F.,.F.,
(2,2),(2.,60.),.UNSPECIFIED.);
#1010=B_SPLINE_CURVE_WITH_KNOTS('',1,(#2018,#2019),.UNSPECIFIED.,.F.,.F.,
(2,2),(2.,60.),.UNSPECIFIED.);
#1011=B_SPLINE_CURVE_WITH_KNOTS('',1,(#2044,#2045),.UNSPECIFIED.,.F.,.F.,
(2,2),(0.,5.),.UNSPECIFIED.);
#1012=B_SPLINE_CURVE_WITH_KNOTS('',1,(#2046,#2047),.UNSPECIFIED.,.F.,.F.,
(2,2),(0.,10.),.UNSPECIFIED.);
#1013=B_SPLINE_CURVE_WITH_KNOTS('',1,(#2048,#2049),.UNSPECIFIED.,.F.,.F.,
(2,2),(0.,5.),.UNSPECIFIED.);
#1014=B_SPLINE_CURVE_WITH_KNOTS('',1,(#2050,#2051),.UNSPECIFIED.,.F.,.F.,
(2,2),(0.,7.07106781186559),.UNSPECIFIED.);
#1015=B_SPLINE_CURVE_WITH_KNOTS('',1,(#2052,#2053),.UNSPECIFIED.,.F.,.F.,
(2,2),(10.,15.),.UNSPECIFIED.);
#1016=B_SPLINE_CURVE_WITH_KNOTS('',1,(#2054,#2055),.UNSPECIFIED.,.F.,.F.,
(2,2),(-7.07106781186559,0.),.UNSPECIFIED.);
#1017=B_SPLINE_CURVE_WITH_KNOTS('',1,(#2056,#2057),.UNSPECIFIED.,.F.,.F.,
(2,2),(0.,10.),.UNSPECIFIED.);
#1018=B_SPLINE_CURVE_WITH_KNOTS('',1,(#2058,#2059),.UNSPECIFIED.,.F.,.F.,
(2,2),(35.,40.),.UNSPECIFIED.);
#1019=B_SPLINE_CURVE_WITH_KNOTS('',1,(#2060,#2061),.UNSPECIFIED.,.F.,.F.,
(2,2),(10.,20.),.UNSPECIFIED.);
#1020=B_SPLINE_CURVE_WITH_KNOTS('',1,(#2062,#2063),.UNSPECIFIED.,.F.,.F.,
(2,2),(20.,30.),.UNSPECIFIED.);
#1021=B_SPLINE_CURVE_WITH_KNOTS('',1,(#2064,#2065),.UNSPECIFIED.,.F.,.F.,
(2,2),(30.,40.),.UNSPECIFIED.);
#1022=B_SPLINE_CURVE_WITH_KNOTS('',1,(#2066,#2067),.UNSPECIFIED.,.F.,.F.,
(2,2),(99.,178.),.UNSPECIFIED.);
#1023=B_SPLINE_CURVE_WITH_KNOTS('',1,(#2068,#2069),.UNSPECIFIED.,.F.,.F.,
(2,2),(0.,5.),.UNSPECIFIED.);
#1024=B_SPLINE_CURVE_WITH_KNOTS('',1,(#2070,#2071),.UNSPECIFIED.,.F.,.F.,
(2,2),(0.,10.),.UNSPECIFIED.);
#1025=B_SPLINE_CURVE_WITH_KNOTS('',1,(#2072,#2073),.UNSPECIFIED.,.F.,.F.,
(2,2),(0.,5.),.UNSPECIFIED.);
#1026=B_SPLINE_CURVE_WITH_KNOTS('',1,(#2074,#2075),.UNSPECIFIED.,.F.,.F.,
(2,2),(0.,7.07106781186559),.UNSPECIFIED.);
#1027=B_SPLINE_CURVE_WITH_KNOTS('',1,(#2076,#2077),.UNSPECIFIED.,.F.,.F.,
(2,2),(10.,15.),.UNSPECIFIED.);
#1028=B_SPLINE_CURVE_WITH_KNOTS('',1,(#2078,#2079),.UNSPECIFIED.,.F.,.F.,
(2,2),(-7.07106781186559,0.),.UNSPECIFIED.);
#1029=B_SPLINE_CURVE_WITH_KNOTS('',1,(#2080,#2081),.UNSPECIFIED.,.F.,.F.,
(2,2),(0.,10.),.UNSPECIFIED.);
#1030=B_SPLINE_CURVE_WITH_KNOTS('',1,(#2082,#2083),.UNSPECIFIED.,.F.,.F.,
(2,2),(35.,40.),.UNSPECIFIED.);
#1031=B_SPLINE_CURVE_WITH_KNOTS('',1,(#2084,#2085),.UNSPECIFIED.,.F.,.F.,
(2,2),(10.,20.),.UNSPECIFIED.);
#1032=B_SPLINE_CURVE_WITH_KNOTS('',1,(#2086,#2087),.UNSPECIFIED.,.F.,.F.,
(2,2),(20.,30.),.UNSPECIFIED.);
#1033=B_SPLINE_CURVE_WITH_KNOTS('',1,(#2088,#2089),.UNSPECIFIED.,.F.,.F.,
(2,2),(30.,40.),.UNSPECIFIED.);
#1034=B_SPLINE_CURVE_WITH_KNOTS('',1,(#2090,#2091),.UNSPECIFIED.,.F.,.F.,
(2,2),(99.,178.),.UNSPECIFIED.);
#1035=B_SPLINE_CURVE_WITH_KNOTS('',1,(#2092,#2093),.UNSPECIFIED.,.F.,.F.,
(2,2),(0.,10.),.UNSPECIFIED.);
#1036=B_SPLINE_CURVE_WITH_KNOTS('',1,(#2094,#2095),.UNSPECIFIED.,.F.,.F.,
(2,2),(0.,5.),.UNSPECIFIED.);
#1037=B_SPLINE_CURVE_WITH_KNOTS('',1,(#2096,#2097),.UNSPECIFIED.,.F.,.F.,
(2,2),(0.,7.07106781186559),.UNSPECIFIED.);
#1038=B_SPLINE_CURVE_WITH_KNOTS('',1,(#2098,#2099),.UNSPECIFIED.,.F.,.F.,
(2,2),(10.,15.),.UNSPECIFIED.);
#1039=B_SPLINE_CURVE_WITH_KNOTS('',1,(#2100,#2101),.UNSPECIFIED.,.F.,.F.,
(2,2),(-7.07106781186559,0.),.UNSPECIFIED.);
#1040=B_SPLINE_CURVE_WITH_KNOTS('',1,(#2102,#2103),.UNSPECIFIED.,.F.,.F.,
(2,2),(0.,10.),.UNSPECIFIED.);
#1041=B_SPLINE_CURVE_WITH_KNOTS('',1,(#2104,#2105),.UNSPECIFIED.,.F.,.F.,
(2,2),(35.,40.),.UNSPECIFIED.);
#1042=B_SPLINE_CURVE_WITH_KNOTS('',1,(#2106,#2107),.UNSPECIFIED.,.F.,.F.,
(2,2),(20.,30.),.UNSPECIFIED.);
#1043=B_SPLINE_CURVE_WITH_KNOTS('',1,(#2108,#2109),.UNSPECIFIED.,.F.,.F.,
(2,2),(30.,40.),.UNSPECIFIED.);
#1044=B_SPLINE_CURVE_WITH_KNOTS('',1,(#2110,#2111),.UNSPECIFIED.,.F.,.F.,
(2,2),(10.,50.),.UNSPECIFIED.);
#1045=B_SPLINE_CURVE_WITH_KNOTS('',1,(#2112,#2113),.UNSPECIFIED.,.F.,.F.,
(2,2),(10.,89.),.UNSPECIFIED.);
#1046=B_SPLINE_CURVE_WITH_KNOTS('',1,(#2114,#2115),.UNSPECIFIED.,.F.,.F.,
(2,2),(10.,50.),.UNSPECIFIED.);
#1047=B_SPLINE_CURVE_WITH_KNOTS('',1,(#2116,#2117),.UNSPECIFIED.,.F.,.F.,
(2,2),(10.,89.),.UNSPECIFIED.);
#1048=B_SPLINE_CURVE_WITH_KNOTS('',1,(#2118,#2119),.UNSPECIFIED.,.F.,.F.,
(2,2),(0.,294.),.UNSPECIFIED.);
#1049=B_SPLINE_CURVE_WITH_KNOTS('',1,(#2120,#2121),.UNSPECIFIED.,.F.,.F.,
(2,2),(0.,294.),.UNSPECIFIED.);
#1050=B_SPLINE_CURVE_WITH_KNOTS('',1,(#2122,#2123),.UNSPECIFIED.,.F.,.F.,
(2,2),(0.,294.),.UNSPECIFIED.);
#1051=B_SPLINE_CURVE_WITH_KNOTS('',1,(#2124,#2125),.UNSPECIFIED.,.F.,.F.,
(2,2),(0.,294.),.UNSPECIFIED.);
#1052=VERTEX_POINT('',#1610);
#1053=VERTEX_POINT('',#1611);
#1054=VERTEX_POINT('',#1612);
#1055=VERTEX_POINT('',#1613);
#1056=VERTEX_POINT('',#1614);
#1057=VERTEX_POINT('',#1615);
#1058=VERTEX_POINT('',#1616);
#1059=VERTEX_POINT('',#1617);
#1060=VERTEX_POINT('',#1618);
#1061=VERTEX_POINT('',#1619);
#1062=VERTEX_POINT('',#1620);
#1063=VERTEX_POINT('',#1621);
#1064=VERTEX_POINT('',#1622);
#1065=VERTEX_POINT('',#1623);
#1066=VERTEX_POINT('',#1624);
#1067=VERTEX_POINT('',#1625);
#1068=VERTEX_POINT('',#1626);
#1069=VERTEX_POINT('',#1627);
#1070=VERTEX_POINT('',#1628);
#1071=VERTEX_POINT('',#1629);
#1072=VERTEX_POINT('',#1630);
#1073=VERTEX_POINT('',#1631);
#1074=VERTEX_POINT('',#1632);
#1075=VERTEX_POINT('',#1633);
#1076=VERTEX_POINT('',#1634);
#1077=VERTEX_POINT('',#1635);
#1078=VERTEX_POINT('',#1636);
#1079=VERTEX_POINT('',#1637);
#1080=VERTEX_POINT('',#1638);
#1081=VERTEX_POINT('',#1639);
#1082=VERTEX_POINT('',#1640);
#1083=VERTEX_POINT('',#1641);
#1084=VERTEX_POINT('',#1642);
#1085=VERTEX_POINT('',#1643);
#1086=VERTEX_POINT('',#1644);
#1087=VERTEX_POINT('',#1645);
#1088=VERTEX_POINT('',#1646);
#1089=VERTEX_POINT('',#1647);
#1090=VERTEX_POINT('',#1648);
#1091=VERTEX_POINT('',#1649);
#1092=VERTEX_POINT('',#1650);
#1093=VERTEX_POINT('',#1651);
#1094=VERTEX_POINT('',#1652);
#1095=VERTEX_POINT('',#1653);
#1096=VERTEX_POINT('',#1654);
#1097=VERTEX_POINT('',#1655);
#1098=VERTEX_POINT('',#1656);
#1099=VERTEX_POINT('',#1657);
#1100=VERTEX_POINT('',#1658);
#1101=VERTEX_POINT('',#1659);
#1102=VERTEX_POINT('',#1660);
#1103=VERTEX_POINT('',#1661);
#1104=VERTEX_POINT('',#1662);
#1105=VERTEX_POINT('',#1663);
#1106=VERTEX_POINT('',#1664);
#1107=VERTEX_POINT('',#1665);
#1108=VERTEX_POINT('',#1666);
#1109=VERTEX_POINT('',#1667);
#1110=VERTEX_POINT('',#1668);
#1111=VERTEX_POINT('',#1669);
#1112=VERTEX_POINT('',#1670);
#1113=VERTEX_POINT('',#1671);
#1114=VERTEX_POINT('',#1672);
#1115=VERTEX_POINT('',#1673);
#1116=VERTEX_POINT('',#1674);
#1117=VERTEX_POINT('',#1675);
#1118=VERTEX_POINT('',#1676);
#1119=VERTEX_POINT('',#1677);
#1120=VERTEX_POINT('',#1678);
#1121=VERTEX_POINT('',#1679);
#1122=VERTEX_POINT('',#1680);
#1123=VERTEX_POINT('',#1681);
#1124=VERTEX_POINT('',#1682);
#1125=VERTEX_POINT('',#1683);
#1126=VERTEX_POINT('',#1684);
#1127=VERTEX_POINT('',#1685);
#1128=VERTEX_POINT('',#1686);
#1129=VERTEX_POINT('',#1687);
#1130=VERTEX_POINT('',#1688);
#1131=VERTEX_POINT('',#1689);
#1132=VERTEX_POINT('',#1690);
#1133=VERTEX_POINT('',#1691);
#1134=VERTEX_POINT('',#1692);
#1135=VERTEX_POINT('',#1693);
#1136=VERTEX_POINT('',#1694);
#1137=VERTEX_POINT('',#1695);
#1138=VERTEX_POINT('',#1696);
#1139=VERTEX_POINT('',#1697);
#1140=VERTEX_POINT('',#1698);
#1141=VERTEX_POINT('',#1699);
#1142=VERTEX_POINT('',#1700);
#1143=VERTEX_POINT('',#1701);
#1144=VERTEX_POINT('',#1702);
#1145=VERTEX_POINT('',#1703);
#1146=VERTEX_POINT('',#1704);
#1147=VERTEX_POINT('',#1705);
#1148=VERTEX_POINT('',#1706);
#1149=VERTEX_POINT('',#1707);
#1150=VERTEX_POINT('',#1708);
#1151=VERTEX_POINT('',#1709);
#1152=VERTEX_POINT('',#1710);
#1153=VERTEX_POINT('',#1711);
#1154=VERTEX_POINT('',#1712);
#1155=VERTEX_POINT('',#1713);
#1156=VERTEX_POINT('',#1714);
#1157=VERTEX_POINT('',#1715);
#1158=VERTEX_POINT('',#1716);
#1159=VERTEX_POINT('',#1717);
#1160=VERTEX_POINT('',#1718);
#1161=VERTEX_POINT('',#1719);
#1162=VERTEX_POINT('',#1720);
#1163=VERTEX_POINT('',#1721);
#1164=VERTEX_POINT('',#1722);
#1165=VERTEX_POINT('',#1723);
#1166=VERTEX_POINT('',#1724);
#1167=VERTEX_POINT('',#1725);
#1168=VERTEX_POINT('',#1726);
#1169=VERTEX_POINT('',#1727);
#1170=VERTEX_POINT('',#1728);
#1171=VERTEX_POINT('',#1729);
#1172=VERTEX_POINT('',#1730);
#1173=VERTEX_POINT('',#1731);
#1174=VERTEX_POINT('',#1732);
#1175=VERTEX_POINT('',#1733);
#1176=VERTEX_POINT('',#1734);
#1177=VERTEX_POINT('',#1735);
#1178=VERTEX_POINT('',#1736);
#1179=VERTEX_POINT('',#1737);
#1180=VERTEX_POINT('',#1738);
#1181=VERTEX_POINT('',#1739);
#1182=VERTEX_POINT('',#1740);
#1183=VERTEX_POINT('',#1741);
#1184=CYLINDRICAL_SURFACE('',#1395,0.399999999999999);
#1185=CYLINDRICAL_SURFACE('',#1397,0.400000000000006);
#1186=CYLINDRICAL_SURFACE('',#1399,0.400000000000006);
#1187=CYLINDRICAL_SURFACE('',#1417,0.400000000000002);
#1188=CYLINDRICAL_SURFACE('',#1418,0.400000000000006);
#1189=CYLINDRICAL_SURFACE('',#1419,0.400000000000006);
#1190=PLANE('',#1346);
#1191=PLANE('',#1347);
#1192=PLANE('',#1348);
#1193=PLANE('',#1349);
#1194=PLANE('',#1350);
#1195=PLANE('',#1351);
#1196=PLANE('',#1352);
#1197=PLANE('',#1353);
#1198=PLANE('',#1354);
#1199=PLANE('',#1355);
#1200=PLANE('',#1356);
#1201=PLANE('',#1357);
#1202=PLANE('',#1358);
#1203=PLANE('',#1359);
#1204=PLANE('',#1360);
#1205=PLANE('',#1361);
#1206=PLANE('',#1362);
#1207=PLANE('',#1363);
#1208=PLANE('',#1364);
#1209=PLANE('',#1365);
#1210=PLANE('',#1366);
#1211=PLANE('',#1367);
#1212=PLANE('',#1368);
#1213=PLANE('',#1369);
#1214=PLANE('',#1370);
#1215=PLANE('',#1371);
#1216=PLANE('',#1372);
#1217=PLANE('',#1373);
#1218=PLANE('',#1374);
#1219=PLANE('',#1375);
#1220=PLANE('',#1376);
#1221=PLANE('',#1377);
#1222=PLANE('',#1378);
#1223=PLANE('',#1379);
#1224=PLANE('',#1380);
#1225=PLANE('',#1381);
#1226=PLANE('',#1382);
#1227=PLANE('',#1383);
#1228=PLANE('',#1384);
#1229=PLANE('',#1385);
#1230=PLANE('',#1386);
#1231=PLANE('',#1387);
#1232=PLANE('',#1388);
#1233=PLANE('',#1389);
#1234=PLANE('',#1390);
#1235=PLANE('',#1391);
#1236=PLANE('',#1392);
#1237=PLANE('',#1393);
#1238=PLANE('',#1394);
#1239=PLANE('',#1396);
#1240=PLANE('',#1398);
#1241=PLANE('',#1400);
#1242=PLANE('',#1401);
#1243=PLANE('',#1402);
#1244=PLANE('',#1403);
#1245=PLANE('',#1404);
#1246=PLANE('',#1405);
#1247=PLANE('',#1406);
#1248=PLANE('',#1407);
#1249=PLANE('',#1408);
#1250=PLANE('',#1409);
#1251=PLANE('',#1410);
#1252=PLANE('',#1411);
#1253=PLANE('',#1412);
#1254=PLANE('',#1413);
#1255=PLANE('',#1414);
#1256=PLANE('',#1415);
#1257=PLANE('',#1416);
#1258=SHAPE_DEFINITION_REPRESENTATION(#1259,#1344);
#1259=PRODUCT_DEFINITION_SHAPE($,$,#1261);
#1260=PRODUCT_DEFINITION_CONTEXT('3D Mechanical Parts',#1333,'design');
#1261=PRODUCT_DEFINITION('A','First version',#1303,#1260);
#1262=DATE_TIME_ROLE('classification_date');
#1263=DATE_TIME_ROLE('creation_date');
#1264=APPLIED_DATE_AND_TIME_ASSIGNMENT(#1288,#1262,(#1267));
#1265=APPLIED_DATE_AND_TIME_ASSIGNMENT(#1290,#1263,(#1261));
#1266=SECURITY_CLASSIFICATION_LEVEL('unclassified');
#1267=SECURITY_CLASSIFICATION('A','Security for version',#1266);
#1268=APPLIED_SECURITY_CLASSIFICATION_ASSIGNMENT(#1267,(#1303));
#1269=APPROVAL_ROLE('Version approval');
#1270=APPROVAL_ROLE('Version Security approval');
#1271=APPROVAL_ROLE('Definition approval');
#1272=APPROVAL_PERSON_ORGANIZATION(#1321,#1297,#1269);
#1273=APPROVAL_PERSON_ORGANIZATION(#1322,#1298,#1270);
#1274=APPROVAL_PERSON_ORGANIZATION(#1325,#1299,#1271);
#1275=COORDINATED_UNIVERSAL_TIME_OFFSET(5,0,.BEHIND.);
#1276=LOCAL_TIME(0,0,0.,#1275);
#1277=LOCAL_TIME(0,0,0.,#1275);
#1278=LOCAL_TIME(0,0,0.,#1275);
#1279=LOCAL_TIME(0,0,0.,#1275);
#1280=LOCAL_TIME(0,0,0.,#1275);
#1281=CALENDAR_DATE(1999,1,1);
#1282=CALENDAR_DATE(1999,1,1);
#1283=CALENDAR_DATE(1999,1,1);
#1284=CALENDAR_DATE(1999,1,1);
#1285=CALENDAR_DATE(1999,1,1);
#1286=DATE_AND_TIME(#1281,#1276);
#1287=DATE_AND_TIME(#1282,#1277);
#1288=DATE_AND_TIME(#1283,#1278);
#1289=DATE_AND_TIME(#1284,#1279);
#1290=DATE_AND_TIME(#1285,#1280);
#1291=APPROVAL_DATE_TIME(#1286,#1297);
#1292=APPROVAL_DATE_TIME(#1287,#1298);
#1293=APPROVAL_DATE_TIME(#1289,#1299);
#1294=APPROVAL_STATUS('not_yet_approved');
#1295=APPROVAL_STATUS('not_yet_approved');
#1296=APPROVAL_STATUS('approved');
#1297=APPROVAL(#1294,'Version approval');
#1298=APPROVAL(#1295,'Version Security approval');
#1299=APPROVAL(#1296,'Definition approval');
#1300=APPLIED_APPROVAL_ASSIGNMENT(#1297,(#1303));
#1301=APPLIED_APPROVAL_ASSIGNMENT(#1298,(#1267));
#1302=APPLIED_APPROVAL_ASSIGNMENT(#1299,(#1261));
#1303=PRODUCT_DEFINITION_FORMATION_WITH_SPECIFIED_SOURCE('A',
'First version',#1335,.MADE.);
#1304=PERSON_AND_ORGANIZATION_ROLE('design_owner');
#1305=PERSON_AND_ORGANIZATION_ROLE('creator');
#1306=PERSON_AND_ORGANIZATION_ROLE('design_supplier');
#1307=PERSON_AND_ORGANIZATION_ROLE('classification_officer');
#1308=PERSON_AND_ORGANIZATION_ROLE('creator');
#1309=ORGANIZATION('STI','lab','lab');
#1310=ORGANIZATION('STI','unknown','unknown');
#1311=ORGANIZATION('STI','unknown','unknown');
#1312=ORGANIZATION('STI','unknown','unknown');
#1313=ORGANIZATION('STI','unknown','unknown');
#1314=ORGANIZATION('STI','unknown','unknown');
#1315=ORGANIZATION('STI','unknown','unknown');
#1316=PERSON('1','Box','vc60',$,$,$);
#1317=PERSON('2','last','first',$,$,$);
#1318=PERSON('3','President','Mr.',$,$,$);
#1319=PERSON_AND_ORGANIZATION(#1316,#1309);
#1320=PERSON_AND_ORGANIZATION(#1317,#1310);
#1321=PERSON_AND_ORGANIZATION(#1318,#1311);
#1322=PERSON_AND_ORGANIZATION(#1318,#1312);
#1323=PERSON_AND_ORGANIZATION(#1318,#1313);
#1324=PERSON_AND_ORGANIZATION(#1317,#1314);
#1325=PERSON_AND_ORGANIZATION(#1318,#1315);
#1326=APPLIED_PERSON_AND_ORGANIZATION_ASSIGNMENT(#1319,#1304,(#1335));
#1327=APPLIED_PERSON_AND_ORGANIZATION_ASSIGNMENT(#1320,#1305,(#1303));
#1328=APPLIED_PERSON_AND_ORGANIZATION_ASSIGNMENT(#1320,#1306,(#1303));
#1329=APPLIED_PERSON_AND_ORGANIZATION_ASSIGNMENT(#1323,#1307,(#1267));
#1330=APPLIED_PERSON_AND_ORGANIZATION_ASSIGNMENT(#1324,#1308,(#1261));
#1331=PRODUCT_RELATED_PRODUCT_CATEGORY('detail','detail',(#1335));
#1332=APPLICATION_PROTOCOL_DEFINITION('International Standard',
'config_control_design',1994,#1333);
#1333=APPLICATION_CONTEXT(
'configuration controlled 3d designs of mechanical parts and assemblie
s');
#1334=PRODUCT_CONTEXT('3D Mechanical Parts',#1333,'mechanical');
#1335=PRODUCT('Document','Document','',(#1334));
#1336=(
LENGTH_UNIT()
NAMED_UNIT(*)
SI_UNIT(.MILLI.,.METRE.)
);
#1337=(
NAMED_UNIT(*)
PLANE_ANGLE_UNIT()
SI_UNIT($,.RADIAN.)
);
#1338=DIMENSIONAL_EXPONENTS(0.,0.,0.,0.,0.,0.,0.);
#1339=PLANE_ANGLE_MEASURE_WITH_UNIT(PLANE_ANGLE_MEASURE(0.01745329252),
#1337);
#1340=(
CONVERSION_BASED_UNIT('DEGREES',#1339)
NAMED_UNIT(#1338)
PLANE_ANGLE_UNIT()
);
#1341=(
NAMED_UNIT(*)
SI_UNIT($,.STERADIAN.)
SOLID_ANGLE_UNIT()
);
#1342=UNCERTAINTY_MEASURE_WITH_UNIT(LENGTH_MEASURE(0.001),#1336,
'DISTANCE_ACCURACY_VALUE',
'Maximum model space distance between geometric entities at asserted c
onnectivities');
#1343=(
GEOMETRIC_REPRESENTATION_CONTEXT(3)
GLOBAL_UNCERTAINTY_ASSIGNED_CONTEXT((#1342))
GLOBAL_UNIT_ASSIGNED_CONTEXT((#1341,#1340,#1336))
REPRESENTATION_CONTEXT('ID1','3D')
);
#1344=SHAPE_REPRESENTATION('Document',(#1345,#1432),#1343);
#1345=AXIS2_PLACEMENT_3D($,#1535,#1433,#1434);
#1346=AXIS2_PLACEMENT_3D('',#1536,#1435,$);
#1347=AXIS2_PLACEMENT_3D('',#1537,#1436,$);
#1348=AXIS2_PLACEMENT_3D('',#1538,#1437,$);
#1349=AXIS2_PLACEMENT_3D('',#1539,#1438,$);
#1350=AXIS2_PLACEMENT_3D('',#1540,#1439,$);
#1351=AXIS2_PLACEMENT_3D('',#1541,#1440,$);
#1352=AXIS2_PLACEMENT_3D('',#1542,#1441,$);
#1353=AXIS2_PLACEMENT_3D('',#1543,#1442,$);
#1354=AXIS2_PLACEMENT_3D('',#1544,#1443,$);
#1355=AXIS2_PLACEMENT_3D('',#1545,#1444,$);
#1356=AXIS2_PLACEMENT_3D('',#1546,#1445,$);
#1357=AXIS2_PLACEMENT_3D('',#1547,#1446,$);
#1358=AXIS2_PLACEMENT_3D('',#1548,#1447,$);
#1359=AXIS2_PLACEMENT_3D('',#1549,#1448,$);
#1360=AXIS2_PLACEMENT_3D('',#1550,#1449,$);
#1361=AXIS2_PLACEMENT_3D('',#1551,#1450,$);
#1362=AXIS2_PLACEMENT_3D('',#1552,#1451,$);
#1363=AXIS2_PLACEMENT_3D('',#1553,#1452,$);
#1364=AXIS2_PLACEMENT_3D('',#1554,#1453,$);
#1365=AXIS2_PLACEMENT_3D('',#1555,#1454,$);
#1366=AXIS2_PLACEMENT_3D('',#1556,#1455,$);
#1367=AXIS2_PLACEMENT_3D('',#1557,#1456,$);
#1368=AXIS2_PLACEMENT_3D('',#1558,#1457,$);
#1369=AXIS2_PLACEMENT_3D('',#1559,#1458,$);
#1370=AXIS2_PLACEMENT_3D('',#1560,#1459,$);
#1371=AXIS2_PLACEMENT_3D('',#1561,#1460,$);
#1372=AXIS2_PLACEMENT_3D('',#1562,#1461,$);
#1373=AXIS2_PLACEMENT_3D('',#1563,#1462,$);
#1374=AXIS2_PLACEMENT_3D('',#1564,#1463,$);
#1375=AXIS2_PLACEMENT_3D('',#1565,#1464,$);
#1376=AXIS2_PLACEMENT_3D('',#1566,#1465,$);
#1377=AXIS2_PLACEMENT_3D('',#1567,#1466,$);
#1378=AXIS2_PLACEMENT_3D('',#1568,#1467,$);
#1379=AXIS2_PLACEMENT_3D('',#1569,#1468,$);
#1380=AXIS2_PLACEMENT_3D('',#1570,#1469,$);
#1381=AXIS2_PLACEMENT_3D('',#1571,#1470,$);
#1382=AXIS2_PLACEMENT_3D('',#1572,#1471,$);
#1383=AXIS2_PLACEMENT_3D('',#1573,#1472,$);
#1384=AXIS2_PLACEMENT_3D('',#1574,#1473,$);
#1385=AXIS2_PLACEMENT_3D('',#1575,#1474,$);
#1386=AXIS2_PLACEMENT_3D('',#1576,#1475,$);
#1387=AXIS2_PLACEMENT_3D('',#1577,#1476,$);
#1388=AXIS2_PLACEMENT_3D('',#1578,#1477,$);
#1389=AXIS2_PLACEMENT_3D('',#1579,#1478,$);
#1390=AXIS2_PLACEMENT_3D('',#1580,#1479,$);
#1391=AXIS2_PLACEMENT_3D('',#1581,#1480,$);
#1392=AXIS2_PLACEMENT_3D('',#1582,#1481,$);
#1393=AXIS2_PLACEMENT_3D('',#1583,#1482,$);
#1394=AXIS2_PLACEMENT_3D('',#1584,#1483,$);
#1395=AXIS2_PLACEMENT_3D('',#1585,#1484,$);
#1396=AXIS2_PLACEMENT_3D('',#1586,#1485,$);
#1397=AXIS2_PLACEMENT_3D('',#1587,#1486,$);
#1398=AXIS2_PLACEMENT_3D('',#1588,#1487,$);
#1399=AXIS2_PLACEMENT_3D('',#1589,#1488,$);
#1400=AXIS2_PLACEMENT_3D('',#1590,#1489,$);
#1401=AXIS2_PLACEMENT_3D('',#1591,#1490,$);
#1402=AXIS2_PLACEMENT_3D('',#1592,#1491,$);
#1403=AXIS2_PLACEMENT_3D('',#1593,#1492,$);
#1404=AXIS2_PLACEMENT_3D('',#1594,#1493,$);
#1405=AXIS2_PLACEMENT_3D('',#1595,#1494,$);
#1406=AXIS2_PLACEMENT_3D('',#1596,#1495,$);
#1407=AXIS2_PLACEMENT_3D('',#1597,#1496,$);
#1408=AXIS2_PLACEMENT_3D('',#1598,#1497,$);
#1409=AXIS2_PLACEMENT_3D('',#1599,#1498,$);
#1410=AXIS2_PLACEMENT_3D('',#1600,#1499,$);
#1411=AXIS2_PLACEMENT_3D('',#1601,#1500,$);
#1412=AXIS2_PLACEMENT_3D('',#1602,#1501,$);
#1413=AXIS2_PLACEMENT_3D('',#1603,#1502,$);
#1414=AXIS2_PLACEMENT_3D('',#1604,#1503,$);
#1415=AXIS2_PLACEMENT_3D('',#1605,#1504,$);
#1416=AXIS2_PLACEMENT_3D('',#1606,#1505,$);
#1417=AXIS2_PLACEMENT_3D('',#1607,#1506,$);
#1418=AXIS2_PLACEMENT_3D('',#1608,#1507,$);
#1419=AXIS2_PLACEMENT_3D('',#1609,#1508,$);
#1420=AXIS2_PLACEMENT_3D($,#2020,#1509,#1510);
#1421=AXIS2_PLACEMENT_3D($,#2025,#1511,#1512);
#1422=AXIS2_PLACEMENT_3D($,#2028,#1513,#1514);
#1423=AXIS2_PLACEMENT_3D($,#2033,#1515,#1516);
#1424=AXIS2_PLACEMENT_3D($,#2036,#1517,#1518);
#1425=AXIS2_PLACEMENT_3D($,#2041,#1519,#1520);
#1426=AXIS2_PLACEMENT_3D($,#2128,#1521,#1522);
#1427=AXIS2_PLACEMENT_3D($,#2131,#1523,#1524);
#1428=AXIS2_PLACEMENT_3D($,#2136,#1525,#1526);
#1429=AXIS2_PLACEMENT_3D($,#2139,#1527,#1528);
#1430=AXIS2_PLACEMENT_3D($,#2144,#1529,#1530);
#1431=AXIS2_PLACEMENT_3D($,#2147,#1531,#1532);
#1432=AXIS2_PLACEMENT_3D($,#2150,#1533,#1534);
#1433=DIRECTION('',(0.,0.,1.));
#1434=DIRECTION('',(1.,0.,0.));
#1435=DIRECTION('',(-1.,0.,0.));
#1436=DIRECTION('',(1.80315305801968E-16,-0.707106781186541,-0.707106781186554));
#1437=DIRECTION('',(0.,-1.,0.));
#1438=DIRECTION('',(1.80315305801968E-16,-0.707106781186541,-0.707106781186554));
#1439=DIRECTION('',(1.,0.,0.));
#1440=DIRECTION('',(0.,-1.,0.));
#1441=DIRECTION('',(1.,0.,0.));
#1442=DIRECTION('',(-2.13679770548998E-16,-0.707106781186541,0.707106781186554));
#1443=DIRECTION('',(0.,-1.,0.));
#1444=DIRECTION('',(0.,1.,0.));
#1445=DIRECTION('',(0.,0.,1.));
#1446=DIRECTION('',(0.,0.,1.));
#1447=DIRECTION('',(0.,0.,1.));
#1448=DIRECTION('',(0.,0.,1.));
#1449=DIRECTION('',(0.,0.,1.));
#1450=DIRECTION('',(0.,0.,1.));
#1451=DIRECTION('',(0.,0.,1.));
#1452=DIRECTION('',(0.,0.,1.));
#1453=DIRECTION('',(0.,0.,1.));
#1454=DIRECTION('',(0.,-1.,0.));
#1455=DIRECTION('',(0.,1.,0.));
#1456=DIRECTION('',(0.,-1.,0.));
#1457=DIRECTION('',(0.,1.,0.));
#1458=DIRECTION('',(0.,1.,0.));
#1459=DIRECTION('',(-1.,0.,0.));
#1460=DIRECTION('',(0.,-1.,0.));
#1461=DIRECTION('',(1.,0.,0.));
#1462=DIRECTION('',(0.,0.,1.));
#1463=DIRECTION('',(0.,0.,1.));
#1464=DIRECTION('',(0.,0.,1.));
#1465=DIRECTION('',(0.,-1.,0.));
#1466=DIRECTION('',(0.,1.,0.));
#1467=DIRECTION('',(0.,-1.,0.));
#1468=DIRECTION('',(0.,1.,0.));
#1469=DIRECTION('',(0.,1.,0.));
#1470=DIRECTION('',(-1.,0.,0.));
#1471=DIRECTION('',(0.,-1.,0.));
#1472=DIRECTION('',(1.,0.,0.));
#1473=DIRECTION('',(0.,0.,1.));
#1474=DIRECTION('',(0.,0.,1.));
#1475=DIRECTION('',(0.,0.,1.));
#1476=DIRECTION('',(0.,-1.,0.));
#1477=DIRECTION('',(0.,1.,0.));
#1478=DIRECTION('',(0.,-1.,0.));
#1479=DIRECTION('',(0.,1.,0.));
#1480=DIRECTION('',(0.,1.,0.));
#1481=DIRECTION('',(-1.,0.,0.));
#1482=DIRECTION('',(0.,-1.,0.));
#1483=DIRECTION('',(1.,0.,0.));
#1484=DIRECTION('',(0.,-1.,0.));
#1485=DIRECTION('',(0.,1.,0.));
#1486=DIRECTION('',(0.,-1.,0.));
#1487=DIRECTION('',(0.,1.,0.));
#1488=DIRECTION('',(0.,-1.,0.));
#1489=DIRECTION('',(0.,1.,0.));
#1490=DIRECTION('',(-1.,0.,0.));
#1491=DIRECTION('',(1.80315305801968E-16,-0.707106781186541,-0.707106781186554));
#1492=DIRECTION('',(1.,0.,0.));
#1493=DIRECTION('',(0.,-1.,0.));
#1494=DIRECTION('',(1.,0.,0.));
#1495=DIRECTION('',(-2.13679770548998E-16,-0.707106781186541,0.707106781186554));
#1496=DIRECTION('',(-1.,0.,0.));
#1497=DIRECTION('',(0.,-1.,0.));
#1498=DIRECTION('',(2.25946117882457E-16,-0.707106781186541,0.707106781186554));
#1499=DIRECTION('',(-1.,0.,0.));
#1500=DIRECTION('',(0.,-1.,0.));
#1501=DIRECTION('',(0.,-1.,0.));
#1502=DIRECTION('',(-1.,0.,0.));
#1503=DIRECTION('',(1.,0.,0.));
#1504=DIRECTION('',(0.,0.,1.));
#1505=DIRECTION('',(0.,0.,-1.));
#1506=DIRECTION('',(0.,-1.,0.));
#1507=DIRECTION('',(0.,-1.,0.));
#1508=DIRECTION('',(0.,-1.,0.));
#1509=DIRECTION('',(0.,-1.,0.));
#1510=DIRECTION('',(1.,0.,0.));
#1511=DIRECTION('',(0.,-1.,0.));
#1512=DIRECTION('',(1.,0.,0.));
#1513=DIRECTION('',(0.,-1.,0.));
#1514=DIRECTION('',(1.,0.,-3.55271367880045E-14));
#1515=DIRECTION('',(0.,-1.,0.));
#1516=DIRECTION('',(1.,0.,-3.55271367880045E-14));
#1517=DIRECTION('',(0.,-1.,0.));
#1518=DIRECTION('',(1.,0.,3.55271367880045E-14));
#1519=DIRECTION('',(0.,-1.,0.));
#1520=DIRECTION('',(1.,0.,3.55271367880045E-14));
#1521=DIRECTION('',(0.,-1.,0.));
#1522=DIRECTION('',(-1.,0.,-1.77635683940024E-14));
#1523=DIRECTION('',(0.,-1.,0.));
#1524=DIRECTION('',(-1.,0.,-1.77635683940024E-14));
#1525=DIRECTION('',(0.,-1.,0.));
#1526=DIRECTION('',(-1.,0.,3.55271367880045E-14));
#1527=DIRECTION('',(0.,-1.,0.));
#1528=DIRECTION('',(-1.,0.,3.55271367880045E-14));
#1529=DIRECTION('',(0.,-1.,0.));
#1530=DIRECTION('',(-1.,0.,-7.1054273576009E-14));
#1531=DIRECTION('',(0.,-1.,0.));
#1532=DIRECTION('',(-1.,0.,-7.1054273576009E-14));
#1533=DIRECTION('',(0.,0.,1.));
#1534=DIRECTION('',(1.,0.,0.));
#1535=CARTESIAN_POINT('',(0.,0.,0.));
#1536=CARTESIAN_POINT('',(146.5,-144.5,60.));
#1537=CARTESIAN_POINT('',(141.5,-144.5,50.));
#1538=CARTESIAN_POINT('',(156.5,-149.5,60.));
#1539=CARTESIAN_POINT('',(-36.5,-144.5,50.));
#1540=CARTESIAN_POINT('',(-21.5,-144.5,50.));
#1541=CARTESIAN_POINT('',(-21.5,-149.5,60.));
#1542=CARTESIAN_POINT('',(-21.5,-144.5,0.));
#1543=CARTESIAN_POINT('',(-16.5,-144.5,10.));
#1544=CARTESIAN_POINT('',(-31.5,-149.5,0.));
#1545=CARTESIAN_POINT('',(156.5,144.5,0.));
#1546=CARTESIAN_POINT('',(-29.5,-100.981966340954,55.));
#1547=CARTESIAN_POINT('',(32.5,-100.981966340954,55.));
#1548=CARTESIAN_POINT('',(94.5,-100.981966340954,55.));
#1549=CARTESIAN_POINT('',(-29.5,99.,55.));
#1550=CARTESIAN_POINT('',(32.5,99.,55.));
#1551=CARTESIAN_POINT('',(94.5,99.,55.));
#1552=CARTESIAN_POINT('',(93.5,-142.5,2.));
#1553=CARTESIAN_POINT('',(93.5,-142.5,2.));
#1554=CARTESIAN_POINT('',(93.5,-142.5,2.));
#1555=CARTESIAN_POINT('',(94.5,-100.981966340954,0.));
#1556=CARTESIAN_POINT('',(154.5,-98.9819663409541,0.));
#1557=CARTESIAN_POINT('',(94.5,99.,0.));
#1558=CARTESIAN_POINT('',(154.5,101.,0.));
#1559=CARTESIAN_POINT('',(94.5,-140.5,0.));
#1560=CARTESIAN_POINT('',(154.5,-140.5,0.));
#1561=CARTESIAN_POINT('',(154.5,140.5,0.));
#1562=CARTESIAN_POINT('',(94.5,140.5,0.));
#1563=CARTESIAN_POINT('',(31.5,-142.5,2.));
#1564=CARTESIAN_POINT('',(31.5,-142.5,2.));
#1565=CARTESIAN_POINT('',(31.5,-142.5,2.));
#1566=CARTESIAN_POINT('',(32.5,-100.981966340954,0.));
#1567=CARTESIAN_POINT('',(92.5,-98.9819663409541,0.));
#1568=CARTESIAN_POINT('',(32.5,99.,0.));
#1569=CARTESIAN_POINT('',(92.5,101.,0.));
#1570=CARTESIAN_POINT('',(32.5,-140.5,0.));
#1571=CARTESIAN_POINT('',(92.5,-140.5,0.));
#1572=CARTESIAN_POINT('',(92.5,140.5,0.));
#1573=CARTESIAN_POINT('',(32.5,140.5,0.));
#1574=CARTESIAN_POINT('',(-31.5,-142.5,2.));
#1575=CARTESIAN_POINT('',(-31.5,-142.5,2.));
#1576=CARTESIAN_POINT('',(-31.5,-142.5,2.));
#1577=CARTESIAN_POINT('',(-29.5,-100.981966340954,0.));
#1578=CARTESIAN_POINT('',(30.5,-98.9819663409541,0.));
#1579=CARTESIAN_POINT('',(-29.5,99.,0.));
#1580=CARTESIAN_POINT('',(30.5,101.,0.));
#1581=CARTESIAN_POINT('',(-29.5,-140.5,0.));
#1582=CARTESIAN_POINT('',(30.5,-140.5,0.));
#1583=CARTESIAN_POINT('',(30.5,140.5,0.));
#1584=CARTESIAN_POINT('',(-29.5,140.5,0.));
#1585=CARTESIAN_POINT('',(28.9988021819335,-142.,58.9979675898739));
#1586=CARTESIAN_POINT('',(28.4988021819335,-143.5,58.4979675898739));
#1587=CARTESIAN_POINT('',(90.9983135901644,-142.,58.9979675898739));
#1588=CARTESIAN_POINT('',(90.4983135901644,-143.5,58.4979675898739));
#1589=CARTESIAN_POINT('',(153.003896436949,-142.,58.9979675898739));
#1590=CARTESIAN_POINT('',(152.503896436949,-143.5,58.4979675898739));
#1591=CARTESIAN_POINT('',(57.5,-144.5,60.));
#1592=CARTESIAN_POINT('',(52.5,-144.5,50.));
#1593=CARTESIAN_POINT('',(67.5,-144.5,50.));
#1594=CARTESIAN_POINT('',(67.5,-149.5,60.));
#1595=CARTESIAN_POINT('',(67.5,-144.5,0.));
#1596=CARTESIAN_POINT('',(72.5,-144.5,10.));
#1597=CARTESIAN_POINT('',(57.5,-144.5,10.));
#1598=CARTESIAN_POINT('',(57.5,-149.5,0.));
#1599=CARTESIAN_POINT('',(161.5,-144.5,10.));
#1600=CARTESIAN_POINT('',(146.5,-144.5,10.));
#1601=CARTESIAN_POINT('',(146.5,-149.5,0.));
#1602=CARTESIAN_POINT('',(-31.5,-144.5,0.));
#1603=CARTESIAN_POINT('',(-31.5,144.5,60.0000000000001));
#1604=CARTESIAN_POINT('',(156.5,144.5,-1.56066132239729E-13));
#1605=CARTESIAN_POINT('',(156.5,144.5,60.));
#1606=CARTESIAN_POINT('',(-31.5000000000003,144.5,0.));
#1607=CARTESIAN_POINT('',(28.9988021819335,-142.,58.9979675898739));
#1608=CARTESIAN_POINT('',(90.9983135901644,-142.,58.9979675898739));
#1609=CARTESIAN_POINT('',(153.003896436949,-142.,58.9979675898739));
#1610=CARTESIAN_POINT('',(146.5,-144.5,60.));
#1611=CARTESIAN_POINT('',(146.5,-149.5,60.));
#1612=CARTESIAN_POINT('',(156.5,-149.5,60.));
#1613=CARTESIAN_POINT('',(146.5,-144.5,50.));
#1614=CARTESIAN_POINT('',(156.5,-144.5,50.));
#1615=CARTESIAN_POINT('',(146.5,-149.5,55.));
#1616=CARTESIAN_POINT('',(156.5,-149.5,55.));
#1617=CARTESIAN_POINT('',(-21.5,-144.5,60.));
#1618=CARTESIAN_POINT('',(-31.5,-149.5,60.));
#1619=CARTESIAN_POINT('',(-21.5,-149.5,60.));
#1620=CARTESIAN_POINT('',(-31.5,-144.5,50.));
#1621=CARTESIAN_POINT('',(-21.5,-144.5,50.));
#1622=CARTESIAN_POINT('',(-31.5,-149.5,55.));
#1623=CARTESIAN_POINT('',(-21.5,-149.5,55.));
#1624=CARTESIAN_POINT('',(-21.5,-144.5,0.));
#1625=CARTESIAN_POINT('',(-21.5,-149.5,0.));
#1626=CARTESIAN_POINT('',(-31.5,-149.5,0.));
#1627=CARTESIAN_POINT('',(-21.5,-144.5,10.));
#1628=CARTESIAN_POINT('',(-31.5,-144.5,10.));
#1629=CARTESIAN_POINT('',(-21.5,-149.5,5.));
#1630=CARTESIAN_POINT('',(-31.5,-149.5,5.));
#1631=CARTESIAN_POINT('',(156.5,144.5,0.));
#1632=CARTESIAN_POINT('',(156.5,144.5,60.));
#1633=CARTESIAN_POINT('',(-31.5,144.5,0.));
#1634=CARTESIAN_POINT('',(-31.5,144.5,60.));
#1635=CARTESIAN_POINT('',(30.5,-100.981966340954,55.));
#1636=CARTESIAN_POINT('',(-29.5,-100.981966340954,55.));
#1637=CARTESIAN_POINT('',(30.5,-98.9819663409541,55.));
#1638=CARTESIAN_POINT('',(-29.5,-98.9819663409541,55.));
#1639=CARTESIAN_POINT('',(92.5,-100.981966340954,55.));
#1640=CARTESIAN_POINT('',(32.5,-100.981966340954,55.));
#1641=CARTESIAN_POINT('',(92.5,-98.9819663409541,55.));
#1642=CARTESIAN_POINT('',(32.5,-98.9819663409541,55.));
#1643=CARTESIAN_POINT('',(154.5,-100.981966340954,55.));
#1644=CARTESIAN_POINT('',(94.5,-100.981966340954,55.));
#1645=CARTESIAN_POINT('',(154.5,-98.9819663409541,55.));
#1646=CARTESIAN_POINT('',(94.5,-98.9819663409541,55.));
#1647=CARTESIAN_POINT('',(30.5,99.,55.));
#1648=CARTESIAN_POINT('',(-29.5,99.,55.));
#1649=CARTESIAN_POINT('',(30.5,101.,55.));
#1650=CARTESIAN_POINT('',(-29.5,101.,55.));
#1651=CARTESIAN_POINT('',(92.5,99.,55.));
#1652=CARTESIAN_POINT('',(32.5,99.,55.));
#1653=CARTESIAN_POINT('',(92.5,101.,55.));
#1654=CARTESIAN_POINT('',(32.5,101.,55.));
#1655=CARTESIAN_POINT('',(154.5,99.,55.));
#1656=CARTESIAN_POINT('',(94.5,99.,55.));
#1657=CARTESIAN_POINT('',(154.5,101.,55.));
#1658=CARTESIAN_POINT('',(94.5,101.,55.));
#1659=CARTESIAN_POINT('',(-29.5,-140.5,60.));
#1660=CARTESIAN_POINT('',(30.5,-140.5,60.));
#1661=CARTESIAN_POINT('',(30.5,140.5,60.));
#1662=CARTESIAN_POINT('',(-29.5,140.5,60.));
#1663=CARTESIAN_POINT('',(32.5,-140.5,60.));
#1664=CARTESIAN_POINT('',(92.5,-140.5,60.));
#1665=CARTESIAN_POINT('',(92.5,140.5,60.));
#1666=CARTESIAN_POINT('',(32.5,140.5,60.));
#1667=CARTESIAN_POINT('',(94.5,-140.5,60.));
#1668=CARTESIAN_POINT('',(154.5,-140.5,60.));
#1669=CARTESIAN_POINT('',(154.5,140.5,60.));
#1670=CARTESIAN_POINT('',(94.5,140.5,60.));
#1671=CARTESIAN_POINT('',(154.5,-100.981966340954,2.));
#1672=CARTESIAN_POINT('',(94.5,-100.981966340954,2.));
#1673=CARTESIAN_POINT('',(94.5,-98.9819663409541,2.));
#1674=CARTESIAN_POINT('',(154.5,-98.9819663409541,2.));
#1675=CARTESIAN_POINT('',(154.5,99.,2.));
#1676=CARTESIAN_POINT('',(94.5,99.,2.));
#1677=CARTESIAN_POINT('',(94.5,101.,2.));
#1678=CARTESIAN_POINT('',(154.5,101.,2.));
#1679=CARTESIAN_POINT('',(154.5,-140.5,2.));
#1680=CARTESIAN_POINT('',(94.5,-140.5,2.));
#1681=CARTESIAN_POINT('',(154.5,140.5,2.));
#1682=CARTESIAN_POINT('',(94.5,140.5,2.));
#1683=CARTESIAN_POINT('',(92.5,-100.981966340954,2.));
#1684=CARTESIAN_POINT('',(32.5,-100.981966340954,2.));
#1685=CARTESIAN_POINT('',(32.5,-98.9819663409541,2.));
#1686=CARTESIAN_POINT('',(92.5,-98.9819663409541,2.));
#1687=CARTESIAN_POINT('',(92.5,99.,2.));
#1688=CARTESIAN_POINT('',(32.5,99.,2.));
#1689=CARTESIAN_POINT('',(32.5,101.,2.));
#1690=CARTESIAN_POINT('',(92.5,101.,2.));
#1691=CARTESIAN_POINT('',(92.5,-140.5,2.));
#1692=CARTESIAN_POINT('',(32.5,-140.5,2.));
#1693=CARTESIAN_POINT('',(92.5,140.5,2.));
#1694=CARTESIAN_POINT('',(32.5,140.5,2.));
#1695=CARTESIAN_POINT('',(30.5,-100.981966340954,2.));
#1696=CARTESIAN_POINT('',(-29.5,-100.981966340954,2.));
#1697=CARTESIAN_POINT('',(-29.5,-98.9819663409541,2.));
#1698=CARTESIAN_POINT('',(30.5,-98.9819663409541,2.));
#1699=CARTESIAN_POINT('',(30.5,99.,2.));
#1700=CARTESIAN_POINT('',(-29.5,99.,2.));
#1701=CARTESIAN_POINT('',(-29.5,101.,2.));
#1702=CARTESIAN_POINT('',(30.5,101.,2.));
#1703=CARTESIAN_POINT('',(30.5,-140.5,2.));
#1704=CARTESIAN_POINT('',(-29.5,-140.5,2.));
#1705=CARTESIAN_POINT('',(30.5,140.5,2.));
#1706=CARTESIAN_POINT('',(-29.5,140.5,2.));
#1707=CARTESIAN_POINT('',(29.3988021819335,-143.5,58.9979675898739));
#1708=CARTESIAN_POINT('',(29.3988021819335,-140.5,58.9979675898739));
#1709=CARTESIAN_POINT('',(91.3983135901644,-143.5,58.9979675898739));
#1710=CARTESIAN_POINT('',(91.3983135901644,-140.5,58.9979675898739));
#1711=CARTESIAN_POINT('',(153.403896436949,-143.5,58.9979675898739));
#1712=CARTESIAN_POINT('',(153.403896436949,-140.5,58.9979675898739));
#1713=CARTESIAN_POINT('',(57.5,-149.5,60.));
#1714=CARTESIAN_POINT('',(67.5,-149.5,60.));
#1715=CARTESIAN_POINT('',(57.5,-149.5,55.));
#1716=CARTESIAN_POINT('',(67.5,-149.5,55.));
#1717=CARTESIAN_POINT('',(57.5,-144.5,60.));
#1718=CARTESIAN_POINT('',(67.5,-144.5,60.));
#1719=CARTESIAN_POINT('',(57.5,-144.5,50.));
#1720=CARTESIAN_POINT('',(67.5,-144.5,50.));
#1721=CARTESIAN_POINT('',(67.5,-149.5,0.));
#1722=CARTESIAN_POINT('',(57.5,-149.5,0.));
#1723=CARTESIAN_POINT('',(67.5,-149.5,5.));
#1724=CARTESIAN_POINT('',(57.5,-149.5,5.));
#1725=CARTESIAN_POINT('',(57.5,-144.5,0.));
#1726=CARTESIAN_POINT('',(67.5,-144.5,0.));
#1727=CARTESIAN_POINT('',(67.5,-144.5,10.));
#1728=CARTESIAN_POINT('',(57.5,-144.5,10.));
#1729=CARTESIAN_POINT('',(156.5,-149.5,0.));
#1730=CARTESIAN_POINT('',(146.5,-149.5,0.));
#1731=CARTESIAN_POINT('',(156.5,-149.5,5.));
#1732=CARTESIAN_POINT('',(146.5,-149.5,5.));
#1733=CARTESIAN_POINT('',(146.5,-144.5,0.));
#1734=CARTESIAN_POINT('',(156.5,-144.5,10.));
#1735=CARTESIAN_POINT('',(146.5,-144.5,10.));
#1736=CARTESIAN_POINT('',(28.5988021819335,-140.5,58.9979675898739));
#1737=CARTESIAN_POINT('',(28.5988021819335,-143.5,58.9979675898739));
#1738=CARTESIAN_POINT('',(90.5983135901644,-140.5,58.9979675898739));
#1739=CARTESIAN_POINT('',(90.5983135901644,-143.5,58.9979675898739));
#1740=CARTESIAN_POINT('',(152.603896436949,-140.5,58.9979675898739));
#1741=CARTESIAN_POINT('',(152.603896436949,-143.5,58.9979675898739));
#1742=CARTESIAN_POINT('',(146.5,-144.5,60.));
#1743=CARTESIAN_POINT('',(146.5,-149.5,60.));
#1744=CARTESIAN_POINT('',(156.5,-149.5,60.));
#1745=CARTESIAN_POINT('',(146.5,-149.5,60.));
#1746=CARTESIAN_POINT('',(146.5,-144.5,60.));
#1747=CARTESIAN_POINT('',(146.5,-144.5,50.));
#1748=CARTESIAN_POINT('',(146.5,-144.5,50.));
#1749=CARTESIAN_POINT('',(146.5,-149.5,55.));
#1750=CARTESIAN_POINT('',(146.5,-149.5,60.));
#1751=CARTESIAN_POINT('',(146.5,-149.5,55.));
#1752=CARTESIAN_POINT('',(146.5,-144.5,50.));
#1753=CARTESIAN_POINT('',(156.5,-144.5,50.));
#1754=CARTESIAN_POINT('',(156.5,-149.5,55.));
#1755=CARTESIAN_POINT('',(156.5,-144.5,50.));
#1756=CARTESIAN_POINT('',(146.5,-149.5,55.));
#1757=CARTESIAN_POINT('',(156.5,-149.5,55.));
#1758=CARTESIAN_POINT('',(156.5,-149.5,55.));
#1759=CARTESIAN_POINT('',(156.5,-149.5,60.));
#1760=CARTESIAN_POINT('',(-21.5,-149.5,60.));
#1761=CARTESIAN_POINT('',(-31.5,-149.5,60.));
#1762=CARTESIAN_POINT('',(-21.5,-144.5,60.));
#1763=CARTESIAN_POINT('',(-21.5,-149.5,60.));
#1764=CARTESIAN_POINT('',(-31.5,-144.5,50.));
#1765=CARTESIAN_POINT('',(-31.5,-149.5,55.));
#1766=CARTESIAN_POINT('',(-31.5,-149.5,60.));
#1767=CARTESIAN_POINT('',(-31.5,-149.5,55.));
#1768=CARTESIAN_POINT('',(-31.5,-144.5,50.));
#1769=CARTESIAN_POINT('',(-21.5,-144.5,50.));
#1770=CARTESIAN_POINT('',(-21.5,-149.5,55.));
#1771=CARTESIAN_POINT('',(-21.5,-144.5,50.));
#1772=CARTESIAN_POINT('',(-31.5,-149.5,55.));
#1773=CARTESIAN_POINT('',(-21.5,-149.5,55.));
#1774=CARTESIAN_POINT('',(-21.5,-144.5,50.));
#1775=CARTESIAN_POINT('',(-21.5,-144.5,60.));
#1776=CARTESIAN_POINT('',(-21.5,-149.5,55.));
#1777=CARTESIAN_POINT('',(-21.5,-149.5,60.));
#1778=CARTESIAN_POINT('',(-21.5,-144.5,0.));
#1779=CARTESIAN_POINT('',(-21.5,-149.5,0.));
#1780=CARTESIAN_POINT('',(-31.5,-149.5,0.));
#1781=CARTESIAN_POINT('',(-21.5,-149.5,0.));
#1782=CARTESIAN_POINT('',(-21.5,-144.5,0.));
#1783=CARTESIAN_POINT('',(-21.5,-144.5,10.));
#1784=CARTESIAN_POINT('',(-21.5,-144.5,10.));
#1785=CARTESIAN_POINT('',(-21.5,-149.5,5.));
#1786=CARTESIAN_POINT('',(-21.5,-149.5,0.));
#1787=CARTESIAN_POINT('',(-21.5,-149.5,5.));
#1788=CARTESIAN_POINT('',(-21.5,-144.5,10.));
#1789=CARTESIAN_POINT('',(-31.5,-144.5,10.));
#1790=CARTESIAN_POINT('',(-31.5,-149.5,5.));
#1791=CARTESIAN_POINT('',(-31.5,-144.5,10.));
#1792=CARTESIAN_POINT('',(-21.5,-149.5,5.));
#1793=CARTESIAN_POINT('',(-31.5,-149.5,5.));
#1794=CARTESIAN_POINT('',(-31.5,-149.5,5.));
#1795=CARTESIAN_POINT('',(-31.5,-149.5,0.));
#1796=CARTESIAN_POINT('',(156.5,144.5,0.));
#1797=CARTESIAN_POINT('',(156.5,144.5,60.));
#1798=CARTESIAN_POINT('',(156.5,144.5,0.));
#1799=CARTESIAN_POINT('',(-31.5,144.5,0.));
#1800=CARTESIAN_POINT('',(-31.5,144.5,0.));
#1801=CARTESIAN_POINT('',(-31.5,144.5,60.));
#1802=CARTESIAN_POINT('',(156.5,144.5,60.));
#1803=CARTESIAN_POINT('',(-31.5,144.5,60.));
#1804=CARTESIAN_POINT('',(-29.5,-100.981966340954,55.));
#1805=CARTESIAN_POINT('',(30.5,-100.981966340954,55.));
#1806=CARTESIAN_POINT('',(30.5,-100.981966340954,55.));
#1807=CARTESIAN_POINT('',(30.5,-98.9819663409541,55.));
#1808=CARTESIAN_POINT('',(30.5,-98.9819663409541,55.));
#1809=CARTESIAN_POINT('',(-29.5,-98.9819663409541,55.));
#1810=CARTESIAN_POINT('',(-29.5,-98.9819663409541,55.));
#1811=CARTESIAN_POINT('',(-29.5,-100.981966340954,55.));
#1812=CARTESIAN_POINT('',(32.5,-100.981966340954,55.));
#1813=CARTESIAN_POINT('',(92.5,-100.981966340954,55.));
#1814=CARTESIAN_POINT('',(92.5,-100.981966340954,55.));
#1815=CARTESIAN_POINT('',(92.5,-98.9819663409541,55.));
#1816=CARTESIAN_POINT('',(92.5,-98.9819663409541,55.));
#1817=CARTESIAN_POINT('',(32.5,-98.9819663409541,55.));
#1818=CARTESIAN_POINT('',(32.5,-98.9819663409541,55.));
#1819=CARTESIAN_POINT('',(32.5,-100.981966340954,55.));
#1820=CARTESIAN_POINT('',(94.5,-100.981966340954,55.));
#1821=CARTESIAN_POINT('',(154.5,-100.981966340954,55.));
#1822=CARTESIAN_POINT('',(154.5,-100.981966340954,55.));
#1823=CARTESIAN_POINT('',(154.5,-98.9819663409541,55.));
#1824=CARTESIAN_POINT('',(154.5,-98.9819663409541,55.));
#1825=CARTESIAN_POINT('',(94.5,-98.9819663409541,55.));
#1826=CARTESIAN_POINT('',(94.5,-98.9819663409541,55.));
#1827=CARTESIAN_POINT('',(94.5,-100.981966340954,55.));
#1828=CARTESIAN_POINT('',(-29.5,99.,55.));
#1829=CARTESIAN_POINT('',(30.5,99.,55.));
#1830=CARTESIAN_POINT('',(30.5,99.,55.));
#1831=CARTESIAN_POINT('',(30.5,101.,55.));
#1832=CARTESIAN_POINT('',(30.5,101.,55.));
#1833=CARTESIAN_POINT('',(-29.5,101.,55.));
#1834=CARTESIAN_POINT('',(-29.5,101.,55.));
#1835=CARTESIAN_POINT('',(-29.5,99.,55.));
#1836=CARTESIAN_POINT('',(32.5,99.,55.));
#1837=CARTESIAN_POINT('',(92.5,99.,55.));
#1838=CARTESIAN_POINT('',(92.5,99.,55.));
#1839=CARTESIAN_POINT('',(92.5,101.,55.));
#1840=CARTESIAN_POINT('',(92.5,101.,55.));
#1841=CARTESIAN_POINT('',(32.5,101.,55.));
#1842=CARTESIAN_POINT('',(32.5,101.,55.));
#1843=CARTESIAN_POINT('',(32.5,99.,55.));
#1844=CARTESIAN_POINT('',(94.5,99.,55.));
#1845=CARTESIAN_POINT('',(154.5,99.,55.));
#1846=CARTESIAN_POINT('',(154.5,99.,55.));
#1847=CARTESIAN_POINT('',(154.5,101.,55.));
#1848=CARTESIAN_POINT('',(154.5,101.,55.));
#1849=CARTESIAN_POINT('',(94.5,101.,55.));
#1850=CARTESIAN_POINT('',(94.5,101.,55.));
#1851=CARTESIAN_POINT('',(94.5,99.,55.));
#1852=CARTESIAN_POINT('',(-29.5,-140.5,60.));
#1853=CARTESIAN_POINT('',(30.5,-140.5,60.));
#1854=CARTESIAN_POINT('',(30.5,-140.5,60.));
#1855=CARTESIAN_POINT('',(30.5,140.5,60.));
#1856=CARTESIAN_POINT('',(30.5,140.5,60.));
#1857=CARTESIAN_POINT('',(-29.5,140.5,60.));
#1858=CARTESIAN_POINT('',(-29.5,140.5,60.));
#1859=CARTESIAN_POINT('',(-29.5,-140.5,60.));
#1860=CARTESIAN_POINT('',(32.5,-140.5,60.));
#1861=CARTESIAN_POINT('',(92.5,-140.5,60.));
#1862=CARTESIAN_POINT('',(92.5,-140.5,60.));
#1863=CARTESIAN_POINT('',(92.5,140.5,60.));
#1864=CARTESIAN_POINT('',(92.5,140.5,60.));
#1865=CARTESIAN_POINT('',(32.5,140.5,60.));
#1866=CARTESIAN_POINT('',(32.5,140.5,60.));
#1867=CARTESIAN_POINT('',(32.5,-140.5,60.));
#1868=CARTESIAN_POINT('',(94.5,-140.5,60.));
#1869=CARTESIAN_POINT('',(154.5,-140.5,60.));
#1870=CARTESIAN_POINT('',(154.5,-140.5,60.));
#1871=CARTESIAN_POINT('',(154.5,140.5,60.));
#1872=CARTESIAN_POINT('',(154.5,140.5,60.));
#1873=CARTESIAN_POINT('',(94.5,140.5,60.));
#1874=CARTESIAN_POINT('',(94.5,140.5,60.));
#1875=CARTESIAN_POINT('',(94.5,-140.5,60.));
#1876=CARTESIAN_POINT('',(154.5,-100.981966340954,2.));
#1877=CARTESIAN_POINT('',(94.5,-100.981966340954,2.));
#1878=CARTESIAN_POINT('',(94.5,-98.9819663409541,2.));
#1879=CARTESIAN_POINT('',(154.5,-98.9819663409541,2.));
#1880=CARTESIAN_POINT('',(154.5,99.,2.));
#1881=CARTESIAN_POINT('',(94.5,99.,2.));
#1882=CARTESIAN_POINT('',(94.5,101.,2.));
#1883=CARTESIAN_POINT('',(154.5,101.,2.));
#1884=CARTESIAN_POINT('',(154.5,-140.5,2.));
#1885=CARTESIAN_POINT('',(94.5,-140.5,2.));
#1886=CARTESIAN_POINT('',(154.5,140.5,2.));
#1887=CARTESIAN_POINT('',(154.5,101.,2.));
#1888=CARTESIAN_POINT('',(154.5,99.,2.));
#1889=CARTESIAN_POINT('',(154.5,-98.9819663409541,2.));
#1890=CARTESIAN_POINT('',(154.5,-100.981966340954,2.));
#1891=CARTESIAN_POINT('',(154.5,-140.5,2.));
#1892=CARTESIAN_POINT('',(94.5,140.5,2.));
#1893=CARTESIAN_POINT('',(154.5,140.5,2.));
#1894=CARTESIAN_POINT('',(94.5,-140.5,2.));
#1895=CARTESIAN_POINT('',(94.5,-100.981966340954,2.));
#1896=CARTESIAN_POINT('',(94.5,-98.9819663409541,2.));
#1897=CARTESIAN_POINT('',(94.5,99.,2.));
#1898=CARTESIAN_POINT('',(94.5,101.,2.));
#1899=CARTESIAN_POINT('',(94.5,140.5,2.));
#1900=CARTESIAN_POINT('',(154.5,-100.981966340954,2.));
#1901=CARTESIAN_POINT('',(154.5,-100.981966340954,55.));
#1902=CARTESIAN_POINT('',(94.5,-100.981966340954,2.));
#1903=CARTESIAN_POINT('',(94.5,-100.981966340954,55.));
#1904=CARTESIAN_POINT('',(154.5,-98.9819663409541,2.));
#1905=CARTESIAN_POINT('',(154.5,-98.9819663409541,55.));
#1906=CARTESIAN_POINT('',(94.5,-98.9819663409541,2.));
#1907=CARTESIAN_POINT('',(94.5,-98.9819663409541,55.));
#1908=CARTESIAN_POINT('',(154.5,99.,2.));
#1909=CARTESIAN_POINT('',(154.5,99.,55.));
#1910=CARTESIAN_POINT('',(94.5,99.,2.));
#1911=CARTESIAN_POINT('',(94.5,99.,55.));
#1912=CARTESIAN_POINT('',(154.5,101.,2.));
#1913=CARTESIAN_POINT('',(154.5,101.,55.));
#1914=CARTESIAN_POINT('',(94.5,101.,2.));
#1915=CARTESIAN_POINT('',(94.5,101.,55.));
#1916=CARTESIAN_POINT('',(154.5,-140.5,2.));
#1917=CARTESIAN_POINT('',(154.5,-140.5,60.));
#1918=CARTESIAN_POINT('',(94.5,-140.5,2.));
#1919=CARTESIAN_POINT('',(94.5,-140.5,60.));
#1920=CARTESIAN_POINT('',(154.5,140.5,2.));
#1921=CARTESIAN_POINT('',(154.5,140.5,60.));
#1922=CARTESIAN_POINT('',(94.5,140.5,2.));
#1923=CARTESIAN_POINT('',(94.5,140.5,60.));
#1924=CARTESIAN_POINT('',(92.5,-100.981966340954,2.));
#1925=CARTESIAN_POINT('',(32.5,-100.981966340954,2.));
#1926=CARTESIAN_POINT('',(32.5,-98.9819663409541,2.));
#1927=CARTESIAN_POINT('',(92.5,-98.9819663409541,2.));
#1928=CARTESIAN_POINT('',(92.5,99.,2.));
#1929=CARTESIAN_POINT('',(32.5,99.,2.));
#1930=CARTESIAN_POINT('',(32.5,101.,2.));
#1931=CARTESIAN_POINT('',(92.5,101.,2.));
#1932=CARTESIAN_POINT('',(92.5,-140.5,2.));
#1933=CARTESIAN_POINT('',(32.5,-140.5,2.));
#1934=CARTESIAN_POINT('',(92.5,140.5,2.));
#1935=CARTESIAN_POINT('',(92.5,101.,2.));
#1936=CARTESIAN_POINT('',(92.5,99.,2.));
#1937=CARTESIAN_POINT('',(92.5,-98.9819663409541,2.));
#1938=CARTESIAN_POINT('',(92.5,-100.981966340954,2.));
#1939=CARTESIAN_POINT('',(92.5,-140.5,2.));
#1940=CARTESIAN_POINT('',(32.5,140.5,2.));
#1941=CARTESIAN_POINT('',(92.5,140.5,2.));
#1942=CARTESIAN_POINT('',(32.5,-140.5,2.));
#1943=CARTESIAN_POINT('',(32.5,-100.981966340954,2.));
#1944=CARTESIAN_POINT('',(32.5,-98.9819663409541,2.));
#1945=CARTESIAN_POINT('',(32.5,99.,2.));
#1946=CARTESIAN_POINT('',(32.5,101.,2.));
#1947=CARTESIAN_POINT('',(32.5,140.5,2.));
#1948=CARTESIAN_POINT('',(92.5,-100.981966340954,2.));
#1949=CARTESIAN_POINT('',(92.5,-100.981966340954,55.));
#1950=CARTESIAN_POINT('',(32.5,-100.981966340954,2.));
#1951=CARTESIAN_POINT('',(32.5,-100.981966340954,55.));
#1952=CARTESIAN_POINT('',(92.5,-98.9819663409541,2.));
#1953=CARTESIAN_POINT('',(92.5,-98.9819663409541,55.));
#1954=CARTESIAN_POINT('',(32.5,-98.9819663409541,2.));
#1955=CARTESIAN_POINT('',(32.5,-98.9819663409541,55.));
#1956=CARTESIAN_POINT('',(92.5,99.,2.));
#1957=CARTESIAN_POINT('',(92.5,99.,55.));
#1958=CARTESIAN_POINT('',(32.5,99.,2.));
#1959=CARTESIAN_POINT('',(32.5,99.,55.));
#1960=CARTESIAN_POINT('',(92.5,101.,2.));
#1961=CARTESIAN_POINT('',(92.5,101.,55.));
#1962=CARTESIAN_POINT('',(32.5,101.,2.));
#1963=CARTESIAN_POINT('',(32.5,101.,55.));
#1964=CARTESIAN_POINT('',(92.5,-140.5,2.));
#1965=CARTESIAN_POINT('',(92.5,-140.5,60.));
#1966=CARTESIAN_POINT('',(32.5,-140.5,2.));
#1967=CARTESIAN_POINT('',(32.5,-140.5,60.));
#1968=CARTESIAN_POINT('',(92.5,140.5,2.));
#1969=CARTESIAN_POINT('',(92.5,140.5,60.));
#1970=CARTESIAN_POINT('',(32.5,140.5,2.));
#1971=CARTESIAN_POINT('',(32.5,140.5,60.));
#1972=CARTESIAN_POINT('',(30.5,-100.981966340954,2.));
#1973=CARTESIAN_POINT('',(-29.5,-100.981966340954,2.));
#1974=CARTESIAN_POINT('',(-29.5,-98.9819663409541,2.));
#1975=CARTESIAN_POINT('',(30.5,-98.9819663409541,2.));
#1976=CARTESIAN_POINT('',(30.5,99.,2.));
#1977=CARTESIAN_POINT('',(-29.5,99.,2.));
#1978=CARTESIAN_POINT('',(-29.5,101.,2.));
#1979=CARTESIAN_POINT('',(30.5,101.,2.));
#1980=CARTESIAN_POINT('',(30.5,-140.5,2.));
#1981=CARTESIAN_POINT('',(-29.5,-140.5,2.));
#1982=CARTESIAN_POINT('',(30.5,140.5,2.));
#1983=CARTESIAN_POINT('',(30.5,101.,2.));
#1984=CARTESIAN_POINT('',(30.5,99.,2.));
#1985=CARTESIAN_POINT('',(30.5,-98.9819663409541,2.));
#1986=CARTESIAN_POINT('',(30.5,-100.981966340954,2.));
#1987=CARTESIAN_POINT('',(30.5,-140.5,2.));
#1988=CARTESIAN_POINT('',(-29.5,140.5,2.));
#1989=CARTESIAN_POINT('',(30.5,140.5,2.));
#1990=CARTESIAN_POINT('',(-29.5,-140.5,2.));
#1991=CARTESIAN_POINT('',(-29.5,-100.981966340954,2.));
#1992=CARTESIAN_POINT('',(-29.5,-98.9819663409541,2.));
#1993=CARTESIAN_POINT('',(-29.5,99.,2.));
#1994=CARTESIAN_POINT('',(-29.5,101.,2.));
#1995=CARTESIAN_POINT('',(-29.5,140.5,2.));
#1996=CARTESIAN_POINT('',(30.5,-100.981966340954,2.));
#1997=CARTESIAN_POINT('',(30.5,-100.981966340954,55.));
#1998=CARTESIAN_POINT('',(-29.5,-100.981966340954,2.));
#1999=CARTESIAN_POINT('',(-29.5,-100.981966340954,55.));
#2000=CARTESIAN_POINT('',(30.5,-98.9819663409541,2.));
#2001=CARTESIAN_POINT('',(30.5,-98.9819663409541,55.));
#2002=CARTESIAN_POINT('',(-29.5,-98.9819663409541,2.));
#2003=CARTESIAN_POINT('',(-29.5,-98.9819663409541,55.));
#2004=CARTESIAN_POINT('',(30.5,99.,2.));
#2005=CARTESIAN_POINT('',(30.5,99.,55.));
#2006=CARTESIAN_POINT('',(-29.5,99.,2.));
#2007=CARTESIAN_POINT('',(-29.5,99.,55.));
#2008=CARTESIAN_POINT('',(30.5,101.,2.));
#2009=CARTESIAN_POINT('',(30.5,101.,55.));
#2010=CARTESIAN_POINT('',(-29.5,101.,2.));
#2011=CARTESIAN_POINT('',(-29.5,101.,55.));
#2012=CARTESIAN_POINT('',(30.5,-140.5,2.));
#2013=CARTESIAN_POINT('',(30.5,-140.5,60.));
#2014=CARTESIAN_POINT('',(-29.5,-140.5,2.));
#2015=CARTESIAN_POINT('',(-29.5,-140.5,60.));
#2016=CARTESIAN_POINT('',(30.5,140.5,2.));
#2017=CARTESIAN_POINT('',(30.5,140.5,60.));
#2018=CARTESIAN_POINT('',(-29.5,140.5,2.));
#2019=CARTESIAN_POINT('',(-29.5,140.5,60.));
#2020=CARTESIAN_POINT('',(28.9988021819335,-140.5,58.9979675898739));
#2021=CARTESIAN_POINT('',(29.3988021819335,-140.5,58.9979675898739));
#2022=CARTESIAN_POINT('',(28.5988021819335,-140.5,58.9979675898739));
#2023=CARTESIAN_POINT('',(29.3988021819335,-140.5,58.9979675898739));
#2024=CARTESIAN_POINT('',(29.3988021819335,-143.5,58.9979675898739));
#2025=CARTESIAN_POINT('',(28.9988021819335,-143.5,58.9979675898739));
#2026=CARTESIAN_POINT('',(29.3988021819335,-143.5,58.9979675898739));
#2027=CARTESIAN_POINT('',(28.5988021819335,-143.5,58.9979675898739));
#2028=CARTESIAN_POINT('',(90.9983135901644,-140.5,58.9979675898739));
#2029=CARTESIAN_POINT('',(91.3983135901644,-140.5,58.9979675898739));
#2030=CARTESIAN_POINT('',(90.5983135901644,-140.5,58.9979675898739));
#2031=CARTESIAN_POINT('',(91.3983135901644,-140.5,58.9979675898739));
#2032=CARTESIAN_POINT('',(91.3983135901644,-143.5,58.9979675898739));
#2033=CARTESIAN_POINT('',(90.9983135901644,-143.5,58.9979675898739));
#2034=CARTESIAN_POINT('',(91.3983135901644,-143.5,58.9979675898739));
#2035=CARTESIAN_POINT('',(90.5983135901644,-143.5,58.9979675898739));
#2036=CARTESIAN_POINT('',(153.003896436949,-140.5,58.9979675898739));
#2037=CARTESIAN_POINT('',(153.403896436949,-140.5,58.9979675898739));
#2038=CARTESIAN_POINT('',(152.603896436949,-140.5,58.9979675898739));
#2039=CARTESIAN_POINT('',(153.403896436949,-140.5,58.9979675898739));
#2040=CARTESIAN_POINT('',(153.403896436949,-143.5,58.9979675898739));
#2041=CARTESIAN_POINT('',(153.003896436949,-143.5,58.9979675898739));
#2042=CARTESIAN_POINT('',(153.403896436949,-143.5,58.9979675898739));
#2043=CARTESIAN_POINT('',(152.603896436949,-143.5,58.9979675898739));
#2044=CARTESIAN_POINT('',(57.5,-144.5,60.));
#2045=CARTESIAN_POINT('',(57.5,-149.5,60.));
#2046=CARTESIAN_POINT('',(67.5,-149.5,60.));
#2047=CARTESIAN_POINT('',(57.5,-149.5,60.));
#2048=CARTESIAN_POINT('',(67.5,-144.5,60.));
#2049=CARTESIAN_POINT('',(67.5,-149.5,60.));
#2050=CARTESIAN_POINT('',(57.5,-144.5,50.));
#2051=CARTESIAN_POINT('',(57.5,-149.5,55.));
#2052=CARTESIAN_POINT('',(57.5,-149.5,60.));
#2053=CARTESIAN_POINT('',(57.5,-149.5,55.));
#2054=CARTESIAN_POINT('',(67.5,-149.5,55.));
#2055=CARTESIAN_POINT('',(67.5,-144.5,50.));
#2056=CARTESIAN_POINT('',(57.5,-149.5,55.));
#2057=CARTESIAN_POINT('',(67.5,-149.5,55.));
#2058=CARTESIAN_POINT('',(67.5,-149.5,55.));
#2059=CARTESIAN_POINT('',(67.5,-149.5,60.));
#2060=CARTESIAN_POINT('',(57.5,-144.5,60.));
#2061=CARTESIAN_POINT('',(57.5,-144.5,50.));
#2062=CARTESIAN_POINT('',(57.5,-144.5,50.));
#2063=CARTESIAN_POINT('',(67.5,-144.5,50.));
#2064=CARTESIAN_POINT('',(67.5,-144.5,50.));
#2065=CARTESIAN_POINT('',(67.5,-144.5,60.));
#2066=CARTESIAN_POINT('',(67.5,-144.5,60.));
#2067=CARTESIAN_POINT('',(146.5,-144.5,60.));
#2068=CARTESIAN_POINT('',(67.5,-144.5,0.));
#2069=CARTESIAN_POINT('',(67.5,-149.5,0.));
#2070=CARTESIAN_POINT('',(57.5,-149.5,0.));
#2071=CARTESIAN_POINT('',(67.5,-149.5,0.));
#2072=CARTESIAN_POINT('',(57.5,-144.5,0.));
#2073=CARTESIAN_POINT('',(57.5,-149.5,0.));
#2074=CARTESIAN_POINT('',(67.5,-144.5,10.));
#2075=CARTESIAN_POINT('',(67.5,-149.5,5.));
#2076=CARTESIAN_POINT('',(67.5,-149.5,0.));
#2077=CARTESIAN_POINT('',(67.5,-149.5,5.));
#2078=CARTESIAN_POINT('',(57.5,-149.5,5.));
#2079=CARTESIAN_POINT('',(57.5,-144.5,10.));
#2080=CARTESIAN_POINT('',(67.5,-149.5,5.));
#2081=CARTESIAN_POINT('',(57.5,-149.5,5.));
#2082=CARTESIAN_POINT('',(57.5,-149.5,5.));
#2083=CARTESIAN_POINT('',(57.5,-149.5,0.));
#2084=CARTESIAN_POINT('',(67.5,-144.5,0.));
#2085=CARTESIAN_POINT('',(67.5,-144.5,10.));
#2086=CARTESIAN_POINT('',(67.5,-144.5,10.));
#2087=CARTESIAN_POINT('',(57.5,-144.5,10.));
#2088=CARTESIAN_POINT('',(57.5,-144.5,10.));
#2089=CARTESIAN_POINT('',(57.5,-144.5,0.));
#2090=CARTESIAN_POINT('',(67.5,-144.5,0.));
#2091=CARTESIAN_POINT('',(146.5,-144.5,0.));
#2092=CARTESIAN_POINT('',(146.5,-149.5,0.));
#2093=CARTESIAN_POINT('',(156.5,-149.5,0.));
#2094=CARTESIAN_POINT('',(146.5,-144.5,0.));
#2095=CARTESIAN_POINT('',(146.5,-149.5,0.));
#2096=CARTESIAN_POINT('',(156.5,-144.5,10.));
#2097=CARTESIAN_POINT('',(156.5,-149.5,5.));
#2098=CARTESIAN_POINT('',(156.5,-149.5,0.));
#2099=CARTESIAN_POINT('',(156.5,-149.5,5.));
#2100=CARTESIAN_POINT('',(146.5,-149.5,5.));
#2101=CARTESIAN_POINT('',(146.5,-144.5,10.));
#2102=CARTESIAN_POINT('',(156.5,-149.5,5.));
#2103=CARTESIAN_POINT('',(146.5,-149.5,5.));
#2104=CARTESIAN_POINT('',(146.5,-149.5,5.));
#2105=CARTESIAN_POINT('',(146.5,-149.5,0.));
#2106=CARTESIAN_POINT('',(156.5,-144.5,10.));
#2107=CARTESIAN_POINT('',(146.5,-144.5,10.));
#2108=CARTESIAN_POINT('',(146.5,-144.5,10.));
#2109=CARTESIAN_POINT('',(146.5,-144.5,0.));
#2110=CARTESIAN_POINT('',(156.5,-144.5,10.));
#2111=CARTESIAN_POINT('',(156.5,-144.5,50.));
#2112=CARTESIAN_POINT('',(-21.5,-144.5,0.));
#2113=CARTESIAN_POINT('',(57.5,-144.5,0.));
#2114=CARTESIAN_POINT('',(-31.5,-144.5,10.));
#2115=CARTESIAN_POINT('',(-31.5,-144.5,50.));
#2116=CARTESIAN_POINT('',(-21.5,-144.5,60.));
#2117=CARTESIAN_POINT('',(57.5,-144.5,60.));
#2118=CARTESIAN_POINT('',(156.5,144.5,60.));
#2119=CARTESIAN_POINT('',(156.5,-149.5,60.));
#2120=CARTESIAN_POINT('',(-31.5,144.5,60.));
#2121=CARTESIAN_POINT('',(-31.5,-149.5,60.));
#2122=CARTESIAN_POINT('',(-31.5,144.5,0.));
#2123=CARTESIAN_POINT('',(-31.5,-149.5,0.));
#2124=CARTESIAN_POINT('',(156.5,144.5,0.));
#2125=CARTESIAN_POINT('',(156.5,-149.5,0.));
#2126=CARTESIAN_POINT('',(28.5988021819335,-140.5,58.9979675898739));
#2127=CARTESIAN_POINT('',(28.5988021819335,-143.5,58.9979675898739));
#2128=CARTESIAN_POINT('',(28.9988021819335,-140.5,58.9979675898739));
#2129=CARTESIAN_POINT('',(28.5988021819335,-140.5,58.9979675898739));
#2130=CARTESIAN_POINT('',(29.3988021819335,-140.5,58.9979675898739));
#2131=CARTESIAN_POINT('',(28.9988021819335,-143.5,58.9979675898739));
#2132=CARTESIAN_POINT('',(28.5988021819335,-143.5,58.9979675898739));
#2133=CARTESIAN_POINT('',(29.3988021819335,-143.5,58.9979675898739));
#2134=CARTESIAN_POINT('',(90.5983135901644,-140.5,58.9979675898739));
#2135=CARTESIAN_POINT('',(90.5983135901644,-143.5,58.9979675898739));
#2136=CARTESIAN_POINT('',(90.9983135901644,-140.5,58.9979675898739));
#2137=CARTESIAN_POINT('',(90.5983135901644,-140.5,58.9979675898739));
#2138=CARTESIAN_POINT('',(91.3983135901644,-140.5,58.9979675898739));
#2139=CARTESIAN_POINT('',(90.9983135901644,-143.5,58.9979675898739));
#2140=CARTESIAN_POINT('',(90.5983135901644,-143.5,58.9979675898739));
#2141=CARTESIAN_POINT('',(91.3983135901644,-143.5,58.9979675898739));
#2142=CARTESIAN_POINT('',(152.603896436949,-140.5,58.9979675898739));
#2143=CARTESIAN_POINT('',(152.603896436949,-143.5,58.9979675898739));
#2144=CARTESIAN_POINT('',(153.003896436949,-140.5,58.9979675898739));
#2145=CARTESIAN_POINT('',(152.603896436949,-140.5,58.9979675898739));
#2146=CARTESIAN_POINT('',(153.403896436949,-140.5,58.9979675898739));
#2147=CARTESIAN_POINT('',(153.003896436949,-143.5,58.9979675898739));
#2148=CARTESIAN_POINT('',(152.603896436949,-143.5,58.9979675898739));
#2149=CARTESIAN_POINT('',(153.403896436949,-143.5,58.9979675898739));
#2150=CARTESIAN_POINT('',(0.,0.,0.));
ENDSEC;
END-ISO-10303-21;
