ISO-10303-21;
HEADER;
/* Generated by software containing ST-Developer
 * from STEP Tools, Inc. (www.steptools.com) 
 */
/* OPTION: using custom schema-name function */

FILE_DESCRIPTION(
/* description */ (''),
/* implementation_level */ '2;1');

FILE_NAME(
/* name */ 'locker_door',
/* time_stamp */ '2026-08-23T18:57:32+03:00',
/* author */ (''),
/* organization */ (''),
/* preprocessor_version */ 'ST-DEVELOPER v19.2',
/* originating_system */ 'Rhino 8.34',
/* authorisation */ '');

FILE_SCHEMA (('CONFIG_CONTROL_DESIGN'));
ENDSEC;

DATA;
#10=SHAPE_REPRESENTATION_RELATIONSHIP('','',#2086,#12);
#11=MANIFOLD_SOLID_BREP('brep_1',#13);
#12=ADVANCED_BREP_SHAPE_REPRESENTATION('brep_rep_0',(#11,#2205),#2085);
#13=CLOSED_SHELL('',(#39,#40,#41,#42,#43,#44,#45,#46,#47,#48,#49,#50,#51,
#52,#53,#54,#55,#56,#57,#58,#59,#60,#61,#62,#63,#64,#65,#66,#67,#68,#69,
#70,#71,#72,#73,#74,#75,#76,#77,#78,#79,#80,#81,#82,#83,#84,#85,#86,#87,
#88,#89,#90,#91,#92,#93,#94,#95,#96,#97,#98,#99,#100,#101,#102,#103,#104,
#105,#106,#107,#108,#109,#110,#111,#112,#113,#114,#115,#116,#117,#118,#119,
#120,#121,#122,#123,#124,#125,#126,#127,#128,#129,#130,#131,#132,#133,#134,
#135,#136,#137,#138,#139,#140,#141,#142,#143,#144,#145,#146,#147,#148,#149));
#14=FACE_BOUND('',#270,.T.);
#15=FACE_BOUND('',#273,.T.);
#16=FACE_BOUND('',#276,.T.);
#17=FACE_BOUND('',#277,.T.);
#18=FACE_BOUND('',#278,.T.);
#19=FACE_BOUND('',#279,.T.);
#20=FACE_BOUND('',#280,.T.);
#21=FACE_BOUND('',#281,.T.);
#22=FACE_BOUND('',#282,.T.);
#23=FACE_BOUND('',#283,.T.);
#24=FACE_BOUND('',#284,.T.);
#25=FACE_BOUND('',#285,.T.);
#26=FACE_BOUND('',#287,.T.);
#27=FACE_BOUND('',#288,.T.);
#28=FACE_BOUND('',#289,.T.);
#29=FACE_BOUND('',#290,.T.);
#30=FACE_BOUND('',#291,.T.);
#31=FACE_BOUND('',#292,.T.);
#32=FACE_BOUND('',#293,.T.);
#33=FACE_BOUND('',#294,.T.);
#34=FACE_BOUND('',#295,.T.);
#35=FACE_BOUND('',#296,.T.);
#36=FACE_BOUND('',#297,.T.);
#37=FACE_BOUND('',#298,.T.);
#38=FACE_BOUND('',#299,.T.);
#39=ADVANCED_FACE('',(#150),#1895,.T.);
#40=ADVANCED_FACE('',(#151),#1896,.T.);
#41=ADVANCED_FACE('',(#152),#1897,.T.);
#42=ADVANCED_FACE('',(#153),#1898,.T.);
#43=ADVANCED_FACE('',(#154),#1899,.T.);
#44=ADVANCED_FACE('',(#155),#1900,.T.);
#45=ADVANCED_FACE('',(#156),#1901,.T.);
#46=ADVANCED_FACE('',(#157),#1902,.T.);
#47=ADVANCED_FACE('',(#158,#14),#1903,.T.);
#48=ADVANCED_FACE('',(#159),#1904,.T.);
#49=ADVANCED_FACE('',(#160,#15),#1905,.T.);
#50=ADVANCED_FACE('',(#161),#1906,.T.);
#51=ADVANCED_FACE('',(#162,#16,#17,#18,#19,#20,#21,#22,#23,#24,#25),#1907,
 .T.);
#52=ADVANCED_FACE('',(#163,#26,#27,#28,#29,#30,#31,#32,#33,#34,#35,#36,
#37,#38),#1908,.T.);
#53=ADVANCED_FACE('',(#164),#1909,.T.);
#54=ADVANCED_FACE('',(#165),#1910,.T.);
#55=ADVANCED_FACE('',(#166),#1911,.T.);
#56=ADVANCED_FACE('',(#167),#1912,.T.);
#57=ADVANCED_FACE('',(#168),#1913,.T.);
#58=ADVANCED_FACE('',(#169),#1914,.T.);
#59=ADVANCED_FACE('',(#170),#1915,.T.);
#60=ADVANCED_FACE('',(#171),#1916,.T.);
#61=ADVANCED_FACE('',(#172),#1917,.T.);
#62=ADVANCED_FACE('',(#173),#1918,.T.);
#63=ADVANCED_FACE('',(#174),#1919,.T.);
#64=ADVANCED_FACE('',(#175),#1920,.T.);
#65=ADVANCED_FACE('',(#176),#1921,.T.);
#66=ADVANCED_FACE('',(#177),#1922,.T.);
#67=ADVANCED_FACE('',(#178),#1923,.T.);
#68=ADVANCED_FACE('',(#179),#1924,.T.);
#69=ADVANCED_FACE('',(#180),#1925,.T.);
#70=ADVANCED_FACE('',(#181),#1926,.T.);
#71=ADVANCED_FACE('',(#182),#1927,.T.);
#72=ADVANCED_FACE('',(#183),#1928,.T.);
#73=ADVANCED_FACE('',(#184),#1929,.T.);
#74=ADVANCED_FACE('',(#185),#1930,.T.);
#75=ADVANCED_FACE('',(#186),#1931,.T.);
#76=ADVANCED_FACE('',(#187),#1932,.T.);
#77=ADVANCED_FACE('',(#188),#1933,.T.);
#78=ADVANCED_FACE('',(#189),#1934,.T.);
#79=ADVANCED_FACE('',(#190),#1935,.T.);
#80=ADVANCED_FACE('',(#191),#1936,.T.);
#81=ADVANCED_FACE('',(#192),#1937,.T.);
#82=ADVANCED_FACE('',(#193),#1938,.T.);
#83=ADVANCED_FACE('',(#194),#1939,.T.);
#84=ADVANCED_FACE('',(#195),#1940,.T.);
#85=ADVANCED_FACE('',(#196),#1941,.T.);
#86=ADVANCED_FACE('',(#197),#1942,.T.);
#87=ADVANCED_FACE('',(#198),#1943,.T.);
#88=ADVANCED_FACE('',(#199),#1944,.T.);
#89=ADVANCED_FACE('',(#200),#1945,.T.);
#90=ADVANCED_FACE('',(#201),#1946,.T.);
#91=ADVANCED_FACE('',(#202),#1947,.T.);
#92=ADVANCED_FACE('',(#203),#1948,.T.);
#93=ADVANCED_FACE('',(#204),#1949,.T.);
#94=ADVANCED_FACE('',(#205),#1950,.T.);
#95=ADVANCED_FACE('',(#206),#1951,.T.);
#96=ADVANCED_FACE('',(#207),#1952,.T.);
#97=ADVANCED_FACE('',(#208),#1953,.T.);
#98=ADVANCED_FACE('',(#209),#1954,.T.);
#99=ADVANCED_FACE('',(#210),#1955,.T.);
#100=ADVANCED_FACE('',(#211),#1956,.T.);
#101=ADVANCED_FACE('',(#212),#1957,.T.);
#102=ADVANCED_FACE('',(#213),#1958,.T.);
#103=ADVANCED_FACE('',(#214),#1959,.T.);
#104=ADVANCED_FACE('',(#215),#1960,.T.);
#105=ADVANCED_FACE('',(#216),#1961,.T.);
#106=ADVANCED_FACE('',(#217),#1962,.T.);
#107=ADVANCED_FACE('',(#218),#1963,.T.);
#108=ADVANCED_FACE('',(#219),#1964,.T.);
#109=ADVANCED_FACE('',(#220),#1965,.T.);
#110=ADVANCED_FACE('',(#221),#1966,.T.);
#111=ADVANCED_FACE('',(#222),#1967,.T.);
#112=ADVANCED_FACE('',(#223),#1968,.T.);
#113=ADVANCED_FACE('',(#224),#1969,.T.);
#114=ADVANCED_FACE('',(#225),#1970,.T.);
#115=ADVANCED_FACE('',(#226),#1971,.T.);
#116=ADVANCED_FACE('',(#227),#1972,.T.);
#117=ADVANCED_FACE('',(#228),#1973,.T.);
#118=ADVANCED_FACE('',(#229),#1974,.T.);
#119=ADVANCED_FACE('',(#230),#1975,.T.);
#120=ADVANCED_FACE('',(#231),#1976,.T.);
#121=ADVANCED_FACE('',(#232),#1977,.T.);
#122=ADVANCED_FACE('',(#233),#1978,.T.);
#123=ADVANCED_FACE('',(#234),#1979,.T.);
#124=ADVANCED_FACE('',(#235),#1980,.T.);
#125=ADVANCED_FACE('',(#236),#1981,.T.);
#126=ADVANCED_FACE('',(#237),#1982,.T.);
#127=ADVANCED_FACE('',(#238),#1983,.T.);
#128=ADVANCED_FACE('',(#239),#1984,.T.);
#129=ADVANCED_FACE('',(#240),#1985,.T.);
#130=ADVANCED_FACE('',(#241),#1986,.T.);
#131=ADVANCED_FACE('',(#242),#1987,.T.);
#132=ADVANCED_FACE('',(#243),#1988,.T.);
#133=ADVANCED_FACE('',(#244),#1989,.T.);
#134=ADVANCED_FACE('',(#245),#1990,.T.);
#135=ADVANCED_FACE('',(#246),#1991,.T.);
#136=ADVANCED_FACE('',(#247),#1992,.T.);
#137=ADVANCED_FACE('',(#248),#1993,.T.);
#138=ADVANCED_FACE('',(#249),#1994,.T.);
#139=ADVANCED_FACE('',(#250),#1995,.T.);
#140=ADVANCED_FACE('',(#251),#1894,.T.);
#141=ADVANCED_FACE('',(#252),#1996,.T.);
#142=ADVANCED_FACE('',(#253),#1997,.T.);
#143=ADVANCED_FACE('',(#254),#1893,.T.);
#144=ADVANCED_FACE('',(#255),#1889,.F.);
#145=ADVANCED_FACE('',(#256),#1998,.T.);
#146=ADVANCED_FACE('',(#257),#1890,.F.);
#147=ADVANCED_FACE('',(#258),#1999,.T.);
#148=ADVANCED_FACE('',(#259),#1891,.F.);
#149=ADVANCED_FACE('',(#260),#1892,.F.);
#150=FACE_OUTER_BOUND('',#261,.T.);
#151=FACE_OUTER_BOUND('',#262,.T.);
#152=FACE_OUTER_BOUND('',#263,.T.);
#153=FACE_OUTER_BOUND('',#264,.T.);
#154=FACE_OUTER_BOUND('',#265,.T.);
#155=FACE_OUTER_BOUND('',#266,.T.);
#156=FACE_OUTER_BOUND('',#267,.T.);
#157=FACE_OUTER_BOUND('',#268,.T.);
#158=FACE_OUTER_BOUND('',#269,.T.);
#159=FACE_OUTER_BOUND('',#271,.T.);
#160=FACE_OUTER_BOUND('',#272,.T.);
#161=FACE_OUTER_BOUND('',#274,.T.);
#162=FACE_OUTER_BOUND('',#275,.T.);
#163=FACE_OUTER_BOUND('',#286,.T.);
#164=FACE_OUTER_BOUND('',#300,.T.);
#165=FACE_OUTER_BOUND('',#301,.T.);
#166=FACE_OUTER_BOUND('',#302,.T.);
#167=FACE_OUTER_BOUND('',#303,.T.);
#168=FACE_OUTER_BOUND('',#304,.T.);
#169=FACE_OUTER_BOUND('',#305,.T.);
#170=FACE_OUTER_BOUND('',#306,.T.);
#171=FACE_OUTER_BOUND('',#307,.T.);
#172=FACE_OUTER_BOUND('',#308,.T.);
#173=FACE_OUTER_BOUND('',#309,.T.);
#174=FACE_OUTER_BOUND('',#310,.T.);
#175=FACE_OUTER_BOUND('',#311,.T.);
#176=FACE_OUTER_BOUND('',#312,.T.);
#177=FACE_OUTER_BOUND('',#313,.T.);
#178=FACE_OUTER_BOUND('',#314,.T.);
#179=FACE_OUTER_BOUND('',#315,.T.);
#180=FACE_OUTER_BOUND('',#316,.T.);
#181=FACE_OUTER_BOUND('',#317,.T.);
#182=FACE_OUTER_BOUND('',#318,.T.);
#183=FACE_OUTER_BOUND('',#319,.T.);
#184=FACE_OUTER_BOUND('',#320,.T.);
#185=FACE_OUTER_BOUND('',#321,.T.);
#186=FACE_OUTER_BOUND('',#322,.T.);
#187=FACE_OUTER_BOUND('',#323,.T.);
#188=FACE_OUTER_BOUND('',#324,.T.);
#189=FACE_OUTER_BOUND('',#325,.T.);
#190=FACE_OUTER_BOUND('',#326,.T.);
#191=FACE_OUTER_BOUND('',#327,.T.);
#192=FACE_OUTER_BOUND('',#328,.T.);
#193=FACE_OUTER_BOUND('',#329,.T.);
#194=FACE_OUTER_BOUND('',#330,.T.);
#195=FACE_OUTER_BOUND('',#331,.T.);
#196=FACE_OUTER_BOUND('',#332,.T.);
#197=FACE_OUTER_BOUND('',#333,.T.);
#198=FACE_OUTER_BOUND('',#334,.T.);
#199=FACE_OUTER_BOUND('',#335,.T.);
#200=FACE_OUTER_BOUND('',#336,.T.);
#201=FACE_OUTER_BOUND('',#337,.T.);
#202=FACE_OUTER_BOUND('',#338,.T.);
#203=FACE_OUTER_BOUND('',#339,.T.);
#204=FACE_OUTER_BOUND('',#340,.T.);
#205=FACE_OUTER_BOUND('',#341,.T.);
#206=FACE_OUTER_BOUND('',#342,.T.);
#207=FACE_OUTER_BOUND('',#343,.T.);
#208=FACE_OUTER_BOUND('',#344,.T.);
#209=FACE_OUTER_BOUND('',#345,.T.);
#210=FACE_OUTER_BOUND('',#346,.T.);
#211=FACE_OUTER_BOUND('',#347,.T.);
#212=FACE_OUTER_BOUND('',#348,.T.);
#213=FACE_OUTER_BOUND('',#349,.T.);
#214=FACE_OUTER_BOUND('',#350,.T.);
#215=FACE_OUTER_BOUND('',#351,.T.);
#216=FACE_OUTER_BOUND('',#352,.T.);
#217=FACE_OUTER_BOUND('',#353,.T.);
#218=FACE_OUTER_BOUND('',#354,.T.);
#219=FACE_OUTER_BOUND('',#355,.T.);
#220=FACE_OUTER_BOUND('',#356,.T.);
#221=FACE_OUTER_BOUND('',#357,.T.);
#222=FACE_OUTER_BOUND('',#358,.T.);
#223=FACE_OUTER_BOUND('',#359,.T.);
#224=FACE_OUTER_BOUND('',#360,.T.);
#225=FACE_OUTER_BOUND('',#361,.T.);
#226=FACE_OUTER_BOUND('',#362,.T.);
#227=FACE_OUTER_BOUND('',#363,.T.);
#228=FACE_OUTER_BOUND('',#364,.T.);
#229=FACE_OUTER_BOUND('',#365,.T.);
#230=FACE_OUTER_BOUND('',#366,.T.);
#231=FACE_OUTER_BOUND('',#367,.T.);
#232=FACE_OUTER_BOUND('',#368,.T.);
#233=FACE_OUTER_BOUND('',#369,.T.);
#234=FACE_OUTER_BOUND('',#370,.T.);
#235=FACE_OUTER_BOUND('',#371,.T.);
#236=FACE_OUTER_BOUND('',#372,.T.);
#237=FACE_OUTER_BOUND('',#373,.T.);
#238=FACE_OUTER_BOUND('',#374,.T.);
#239=FACE_OUTER_BOUND('',#375,.T.);
#240=FACE_OUTER_BOUND('',#376,.T.);
#241=FACE_OUTER_BOUND('',#377,.T.);
#242=FACE_OUTER_BOUND('',#378,.T.);
#243=FACE_OUTER_BOUND('',#379,.T.);
#244=FACE_OUTER_BOUND('',#380,.T.);
#245=FACE_OUTER_BOUND('',#381,.T.);
#246=FACE_OUTER_BOUND('',#382,.T.);
#247=FACE_OUTER_BOUND('',#383,.T.);
#248=FACE_OUTER_BOUND('',#384,.T.);
#249=FACE_OUTER_BOUND('',#385,.T.);
#250=FACE_OUTER_BOUND('',#386,.T.);
#251=FACE_OUTER_BOUND('',#387,.T.);
#252=FACE_OUTER_BOUND('',#388,.T.);
#253=FACE_OUTER_BOUND('',#389,.T.);
#254=FACE_OUTER_BOUND('',#390,.T.);
#255=FACE_OUTER_BOUND('',#391,.T.);
#256=FACE_OUTER_BOUND('',#392,.T.);
#257=FACE_OUTER_BOUND('',#393,.T.);
#258=FACE_OUTER_BOUND('',#394,.T.);
#259=FACE_OUTER_BOUND('',#395,.T.);
#260=FACE_OUTER_BOUND('',#396,.T.);
#261=EDGE_LOOP('',(#397,#398,#399,#400));
#262=EDGE_LOOP('',(#401,#402,#403,#404));
#263=EDGE_LOOP('',(#405,#406,#407,#408));
#264=EDGE_LOOP('',(#409,#410,#411,#412));
#265=EDGE_LOOP('',(#413,#414,#415,#416));
#266=EDGE_LOOP('',(#417,#418,#419,#420));
#267=EDGE_LOOP('',(#421,#422,#423,#424));
#268=EDGE_LOOP('',(#425,#426,#427,#428));
#269=EDGE_LOOP('',(#429,#430,#431,#432));
#270=EDGE_LOOP('',(#433,#434));
#271=EDGE_LOOP('',(#435,#436,#437,#438));
#272=EDGE_LOOP('',(#439,#440,#441,#442));
#273=EDGE_LOOP('',(#443,#444));
#274=EDGE_LOOP('',(#445,#446,#447,#448));
#275=EDGE_LOOP('',(#449,#450,#451,#452));
#276=EDGE_LOOP('',(#453,#454,#455,#456));
#277=EDGE_LOOP('',(#457,#458,#459,#460));
#278=EDGE_LOOP('',(#461,#462,#463,#464));
#279=EDGE_LOOP('',(#465,#466,#467,#468));
#280=EDGE_LOOP('',(#469,#470,#471,#472));
#281=EDGE_LOOP('',(#473,#474,#475,#476));
#282=EDGE_LOOP('',(#477,#478,#479,#480));
#283=EDGE_LOOP('',(#481,#482,#483,#484));
#284=EDGE_LOOP('',(#485,#486,#487,#488));
#285=EDGE_LOOP('',(#489,#490,#491,#492));
#286=EDGE_LOOP('',(#493,#494,#495,#496));
#287=EDGE_LOOP('',(#497,#498,#499,#500,#501,#502,#503,#504));
#288=EDGE_LOOP('',(#505,#506,#507,#508,#509,#510,#511,#512));
#289=EDGE_LOOP('',(#513,#514,#515,#516,#517,#518,#519,#520));
#290=EDGE_LOOP('',(#521,#522,#523,#524,#525,#526,#527,#528));
#291=EDGE_LOOP('',(#529,#530,#531,#532,#533,#534,#535,#536));
#292=EDGE_LOOP('',(#537,#538,#539,#540));
#293=EDGE_LOOP('',(#541,#542,#543,#544,#545,#546,#547,#548));
#294=EDGE_LOOP('',(#549,#550,#551,#552,#553,#554,#555,#556));
#295=EDGE_LOOP('',(#557,#558,#559,#560,#561,#562,#563,#564));
#296=EDGE_LOOP('',(#565,#566,#567,#568,#569,#570,#571,#572));
#297=EDGE_LOOP('',(#573,#574,#575,#576,#577,#578,#579,#580));
#298=EDGE_LOOP('',(#581,#582,#583,#584));
#299=EDGE_LOOP('',(#585,#586,#587,#588));
#300=EDGE_LOOP('',(#589,#590,#591,#592));
#301=EDGE_LOOP('',(#593,#594,#595,#596,#597));
#302=EDGE_LOOP('',(#598,#599,#600,#601));
#303=EDGE_LOOP('',(#602,#603,#604,#605,#606));
#304=EDGE_LOOP('',(#607,#608,#609,#610));
#305=EDGE_LOOP('',(#611,#612,#613,#614,#615));
#306=EDGE_LOOP('',(#616,#617,#618,#619));
#307=EDGE_LOOP('',(#620,#621,#622,#623,#624));
#308=EDGE_LOOP('',(#625,#626,#627,#628));
#309=EDGE_LOOP('',(#629,#630,#631,#632,#633));
#310=EDGE_LOOP('',(#634,#635,#636,#637));
#311=EDGE_LOOP('',(#638,#639,#640,#641,#642));
#312=EDGE_LOOP('',(#643,#644,#645,#646));
#313=EDGE_LOOP('',(#647,#648,#649,#650,#651));
#314=EDGE_LOOP('',(#652,#653,#654,#655));
#315=EDGE_LOOP('',(#656,#657,#658,#659,#660));
#316=EDGE_LOOP('',(#661,#662,#663,#664));
#317=EDGE_LOOP('',(#665,#666,#667,#668,#669));
#318=EDGE_LOOP('',(#670,#671,#672,#673));
#319=EDGE_LOOP('',(#674,#675,#676,#677,#678));
#320=EDGE_LOOP('',(#679,#680,#681,#682));
#321=EDGE_LOOP('',(#683,#684,#685,#686));
#322=EDGE_LOOP('',(#687,#688,#689,#690));
#323=EDGE_LOOP('',(#691,#692,#693,#694));
#324=EDGE_LOOP('',(#695,#696,#697,#698));
#325=EDGE_LOOP('',(#699,#700,#701,#702));
#326=EDGE_LOOP('',(#703,#704,#705,#706));
#327=EDGE_LOOP('',(#707,#708,#709,#710,#711));
#328=EDGE_LOOP('',(#712,#713,#714,#715));
#329=EDGE_LOOP('',(#716,#717,#718,#719,#720));
#330=EDGE_LOOP('',(#721,#722,#723,#724));
#331=EDGE_LOOP('',(#725,#726,#727,#728));
#332=EDGE_LOOP('',(#729,#730,#731,#732,#733));
#333=EDGE_LOOP('',(#734,#735,#736,#737));
#334=EDGE_LOOP('',(#738,#739,#740,#741,#742));
#335=EDGE_LOOP('',(#743,#744,#745,#746));
#336=EDGE_LOOP('',(#747,#748,#749,#750,#751));
#337=EDGE_LOOP('',(#752,#753,#754,#755));
#338=EDGE_LOOP('',(#756,#757,#758,#759,#760));
#339=EDGE_LOOP('',(#761,#762,#763,#764,#765,#766,#767,#768));
#340=EDGE_LOOP('',(#769,#770,#771,#772));
#341=EDGE_LOOP('',(#773,#774,#775,#776));
#342=EDGE_LOOP('',(#777,#778,#779,#780));
#343=EDGE_LOOP('',(#781,#782,#783,#784));
#344=EDGE_LOOP('',(#785,#786,#787,#788,#789,#790,#791,#792));
#345=EDGE_LOOP('',(#793,#794,#795,#796));
#346=EDGE_LOOP('',(#797,#798,#799,#800));
#347=EDGE_LOOP('',(#801,#802,#803,#804));
#348=EDGE_LOOP('',(#805,#806,#807,#808));
#349=EDGE_LOOP('',(#809,#810,#811,#812,#813,#814,#815,#816));
#350=EDGE_LOOP('',(#817,#818,#819,#820));
#351=EDGE_LOOP('',(#821,#822,#823,#824));
#352=EDGE_LOOP('',(#825,#826,#827,#828));
#353=EDGE_LOOP('',(#829,#830,#831,#832));
#354=EDGE_LOOP('',(#833,#834,#835,#836,#837,#838,#839,#840));
#355=EDGE_LOOP('',(#841,#842,#843,#844));
#356=EDGE_LOOP('',(#845,#846,#847,#848));
#357=EDGE_LOOP('',(#849,#850,#851,#852));
#358=EDGE_LOOP('',(#853,#854,#855,#856));
#359=EDGE_LOOP('',(#857,#858,#859,#860,#861,#862,#863,#864));
#360=EDGE_LOOP('',(#865,#866,#867,#868));
#361=EDGE_LOOP('',(#869,#870,#871,#872));
#362=EDGE_LOOP('',(#873,#874,#875,#876));
#363=EDGE_LOOP('',(#877,#878,#879,#880));
#364=EDGE_LOOP('',(#881,#882,#883,#884,#885,#886,#887,#888));
#365=EDGE_LOOP('',(#889,#890,#891,#892));
#366=EDGE_LOOP('',(#893,#894,#895,#896));
#367=EDGE_LOOP('',(#897,#898,#899,#900));
#368=EDGE_LOOP('',(#901,#902,#903,#904));
#369=EDGE_LOOP('',(#905,#906,#907,#908,#909,#910,#911,#912));
#370=EDGE_LOOP('',(#913,#914,#915,#916));
#371=EDGE_LOOP('',(#917,#918,#919,#920));
#372=EDGE_LOOP('',(#921,#922,#923,#924));
#373=EDGE_LOOP('',(#925,#926,#927,#928));
#374=EDGE_LOOP('',(#929,#930,#931,#932,#933,#934,#935,#936));
#375=EDGE_LOOP('',(#937,#938,#939,#940));
#376=EDGE_LOOP('',(#941,#942,#943,#944));
#377=EDGE_LOOP('',(#945,#946,#947,#948));
#378=EDGE_LOOP('',(#949,#950,#951,#952));
#379=EDGE_LOOP('',(#953,#954,#955,#956,#957,#958,#959,#960));
#380=EDGE_LOOP('',(#961,#962,#963,#964,#965));
#381=EDGE_LOOP('',(#966,#967,#968,#969));
#382=EDGE_LOOP('',(#970,#971,#972,#973,#974));
#383=EDGE_LOOP('',(#975,#976,#977,#978,#979,#980,#981,#982));
#384=EDGE_LOOP('',(#983,#984,#985,#986,#987));
#385=EDGE_LOOP('',(#988,#989,#990,#991));
#386=EDGE_LOOP('',(#992,#993,#994,#995,#996));
#387=EDGE_LOOP('',(#997,#998,#999,#1000));
#388=EDGE_LOOP('',(#1001,#1002,#1003,#1004));
#389=EDGE_LOOP('',(#1005,#1006,#1007,#1008));
#390=EDGE_LOOP('',(#1009,#1010,#1011,#1012));
#391=EDGE_LOOP('',(#1013,#1014,#1015,#1016));
#392=EDGE_LOOP('',(#1017,#1018));
#393=EDGE_LOOP('',(#1019,#1020,#1021,#1022));
#394=EDGE_LOOP('',(#1023,#1024));
#395=EDGE_LOOP('',(#1025,#1026,#1027,#1028));
#396=EDGE_LOOP('',(#1029,#1030,#1031,#1032));
#397=ORIENTED_EDGE('',*,*,#1034,.T.);
#398=ORIENTED_EDGE('',*,*,#1035,.T.);
#399=ORIENTED_EDGE('',*,*,#1036,.F.);
#400=ORIENTED_EDGE('',*,*,#1033,.F.);
#401=ORIENTED_EDGE('',*,*,#1321,.T.);
#402=ORIENTED_EDGE('',*,*,#1038,.F.);
#403=ORIENTED_EDGE('',*,*,#1035,.F.);
#404=ORIENTED_EDGE('',*,*,#1037,.T.);
#405=ORIENTED_EDGE('',*,*,#1037,.F.);
#406=ORIENTED_EDGE('',*,*,#1034,.F.);
#407=ORIENTED_EDGE('',*,*,#1324,.F.);
#408=ORIENTED_EDGE('',*,*,#1322,.F.);
#409=ORIENTED_EDGE('',*,*,#1323,.T.);
#410=ORIENTED_EDGE('',*,*,#1325,.T.);
#411=ORIENTED_EDGE('',*,*,#1036,.T.);
#412=ORIENTED_EDGE('',*,*,#1038,.T.);
#413=ORIENTED_EDGE('',*,*,#1040,.T.);
#414=ORIENTED_EDGE('',*,*,#1041,.T.);
#415=ORIENTED_EDGE('',*,*,#1042,.F.);
#416=ORIENTED_EDGE('',*,*,#1039,.F.);
#417=ORIENTED_EDGE('',*,*,#1310,.T.);
#418=ORIENTED_EDGE('',*,*,#1044,.F.);
#419=ORIENTED_EDGE('',*,*,#1041,.F.);
#420=ORIENTED_EDGE('',*,*,#1043,.T.);
#421=ORIENTED_EDGE('',*,*,#1043,.F.);
#422=ORIENTED_EDGE('',*,*,#1040,.F.);
#423=ORIENTED_EDGE('',*,*,#1313,.F.);
#424=ORIENTED_EDGE('',*,*,#1311,.F.);
#425=ORIENTED_EDGE('',*,*,#1312,.T.);
#426=ORIENTED_EDGE('',*,*,#1314,.T.);
#427=ORIENTED_EDGE('',*,*,#1042,.T.);
#428=ORIENTED_EDGE('',*,*,#1044,.T.);
#429=ORIENTED_EDGE('',*,*,#1045,.T.);
#430=ORIENTED_EDGE('',*,*,#1046,.T.);
#431=ORIENTED_EDGE('',*,*,#1047,.F.);
#432=ORIENTED_EDGE('',*,*,#1048,.F.);
#433=ORIENTED_EDGE('',*,*,#1344,.T.);
#434=ORIENTED_EDGE('',*,*,#1350,.T.);
#435=ORIENTED_EDGE('',*,*,#1049,.T.);
#436=ORIENTED_EDGE('',*,*,#1050,.T.);
#437=ORIENTED_EDGE('',*,*,#1051,.F.);
#438=ORIENTED_EDGE('',*,*,#1046,.F.);
#439=ORIENTED_EDGE('',*,*,#1052,.T.);
#440=ORIENTED_EDGE('',*,*,#1053,.T.);
#441=ORIENTED_EDGE('',*,*,#1054,.F.);
#442=ORIENTED_EDGE('',*,*,#1050,.F.);
#443=ORIENTED_EDGE('',*,*,#1339,.T.);
#444=ORIENTED_EDGE('',*,*,#1346,.T.);
#445=ORIENTED_EDGE('',*,*,#1055,.T.);
#446=ORIENTED_EDGE('',*,*,#1048,.T.);
#447=ORIENTED_EDGE('',*,*,#1056,.F.);
#448=ORIENTED_EDGE('',*,*,#1053,.F.);
#449=ORIENTED_EDGE('',*,*,#1055,.F.);
#450=ORIENTED_EDGE('',*,*,#1052,.F.);
#451=ORIENTED_EDGE('',*,*,#1049,.F.);
#452=ORIENTED_EDGE('',*,*,#1045,.F.);
#453=ORIENTED_EDGE('',*,*,#1061,.T.);
#454=ORIENTED_EDGE('',*,*,#1062,.T.);
#455=ORIENTED_EDGE('',*,*,#1063,.T.);
#456=ORIENTED_EDGE('',*,*,#1064,.T.);
#457=ORIENTED_EDGE('',*,*,#1071,.T.);
#458=ORIENTED_EDGE('',*,*,#1072,.T.);
#459=ORIENTED_EDGE('',*,*,#1073,.T.);
#460=ORIENTED_EDGE('',*,*,#1074,.T.);
#461=ORIENTED_EDGE('',*,*,#1081,.T.);
#462=ORIENTED_EDGE('',*,*,#1082,.T.);
#463=ORIENTED_EDGE('',*,*,#1083,.T.);
#464=ORIENTED_EDGE('',*,*,#1084,.T.);
#465=ORIENTED_EDGE('',*,*,#1091,.T.);
#466=ORIENTED_EDGE('',*,*,#1092,.T.);
#467=ORIENTED_EDGE('',*,*,#1093,.T.);
#468=ORIENTED_EDGE('',*,*,#1094,.T.);
#469=ORIENTED_EDGE('',*,*,#1101,.T.);
#470=ORIENTED_EDGE('',*,*,#1102,.T.);
#471=ORIENTED_EDGE('',*,*,#1103,.T.);
#472=ORIENTED_EDGE('',*,*,#1104,.T.);
#473=ORIENTED_EDGE('',*,*,#1123,.T.);
#474=ORIENTED_EDGE('',*,*,#1124,.T.);
#475=ORIENTED_EDGE('',*,*,#1125,.T.);
#476=ORIENTED_EDGE('',*,*,#1126,.T.);
#477=ORIENTED_EDGE('',*,*,#1133,.T.);
#478=ORIENTED_EDGE('',*,*,#1134,.T.);
#479=ORIENTED_EDGE('',*,*,#1135,.T.);
#480=ORIENTED_EDGE('',*,*,#1136,.T.);
#481=ORIENTED_EDGE('',*,*,#1143,.T.);
#482=ORIENTED_EDGE('',*,*,#1144,.T.);
#483=ORIENTED_EDGE('',*,*,#1145,.T.);
#484=ORIENTED_EDGE('',*,*,#1146,.T.);
#485=ORIENTED_EDGE('',*,*,#1153,.T.);
#486=ORIENTED_EDGE('',*,*,#1154,.T.);
#487=ORIENTED_EDGE('',*,*,#1155,.T.);
#488=ORIENTED_EDGE('',*,*,#1156,.T.);
#489=ORIENTED_EDGE('',*,*,#1163,.T.);
#490=ORIENTED_EDGE('',*,*,#1164,.T.);
#491=ORIENTED_EDGE('',*,*,#1165,.T.);
#492=ORIENTED_EDGE('',*,*,#1166,.T.);
#493=ORIENTED_EDGE('',*,*,#1047,.T.);
#494=ORIENTED_EDGE('',*,*,#1051,.T.);
#495=ORIENTED_EDGE('',*,*,#1054,.T.);
#496=ORIENTED_EDGE('',*,*,#1056,.T.);
#497=ORIENTED_EDGE('',*,*,#1243,.T.);
#498=ORIENTED_EDGE('',*,*,#1066,.F.);
#499=ORIENTED_EDGE('',*,*,#1065,.F.);
#500=ORIENTED_EDGE('',*,*,#1251,.F.);
#501=ORIENTED_EDGE('',*,*,#1244,.T.);
#502=ORIENTED_EDGE('',*,*,#1247,.T.);
#503=ORIENTED_EDGE('',*,*,#1245,.T.);
#504=ORIENTED_EDGE('',*,*,#1246,.F.);
#505=ORIENTED_EDGE('',*,*,#1226,.T.);
#506=ORIENTED_EDGE('',*,*,#1076,.F.);
#507=ORIENTED_EDGE('',*,*,#1075,.F.);
#508=ORIENTED_EDGE('',*,*,#1234,.F.);
#509=ORIENTED_EDGE('',*,*,#1227,.T.);
#510=ORIENTED_EDGE('',*,*,#1230,.T.);
#511=ORIENTED_EDGE('',*,*,#1228,.T.);
#512=ORIENTED_EDGE('',*,*,#1229,.F.);
#513=ORIENTED_EDGE('',*,*,#1209,.T.);
#514=ORIENTED_EDGE('',*,*,#1086,.F.);
#515=ORIENTED_EDGE('',*,*,#1085,.F.);
#516=ORIENTED_EDGE('',*,*,#1217,.F.);
#517=ORIENTED_EDGE('',*,*,#1210,.T.);
#518=ORIENTED_EDGE('',*,*,#1213,.T.);
#519=ORIENTED_EDGE('',*,*,#1211,.T.);
#520=ORIENTED_EDGE('',*,*,#1212,.F.);
#521=ORIENTED_EDGE('',*,*,#1192,.T.);
#522=ORIENTED_EDGE('',*,*,#1096,.F.);
#523=ORIENTED_EDGE('',*,*,#1095,.F.);
#524=ORIENTED_EDGE('',*,*,#1200,.F.);
#525=ORIENTED_EDGE('',*,*,#1193,.T.);
#526=ORIENTED_EDGE('',*,*,#1196,.T.);
#527=ORIENTED_EDGE('',*,*,#1194,.T.);
#528=ORIENTED_EDGE('',*,*,#1195,.F.);
#529=ORIENTED_EDGE('',*,*,#1175,.T.);
#530=ORIENTED_EDGE('',*,*,#1106,.F.);
#531=ORIENTED_EDGE('',*,*,#1105,.F.);
#532=ORIENTED_EDGE('',*,*,#1183,.F.);
#533=ORIENTED_EDGE('',*,*,#1176,.T.);
#534=ORIENTED_EDGE('',*,*,#1179,.T.);
#535=ORIENTED_EDGE('',*,*,#1177,.T.);
#536=ORIENTED_EDGE('',*,*,#1178,.F.);
#537=ORIENTED_EDGE('',*,*,#1118,.F.);
#538=ORIENTED_EDGE('',*,*,#1117,.F.);
#539=ORIENTED_EDGE('',*,*,#1116,.F.);
#540=ORIENTED_EDGE('',*,*,#1115,.F.);
#541=ORIENTED_EDGE('',*,*,#1260,.T.);
#542=ORIENTED_EDGE('',*,*,#1138,.F.);
#543=ORIENTED_EDGE('',*,*,#1137,.F.);
#544=ORIENTED_EDGE('',*,*,#1268,.F.);
#545=ORIENTED_EDGE('',*,*,#1261,.T.);
#546=ORIENTED_EDGE('',*,*,#1264,.T.);
#547=ORIENTED_EDGE('',*,*,#1262,.T.);
#548=ORIENTED_EDGE('',*,*,#1263,.F.);
#549=ORIENTED_EDGE('',*,*,#1277,.T.);
#550=ORIENTED_EDGE('',*,*,#1158,.F.);
#551=ORIENTED_EDGE('',*,*,#1157,.F.);
#552=ORIENTED_EDGE('',*,*,#1285,.F.);
#553=ORIENTED_EDGE('',*,*,#1278,.T.);
#554=ORIENTED_EDGE('',*,*,#1281,.T.);
#555=ORIENTED_EDGE('',*,*,#1279,.T.);
#556=ORIENTED_EDGE('',*,*,#1280,.F.);
#557=ORIENTED_EDGE('',*,*,#1294,.T.);
#558=ORIENTED_EDGE('',*,*,#1168,.F.);
#559=ORIENTED_EDGE('',*,*,#1167,.F.);
#560=ORIENTED_EDGE('',*,*,#1302,.F.);
#561=ORIENTED_EDGE('',*,*,#1295,.T.);
#562=ORIENTED_EDGE('',*,*,#1298,.T.);
#563=ORIENTED_EDGE('',*,*,#1296,.T.);
#564=ORIENTED_EDGE('',*,*,#1297,.F.);
#565=ORIENTED_EDGE('',*,*,#1311,.T.);
#566=ORIENTED_EDGE('',*,*,#1306,.F.);
#567=ORIENTED_EDGE('',*,*,#1148,.F.);
#568=ORIENTED_EDGE('',*,*,#1147,.F.);
#569=ORIENTED_EDGE('',*,*,#1315,.F.);
#570=ORIENTED_EDGE('',*,*,#1305,.F.);
#571=ORIENTED_EDGE('',*,*,#1312,.F.);
#572=ORIENTED_EDGE('',*,*,#1310,.F.);
#573=ORIENTED_EDGE('',*,*,#1322,.T.);
#574=ORIENTED_EDGE('',*,*,#1317,.F.);
#575=ORIENTED_EDGE('',*,*,#1128,.F.);
#576=ORIENTED_EDGE('',*,*,#1127,.F.);
#577=ORIENTED_EDGE('',*,*,#1326,.F.);
#578=ORIENTED_EDGE('',*,*,#1316,.F.);
#579=ORIENTED_EDGE('',*,*,#1323,.F.);
#580=ORIENTED_EDGE('',*,*,#1321,.F.);
#581=ORIENTED_EDGE('',*,*,#1334,.F.);
#582=ORIENTED_EDGE('',*,*,#1332,.F.);
#583=ORIENTED_EDGE('',*,*,#1333,.T.);
#584=ORIENTED_EDGE('',*,*,#1335,.F.);
#585=ORIENTED_EDGE('',*,*,#1331,.T.);
#586=ORIENTED_EDGE('',*,*,#1337,.F.);
#587=ORIENTED_EDGE('',*,*,#1338,.F.);
#588=ORIENTED_EDGE('',*,*,#1336,.T.);
#589=ORIENTED_EDGE('',*,*,#1058,.T.);
#590=ORIENTED_EDGE('',*,*,#1065,.T.);
#591=ORIENTED_EDGE('',*,*,#1057,.F.);
#592=ORIENTED_EDGE('',*,*,#1061,.F.);
#593=ORIENTED_EDGE('',*,*,#1059,.F.);
#594=ORIENTED_EDGE('',*,*,#1062,.F.);
#595=ORIENTED_EDGE('',*,*,#1057,.T.);
#596=ORIENTED_EDGE('',*,*,#1066,.T.);
#597=ORIENTED_EDGE('',*,*,#1248,.F.);
#598=ORIENTED_EDGE('',*,*,#1060,.F.);
#599=ORIENTED_EDGE('',*,*,#1063,.F.);
#600=ORIENTED_EDGE('',*,*,#1059,.T.);
#601=ORIENTED_EDGE('',*,*,#1249,.F.);
#602=ORIENTED_EDGE('',*,*,#1251,.T.);
#603=ORIENTED_EDGE('',*,*,#1058,.F.);
#604=ORIENTED_EDGE('',*,*,#1064,.F.);
#605=ORIENTED_EDGE('',*,*,#1060,.T.);
#606=ORIENTED_EDGE('',*,*,#1250,.F.);
#607=ORIENTED_EDGE('',*,*,#1068,.T.);
#608=ORIENTED_EDGE('',*,*,#1075,.T.);
#609=ORIENTED_EDGE('',*,*,#1067,.F.);
#610=ORIENTED_EDGE('',*,*,#1071,.F.);
#611=ORIENTED_EDGE('',*,*,#1069,.F.);
#612=ORIENTED_EDGE('',*,*,#1072,.F.);
#613=ORIENTED_EDGE('',*,*,#1067,.T.);
#614=ORIENTED_EDGE('',*,*,#1076,.T.);
#615=ORIENTED_EDGE('',*,*,#1231,.F.);
#616=ORIENTED_EDGE('',*,*,#1070,.F.);
#617=ORIENTED_EDGE('',*,*,#1073,.F.);
#618=ORIENTED_EDGE('',*,*,#1069,.T.);
#619=ORIENTED_EDGE('',*,*,#1232,.F.);
#620=ORIENTED_EDGE('',*,*,#1234,.T.);
#621=ORIENTED_EDGE('',*,*,#1068,.F.);
#622=ORIENTED_EDGE('',*,*,#1074,.F.);
#623=ORIENTED_EDGE('',*,*,#1070,.T.);
#624=ORIENTED_EDGE('',*,*,#1233,.F.);
#625=ORIENTED_EDGE('',*,*,#1078,.T.);
#626=ORIENTED_EDGE('',*,*,#1085,.T.);
#627=ORIENTED_EDGE('',*,*,#1077,.F.);
#628=ORIENTED_EDGE('',*,*,#1081,.F.);
#629=ORIENTED_EDGE('',*,*,#1079,.F.);
#630=ORIENTED_EDGE('',*,*,#1082,.F.);
#631=ORIENTED_EDGE('',*,*,#1077,.T.);
#632=ORIENTED_EDGE('',*,*,#1086,.T.);
#633=ORIENTED_EDGE('',*,*,#1214,.F.);
#634=ORIENTED_EDGE('',*,*,#1080,.F.);
#635=ORIENTED_EDGE('',*,*,#1083,.F.);
#636=ORIENTED_EDGE('',*,*,#1079,.T.);
#637=ORIENTED_EDGE('',*,*,#1215,.F.);
#638=ORIENTED_EDGE('',*,*,#1217,.T.);
#639=ORIENTED_EDGE('',*,*,#1078,.F.);
#640=ORIENTED_EDGE('',*,*,#1084,.F.);
#641=ORIENTED_EDGE('',*,*,#1080,.T.);
#642=ORIENTED_EDGE('',*,*,#1216,.F.);
#643=ORIENTED_EDGE('',*,*,#1088,.T.);
#644=ORIENTED_EDGE('',*,*,#1095,.T.);
#645=ORIENTED_EDGE('',*,*,#1087,.F.);
#646=ORIENTED_EDGE('',*,*,#1091,.F.);
#647=ORIENTED_EDGE('',*,*,#1089,.F.);
#648=ORIENTED_EDGE('',*,*,#1092,.F.);
#649=ORIENTED_EDGE('',*,*,#1087,.T.);
#650=ORIENTED_EDGE('',*,*,#1096,.T.);
#651=ORIENTED_EDGE('',*,*,#1197,.F.);
#652=ORIENTED_EDGE('',*,*,#1090,.F.);
#653=ORIENTED_EDGE('',*,*,#1093,.F.);
#654=ORIENTED_EDGE('',*,*,#1089,.T.);
#655=ORIENTED_EDGE('',*,*,#1198,.F.);
#656=ORIENTED_EDGE('',*,*,#1200,.T.);
#657=ORIENTED_EDGE('',*,*,#1088,.F.);
#658=ORIENTED_EDGE('',*,*,#1094,.F.);
#659=ORIENTED_EDGE('',*,*,#1090,.T.);
#660=ORIENTED_EDGE('',*,*,#1199,.F.);
#661=ORIENTED_EDGE('',*,*,#1098,.T.);
#662=ORIENTED_EDGE('',*,*,#1105,.T.);
#663=ORIENTED_EDGE('',*,*,#1097,.F.);
#664=ORIENTED_EDGE('',*,*,#1101,.F.);
#665=ORIENTED_EDGE('',*,*,#1099,.F.);
#666=ORIENTED_EDGE('',*,*,#1102,.F.);
#667=ORIENTED_EDGE('',*,*,#1097,.T.);
#668=ORIENTED_EDGE('',*,*,#1106,.T.);
#669=ORIENTED_EDGE('',*,*,#1180,.F.);
#670=ORIENTED_EDGE('',*,*,#1100,.F.);
#671=ORIENTED_EDGE('',*,*,#1103,.F.);
#672=ORIENTED_EDGE('',*,*,#1099,.T.);
#673=ORIENTED_EDGE('',*,*,#1181,.F.);
#674=ORIENTED_EDGE('',*,*,#1183,.T.);
#675=ORIENTED_EDGE('',*,*,#1098,.F.);
#676=ORIENTED_EDGE('',*,*,#1104,.F.);
#677=ORIENTED_EDGE('',*,*,#1100,.T.);
#678=ORIENTED_EDGE('',*,*,#1182,.F.);
#679=ORIENTED_EDGE('',*,*,#1109,.T.);
#680=ORIENTED_EDGE('',*,*,#1115,.T.);
#681=ORIENTED_EDGE('',*,*,#1108,.F.);
#682=ORIENTED_EDGE('',*,*,#1107,.F.);
#683=ORIENTED_EDGE('',*,*,#1108,.T.);
#684=ORIENTED_EDGE('',*,*,#1116,.T.);
#685=ORIENTED_EDGE('',*,*,#1111,.F.);
#686=ORIENTED_EDGE('',*,*,#1110,.F.);
#687=ORIENTED_EDGE('',*,*,#1111,.T.);
#688=ORIENTED_EDGE('',*,*,#1117,.T.);
#689=ORIENTED_EDGE('',*,*,#1113,.F.);
#690=ORIENTED_EDGE('',*,*,#1112,.F.);
#691=ORIENTED_EDGE('',*,*,#1113,.T.);
#692=ORIENTED_EDGE('',*,*,#1118,.T.);
#693=ORIENTED_EDGE('',*,*,#1109,.F.);
#694=ORIENTED_EDGE('',*,*,#1114,.F.);
#695=ORIENTED_EDGE('',*,*,#1107,.T.);
#696=ORIENTED_EDGE('',*,*,#1110,.T.);
#697=ORIENTED_EDGE('',*,*,#1112,.T.);
#698=ORIENTED_EDGE('',*,*,#1114,.T.);
#699=ORIENTED_EDGE('',*,*,#1120,.T.);
#700=ORIENTED_EDGE('',*,*,#1127,.T.);
#701=ORIENTED_EDGE('',*,*,#1119,.F.);
#702=ORIENTED_EDGE('',*,*,#1123,.F.);
#703=ORIENTED_EDGE('',*,*,#1130,.T.);
#704=ORIENTED_EDGE('',*,*,#1137,.T.);
#705=ORIENTED_EDGE('',*,*,#1129,.F.);
#706=ORIENTED_EDGE('',*,*,#1133,.F.);
#707=ORIENTED_EDGE('',*,*,#1131,.F.);
#708=ORIENTED_EDGE('',*,*,#1134,.F.);
#709=ORIENTED_EDGE('',*,*,#1129,.T.);
#710=ORIENTED_EDGE('',*,*,#1138,.T.);
#711=ORIENTED_EDGE('',*,*,#1265,.F.);
#712=ORIENTED_EDGE('',*,*,#1132,.F.);
#713=ORIENTED_EDGE('',*,*,#1135,.F.);
#714=ORIENTED_EDGE('',*,*,#1131,.T.);
#715=ORIENTED_EDGE('',*,*,#1266,.F.);
#716=ORIENTED_EDGE('',*,*,#1268,.T.);
#717=ORIENTED_EDGE('',*,*,#1130,.F.);
#718=ORIENTED_EDGE('',*,*,#1136,.F.);
#719=ORIENTED_EDGE('',*,*,#1132,.T.);
#720=ORIENTED_EDGE('',*,*,#1267,.F.);
#721=ORIENTED_EDGE('',*,*,#1140,.T.);
#722=ORIENTED_EDGE('',*,*,#1147,.T.);
#723=ORIENTED_EDGE('',*,*,#1139,.F.);
#724=ORIENTED_EDGE('',*,*,#1143,.F.);
#725=ORIENTED_EDGE('',*,*,#1150,.T.);
#726=ORIENTED_EDGE('',*,*,#1157,.T.);
#727=ORIENTED_EDGE('',*,*,#1149,.F.);
#728=ORIENTED_EDGE('',*,*,#1153,.F.);
#729=ORIENTED_EDGE('',*,*,#1151,.F.);
#730=ORIENTED_EDGE('',*,*,#1154,.F.);
#731=ORIENTED_EDGE('',*,*,#1149,.T.);
#732=ORIENTED_EDGE('',*,*,#1158,.T.);
#733=ORIENTED_EDGE('',*,*,#1282,.F.);
#734=ORIENTED_EDGE('',*,*,#1152,.F.);
#735=ORIENTED_EDGE('',*,*,#1155,.F.);
#736=ORIENTED_EDGE('',*,*,#1151,.T.);
#737=ORIENTED_EDGE('',*,*,#1283,.F.);
#738=ORIENTED_EDGE('',*,*,#1285,.T.);
#739=ORIENTED_EDGE('',*,*,#1150,.F.);
#740=ORIENTED_EDGE('',*,*,#1156,.F.);
#741=ORIENTED_EDGE('',*,*,#1152,.T.);
#742=ORIENTED_EDGE('',*,*,#1284,.F.);
#743=ORIENTED_EDGE('',*,*,#1160,.T.);
#744=ORIENTED_EDGE('',*,*,#1167,.T.);
#745=ORIENTED_EDGE('',*,*,#1159,.F.);
#746=ORIENTED_EDGE('',*,*,#1163,.F.);
#747=ORIENTED_EDGE('',*,*,#1161,.F.);
#748=ORIENTED_EDGE('',*,*,#1164,.F.);
#749=ORIENTED_EDGE('',*,*,#1159,.T.);
#750=ORIENTED_EDGE('',*,*,#1168,.T.);
#751=ORIENTED_EDGE('',*,*,#1299,.F.);
#752=ORIENTED_EDGE('',*,*,#1162,.F.);
#753=ORIENTED_EDGE('',*,*,#1165,.F.);
#754=ORIENTED_EDGE('',*,*,#1161,.T.);
#755=ORIENTED_EDGE('',*,*,#1300,.F.);
#756=ORIENTED_EDGE('',*,*,#1302,.T.);
#757=ORIENTED_EDGE('',*,*,#1160,.F.);
#758=ORIENTED_EDGE('',*,*,#1166,.F.);
#759=ORIENTED_EDGE('',*,*,#1162,.T.);
#760=ORIENTED_EDGE('',*,*,#1301,.F.);
#761=ORIENTED_EDGE('',*,*,#1180,.T.);
#762=ORIENTED_EDGE('',*,*,#1175,.F.);
#763=ORIENTED_EDGE('',*,*,#1184,.T.);
#764=ORIENTED_EDGE('',*,*,#1169,.T.);
#765=ORIENTED_EDGE('',*,*,#1185,.F.);
#766=ORIENTED_EDGE('',*,*,#1176,.F.);
#767=ORIENTED_EDGE('',*,*,#1182,.T.);
#768=ORIENTED_EDGE('',*,*,#1181,.T.);
#769=ORIENTED_EDGE('',*,*,#1170,.T.);
#770=ORIENTED_EDGE('',*,*,#1171,.T.);
#771=ORIENTED_EDGE('',*,*,#1172,.F.);
#772=ORIENTED_EDGE('',*,*,#1169,.F.);
#773=ORIENTED_EDGE('',*,*,#1174,.F.);
#774=ORIENTED_EDGE('',*,*,#1171,.F.);
#775=ORIENTED_EDGE('',*,*,#1173,.T.);
#776=ORIENTED_EDGE('',*,*,#1177,.F.);
#777=ORIENTED_EDGE('',*,*,#1178,.T.);
#778=ORIENTED_EDGE('',*,*,#1173,.F.);
#779=ORIENTED_EDGE('',*,*,#1170,.F.);
#780=ORIENTED_EDGE('',*,*,#1184,.F.);
#781=ORIENTED_EDGE('',*,*,#1185,.T.);
#782=ORIENTED_EDGE('',*,*,#1172,.T.);
#783=ORIENTED_EDGE('',*,*,#1174,.T.);
#784=ORIENTED_EDGE('',*,*,#1179,.F.);
#785=ORIENTED_EDGE('',*,*,#1197,.T.);
#786=ORIENTED_EDGE('',*,*,#1192,.F.);
#787=ORIENTED_EDGE('',*,*,#1201,.T.);
#788=ORIENTED_EDGE('',*,*,#1186,.T.);
#789=ORIENTED_EDGE('',*,*,#1202,.F.);
#790=ORIENTED_EDGE('',*,*,#1193,.F.);
#791=ORIENTED_EDGE('',*,*,#1199,.T.);
#792=ORIENTED_EDGE('',*,*,#1198,.T.);
#793=ORIENTED_EDGE('',*,*,#1187,.T.);
#794=ORIENTED_EDGE('',*,*,#1188,.T.);
#795=ORIENTED_EDGE('',*,*,#1189,.F.);
#796=ORIENTED_EDGE('',*,*,#1186,.F.);
#797=ORIENTED_EDGE('',*,*,#1191,.F.);
#798=ORIENTED_EDGE('',*,*,#1188,.F.);
#799=ORIENTED_EDGE('',*,*,#1190,.T.);
#800=ORIENTED_EDGE('',*,*,#1194,.F.);
#801=ORIENTED_EDGE('',*,*,#1195,.T.);
#802=ORIENTED_EDGE('',*,*,#1190,.F.);
#803=ORIENTED_EDGE('',*,*,#1187,.F.);
#804=ORIENTED_EDGE('',*,*,#1201,.F.);
#805=ORIENTED_EDGE('',*,*,#1202,.T.);
#806=ORIENTED_EDGE('',*,*,#1189,.T.);
#807=ORIENTED_EDGE('',*,*,#1191,.T.);
#808=ORIENTED_EDGE('',*,*,#1196,.F.);
#809=ORIENTED_EDGE('',*,*,#1214,.T.);
#810=ORIENTED_EDGE('',*,*,#1209,.F.);
#811=ORIENTED_EDGE('',*,*,#1218,.T.);
#812=ORIENTED_EDGE('',*,*,#1203,.T.);
#813=ORIENTED_EDGE('',*,*,#1219,.F.);
#814=ORIENTED_EDGE('',*,*,#1210,.F.);
#815=ORIENTED_EDGE('',*,*,#1216,.T.);
#816=ORIENTED_EDGE('',*,*,#1215,.T.);
#817=ORIENTED_EDGE('',*,*,#1204,.T.);
#818=ORIENTED_EDGE('',*,*,#1205,.T.);
#819=ORIENTED_EDGE('',*,*,#1206,.F.);
#820=ORIENTED_EDGE('',*,*,#1203,.F.);
#821=ORIENTED_EDGE('',*,*,#1208,.F.);
#822=ORIENTED_EDGE('',*,*,#1205,.F.);
#823=ORIENTED_EDGE('',*,*,#1207,.T.);
#824=ORIENTED_EDGE('',*,*,#1211,.F.);
#825=ORIENTED_EDGE('',*,*,#1212,.T.);
#826=ORIENTED_EDGE('',*,*,#1207,.F.);
#827=ORIENTED_EDGE('',*,*,#1204,.F.);
#828=ORIENTED_EDGE('',*,*,#1218,.F.);
#829=ORIENTED_EDGE('',*,*,#1219,.T.);
#830=ORIENTED_EDGE('',*,*,#1206,.T.);
#831=ORIENTED_EDGE('',*,*,#1208,.T.);
#832=ORIENTED_EDGE('',*,*,#1213,.F.);
#833=ORIENTED_EDGE('',*,*,#1231,.T.);
#834=ORIENTED_EDGE('',*,*,#1226,.F.);
#835=ORIENTED_EDGE('',*,*,#1235,.T.);
#836=ORIENTED_EDGE('',*,*,#1220,.T.);
#837=ORIENTED_EDGE('',*,*,#1236,.F.);
#838=ORIENTED_EDGE('',*,*,#1227,.F.);
#839=ORIENTED_EDGE('',*,*,#1233,.T.);
#840=ORIENTED_EDGE('',*,*,#1232,.T.);
#841=ORIENTED_EDGE('',*,*,#1221,.T.);
#842=ORIENTED_EDGE('',*,*,#1222,.T.);
#843=ORIENTED_EDGE('',*,*,#1223,.F.);
#844=ORIENTED_EDGE('',*,*,#1220,.F.);
#845=ORIENTED_EDGE('',*,*,#1225,.F.);
#846=ORIENTED_EDGE('',*,*,#1222,.F.);
#847=ORIENTED_EDGE('',*,*,#1224,.T.);
#848=ORIENTED_EDGE('',*,*,#1228,.F.);
#849=ORIENTED_EDGE('',*,*,#1229,.T.);
#850=ORIENTED_EDGE('',*,*,#1224,.F.);
#851=ORIENTED_EDGE('',*,*,#1221,.F.);
#852=ORIENTED_EDGE('',*,*,#1235,.F.);
#853=ORIENTED_EDGE('',*,*,#1236,.T.);
#854=ORIENTED_EDGE('',*,*,#1223,.T.);
#855=ORIENTED_EDGE('',*,*,#1225,.T.);
#856=ORIENTED_EDGE('',*,*,#1230,.F.);
#857=ORIENTED_EDGE('',*,*,#1248,.T.);
#858=ORIENTED_EDGE('',*,*,#1243,.F.);
#859=ORIENTED_EDGE('',*,*,#1252,.T.);
#860=ORIENTED_EDGE('',*,*,#1237,.T.);
#861=ORIENTED_EDGE('',*,*,#1253,.F.);
#862=ORIENTED_EDGE('',*,*,#1244,.F.);
#863=ORIENTED_EDGE('',*,*,#1250,.T.);
#864=ORIENTED_EDGE('',*,*,#1249,.T.);
#865=ORIENTED_EDGE('',*,*,#1238,.T.);
#866=ORIENTED_EDGE('',*,*,#1239,.T.);
#867=ORIENTED_EDGE('',*,*,#1240,.F.);
#868=ORIENTED_EDGE('',*,*,#1237,.F.);
#869=ORIENTED_EDGE('',*,*,#1242,.F.);
#870=ORIENTED_EDGE('',*,*,#1239,.F.);
#871=ORIENTED_EDGE('',*,*,#1241,.T.);
#872=ORIENTED_EDGE('',*,*,#1245,.F.);
#873=ORIENTED_EDGE('',*,*,#1246,.T.);
#874=ORIENTED_EDGE('',*,*,#1241,.F.);
#875=ORIENTED_EDGE('',*,*,#1238,.F.);
#876=ORIENTED_EDGE('',*,*,#1252,.F.);
#877=ORIENTED_EDGE('',*,*,#1253,.T.);
#878=ORIENTED_EDGE('',*,*,#1240,.T.);
#879=ORIENTED_EDGE('',*,*,#1242,.T.);
#880=ORIENTED_EDGE('',*,*,#1247,.F.);
#881=ORIENTED_EDGE('',*,*,#1265,.T.);
#882=ORIENTED_EDGE('',*,*,#1260,.F.);
#883=ORIENTED_EDGE('',*,*,#1269,.T.);
#884=ORIENTED_EDGE('',*,*,#1254,.T.);
#885=ORIENTED_EDGE('',*,*,#1270,.F.);
#886=ORIENTED_EDGE('',*,*,#1261,.F.);
#887=ORIENTED_EDGE('',*,*,#1267,.T.);
#888=ORIENTED_EDGE('',*,*,#1266,.T.);
#889=ORIENTED_EDGE('',*,*,#1255,.T.);
#890=ORIENTED_EDGE('',*,*,#1256,.T.);
#891=ORIENTED_EDGE('',*,*,#1257,.F.);
#892=ORIENTED_EDGE('',*,*,#1254,.F.);
#893=ORIENTED_EDGE('',*,*,#1259,.F.);
#894=ORIENTED_EDGE('',*,*,#1256,.F.);
#895=ORIENTED_EDGE('',*,*,#1258,.T.);
#896=ORIENTED_EDGE('',*,*,#1262,.F.);
#897=ORIENTED_EDGE('',*,*,#1263,.T.);
#898=ORIENTED_EDGE('',*,*,#1258,.F.);
#899=ORIENTED_EDGE('',*,*,#1255,.F.);
#900=ORIENTED_EDGE('',*,*,#1269,.F.);
#901=ORIENTED_EDGE('',*,*,#1270,.T.);
#902=ORIENTED_EDGE('',*,*,#1257,.T.);
#903=ORIENTED_EDGE('',*,*,#1259,.T.);
#904=ORIENTED_EDGE('',*,*,#1264,.F.);
#905=ORIENTED_EDGE('',*,*,#1282,.T.);
#906=ORIENTED_EDGE('',*,*,#1277,.F.);
#907=ORIENTED_EDGE('',*,*,#1286,.T.);
#908=ORIENTED_EDGE('',*,*,#1271,.T.);
#909=ORIENTED_EDGE('',*,*,#1287,.F.);
#910=ORIENTED_EDGE('',*,*,#1278,.F.);
#911=ORIENTED_EDGE('',*,*,#1284,.T.);
#912=ORIENTED_EDGE('',*,*,#1283,.T.);
#913=ORIENTED_EDGE('',*,*,#1272,.T.);
#914=ORIENTED_EDGE('',*,*,#1273,.T.);
#915=ORIENTED_EDGE('',*,*,#1274,.F.);
#916=ORIENTED_EDGE('',*,*,#1271,.F.);
#917=ORIENTED_EDGE('',*,*,#1276,.F.);
#918=ORIENTED_EDGE('',*,*,#1273,.F.);
#919=ORIENTED_EDGE('',*,*,#1275,.T.);
#920=ORIENTED_EDGE('',*,*,#1279,.F.);
#921=ORIENTED_EDGE('',*,*,#1280,.T.);
#922=ORIENTED_EDGE('',*,*,#1275,.F.);
#923=ORIENTED_EDGE('',*,*,#1272,.F.);
#924=ORIENTED_EDGE('',*,*,#1286,.F.);
#925=ORIENTED_EDGE('',*,*,#1287,.T.);
#926=ORIENTED_EDGE('',*,*,#1274,.T.);
#927=ORIENTED_EDGE('',*,*,#1276,.T.);
#928=ORIENTED_EDGE('',*,*,#1281,.F.);
#929=ORIENTED_EDGE('',*,*,#1299,.T.);
#930=ORIENTED_EDGE('',*,*,#1294,.F.);
#931=ORIENTED_EDGE('',*,*,#1303,.T.);
#932=ORIENTED_EDGE('',*,*,#1288,.T.);
#933=ORIENTED_EDGE('',*,*,#1304,.F.);
#934=ORIENTED_EDGE('',*,*,#1295,.F.);
#935=ORIENTED_EDGE('',*,*,#1301,.T.);
#936=ORIENTED_EDGE('',*,*,#1300,.T.);
#937=ORIENTED_EDGE('',*,*,#1289,.T.);
#938=ORIENTED_EDGE('',*,*,#1290,.T.);
#939=ORIENTED_EDGE('',*,*,#1291,.F.);
#940=ORIENTED_EDGE('',*,*,#1288,.F.);
#941=ORIENTED_EDGE('',*,*,#1293,.F.);
#942=ORIENTED_EDGE('',*,*,#1290,.F.);
#943=ORIENTED_EDGE('',*,*,#1292,.T.);
#944=ORIENTED_EDGE('',*,*,#1296,.F.);
#945=ORIENTED_EDGE('',*,*,#1297,.T.);
#946=ORIENTED_EDGE('',*,*,#1292,.F.);
#947=ORIENTED_EDGE('',*,*,#1289,.F.);
#948=ORIENTED_EDGE('',*,*,#1303,.F.);
#949=ORIENTED_EDGE('',*,*,#1304,.T.);
#950=ORIENTED_EDGE('',*,*,#1291,.T.);
#951=ORIENTED_EDGE('',*,*,#1293,.T.);
#952=ORIENTED_EDGE('',*,*,#1298,.F.);
#953=ORIENTED_EDGE('',*,*,#1307,.F.);
#954=ORIENTED_EDGE('',*,*,#1306,.T.);
#955=ORIENTED_EDGE('',*,*,#1313,.T.);
#956=ORIENTED_EDGE('',*,*,#1039,.T.);
#957=ORIENTED_EDGE('',*,*,#1314,.F.);
#958=ORIENTED_EDGE('',*,*,#1305,.T.);
#959=ORIENTED_EDGE('',*,*,#1309,.F.);
#960=ORIENTED_EDGE('',*,*,#1308,.F.);
#961=ORIENTED_EDGE('',*,*,#1307,.T.);
#962=ORIENTED_EDGE('',*,*,#1141,.F.);
#963=ORIENTED_EDGE('',*,*,#1144,.F.);
#964=ORIENTED_EDGE('',*,*,#1139,.T.);
#965=ORIENTED_EDGE('',*,*,#1148,.T.);
#966=ORIENTED_EDGE('',*,*,#1308,.T.);
#967=ORIENTED_EDGE('',*,*,#1142,.F.);
#968=ORIENTED_EDGE('',*,*,#1145,.F.);
#969=ORIENTED_EDGE('',*,*,#1141,.T.);
#970=ORIENTED_EDGE('',*,*,#1309,.T.);
#971=ORIENTED_EDGE('',*,*,#1315,.T.);
#972=ORIENTED_EDGE('',*,*,#1140,.F.);
#973=ORIENTED_EDGE('',*,*,#1146,.F.);
#974=ORIENTED_EDGE('',*,*,#1142,.T.);
#975=ORIENTED_EDGE('',*,*,#1318,.F.);
#976=ORIENTED_EDGE('',*,*,#1317,.T.);
#977=ORIENTED_EDGE('',*,*,#1324,.T.);
#978=ORIENTED_EDGE('',*,*,#1033,.T.);
#979=ORIENTED_EDGE('',*,*,#1325,.F.);
#980=ORIENTED_EDGE('',*,*,#1316,.T.);
#981=ORIENTED_EDGE('',*,*,#1320,.F.);
#982=ORIENTED_EDGE('',*,*,#1319,.F.);
#983=ORIENTED_EDGE('',*,*,#1318,.T.);
#984=ORIENTED_EDGE('',*,*,#1121,.F.);
#985=ORIENTED_EDGE('',*,*,#1124,.F.);
#986=ORIENTED_EDGE('',*,*,#1119,.T.);
#987=ORIENTED_EDGE('',*,*,#1128,.T.);
#988=ORIENTED_EDGE('',*,*,#1319,.T.);
#989=ORIENTED_EDGE('',*,*,#1122,.F.);
#990=ORIENTED_EDGE('',*,*,#1125,.F.);
#991=ORIENTED_EDGE('',*,*,#1121,.T.);
#992=ORIENTED_EDGE('',*,*,#1320,.T.);
#993=ORIENTED_EDGE('',*,*,#1326,.T.);
#994=ORIENTED_EDGE('',*,*,#1120,.F.);
#995=ORIENTED_EDGE('',*,*,#1126,.F.);
#996=ORIENTED_EDGE('',*,*,#1122,.T.);
#997=ORIENTED_EDGE('',*,*,#1332,.T.);
#998=ORIENTED_EDGE('',*,*,#1328,.F.);
#999=ORIENTED_EDGE('',*,*,#1331,.F.);
#1000=ORIENTED_EDGE('',*,*,#1327,.T.);
#1001=ORIENTED_EDGE('',*,*,#1329,.T.);
#1002=ORIENTED_EDGE('',*,*,#1333,.F.);
#1003=ORIENTED_EDGE('',*,*,#1327,.F.);
#1004=ORIENTED_EDGE('',*,*,#1336,.F.);
#1005=ORIENTED_EDGE('',*,*,#1337,.T.);
#1006=ORIENTED_EDGE('',*,*,#1328,.T.);
#1007=ORIENTED_EDGE('',*,*,#1334,.T.);
#1008=ORIENTED_EDGE('',*,*,#1330,.F.);
#1009=ORIENTED_EDGE('',*,*,#1335,.T.);
#1010=ORIENTED_EDGE('',*,*,#1329,.F.);
#1011=ORIENTED_EDGE('',*,*,#1338,.T.);
#1012=ORIENTED_EDGE('',*,*,#1330,.T.);
#1013=ORIENTED_EDGE('',*,*,#1339,.F.);
#1014=ORIENTED_EDGE('',*,*,#1340,.T.);
#1015=ORIENTED_EDGE('',*,*,#1341,.T.);
#1016=ORIENTED_EDGE('',*,*,#1345,.F.);
#1017=ORIENTED_EDGE('',*,*,#1347,.F.);
#1018=ORIENTED_EDGE('',*,*,#1341,.F.);
#1019=ORIENTED_EDGE('',*,*,#1342,.F.);
#1020=ORIENTED_EDGE('',*,*,#1343,.T.);
#1021=ORIENTED_EDGE('',*,*,#1350,.F.);
#1022=ORIENTED_EDGE('',*,*,#1348,.F.);
#1023=ORIENTED_EDGE('',*,*,#1342,.T.);
#1024=ORIENTED_EDGE('',*,*,#1349,.T.);
#1025=ORIENTED_EDGE('',*,*,#1345,.T.);
#1026=ORIENTED_EDGE('',*,*,#1347,.T.);
#1027=ORIENTED_EDGE('',*,*,#1340,.F.);
#1028=ORIENTED_EDGE('',*,*,#1346,.F.);
#1029=ORIENTED_EDGE('',*,*,#1348,.T.);
#1030=ORIENTED_EDGE('',*,*,#1344,.F.);
#1031=ORIENTED_EDGE('',*,*,#1343,.F.);
#1032=ORIENTED_EDGE('',*,*,#1349,.F.);
#1033=EDGE_CURVE('',#1677,#1678,#1374,.T.);
#1034=EDGE_CURVE('',#1677,#1679,#1375,.T.);
#1035=EDGE_CURVE('',#1679,#1680,#1376,.T.);
#1036=EDGE_CURVE('',#1678,#1680,#1377,.T.);
#1037=EDGE_CURVE('',#1679,#1871,#1378,.T.);
#1038=EDGE_CURVE('',#1680,#1872,#1379,.T.);
#1039=EDGE_CURVE('',#1681,#1682,#1380,.T.);
#1040=EDGE_CURVE('',#1681,#1683,#1381,.T.);
#1041=EDGE_CURVE('',#1683,#1684,#1382,.T.);
#1042=EDGE_CURVE('',#1682,#1684,#1383,.T.);
#1043=EDGE_CURVE('',#1683,#1863,#1384,.T.);
#1044=EDGE_CURVE('',#1684,#1864,#1385,.T.);
#1045=EDGE_CURVE('',#1685,#1686,#1386,.T.);
#1046=EDGE_CURVE('',#1686,#1687,#1387,.T.);
#1047=EDGE_CURVE('',#1688,#1687,#1388,.T.);
#1048=EDGE_CURVE('',#1685,#1688,#1389,.T.);
#1049=EDGE_CURVE('',#1686,#1689,#1390,.T.);
#1050=EDGE_CURVE('',#1689,#1690,#1391,.T.);
#1051=EDGE_CURVE('',#1687,#1690,#1392,.T.);
#1052=EDGE_CURVE('',#1689,#1691,#1393,.T.);
#1053=EDGE_CURVE('',#1691,#1692,#1394,.T.);
#1054=EDGE_CURVE('',#1690,#1692,#1395,.T.);
#1055=EDGE_CURVE('',#1691,#1685,#1396,.T.);
#1056=EDGE_CURVE('',#1692,#1688,#1397,.T.);
#1057=EDGE_CURVE('',#1694,#1698,#1398,.T.);
#1058=EDGE_CURVE('',#1693,#1697,#1399,.T.);
#1059=EDGE_CURVE('',#1695,#1819,#1400,.T.);
#1060=EDGE_CURVE('',#1696,#1820,#1401,.T.);
#1061=EDGE_CURVE('',#1693,#1694,#1402,.T.);
#1062=EDGE_CURVE('',#1694,#1695,#1403,.T.);
#1063=EDGE_CURVE('',#1695,#1696,#1404,.T.);
#1064=EDGE_CURVE('',#1696,#1693,#1405,.T.);
#1065=EDGE_CURVE('',#1697,#1698,#1406,.T.);
#1066=EDGE_CURVE('',#1698,#1814,#1407,.T.);
#1067=EDGE_CURVE('',#1700,#1704,#1408,.T.);
#1068=EDGE_CURVE('',#1699,#1703,#1409,.T.);
#1069=EDGE_CURVE('',#1701,#1807,#1410,.T.);
#1070=EDGE_CURVE('',#1702,#1808,#1411,.T.);
#1071=EDGE_CURVE('',#1699,#1700,#1412,.T.);
#1072=EDGE_CURVE('',#1700,#1701,#1413,.T.);
#1073=EDGE_CURVE('',#1701,#1702,#1414,.T.);
#1074=EDGE_CURVE('',#1702,#1699,#1415,.T.);
#1075=EDGE_CURVE('',#1703,#1704,#1416,.T.);
#1076=EDGE_CURVE('',#1704,#1802,#1417,.T.);
#1077=EDGE_CURVE('',#1706,#1710,#1418,.T.);
#1078=EDGE_CURVE('',#1705,#1709,#1419,.T.);
#1079=EDGE_CURVE('',#1707,#1795,#1420,.T.);
#1080=EDGE_CURVE('',#1708,#1796,#1421,.T.);
#1081=EDGE_CURVE('',#1705,#1706,#1422,.T.);
#1082=EDGE_CURVE('',#1706,#1707,#1423,.T.);
#1083=EDGE_CURVE('',#1707,#1708,#1424,.T.);
#1084=EDGE_CURVE('',#1708,#1705,#1425,.T.);
#1085=EDGE_CURVE('',#1709,#1710,#1426,.T.);
#1086=EDGE_CURVE('',#1710,#1790,#1427,.T.);
#1087=EDGE_CURVE('',#1712,#1716,#1428,.T.);
#1088=EDGE_CURVE('',#1711,#1715,#1429,.T.);
#1089=EDGE_CURVE('',#1713,#1783,#1430,.T.);
#1090=EDGE_CURVE('',#1714,#1784,#1431,.T.);
#1091=EDGE_CURVE('',#1711,#1712,#1432,.T.);
#1092=EDGE_CURVE('',#1712,#1713,#1433,.T.);
#1093=EDGE_CURVE('',#1713,#1714,#1434,.T.);
#1094=EDGE_CURVE('',#1714,#1711,#1435,.T.);
#1095=EDGE_CURVE('',#1715,#1716,#1436,.T.);
#1096=EDGE_CURVE('',#1716,#1778,#1437,.T.);
#1097=EDGE_CURVE('',#1718,#1722,#1438,.T.);
#1098=EDGE_CURVE('',#1717,#1721,#1439,.T.);
#1099=EDGE_CURVE('',#1719,#1771,#1440,.T.);
#1100=EDGE_CURVE('',#1720,#1772,#1441,.T.);
#1101=EDGE_CURVE('',#1717,#1718,#1442,.T.);
#1102=EDGE_CURVE('',#1718,#1719,#1443,.T.);
#1103=EDGE_CURVE('',#1719,#1720,#1444,.T.);
#1104=EDGE_CURVE('',#1720,#1717,#1445,.T.);
#1105=EDGE_CURVE('',#1721,#1722,#1446,.T.);
#1106=EDGE_CURVE('',#1722,#1766,#1447,.T.);
#1107=EDGE_CURVE('',#1723,#1724,#1448,.T.);
#1108=EDGE_CURVE('',#1724,#1728,#1449,.T.);
#1109=EDGE_CURVE('',#1723,#1727,#1450,.T.);
#1110=EDGE_CURVE('',#1724,#1725,#1451,.T.);
#1111=EDGE_CURVE('',#1725,#1729,#1452,.T.);
#1112=EDGE_CURVE('',#1725,#1726,#1453,.T.);
#1113=EDGE_CURVE('',#1726,#1730,#1454,.T.);
#1114=EDGE_CURVE('',#1726,#1723,#1455,.T.);
#1115=EDGE_CURVE('',#1727,#1728,#1456,.T.);
#1116=EDGE_CURVE('',#1728,#1729,#1457,.T.);
#1117=EDGE_CURVE('',#1729,#1730,#1458,.T.);
#1118=EDGE_CURVE('',#1730,#1727,#1459,.T.);
#1119=EDGE_CURVE('',#1732,#1736,#1460,.T.);
#1120=EDGE_CURVE('',#1731,#1735,#1461,.T.);
#1121=EDGE_CURVE('',#1733,#1869,#1462,.T.);
#1122=EDGE_CURVE('',#1734,#1870,#1463,.T.);
#1123=EDGE_CURVE('',#1731,#1732,#1464,.T.);
#1124=EDGE_CURVE('',#1732,#1733,#1465,.T.);
#1125=EDGE_CURVE('',#1733,#1734,#1466,.T.);
#1126=EDGE_CURVE('',#1734,#1731,#1467,.T.);
#1127=EDGE_CURVE('',#1735,#1736,#1468,.T.);
#1128=EDGE_CURVE('',#1736,#1867,#1469,.T.);
#1129=EDGE_CURVE('',#1738,#1742,#1470,.T.);
#1130=EDGE_CURVE('',#1737,#1741,#1471,.T.);
#1131=EDGE_CURVE('',#1739,#1831,#1472,.T.);
#1132=EDGE_CURVE('',#1740,#1832,#1473,.T.);
#1133=EDGE_CURVE('',#1737,#1738,#1474,.T.);
#1134=EDGE_CURVE('',#1738,#1739,#1475,.T.);
#1135=EDGE_CURVE('',#1739,#1740,#1476,.T.);
#1136=EDGE_CURVE('',#1740,#1737,#1477,.T.);
#1137=EDGE_CURVE('',#1741,#1742,#1478,.T.);
#1138=EDGE_CURVE('',#1742,#1826,#1479,.T.);
#1139=EDGE_CURVE('',#1744,#1748,#1480,.T.);
#1140=EDGE_CURVE('',#1743,#1747,#1481,.T.);
#1141=EDGE_CURVE('',#1745,#1861,#1482,.T.);
#1142=EDGE_CURVE('',#1746,#1862,#1483,.T.);
#1143=EDGE_CURVE('',#1743,#1744,#1484,.T.);
#1144=EDGE_CURVE('',#1744,#1745,#1485,.T.);
#1145=EDGE_CURVE('',#1745,#1746,#1486,.T.);
#1146=EDGE_CURVE('',#1746,#1743,#1487,.T.);
#1147=EDGE_CURVE('',#1747,#1748,#1488,.T.);
#1148=EDGE_CURVE('',#1748,#1859,#1489,.T.);
#1149=EDGE_CURVE('',#1750,#1754,#1490,.T.);
#1150=EDGE_CURVE('',#1749,#1753,#1491,.T.);
#1151=EDGE_CURVE('',#1751,#1843,#1492,.T.);
#1152=EDGE_CURVE('',#1752,#1844,#1493,.T.);
#1153=EDGE_CURVE('',#1749,#1750,#1494,.T.);
#1154=EDGE_CURVE('',#1750,#1751,#1495,.T.);
#1155=EDGE_CURVE('',#1751,#1752,#1496,.T.);
#1156=EDGE_CURVE('',#1752,#1749,#1497,.T.);
#1157=EDGE_CURVE('',#1753,#1754,#1498,.T.);
#1158=EDGE_CURVE('',#1754,#1838,#1499,.T.);
#1159=EDGE_CURVE('',#1756,#1760,#1500,.T.);
#1160=EDGE_CURVE('',#1755,#1759,#1501,.T.);
#1161=EDGE_CURVE('',#1757,#1855,#1502,.T.);
#1162=EDGE_CURVE('',#1758,#1856,#1503,.T.);
#1163=EDGE_CURVE('',#1755,#1756,#1504,.T.);
#1164=EDGE_CURVE('',#1756,#1757,#1505,.T.);
#1165=EDGE_CURVE('',#1757,#1758,#1506,.T.);
#1166=EDGE_CURVE('',#1758,#1755,#1507,.T.);
#1167=EDGE_CURVE('',#1759,#1760,#1508,.T.);
#1168=EDGE_CURVE('',#1760,#1850,#1509,.T.);
#1169=EDGE_CURVE('',#1761,#1762,#1510,.T.);
#1170=EDGE_CURVE('',#1761,#1763,#1511,.T.);
#1171=EDGE_CURVE('',#1763,#1764,#1512,.T.);
#1172=EDGE_CURVE('',#1762,#1764,#1513,.T.);
#1173=EDGE_CURVE('',#1763,#1770,#1514,.T.);
#1174=EDGE_CURVE('',#1764,#1769,#1515,.T.);
#1175=EDGE_CURVE('',#1765,#1766,#1516,.T.);
#1176=EDGE_CURVE('',#1767,#1768,#1517,.T.);
#1177=EDGE_CURVE('',#1769,#1770,#1518,.T.);
#1178=EDGE_CURVE('',#1765,#1770,#1519,.T.);
#1179=EDGE_CURVE('',#1768,#1769,#1520,.T.);
#1180=EDGE_CURVE('',#1771,#1766,#1521,.T.);
#1181=EDGE_CURVE('',#1772,#1771,#1522,.T.);
#1182=EDGE_CURVE('',#1767,#1772,#1523,.T.);
#1183=EDGE_CURVE('',#1767,#1721,#1524,.T.);
#1184=EDGE_CURVE('',#1765,#1761,#1525,.T.);
#1185=EDGE_CURVE('',#1768,#1762,#1526,.T.);
#1186=EDGE_CURVE('',#1773,#1774,#1527,.T.);
#1187=EDGE_CURVE('',#1773,#1775,#1528,.T.);
#1188=EDGE_CURVE('',#1775,#1776,#1529,.T.);
#1189=EDGE_CURVE('',#1774,#1776,#1530,.T.);
#1190=EDGE_CURVE('',#1775,#1782,#1531,.T.);
#1191=EDGE_CURVE('',#1776,#1781,#1532,.T.);
#1192=EDGE_CURVE('',#1777,#1778,#1533,.T.);
#1193=EDGE_CURVE('',#1779,#1780,#1534,.T.);
#1194=EDGE_CURVE('',#1781,#1782,#1535,.T.);
#1195=EDGE_CURVE('',#1777,#1782,#1536,.T.);
#1196=EDGE_CURVE('',#1780,#1781,#1537,.T.);
#1197=EDGE_CURVE('',#1783,#1778,#1538,.T.);
#1198=EDGE_CURVE('',#1784,#1783,#1539,.T.);
#1199=EDGE_CURVE('',#1779,#1784,#1540,.T.);
#1200=EDGE_CURVE('',#1779,#1715,#1541,.T.);
#1201=EDGE_CURVE('',#1777,#1773,#1542,.T.);
#1202=EDGE_CURVE('',#1780,#1774,#1543,.T.);
#1203=EDGE_CURVE('',#1785,#1786,#1544,.T.);
#1204=EDGE_CURVE('',#1785,#1787,#1545,.T.);
#1205=EDGE_CURVE('',#1787,#1788,#1546,.T.);
#1206=EDGE_CURVE('',#1786,#1788,#1547,.T.);
#1207=EDGE_CURVE('',#1787,#1794,#1548,.T.);
#1208=EDGE_CURVE('',#1788,#1793,#1549,.T.);
#1209=EDGE_CURVE('',#1789,#1790,#1550,.T.);
#1210=EDGE_CURVE('',#1791,#1792,#1551,.T.);
#1211=EDGE_CURVE('',#1793,#1794,#1552,.T.);
#1212=EDGE_CURVE('',#1789,#1794,#1553,.T.);
#1213=EDGE_CURVE('',#1792,#1793,#1554,.T.);
#1214=EDGE_CURVE('',#1795,#1790,#1555,.T.);
#1215=EDGE_CURVE('',#1796,#1795,#1556,.T.);
#1216=EDGE_CURVE('',#1791,#1796,#1557,.T.);
#1217=EDGE_CURVE('',#1791,#1709,#1558,.T.);
#1218=EDGE_CURVE('',#1789,#1785,#1559,.T.);
#1219=EDGE_CURVE('',#1792,#1786,#1560,.T.);
#1220=EDGE_CURVE('',#1797,#1798,#1561,.T.);
#1221=EDGE_CURVE('',#1797,#1799,#1562,.T.);
#1222=EDGE_CURVE('',#1799,#1800,#1563,.T.);
#1223=EDGE_CURVE('',#1798,#1800,#1564,.T.);
#1224=EDGE_CURVE('',#1799,#1806,#1565,.T.);
#1225=EDGE_CURVE('',#1800,#1805,#1566,.T.);
#1226=EDGE_CURVE('',#1801,#1802,#1567,.T.);
#1227=EDGE_CURVE('',#1803,#1804,#1568,.T.);
#1228=EDGE_CURVE('',#1805,#1806,#1569,.T.);
#1229=EDGE_CURVE('',#1801,#1806,#1570,.T.);
#1230=EDGE_CURVE('',#1804,#1805,#1571,.T.);
#1231=EDGE_CURVE('',#1807,#1802,#1572,.T.);
#1232=EDGE_CURVE('',#1808,#1807,#1573,.T.);
#1233=EDGE_CURVE('',#1803,#1808,#1574,.T.);
#1234=EDGE_CURVE('',#1803,#1703,#1575,.T.);
#1235=EDGE_CURVE('',#1801,#1797,#1576,.T.);
#1236=EDGE_CURVE('',#1804,#1798,#1577,.T.);
#1237=EDGE_CURVE('',#1809,#1810,#1578,.T.);
#1238=EDGE_CURVE('',#1809,#1811,#1579,.T.);
#1239=EDGE_CURVE('',#1811,#1812,#1580,.T.);
#1240=EDGE_CURVE('',#1810,#1812,#1581,.T.);
#1241=EDGE_CURVE('',#1811,#1818,#1582,.T.);
#1242=EDGE_CURVE('',#1812,#1817,#1583,.T.);
#1243=EDGE_CURVE('',#1813,#1814,#1584,.T.);
#1244=EDGE_CURVE('',#1815,#1816,#1585,.T.);
#1245=EDGE_CURVE('',#1817,#1818,#1586,.T.);
#1246=EDGE_CURVE('',#1813,#1818,#1587,.T.);
#1247=EDGE_CURVE('',#1816,#1817,#1588,.T.);
#1248=EDGE_CURVE('',#1819,#1814,#1589,.T.);
#1249=EDGE_CURVE('',#1820,#1819,#1590,.T.);
#1250=EDGE_CURVE('',#1815,#1820,#1591,.T.);
#1251=EDGE_CURVE('',#1815,#1697,#1592,.T.);
#1252=EDGE_CURVE('',#1813,#1809,#1593,.T.);
#1253=EDGE_CURVE('',#1816,#1810,#1594,.T.);
#1254=EDGE_CURVE('',#1821,#1822,#1595,.T.);
#1255=EDGE_CURVE('',#1821,#1823,#1596,.T.);
#1256=EDGE_CURVE('',#1823,#1824,#1597,.T.);
#1257=EDGE_CURVE('',#1822,#1824,#1598,.T.);
#1258=EDGE_CURVE('',#1823,#1830,#1599,.T.);
#1259=EDGE_CURVE('',#1824,#1829,#1600,.T.);
#1260=EDGE_CURVE('',#1825,#1826,#1601,.T.);
#1261=EDGE_CURVE('',#1827,#1828,#1602,.T.);
#1262=EDGE_CURVE('',#1829,#1830,#1603,.T.);
#1263=EDGE_CURVE('',#1825,#1830,#1604,.T.);
#1264=EDGE_CURVE('',#1828,#1829,#1605,.T.);
#1265=EDGE_CURVE('',#1831,#1826,#1606,.T.);
#1266=EDGE_CURVE('',#1832,#1831,#1607,.T.);
#1267=EDGE_CURVE('',#1827,#1832,#1608,.T.);
#1268=EDGE_CURVE('',#1827,#1741,#1609,.T.);
#1269=EDGE_CURVE('',#1825,#1821,#1610,.T.);
#1270=EDGE_CURVE('',#1828,#1822,#1611,.T.);
#1271=EDGE_CURVE('',#1833,#1834,#1612,.T.);
#1272=EDGE_CURVE('',#1833,#1835,#1613,.T.);
#1273=EDGE_CURVE('',#1835,#1836,#1614,.T.);
#1274=EDGE_CURVE('',#1834,#1836,#1615,.T.);
#1275=EDGE_CURVE('',#1835,#1842,#1616,.T.);
#1276=EDGE_CURVE('',#1836,#1841,#1617,.T.);
#1277=EDGE_CURVE('',#1837,#1838,#1618,.T.);
#1278=EDGE_CURVE('',#1839,#1840,#1619,.T.);
#1279=EDGE_CURVE('',#1841,#1842,#1620,.T.);
#1280=EDGE_CURVE('',#1837,#1842,#1621,.T.);
#1281=EDGE_CURVE('',#1840,#1841,#1622,.T.);
#1282=EDGE_CURVE('',#1843,#1838,#1623,.T.);
#1283=EDGE_CURVE('',#1844,#1843,#1624,.T.);
#1284=EDGE_CURVE('',#1839,#1844,#1625,.T.);
#1285=EDGE_CURVE('',#1839,#1753,#1626,.T.);
#1286=EDGE_CURVE('',#1837,#1833,#1627,.T.);
#1287=EDGE_CURVE('',#1840,#1834,#1628,.T.);
#1288=EDGE_CURVE('',#1845,#1846,#1629,.T.);
#1289=EDGE_CURVE('',#1845,#1847,#1630,.T.);
#1290=EDGE_CURVE('',#1847,#1848,#1631,.T.);
#1291=EDGE_CURVE('',#1846,#1848,#1632,.T.);
#1292=EDGE_CURVE('',#1847,#1854,#1633,.T.);
#1293=EDGE_CURVE('',#1848,#1853,#1634,.T.);
#1294=EDGE_CURVE('',#1849,#1850,#1635,.T.);
#1295=EDGE_CURVE('',#1851,#1852,#1636,.T.);
#1296=EDGE_CURVE('',#1853,#1854,#1637,.T.);
#1297=EDGE_CURVE('',#1849,#1854,#1638,.T.);
#1298=EDGE_CURVE('',#1852,#1853,#1639,.T.);
#1299=EDGE_CURVE('',#1855,#1850,#1640,.T.);
#1300=EDGE_CURVE('',#1856,#1855,#1641,.T.);
#1301=EDGE_CURVE('',#1851,#1856,#1642,.T.);
#1302=EDGE_CURVE('',#1851,#1759,#1643,.T.);
#1303=EDGE_CURVE('',#1849,#1845,#1644,.T.);
#1304=EDGE_CURVE('',#1852,#1846,#1645,.T.);
#1305=EDGE_CURVE('',#1857,#1858,#1646,.T.);
#1306=EDGE_CURVE('',#1859,#1860,#1647,.T.);
#1307=EDGE_CURVE('',#1859,#1861,#1648,.T.);
#1308=EDGE_CURVE('',#1861,#1862,#1649,.T.);
#1309=EDGE_CURVE('',#1862,#1858,#1650,.T.);
#1310=EDGE_CURVE('',#1863,#1864,#1651,.T.);
#1311=EDGE_CURVE('',#1863,#1860,#1652,.T.);
#1312=EDGE_CURVE('',#1864,#1857,#1653,.T.);
#1313=EDGE_CURVE('',#1860,#1681,#1654,.T.);
#1314=EDGE_CURVE('',#1857,#1682,#1655,.T.);
#1315=EDGE_CURVE('',#1858,#1747,#1656,.T.);
#1316=EDGE_CURVE('',#1865,#1866,#1657,.T.);
#1317=EDGE_CURVE('',#1867,#1868,#1658,.T.);
#1318=EDGE_CURVE('',#1867,#1869,#1659,.T.);
#1319=EDGE_CURVE('',#1869,#1870,#1660,.T.);
#1320=EDGE_CURVE('',#1870,#1866,#1661,.T.);
#1321=EDGE_CURVE('',#1871,#1872,#1662,.T.);
#1322=EDGE_CURVE('',#1871,#1868,#1663,.T.);
#1323=EDGE_CURVE('',#1872,#1865,#1664,.T.);
#1324=EDGE_CURVE('',#1868,#1677,#1665,.T.);
#1325=EDGE_CURVE('',#1865,#1678,#1666,.T.);
#1326=EDGE_CURVE('',#1866,#1735,#1667,.T.);
#1327=EDGE_CURVE('',#1873,#1875,#1367,.T.);
#1328=EDGE_CURVE('',#1874,#1876,#1368,.T.);
#1329=EDGE_CURVE('',#1879,#1877,#1668,.T.);
#1330=EDGE_CURVE('',#1880,#1878,#1669,.T.);
#1331=EDGE_CURVE('',#1873,#1874,#1369,.T.);
#1332=EDGE_CURVE('',#1875,#1876,#1670,.T.);
#1333=EDGE_CURVE('',#1875,#1877,#1671,.T.);
#1334=EDGE_CURVE('',#1876,#1878,#1672,.T.);
#1335=EDGE_CURVE('',#1878,#1877,#1673,.T.);
#1336=EDGE_CURVE('',#1879,#1873,#1674,.T.);
#1337=EDGE_CURVE('',#1880,#1874,#1675,.T.);
#1338=EDGE_CURVE('',#1879,#1880,#1676,.T.);
#1339=EDGE_CURVE('',#1882,#1885,#1351,.T.);
#1340=EDGE_CURVE('',#1882,#1881,#1370,.T.);
#1341=EDGE_CURVE('',#1881,#1886,#1352,.T.);
#1342=EDGE_CURVE('',#1883,#1887,#1353,.T.);
#1343=EDGE_CURVE('',#1883,#1884,#1371,.T.);
#1344=EDGE_CURVE('',#1884,#1888,#1354,.T.);
#1345=EDGE_CURVE('',#1885,#1886,#1372,.T.);
#1346=EDGE_CURVE('',#1885,#1882,#1355,.T.);
#1347=EDGE_CURVE('',#1886,#1881,#1356,.T.);
#1348=EDGE_CURVE('',#1887,#1888,#1373,.T.);
#1349=EDGE_CURVE('',#1887,#1883,#1357,.T.);
#1350=EDGE_CURVE('',#1888,#1884,#1358,.T.);
#1351=TRIMMED_CURVE($,#1359,(#3484),(#3485),.T.,.CARTESIAN.);
#1352=TRIMMED_CURVE($,#1360,(#3489),(#3490),.T.,.CARTESIAN.);
#1353=TRIMMED_CURVE($,#1361,(#3492),(#3493),.T.,.CARTESIAN.);
#1354=TRIMMED_CURVE($,#1362,(#3497),(#3498),.T.,.CARTESIAN.);
#1355=TRIMMED_CURVE($,#1363,(#3502),(#3503),.T.,.CARTESIAN.);
#1356=TRIMMED_CURVE($,#1364,(#3505),(#3506),.T.,.CARTESIAN.);
#1357=TRIMMED_CURVE($,#1365,(#3510),(#3511),.T.,.CARTESIAN.);
#1358=TRIMMED_CURVE($,#1366,(#3513),(#3514),.T.,.CARTESIAN.);
#1359=CIRCLE('',#2197,0.599999999999994);
#1360=CIRCLE('',#2198,0.599999999999994);
#1361=CIRCLE('',#2199,0.599999999999994);
#1362=CIRCLE('',#2200,0.599999999999994);
#1363=CIRCLE('',#2201,0.599999999999994);
#1364=CIRCLE('',#2202,0.599999999999994);
#1365=CIRCLE('',#2203,0.599999999999994);
#1366=CIRCLE('',#2204,0.600000000000009);
#1367=(
BOUNDED_CURVE()
B_SPLINE_CURVE(2,(#3389,#3390,#3391,#3392,#3393),.UNSPECIFIED.,.F.,.F.)
B_SPLINE_CURVE_WITH_KNOTS((3,2,3),(0.,23.5619449019234,47.1238898038469),
 .UNSPECIFIED.)
CURVE()
GEOMETRIC_REPRESENTATION_ITEM()
RATIONAL_B_SPLINE_CURVE((1.,0.707106781186548,1.,0.707106781186548,1.))
REPRESENTATION_ITEM('')
);
#1368=(
BOUNDED_CURVE()
B_SPLINE_CURVE(2,(#3394,#3395,#3396,#3397,#3398),.UNSPECIFIED.,.F.,.F.)
B_SPLINE_CURVE_WITH_KNOTS((3,2,3),(0.,23.5619449019234,47.1238898038469),
 .UNSPECIFIED.)
CURVE()
GEOMETRIC_REPRESENTATION_ITEM()
RATIONAL_B_SPLINE_CURVE((1.,0.707106781186548,1.,0.707106781186548,1.))
REPRESENTATION_ITEM('')
);
#1369=(
BOUNDED_CURVE()
B_SPLINE_CURVE(1,(#3467,#3468),.UNSPECIFIED.,.F.,.F.)
B_SPLINE_CURVE_WITH_KNOTS((2,2),(0.,1.5),.UNSPECIFIED.)
CURVE()
GEOMETRIC_REPRESENTATION_ITEM()
RATIONAL_B_SPLINE_CURVE((1.,1.))
REPRESENTATION_ITEM('')
);
#1370=(
BOUNDED_CURVE()
B_SPLINE_CURVE(1,(#3486,#3487),.UNSPECIFIED.,.F.,.F.)
B_SPLINE_CURVE_WITH_KNOTS((2,2),(0.,5.),.UNSPECIFIED.)
CURVE()
GEOMETRIC_REPRESENTATION_ITEM()
RATIONAL_B_SPLINE_CURVE((1.,1.))
REPRESENTATION_ITEM('')
);
#1371=(
BOUNDED_CURVE()
B_SPLINE_CURVE(1,(#3494,#3495),.UNSPECIFIED.,.F.,.F.)
B_SPLINE_CURVE_WITH_KNOTS((2,2),(0.,4.99639998041852),.UNSPECIFIED.)
CURVE()
GEOMETRIC_REPRESENTATION_ITEM()
RATIONAL_B_SPLINE_CURVE((1.,1.))
REPRESENTATION_ITEM('')
);
#1372=(
BOUNDED_CURVE()
B_SPLINE_CURVE(1,(#3499,#3500),.UNSPECIFIED.,.F.,.F.)
B_SPLINE_CURVE_WITH_KNOTS((2,2),(0.,5.),.UNSPECIFIED.)
CURVE()
GEOMETRIC_REPRESENTATION_ITEM()
RATIONAL_B_SPLINE_CURVE((1.,1.))
REPRESENTATION_ITEM('')
);
#1373=(
BOUNDED_CURVE()
B_SPLINE_CURVE(1,(#3507,#3508),.UNSPECIFIED.,.F.,.F.)
B_SPLINE_CURVE_WITH_KNOTS((2,2),(0.,4.99639998041854),.UNSPECIFIED.)
CURVE()
GEOMETRIC_REPRESENTATION_ITEM()
RATIONAL_B_SPLINE_CURVE((1.,1.))
REPRESENTATION_ITEM('')
);
#1374=B_SPLINE_CURVE_WITH_KNOTS('',1,(#2801,#2802),.UNSPECIFIED.,.F.,.F.,
(2,2),(0.,40.),.UNSPECIFIED.);
#1375=B_SPLINE_CURVE_WITH_KNOTS('',1,(#2803,#2804),.UNSPECIFIED.,.F.,.F.,
(2,2),(-4.21331643143166,-3.21331643143166),.UNSPECIFIED.);
#1376=B_SPLINE_CURVE_WITH_KNOTS('',1,(#2805,#2806),.UNSPECIFIED.,.F.,.F.,
(2,2),(0.,40.),.UNSPECIFIED.);
#1377=B_SPLINE_CURVE_WITH_KNOTS('',1,(#2807,#2808),.UNSPECIFIED.,.F.,.F.,
(2,2),(-4.21331643143166,-3.21331643143166),.UNSPECIFIED.);
#1378=B_SPLINE_CURVE_WITH_KNOTS('',1,(#2809,#2810),.UNSPECIFIED.,.F.,.F.,
(2,2),(-3.21331643143166,-0.00197327388678729),.UNSPECIFIED.);
#1379=B_SPLINE_CURVE_WITH_KNOTS('',1,(#2811,#2812),.UNSPECIFIED.,.F.,.F.,
(2,2),(-3.21331643143166,-0.00197327388678729),.UNSPECIFIED.);
#1380=B_SPLINE_CURVE_WITH_KNOTS('',1,(#2813,#2814),.UNSPECIFIED.,.F.,.F.,
(2,2),(0.,40.),.UNSPECIFIED.);
#1381=B_SPLINE_CURVE_WITH_KNOTS('',1,(#2815,#2816),.UNSPECIFIED.,.F.,.F.,
(2,2),(-4.21331643143166,-3.21331643143166),.UNSPECIFIED.);
#1382=B_SPLINE_CURVE_WITH_KNOTS('',1,(#2817,#2818),.UNSPECIFIED.,.F.,.F.,
(2,2),(0.,40.),.UNSPECIFIED.);
#1383=B_SPLINE_CURVE_WITH_KNOTS('',1,(#2819,#2820),.UNSPECIFIED.,.F.,.F.,
(2,2),(-4.21331643143166,-3.21331643143166),.UNSPECIFIED.);
#1384=B_SPLINE_CURVE_WITH_KNOTS('',1,(#2821,#2822),.UNSPECIFIED.,.F.,.F.,
(2,2),(-3.21331643143166,-0.00197327388678729),.UNSPECIFIED.);
#1385=B_SPLINE_CURVE_WITH_KNOTS('',1,(#2823,#2824),.UNSPECIFIED.,.F.,.F.,
(2,2),(-3.21331643143166,-0.00197327388678729),.UNSPECIFIED.);
#1386=B_SPLINE_CURVE_WITH_KNOTS('',1,(#2825,#2826),.UNSPECIFIED.,.F.,.F.,
(2,2),(0.,59.),.UNSPECIFIED.);
#1387=B_SPLINE_CURVE_WITH_KNOTS('',1,(#2827,#2828),.UNSPECIFIED.,.F.,.F.,
(2,2),(0.,2.),.UNSPECIFIED.);
#1388=B_SPLINE_CURVE_WITH_KNOTS('',1,(#2829,#2830),.UNSPECIFIED.,.F.,.F.,
(2,2),(0.,59.),.UNSPECIFIED.);
#1389=B_SPLINE_CURVE_WITH_KNOTS('',1,(#2831,#2832),.UNSPECIFIED.,.F.,.F.,
(2,2),(0.,2.),.UNSPECIFIED.);
#1390=B_SPLINE_CURVE_WITH_KNOTS('',1,(#2833,#2834),.UNSPECIFIED.,.F.,.F.,
(2,2),(59.,339.),.UNSPECIFIED.);
#1391=B_SPLINE_CURVE_WITH_KNOTS('',1,(#2835,#2836),.UNSPECIFIED.,.F.,.F.,
(2,2),(0.,2.),.UNSPECIFIED.);
#1392=B_SPLINE_CURVE_WITH_KNOTS('',1,(#2837,#2838),.UNSPECIFIED.,.F.,.F.,
(2,2),(59.,339.),.UNSPECIFIED.);
#1393=B_SPLINE_CURVE_WITH_KNOTS('',1,(#2839,#2840),.UNSPECIFIED.,.F.,.F.,
(2,2),(339.,398.),.UNSPECIFIED.);
#1394=B_SPLINE_CURVE_WITH_KNOTS('',1,(#2841,#2842),.UNSPECIFIED.,.F.,.F.,
(2,2),(0.,2.),.UNSPECIFIED.);
#1395=B_SPLINE_CURVE_WITH_KNOTS('',1,(#2843,#2844),.UNSPECIFIED.,.F.,.F.,
(2,2),(339.,398.),.UNSPECIFIED.);
#1396=B_SPLINE_CURVE_WITH_KNOTS('',1,(#2845,#2846),.UNSPECIFIED.,.F.,.F.,
(2,2),(398.,678.),.UNSPECIFIED.);
#1397=B_SPLINE_CURVE_WITH_KNOTS('',1,(#2847,#2848),.UNSPECIFIED.,.F.,.F.,
(2,2),(398.,678.),.UNSPECIFIED.);
#1398=B_SPLINE_CURVE_WITH_KNOTS('',1,(#2849,#2850),.UNSPECIFIED.,.F.,.F.,
(2,2),(0.,2.),.UNSPECIFIED.);
#1399=B_SPLINE_CURVE_WITH_KNOTS('',1,(#2851,#2852),.UNSPECIFIED.,.F.,.F.,
(2,2),(0.,2.),.UNSPECIFIED.);
#1400=B_SPLINE_CURVE_WITH_KNOTS('',1,(#2853,#2854),.UNSPECIFIED.,.F.,.F.,
(2,2),(0.,1.51708065377117),.UNSPECIFIED.);
#1401=B_SPLINE_CURVE_WITH_KNOTS('',1,(#2855,#2856),.UNSPECIFIED.,.F.,.F.,
(2,2),(0.,1.51708065377117),.UNSPECIFIED.);
#1402=B_SPLINE_CURVE_WITH_KNOTS('',1,(#2857,#2858),.UNSPECIFIED.,.F.,.F.,
(2,2),(0.,39.),.UNSPECIFIED.);
#1403=B_SPLINE_CURVE_WITH_KNOTS('',1,(#2859,#2860),.UNSPECIFIED.,.F.,.F.,
(2,2),(39.,40.5),.UNSPECIFIED.);
#1404=B_SPLINE_CURVE_WITH_KNOTS('',1,(#2861,#2862),.UNSPECIFIED.,.F.,.F.,
(2,2),(40.5,79.5),.UNSPECIFIED.);
#1405=B_SPLINE_CURVE_WITH_KNOTS('',1,(#2863,#2864),.UNSPECIFIED.,.F.,.F.,
(2,2),(79.5,81.),.UNSPECIFIED.);
#1406=B_SPLINE_CURVE_WITH_KNOTS('',1,(#2865,#2866),.UNSPECIFIED.,.F.,.F.,
(2,2),(0.,39.),.UNSPECIFIED.);
#1407=B_SPLINE_CURVE_WITH_KNOTS('',1,(#2867,#2868),.UNSPECIFIED.,.F.,.F.,
(2,2),(39.,40.0170806537712),.UNSPECIFIED.);
#1408=B_SPLINE_CURVE_WITH_KNOTS('',1,(#2869,#2870),.UNSPECIFIED.,.F.,.F.,
(2,2),(0.,2.),.UNSPECIFIED.);
#1409=B_SPLINE_CURVE_WITH_KNOTS('',1,(#2871,#2872),.UNSPECIFIED.,.F.,.F.,
(2,2),(0.,2.),.UNSPECIFIED.);
#1410=B_SPLINE_CURVE_WITH_KNOTS('',1,(#2873,#2874),.UNSPECIFIED.,.F.,.F.,
(2,2),(0.,1.50207293961314),.UNSPECIFIED.);
#1411=B_SPLINE_CURVE_WITH_KNOTS('',1,(#2875,#2876),.UNSPECIFIED.,.F.,.F.,
(2,2),(0.,1.50207293961314),.UNSPECIFIED.);
#1412=B_SPLINE_CURVE_WITH_KNOTS('',1,(#2877,#2878),.UNSPECIFIED.,.F.,.F.,
(2,2),(0.,39.),.UNSPECIFIED.);
#1413=B_SPLINE_CURVE_WITH_KNOTS('',1,(#2879,#2880),.UNSPECIFIED.,.F.,.F.,
(2,2),(39.,40.5),.UNSPECIFIED.);
#1414=B_SPLINE_CURVE_WITH_KNOTS('',1,(#2881,#2882),.UNSPECIFIED.,.F.,.F.,
(2,2),(40.5,79.5),.UNSPECIFIED.);
#1415=B_SPLINE_CURVE_WITH_KNOTS('',1,(#2883,#2884),.UNSPECIFIED.,.F.,.F.,
(2,2),(79.5,81.),.UNSPECIFIED.);
#1416=B_SPLINE_CURVE_WITH_KNOTS('',1,(#2885,#2886),.UNSPECIFIED.,.F.,.F.,
(2,2),(0.,39.),.UNSPECIFIED.);
#1417=B_SPLINE_CURVE_WITH_KNOTS('',1,(#2887,#2888),.UNSPECIFIED.,.F.,.F.,
(2,2),(39.,40.0020729396131),.UNSPECIFIED.);
#1418=B_SPLINE_CURVE_WITH_KNOTS('',1,(#2889,#2890),.UNSPECIFIED.,.F.,.F.,
(2,2),(0.,2.),.UNSPECIFIED.);
#1419=B_SPLINE_CURVE_WITH_KNOTS('',1,(#2891,#2892),.UNSPECIFIED.,.F.,.F.,
(2,2),(0.,2.),.UNSPECIFIED.);
#1420=B_SPLINE_CURVE_WITH_KNOTS('',1,(#2893,#2894),.UNSPECIFIED.,.F.,.F.,
(2,2),(0.,1.50287748342729),.UNSPECIFIED.);
#1421=B_SPLINE_CURVE_WITH_KNOTS('',1,(#2895,#2896),.UNSPECIFIED.,.F.,.F.,
(2,2),(0.,1.50287748342729),.UNSPECIFIED.);
#1422=B_SPLINE_CURVE_WITH_KNOTS('',1,(#2897,#2898),.UNSPECIFIED.,.F.,.F.,
(2,2),(0.,39.),.UNSPECIFIED.);
#1423=B_SPLINE_CURVE_WITH_KNOTS('',1,(#2899,#2900),.UNSPECIFIED.,.F.,.F.,
(2,2),(39.,40.5),.UNSPECIFIED.);
#1424=B_SPLINE_CURVE_WITH_KNOTS('',1,(#2901,#2902),.UNSPECIFIED.,.F.,.F.,
(2,2),(40.5,79.5),.UNSPECIFIED.);
#1425=B_SPLINE_CURVE_WITH_KNOTS('',1,(#2903,#2904),.UNSPECIFIED.,.F.,.F.,
(2,2),(79.5,81.),.UNSPECIFIED.);
#1426=B_SPLINE_CURVE_WITH_KNOTS('',1,(#2905,#2906),.UNSPECIFIED.,.F.,.F.,
(2,2),(0.,39.),.UNSPECIFIED.);
#1427=B_SPLINE_CURVE_WITH_KNOTS('',1,(#2907,#2908),.UNSPECIFIED.,.F.,.F.,
(2,2),(39.,40.0028774834273),.UNSPECIFIED.);
#1428=B_SPLINE_CURVE_WITH_KNOTS('',1,(#2909,#2910),.UNSPECIFIED.,.F.,.F.,
(2,2),(0.,2.),.UNSPECIFIED.);
#1429=B_SPLINE_CURVE_WITH_KNOTS('',1,(#2911,#2912),.UNSPECIFIED.,.F.,.F.,
(2,2),(0.,2.),.UNSPECIFIED.);
#1430=B_SPLINE_CURVE_WITH_KNOTS('',1,(#2913,#2914),.UNSPECIFIED.,.F.,.F.,
(2,2),(0.,1.50273298625909),.UNSPECIFIED.);
#1431=B_SPLINE_CURVE_WITH_KNOTS('',1,(#2915,#2916),.UNSPECIFIED.,.F.,.F.,
(2,2),(0.,1.50273298625909),.UNSPECIFIED.);
#1432=B_SPLINE_CURVE_WITH_KNOTS('',1,(#2917,#2918),.UNSPECIFIED.,.F.,.F.,
(2,2),(0.,39.),.UNSPECIFIED.);
#1433=B_SPLINE_CURVE_WITH_KNOTS('',1,(#2919,#2920),.UNSPECIFIED.,.F.,.F.,
(2,2),(39.,40.5),.UNSPECIFIED.);
#1434=B_SPLINE_CURVE_WITH_KNOTS('',1,(#2921,#2922),.UNSPECIFIED.,.F.,.F.,
(2,2),(40.5,79.5),.UNSPECIFIED.);
#1435=B_SPLINE_CURVE_WITH_KNOTS('',1,(#2923,#2924),.UNSPECIFIED.,.F.,.F.,
(2,2),(79.5,81.),.UNSPECIFIED.);
#1436=B_SPLINE_CURVE_WITH_KNOTS('',1,(#2925,#2926),.UNSPECIFIED.,.F.,.F.,
(2,2),(0.,39.),.UNSPECIFIED.);
#1437=B_SPLINE_CURVE_WITH_KNOTS('',1,(#2927,#2928),.UNSPECIFIED.,.F.,.F.,
(2,2),(39.,40.0027329862591),.UNSPECIFIED.);
#1438=B_SPLINE_CURVE_WITH_KNOTS('',1,(#2929,#2930),.UNSPECIFIED.,.F.,.F.,
(2,2),(0.,2.),.UNSPECIFIED.);
#1439=B_SPLINE_CURVE_WITH_KNOTS('',1,(#2931,#2932),.UNSPECIFIED.,.F.,.F.,
(2,2),(0.,2.),.UNSPECIFIED.);
#1440=B_SPLINE_CURVE_WITH_KNOTS('',1,(#2933,#2934),.UNSPECIFIED.,.F.,.F.,
(2,2),(0.,1.50000000000001),.UNSPECIFIED.);
#1441=B_SPLINE_CURVE_WITH_KNOTS('',1,(#2935,#2936),.UNSPECIFIED.,.F.,.F.,
(2,2),(0.,1.50000000000001),.UNSPECIFIED.);
#1442=B_SPLINE_CURVE_WITH_KNOTS('',1,(#2937,#2938),.UNSPECIFIED.,.F.,.F.,
(2,2),(0.,39.),.UNSPECIFIED.);
#1443=B_SPLINE_CURVE_WITH_KNOTS('',1,(#2939,#2940),.UNSPECIFIED.,.F.,.F.,
(2,2),(39.,40.5),.UNSPECIFIED.);
#1444=B_SPLINE_CURVE_WITH_KNOTS('',1,(#2941,#2942),.UNSPECIFIED.,.F.,.F.,
(2,2),(40.5,79.5),.UNSPECIFIED.);
#1445=B_SPLINE_CURVE_WITH_KNOTS('',1,(#2943,#2944),.UNSPECIFIED.,.F.,.F.,
(2,2),(79.5,81.),.UNSPECIFIED.);
#1446=B_SPLINE_CURVE_WITH_KNOTS('',1,(#2945,#2946),.UNSPECIFIED.,.F.,.F.,
(2,2),(0.,39.),.UNSPECIFIED.);
#1447=B_SPLINE_CURVE_WITH_KNOTS('',1,(#2947,#2948),.UNSPECIFIED.,.F.,.F.,
(2,2),(39.,40.),.UNSPECIFIED.);
#1448=B_SPLINE_CURVE_WITH_KNOTS('',1,(#2949,#2950),.UNSPECIFIED.,.F.,.F.,
(2,2),(0.,21.5753544569477),.UNSPECIFIED.);
#1449=B_SPLINE_CURVE_WITH_KNOTS('',1,(#2951,#2952),.UNSPECIFIED.,.F.,.F.,
(2,2),(0.,1.),.UNSPECIFIED.);
#1450=B_SPLINE_CURVE_WITH_KNOTS('',1,(#2953,#2954),.UNSPECIFIED.,.F.,.F.,
(2,2),(0.,1.),.UNSPECIFIED.);
#1451=B_SPLINE_CURVE_WITH_KNOTS('',1,(#2955,#2956),.UNSPECIFIED.,.F.,.F.,
(2,2),(21.5753544569477,30.7131516387137),.UNSPECIFIED.);
#1452=B_SPLINE_CURVE_WITH_KNOTS('',1,(#2957,#2958),.UNSPECIFIED.,.F.,.F.,
(2,2),(0.,1.),.UNSPECIFIED.);
#1453=B_SPLINE_CURVE_WITH_KNOTS('',1,(#2959,#2960),.UNSPECIFIED.,.F.,.F.,
(2,2),(30.7131516387137,52.2885060956614),.UNSPECIFIED.);
#1454=B_SPLINE_CURVE_WITH_KNOTS('',1,(#2961,#2962),.UNSPECIFIED.,.F.,.F.,
(2,2),(0.,1.),.UNSPECIFIED.);
#1455=B_SPLINE_CURVE_WITH_KNOTS('',1,(#2963,#2964),.UNSPECIFIED.,.F.,.F.,
(2,2),(52.2885060956614,61.4263032774275),.UNSPECIFIED.);
#1456=B_SPLINE_CURVE_WITH_KNOTS('',1,(#2965,#2966),.UNSPECIFIED.,.F.,.F.,
(2,2),(0.,21.5753544569477),.UNSPECIFIED.);
#1457=B_SPLINE_CURVE_WITH_KNOTS('',1,(#2967,#2968),.UNSPECIFIED.,.F.,.F.,
(2,2),(21.5753544569477,30.7131516387137),.UNSPECIFIED.);
#1458=B_SPLINE_CURVE_WITH_KNOTS('',1,(#2969,#2970),.UNSPECIFIED.,.F.,.F.,
(2,2),(30.7131516387137,52.2885060956614),.UNSPECIFIED.);
#1459=B_SPLINE_CURVE_WITH_KNOTS('',1,(#2971,#2972),.UNSPECIFIED.,.F.,.F.,
(2,2),(52.2885060956614,61.4263032774275),.UNSPECIFIED.);
#1460=B_SPLINE_CURVE_WITH_KNOTS('',1,(#2973,#2974),.UNSPECIFIED.,.F.,.F.,
(2,2),(0.,2.),.UNSPECIFIED.);
#1461=B_SPLINE_CURVE_WITH_KNOTS('',1,(#2975,#2976),.UNSPECIFIED.,.F.,.F.,
(2,2),(0.,2.),.UNSPECIFIED.);
#1462=B_SPLINE_CURVE_WITH_KNOTS('',1,(#2977,#2978),.UNSPECIFIED.,.F.,.F.,
(2,2),(0.,1.55026484676209),.UNSPECIFIED.);
#1463=B_SPLINE_CURVE_WITH_KNOTS('',1,(#2979,#2980),.UNSPECIFIED.,.F.,.F.,
(2,2),(0.,1.55026484676209),.UNSPECIFIED.);
#1464=B_SPLINE_CURVE_WITH_KNOTS('',1,(#2981,#2982),.UNSPECIFIED.,.F.,.F.,
(2,2),(0.,39.),.UNSPECIFIED.);
#1465=B_SPLINE_CURVE_WITH_KNOTS('',1,(#2983,#2984),.UNSPECIFIED.,.F.,.F.,
(2,2),(39.,40.5),.UNSPECIFIED.);
#1466=B_SPLINE_CURVE_WITH_KNOTS('',1,(#2985,#2986),.UNSPECIFIED.,.F.,.F.,
(2,2),(40.5,79.5),.UNSPECIFIED.);
#1467=B_SPLINE_CURVE_WITH_KNOTS('',1,(#2987,#2988),.UNSPECIFIED.,.F.,.F.,
(2,2),(79.5,81.),.UNSPECIFIED.);
#1468=B_SPLINE_CURVE_WITH_KNOTS('',1,(#2989,#2990),.UNSPECIFIED.,.F.,.F.,
(2,2),(0.,39.),.UNSPECIFIED.);
#1469=B_SPLINE_CURVE_WITH_KNOTS('',1,(#2991,#2992),.UNSPECIFIED.,.F.,.F.,
(2,2),(39.,40.0502648467621),.UNSPECIFIED.);
#1470=B_SPLINE_CURVE_WITH_KNOTS('',1,(#2993,#2994),.UNSPECIFIED.,.F.,.F.,
(2,2),(0.,2.),.UNSPECIFIED.);
#1471=B_SPLINE_CURVE_WITH_KNOTS('',1,(#2995,#2996),.UNSPECIFIED.,.F.,.F.,
(2,2),(0.,2.),.UNSPECIFIED.);
#1472=B_SPLINE_CURVE_WITH_KNOTS('',1,(#2997,#2998),.UNSPECIFIED.,.F.,.F.,
(2,2),(0.,1.55299783302116),.UNSPECIFIED.);
#1473=B_SPLINE_CURVE_WITH_KNOTS('',1,(#2999,#3000),.UNSPECIFIED.,.F.,.F.,
(2,2),(0.,1.55299783302116),.UNSPECIFIED.);
#1474=B_SPLINE_CURVE_WITH_KNOTS('',1,(#3001,#3002),.UNSPECIFIED.,.F.,.F.,
(2,2),(0.,39.),.UNSPECIFIED.);
#1475=B_SPLINE_CURVE_WITH_KNOTS('',1,(#3003,#3004),.UNSPECIFIED.,.F.,.F.,
(2,2),(39.,40.5),.UNSPECIFIED.);
#1476=B_SPLINE_CURVE_WITH_KNOTS('',1,(#3005,#3006),.UNSPECIFIED.,.F.,.F.,
(2,2),(40.5,79.5),.UNSPECIFIED.);
#1477=B_SPLINE_CURVE_WITH_KNOTS('',1,(#3007,#3008),.UNSPECIFIED.,.F.,.F.,
(2,2),(79.5,81.),.UNSPECIFIED.);
#1478=B_SPLINE_CURVE_WITH_KNOTS('',1,(#3009,#3010),.UNSPECIFIED.,.F.,.F.,
(2,2),(0.,39.),.UNSPECIFIED.);
#1479=B_SPLINE_CURVE_WITH_KNOTS('',1,(#3011,#3012),.UNSPECIFIED.,.F.,.F.,
(2,2),(39.,40.0529978330212),.UNSPECIFIED.);
#1480=B_SPLINE_CURVE_WITH_KNOTS('',1,(#3013,#3014),.UNSPECIFIED.,.F.,.F.,
(2,2),(0.,2.),.UNSPECIFIED.);
#1481=B_SPLINE_CURVE_WITH_KNOTS('',1,(#3015,#3016),.UNSPECIFIED.,.F.,.F.,
(2,2),(0.,2.),.UNSPECIFIED.);
#1482=B_SPLINE_CURVE_WITH_KNOTS('',1,(#3017,#3018),.UNSPECIFIED.,.F.,.F.,
(2,2),(0.,1.55314233018937),.UNSPECIFIED.);
#1483=B_SPLINE_CURVE_WITH_KNOTS('',1,(#3019,#3020),.UNSPECIFIED.,.F.,.F.,
(2,2),(0.,1.55314233018937),.UNSPECIFIED.);
#1484=B_SPLINE_CURVE_WITH_KNOTS('',1,(#3021,#3022),.UNSPECIFIED.,.F.,.F.,
(2,2),(0.,39.),.UNSPECIFIED.);
#1485=B_SPLINE_CURVE_WITH_KNOTS('',1,(#3023,#3024),.UNSPECIFIED.,.F.,.F.,
(2,2),(39.,40.5),.UNSPECIFIED.);
#1486=B_SPLINE_CURVE_WITH_KNOTS('',1,(#3025,#3026),.UNSPECIFIED.,.F.,.F.,
(2,2),(40.5,79.5),.UNSPECIFIED.);
#1487=B_SPLINE_CURVE_WITH_KNOTS('',1,(#3027,#3028),.UNSPECIFIED.,.F.,.F.,
(2,2),(79.5,81.),.UNSPECIFIED.);
#1488=B_SPLINE_CURVE_WITH_KNOTS('',1,(#3029,#3030),.UNSPECIFIED.,.F.,.F.,
(2,2),(0.,39.),.UNSPECIFIED.);
#1489=B_SPLINE_CURVE_WITH_KNOTS('',1,(#3031,#3032),.UNSPECIFIED.,.F.,.F.,
(2,2),(39.,40.0531423301894),.UNSPECIFIED.);
#1490=B_SPLINE_CURVE_WITH_KNOTS('',1,(#3033,#3034),.UNSPECIFIED.,.F.,.F.,
(2,2),(0.,2.),.UNSPECIFIED.);
#1491=B_SPLINE_CURVE_WITH_KNOTS('',1,(#3035,#3036),.UNSPECIFIED.,.F.,.F.,
(2,2),(0.,2.),.UNSPECIFIED.);
#1492=B_SPLINE_CURVE_WITH_KNOTS('',1,(#3037,#3038),.UNSPECIFIED.,.F.,.F.,
(2,2),(0.,1.55233778637521),.UNSPECIFIED.);
#1493=B_SPLINE_CURVE_WITH_KNOTS('',1,(#3039,#3040),.UNSPECIFIED.,.F.,.F.,
(2,2),(0.,1.55233778637522),.UNSPECIFIED.);
#1494=B_SPLINE_CURVE_WITH_KNOTS('',1,(#3041,#3042),.UNSPECIFIED.,.F.,.F.,
(2,2),(0.,39.),.UNSPECIFIED.);
#1495=B_SPLINE_CURVE_WITH_KNOTS('',1,(#3043,#3044),.UNSPECIFIED.,.F.,.F.,
(2,2),(39.,40.5),.UNSPECIFIED.);
#1496=B_SPLINE_CURVE_WITH_KNOTS('',1,(#3045,#3046),.UNSPECIFIED.,.F.,.F.,
(2,2),(40.5,79.5),.UNSPECIFIED.);
#1497=B_SPLINE_CURVE_WITH_KNOTS('',1,(#3047,#3048),.UNSPECIFIED.,.F.,.F.,
(2,2),(79.5,81.),.UNSPECIFIED.);
#1498=B_SPLINE_CURVE_WITH_KNOTS('',1,(#3049,#3050),.UNSPECIFIED.,.F.,.F.,
(2,2),(0.,39.),.UNSPECIFIED.);
#1499=B_SPLINE_CURVE_WITH_KNOTS('',1,(#3051,#3052),.UNSPECIFIED.,.F.,.F.,
(2,2),(39.,40.0523377863752),.UNSPECIFIED.);
#1500=B_SPLINE_CURVE_WITH_KNOTS('',1,(#3053,#3054),.UNSPECIFIED.,.F.,.F.,
(2,2),(0.,2.),.UNSPECIFIED.);
#1501=B_SPLINE_CURVE_WITH_KNOTS('',1,(#3055,#3056),.UNSPECIFIED.,.F.,.F.,
(2,2),(0.,2.),.UNSPECIFIED.);
#1502=B_SPLINE_CURVE_WITH_KNOTS('',1,(#3057,#3058),.UNSPECIFIED.,.F.,.F.,
(2,2),(0.,1.56734550053325),.UNSPECIFIED.);
#1503=B_SPLINE_CURVE_WITH_KNOTS('',1,(#3059,#3060),.UNSPECIFIED.,.F.,.F.,
(2,2),(0.,1.56734550053325),.UNSPECIFIED.);
#1504=B_SPLINE_CURVE_WITH_KNOTS('',1,(#3061,#3062),.UNSPECIFIED.,.F.,.F.,
(2,2),(0.,39.),.UNSPECIFIED.);
#1505=B_SPLINE_CURVE_WITH_KNOTS('',1,(#3063,#3064),.UNSPECIFIED.,.F.,.F.,
(2,2),(39.,40.5),.UNSPECIFIED.);
#1506=B_SPLINE_CURVE_WITH_KNOTS('',1,(#3065,#3066),.UNSPECIFIED.,.F.,.F.,
(2,2),(40.5,79.5),.UNSPECIFIED.);
#1507=B_SPLINE_CURVE_WITH_KNOTS('',1,(#3067,#3068),.UNSPECIFIED.,.F.,.F.,
(2,2),(79.5,81.),.UNSPECIFIED.);
#1508=B_SPLINE_CURVE_WITH_KNOTS('',1,(#3069,#3070),.UNSPECIFIED.,.F.,.F.,
(2,2),(0.,39.),.UNSPECIFIED.);
#1509=B_SPLINE_CURVE_WITH_KNOTS('',1,(#3071,#3072),.UNSPECIFIED.,.F.,.F.,
(2,2),(39.,40.0673455005332),.UNSPECIFIED.);
#1510=B_SPLINE_CURVE_WITH_KNOTS('',1,(#3073,#3074),.UNSPECIFIED.,.F.,.F.,
(2,2),(0.,40.),.UNSPECIFIED.);
#1511=B_SPLINE_CURVE_WITH_KNOTS('',1,(#3075,#3076),.UNSPECIFIED.,.F.,.F.,
(2,2),(-4.21331643143166,-3.21331643143166),.UNSPECIFIED.);
#1512=B_SPLINE_CURVE_WITH_KNOTS('',1,(#3077,#3078),.UNSPECIFIED.,.F.,.F.,
(2,2),(0.,40.),.UNSPECIFIED.);
#1513=B_SPLINE_CURVE_WITH_KNOTS('',1,(#3079,#3080),.UNSPECIFIED.,.F.,.F.,
(2,2),(-4.21331643143166,-3.21331643143166),.UNSPECIFIED.);
#1514=B_SPLINE_CURVE_WITH_KNOTS('',1,(#3081,#3082),.UNSPECIFIED.,.F.,.F.,
(2,2),(-3.21331643143166,-0.00197327388678728),.UNSPECIFIED.);
#1515=B_SPLINE_CURVE_WITH_KNOTS('',1,(#3083,#3084),.UNSPECIFIED.,.F.,.F.,
(2,2),(-3.21331643143166,-0.00197327388678728),.UNSPECIFIED.);
#1516=B_SPLINE_CURVE_WITH_KNOTS('',1,(#3085,#3086),.UNSPECIFIED.,.F.,.F.,
(2,2),(0.,0.499999941857297),.UNSPECIFIED.);
#1517=B_SPLINE_CURVE_WITH_KNOTS('',1,(#3087,#3088),.UNSPECIFIED.,.F.,.F.,
(2,2),(39.4999999418573,40.),.UNSPECIFIED.);
#1518=B_SPLINE_CURVE_WITH_KNOTS('',1,(#3089,#3090),.UNSPECIFIED.,.F.,.F.,
(2,2),(-40.,0.),.UNSPECIFIED.);
#1519=B_SPLINE_CURVE_WITH_KNOTS('',1,(#3091,#3092),.UNSPECIFIED.,.F.,.F.,
(2,2),(-1.51405752093546,-0.00154386415463302),.UNSPECIFIED.);
#1520=B_SPLINE_CURVE_WITH_KNOTS('',1,(#3093,#3094),.UNSPECIFIED.,.F.,.F.,
(2,2),(-1.51405752093546,-0.00154386415463302),.UNSPECIFIED.);
#1521=B_SPLINE_CURVE_WITH_KNOTS('',1,(#3095,#3096),.UNSPECIFIED.,.F.,.F.,
(2,2),(-6.33463677499128,-5.62752999380475),.UNSPECIFIED.);
#1522=B_SPLINE_CURVE_WITH_KNOTS('',1,(#3097,#3098),.UNSPECIFIED.,.F.,.F.,
(2,2),(-79.5,-40.5),.UNSPECIFIED.);
#1523=B_SPLINE_CURVE_WITH_KNOTS('',1,(#3099,#3100),.UNSPECIFIED.,.F.,.F.,
(2,2),(5.62752999380475,6.33463677499128),.UNSPECIFIED.);
#1524=B_SPLINE_CURVE_WITH_KNOTS('',1,(#3101,#3102),.UNSPECIFIED.,.F.,.F.,
(2,2),(80.,81.),.UNSPECIFIED.);
#1525=B_SPLINE_CURVE_WITH_KNOTS('',1,(#3103,#3104),.UNSPECIFIED.,.F.,.F.,
(2,2),(-5.62752999380475,-4.21331643143166),.UNSPECIFIED.);
#1526=B_SPLINE_CURVE_WITH_KNOTS('',1,(#3105,#3106),.UNSPECIFIED.,.F.,.F.,
(2,2),(-5.62752999380475,-4.21331643143166),.UNSPECIFIED.);
#1527=B_SPLINE_CURVE_WITH_KNOTS('',1,(#3107,#3108),.UNSPECIFIED.,.F.,.F.,
(2,2),(0.,40.),.UNSPECIFIED.);
#1528=B_SPLINE_CURVE_WITH_KNOTS('',1,(#3109,#3110),.UNSPECIFIED.,.F.,.F.,
(2,2),(-4.21331643143166,-3.21331643143166),.UNSPECIFIED.);
#1529=B_SPLINE_CURVE_WITH_KNOTS('',1,(#3111,#3112),.UNSPECIFIED.,.F.,.F.,
(2,2),(0.,40.),.UNSPECIFIED.);
#1530=B_SPLINE_CURVE_WITH_KNOTS('',1,(#3113,#3114),.UNSPECIFIED.,.F.,.F.,
(2,2),(-4.21331643143166,-3.21331643143166),.UNSPECIFIED.);
#1531=B_SPLINE_CURVE_WITH_KNOTS('',1,(#3115,#3116),.UNSPECIFIED.,.F.,.F.,
(2,2),(-3.21331643143166,-0.00197327388678729),.UNSPECIFIED.);
#1532=B_SPLINE_CURVE_WITH_KNOTS('',1,(#3117,#3118),.UNSPECIFIED.,.F.,.F.,
(2,2),(-3.21331643143166,-0.00197327388678729),.UNSPECIFIED.);
#1533=B_SPLINE_CURVE_WITH_KNOTS('',1,(#3119,#3120),.UNSPECIFIED.,.F.,.F.,
(2,2),(0.,0.499999941857297),.UNSPECIFIED.);
#1534=B_SPLINE_CURVE_WITH_KNOTS('',1,(#3121,#3122),.UNSPECIFIED.,.F.,.F.,
(2,2),(39.4999999418573,40.),.UNSPECIFIED.);
#1535=B_SPLINE_CURVE_WITH_KNOTS('',1,(#3123,#3124),.UNSPECIFIED.,.F.,.F.,
(2,2),(-40.,0.),.UNSPECIFIED.);
#1536=B_SPLINE_CURVE_WITH_KNOTS('',1,(#3125,#3126),.UNSPECIFIED.,.F.,.F.,
(2,2),(-1.51405752093546,-0.00154386415463302),.UNSPECIFIED.);
#1537=B_SPLINE_CURVE_WITH_KNOTS('',1,(#3127,#3128),.UNSPECIFIED.,.F.,.F.,
(2,2),(-1.51405752093546,-0.00154386415463302),.UNSPECIFIED.);
#1538=B_SPLINE_CURVE_WITH_KNOTS('',1,(#3129,#3130),.UNSPECIFIED.,.F.,.F.,
(2,2),(-6.33077174875792,-5.62752999380475),.UNSPECIFIED.);
#1539=B_SPLINE_CURVE_WITH_KNOTS('',1,(#3131,#3132),.UNSPECIFIED.,.F.,.F.,
(2,2),(-79.5,-40.5),.UNSPECIFIED.);
#1540=B_SPLINE_CURVE_WITH_KNOTS('',1,(#3133,#3134),.UNSPECIFIED.,.F.,.F.,
(2,2),(5.62752999380474,6.33077174875792),.UNSPECIFIED.);
#1541=B_SPLINE_CURVE_WITH_KNOTS('',1,(#3135,#3136),.UNSPECIFIED.,.F.,.F.,
(2,2),(79.9972670137409,81.),.UNSPECIFIED.);
#1542=B_SPLINE_CURVE_WITH_KNOTS('',1,(#3137,#3138),.UNSPECIFIED.,.F.,.F.,
(2,2),(-5.62752999380475,-4.21331643143166),.UNSPECIFIED.);
#1543=B_SPLINE_CURVE_WITH_KNOTS('',1,(#3139,#3140),.UNSPECIFIED.,.F.,.F.,
(2,2),(-5.62752999380475,-4.21331643143166),.UNSPECIFIED.);
#1544=B_SPLINE_CURVE_WITH_KNOTS('',1,(#3141,#3142),.UNSPECIFIED.,.F.,.F.,
(2,2),(0.,40.),.UNSPECIFIED.);
#1545=B_SPLINE_CURVE_WITH_KNOTS('',1,(#3143,#3144),.UNSPECIFIED.,.F.,.F.,
(2,2),(-4.21331643143166,-3.21331643143166),.UNSPECIFIED.);
#1546=B_SPLINE_CURVE_WITH_KNOTS('',1,(#3145,#3146),.UNSPECIFIED.,.F.,.F.,
(2,2),(0.,40.),.UNSPECIFIED.);
#1547=B_SPLINE_CURVE_WITH_KNOTS('',1,(#3147,#3148),.UNSPECIFIED.,.F.,.F.,
(2,2),(-4.21331643143166,-3.21331643143166),.UNSPECIFIED.);
#1548=B_SPLINE_CURVE_WITH_KNOTS('',1,(#3149,#3150),.UNSPECIFIED.,.F.,.F.,
(2,2),(-3.21331643143166,-0.00197327388678728),.UNSPECIFIED.);
#1549=B_SPLINE_CURVE_WITH_KNOTS('',1,(#3151,#3152),.UNSPECIFIED.,.F.,.F.,
(2,2),(-3.21331643143166,-0.00197327388678729),.UNSPECIFIED.);
#1550=B_SPLINE_CURVE_WITH_KNOTS('',1,(#3153,#3154),.UNSPECIFIED.,.F.,.F.,
(2,2),(0.,0.499999941857297),.UNSPECIFIED.);
#1551=B_SPLINE_CURVE_WITH_KNOTS('',1,(#3155,#3156),.UNSPECIFIED.,.F.,.F.,
(2,2),(39.4999999418573,40.),.UNSPECIFIED.);
#1552=B_SPLINE_CURVE_WITH_KNOTS('',1,(#3157,#3158),.UNSPECIFIED.,.F.,.F.,
(2,2),(-40.,0.),.UNSPECIFIED.);
#1553=B_SPLINE_CURVE_WITH_KNOTS('',1,(#3159,#3160),.UNSPECIFIED.,.F.,.F.,
(2,2),(-1.51405752093546,-0.00154386415463302),.UNSPECIFIED.);
#1554=B_SPLINE_CURVE_WITH_KNOTS('',1,(#3161,#3162),.UNSPECIFIED.,.F.,.F.,
(2,2),(-1.51405752093546,-0.00154386415463302),.UNSPECIFIED.);
#1555=B_SPLINE_CURVE_WITH_KNOTS('',1,(#3163,#3164),.UNSPECIFIED.,.F.,.F.,
(2,2),(-6.33056739890291,-5.62752999380475),.UNSPECIFIED.);
#1556=B_SPLINE_CURVE_WITH_KNOTS('',1,(#3165,#3166),.UNSPECIFIED.,.F.,.F.,
(2,2),(-79.5,-40.5),.UNSPECIFIED.);
#1557=B_SPLINE_CURVE_WITH_KNOTS('',1,(#3167,#3168),.UNSPECIFIED.,.F.,.F.,
(2,2),(5.62752999380474,6.33056739890292),.UNSPECIFIED.);
#1558=B_SPLINE_CURVE_WITH_KNOTS('',1,(#3169,#3170),.UNSPECIFIED.,.F.,.F.,
(2,2),(79.9971225165727,81.),.UNSPECIFIED.);
#1559=B_SPLINE_CURVE_WITH_KNOTS('',1,(#3171,#3172),.UNSPECIFIED.,.F.,.F.,
(2,2),(-5.62752999380475,-4.21331643143166),.UNSPECIFIED.);
#1560=B_SPLINE_CURVE_WITH_KNOTS('',1,(#3173,#3174),.UNSPECIFIED.,.F.,.F.,
(2,2),(-5.62752999380475,-4.21331643143166),.UNSPECIFIED.);
#1561=B_SPLINE_CURVE_WITH_KNOTS('',1,(#3175,#3176),.UNSPECIFIED.,.F.,.F.,
(2,2),(0.,40.),.UNSPECIFIED.);
#1562=B_SPLINE_CURVE_WITH_KNOTS('',1,(#3177,#3178),.UNSPECIFIED.,.F.,.F.,
(2,2),(-4.21331643143166,-3.21331643143166),.UNSPECIFIED.);
#1563=B_SPLINE_CURVE_WITH_KNOTS('',1,(#3179,#3180),.UNSPECIFIED.,.F.,.F.,
(2,2),(0.,40.),.UNSPECIFIED.);
#1564=B_SPLINE_CURVE_WITH_KNOTS('',1,(#3181,#3182),.UNSPECIFIED.,.F.,.F.,
(2,2),(-4.21331643143166,-3.21331643143166),.UNSPECIFIED.);
#1565=B_SPLINE_CURVE_WITH_KNOTS('',1,(#3183,#3184),.UNSPECIFIED.,.F.,.F.,
(2,2),(-3.21331643143166,-0.00197327388678729),.UNSPECIFIED.);
#1566=B_SPLINE_CURVE_WITH_KNOTS('',1,(#3185,#3186),.UNSPECIFIED.,.F.,.F.,
(2,2),(-3.21331643143166,-0.00197327388678729),.UNSPECIFIED.);
#1567=B_SPLINE_CURVE_WITH_KNOTS('',1,(#3187,#3188),.UNSPECIFIED.,.F.,.F.,
(2,2),(0.,0.499999941857297),.UNSPECIFIED.);
#1568=B_SPLINE_CURVE_WITH_KNOTS('',1,(#3189,#3190),.UNSPECIFIED.,.F.,.F.,
(2,2),(39.4999999418573,40.),.UNSPECIFIED.);
#1569=B_SPLINE_CURVE_WITH_KNOTS('',1,(#3191,#3192),.UNSPECIFIED.,.F.,.F.,
(2,2),(-40.,0.),.UNSPECIFIED.);
#1570=B_SPLINE_CURVE_WITH_KNOTS('',1,(#3193,#3194),.UNSPECIFIED.,.F.,.F.,
(2,2),(-1.51405752093546,-0.00154386415463302),.UNSPECIFIED.);
#1571=B_SPLINE_CURVE_WITH_KNOTS('',1,(#3195,#3196),.UNSPECIFIED.,.F.,.F.,
(2,2),(-1.51405752093546,-0.00154386415463302),.UNSPECIFIED.);
#1572=B_SPLINE_CURVE_WITH_KNOTS('',1,(#3197,#3198),.UNSPECIFIED.,.F.,.F.,
(2,2),(-6.33170519567642,-5.62752999380476),.UNSPECIFIED.);
#1573=B_SPLINE_CURVE_WITH_KNOTS('',1,(#3199,#3200),.UNSPECIFIED.,.F.,.F.,
(2,2),(-79.5,-40.5),.UNSPECIFIED.);
#1574=B_SPLINE_CURVE_WITH_KNOTS('',1,(#3201,#3202),.UNSPECIFIED.,.F.,.F.,
(2,2),(5.62752999380474,6.33170519567642),.UNSPECIFIED.);
#1575=B_SPLINE_CURVE_WITH_KNOTS('',1,(#3203,#3204),.UNSPECIFIED.,.F.,.F.,
(2,2),(79.9979270603869,81.),.UNSPECIFIED.);
#1576=B_SPLINE_CURVE_WITH_KNOTS('',1,(#3205,#3206),.UNSPECIFIED.,.F.,.F.,
(2,2),(-5.62752999380475,-4.21331643143166),.UNSPECIFIED.);
#1577=B_SPLINE_CURVE_WITH_KNOTS('',1,(#3207,#3208),.UNSPECIFIED.,.F.,.F.,
(2,2),(-5.62752999380475,-4.21331643143166),.UNSPECIFIED.);
#1578=B_SPLINE_CURVE_WITH_KNOTS('',1,(#3209,#3210),.UNSPECIFIED.,.F.,.F.,
(2,2),(0.,40.),.UNSPECIFIED.);
#1579=B_SPLINE_CURVE_WITH_KNOTS('',1,(#3211,#3212),.UNSPECIFIED.,.F.,.F.,
(2,2),(-4.21331643143166,-3.21331643143166),.UNSPECIFIED.);
#1580=B_SPLINE_CURVE_WITH_KNOTS('',1,(#3213,#3214),.UNSPECIFIED.,.F.,.F.,
(2,2),(0.,40.),.UNSPECIFIED.);
#1581=B_SPLINE_CURVE_WITH_KNOTS('',1,(#3215,#3216),.UNSPECIFIED.,.F.,.F.,
(2,2),(-4.21331643143166,-3.21331643143166),.UNSPECIFIED.);
#1582=B_SPLINE_CURVE_WITH_KNOTS('',1,(#3217,#3218),.UNSPECIFIED.,.F.,.F.,
(2,2),(-3.21331643143166,-0.00197327388678728),.UNSPECIFIED.);
#1583=B_SPLINE_CURVE_WITH_KNOTS('',1,(#3219,#3220),.UNSPECIFIED.,.F.,.F.,
(2,2),(-3.21331643143166,-0.00197327388678729),.UNSPECIFIED.);
#1584=B_SPLINE_CURVE_WITH_KNOTS('',1,(#3221,#3222),.UNSPECIFIED.,.F.,.F.,
(2,2),(0.,0.499999941857297),.UNSPECIFIED.);
#1585=B_SPLINE_CURVE_WITH_KNOTS('',1,(#3223,#3224),.UNSPECIFIED.,.F.,.F.,
(2,2),(39.4999999418573,40.),.UNSPECIFIED.);
#1586=B_SPLINE_CURVE_WITH_KNOTS('',1,(#3225,#3226),.UNSPECIFIED.,.F.,.F.,
(2,2),(-40.,0.),.UNSPECIFIED.);
#1587=B_SPLINE_CURVE_WITH_KNOTS('',1,(#3227,#3228),.UNSPECIFIED.,.F.,.F.,
(2,2),(-1.51405752093546,-0.00154386415463302),.UNSPECIFIED.);
#1588=B_SPLINE_CURVE_WITH_KNOTS('',1,(#3229,#3230),.UNSPECIFIED.,.F.,.F.,
(2,2),(-1.51405752093546,-0.00154386415463302),.UNSPECIFIED.);
#1589=B_SPLINE_CURVE_WITH_KNOTS('',1,(#3231,#3232),.UNSPECIFIED.,.F.,.F.,
(2,2),(-6.31048108277391,-5.62752999380476),.UNSPECIFIED.);
#1590=B_SPLINE_CURVE_WITH_KNOTS('',1,(#3233,#3234),.UNSPECIFIED.,.F.,.F.,
(2,2),(-79.5,-40.5),.UNSPECIFIED.);
#1591=B_SPLINE_CURVE_WITH_KNOTS('',1,(#3235,#3236),.UNSPECIFIED.,.F.,.F.,
(2,2),(5.62752999380474,6.31048108277391),.UNSPECIFIED.);
#1592=B_SPLINE_CURVE_WITH_KNOTS('',1,(#3237,#3238),.UNSPECIFIED.,.F.,.F.,
(2,2),(79.9829193462288,81.),.UNSPECIFIED.);
#1593=B_SPLINE_CURVE_WITH_KNOTS('',1,(#3239,#3240),.UNSPECIFIED.,.F.,.F.,
(2,2),(-5.62752999380475,-4.21331643143166),.UNSPECIFIED.);
#1594=B_SPLINE_CURVE_WITH_KNOTS('',1,(#3241,#3242),.UNSPECIFIED.,.F.,.F.,
(2,2),(-5.62752999380475,-4.21331643143166),.UNSPECIFIED.);
#1595=B_SPLINE_CURVE_WITH_KNOTS('',1,(#3243,#3244),.UNSPECIFIED.,.F.,.F.,
(2,2),(0.,40.),.UNSPECIFIED.);
#1596=B_SPLINE_CURVE_WITH_KNOTS('',1,(#3245,#3246),.UNSPECIFIED.,.F.,.F.,
(2,2),(-4.21331643143166,-3.21331643143166),.UNSPECIFIED.);
#1597=B_SPLINE_CURVE_WITH_KNOTS('',1,(#3247,#3248),.UNSPECIFIED.,.F.,.F.,
(2,2),(0.,40.),.UNSPECIFIED.);
#1598=B_SPLINE_CURVE_WITH_KNOTS('',1,(#3249,#3250),.UNSPECIFIED.,.F.,.F.,
(2,2),(-4.21331643143166,-3.21331643143166),.UNSPECIFIED.);
#1599=B_SPLINE_CURVE_WITH_KNOTS('',1,(#3251,#3252),.UNSPECIFIED.,.F.,.F.,
(2,2),(-3.21331643143166,-0.00197327388678728),.UNSPECIFIED.);
#1600=B_SPLINE_CURVE_WITH_KNOTS('',1,(#3253,#3254),.UNSPECIFIED.,.F.,.F.,
(2,2),(-3.21331643143166,-0.00197327388678729),.UNSPECIFIED.);
#1601=B_SPLINE_CURVE_WITH_KNOTS('',1,(#3255,#3256),.UNSPECIFIED.,.F.,.F.,
(2,2),(0.,0.499999941857297),.UNSPECIFIED.);
#1602=B_SPLINE_CURVE_WITH_KNOTS('',1,(#3257,#3258),.UNSPECIFIED.,.F.,.F.,
(2,2),(39.4999999418573,40.),.UNSPECIFIED.);
#1603=B_SPLINE_CURVE_WITH_KNOTS('',1,(#3259,#3260),.UNSPECIFIED.,.F.,.F.,
(2,2),(-40.,0.),.UNSPECIFIED.);
#1604=B_SPLINE_CURVE_WITH_KNOTS('',1,(#3261,#3262),.UNSPECIFIED.,.F.,.F.,
(2,2),(-1.51405752093546,-0.00154386415463302),.UNSPECIFIED.);
#1605=B_SPLINE_CURVE_WITH_KNOTS('',1,(#3263,#3264),.UNSPECIFIED.,.F.,.F.,
(2,2),(-1.51405752093546,-0.00154386415463302),.UNSPECIFIED.);
#1606=B_SPLINE_CURVE_WITH_KNOTS('',1,(#3265,#3266),.UNSPECIFIED.,.F.,.F.,
(2,2),(-6.25968652075639,-5.62752999380476),.UNSPECIFIED.);
#1607=B_SPLINE_CURVE_WITH_KNOTS('',1,(#3267,#3268),.UNSPECIFIED.,.F.,.F.,
(2,2),(-79.5,-40.5),.UNSPECIFIED.);
#1608=B_SPLINE_CURVE_WITH_KNOTS('',1,(#3269,#3270),.UNSPECIFIED.,.F.,.F.,
(2,2),(5.62752999380474,6.25968652075639),.UNSPECIFIED.);
#1609=B_SPLINE_CURVE_WITH_KNOTS('',1,(#3271,#3272),.UNSPECIFIED.,.F.,.F.,
(2,2),(79.9470021669788,81.),.UNSPECIFIED.);
#1610=B_SPLINE_CURVE_WITH_KNOTS('',1,(#3273,#3274),.UNSPECIFIED.,.F.,.F.,
(2,2),(-5.62752999380475,-4.21331643143166),.UNSPECIFIED.);
#1611=B_SPLINE_CURVE_WITH_KNOTS('',1,(#3275,#3276),.UNSPECIFIED.,.F.,.F.,
(2,2),(-5.62752999380475,-4.21331643143166),.UNSPECIFIED.);
#1612=B_SPLINE_CURVE_WITH_KNOTS('',1,(#3277,#3278),.UNSPECIFIED.,.F.,.F.,
(2,2),(0.,40.),.UNSPECIFIED.);
#1613=B_SPLINE_CURVE_WITH_KNOTS('',1,(#3279,#3280),.UNSPECIFIED.,.F.,.F.,
(2,2),(-4.21331643143166,-3.21331643143166),.UNSPECIFIED.);
#1614=B_SPLINE_CURVE_WITH_KNOTS('',1,(#3281,#3282),.UNSPECIFIED.,.F.,.F.,
(2,2),(0.,40.),.UNSPECIFIED.);
#1615=B_SPLINE_CURVE_WITH_KNOTS('',1,(#3283,#3284),.UNSPECIFIED.,.F.,.F.,
(2,2),(-4.21331643143166,-3.21331643143166),.UNSPECIFIED.);
#1616=B_SPLINE_CURVE_WITH_KNOTS('',1,(#3285,#3286),.UNSPECIFIED.,.F.,.F.,
(2,2),(-3.21331643143166,-0.00197327388678728),.UNSPECIFIED.);
#1617=B_SPLINE_CURVE_WITH_KNOTS('',1,(#3287,#3288),.UNSPECIFIED.,.F.,.F.,
(2,2),(-3.21331643143166,-0.00197327388678729),.UNSPECIFIED.);
#1618=B_SPLINE_CURVE_WITH_KNOTS('',1,(#3289,#3290),.UNSPECIFIED.,.F.,.F.,
(2,2),(0.,0.499999941857297),.UNSPECIFIED.);
#1619=B_SPLINE_CURVE_WITH_KNOTS('',1,(#3291,#3292),.UNSPECIFIED.,.F.,.F.,
(2,2),(39.4999999418573,40.),.UNSPECIFIED.);
#1620=B_SPLINE_CURVE_WITH_KNOTS('',1,(#3293,#3294),.UNSPECIFIED.,.F.,.F.,
(2,2),(-40.,0.),.UNSPECIFIED.);
#1621=B_SPLINE_CURVE_WITH_KNOTS('',1,(#3295,#3296),.UNSPECIFIED.,.F.,.F.,
(2,2),(-1.51405752093546,-0.00154386415463302),.UNSPECIFIED.);
#1622=B_SPLINE_CURVE_WITH_KNOTS('',1,(#3297,#3298),.UNSPECIFIED.,.F.,.F.,
(2,2),(-1.51405752093546,-0.00154386415463302),.UNSPECIFIED.);
#1623=B_SPLINE_CURVE_WITH_KNOTS('',1,(#3299,#3300),.UNSPECIFIED.,.F.,.F.,
(2,2),(-6.26061996767488,-5.62752999380475),.UNSPECIFIED.);
#1624=B_SPLINE_CURVE_WITH_KNOTS('',1,(#3301,#3302),.UNSPECIFIED.,.F.,.F.,
(2,2),(-79.5,-40.5),.UNSPECIFIED.);
#1625=B_SPLINE_CURVE_WITH_KNOTS('',1,(#3303,#3304),.UNSPECIFIED.,.F.,.F.,
(2,2),(5.62752999380475,6.26061996767489),.UNSPECIFIED.);
#1626=B_SPLINE_CURVE_WITH_KNOTS('',1,(#3305,#3306),.UNSPECIFIED.,.F.,.F.,
(2,2),(79.9476622136248,81.),.UNSPECIFIED.);
#1627=B_SPLINE_CURVE_WITH_KNOTS('',1,(#3307,#3308),.UNSPECIFIED.,.F.,.F.,
(2,2),(-5.62752999380475,-4.21331643143166),.UNSPECIFIED.);
#1628=B_SPLINE_CURVE_WITH_KNOTS('',1,(#3309,#3310),.UNSPECIFIED.,.F.,.F.,
(2,2),(-5.62752999380475,-4.21331643143166),.UNSPECIFIED.);
#1629=B_SPLINE_CURVE_WITH_KNOTS('',1,(#3311,#3312),.UNSPECIFIED.,.F.,.F.,
(2,2),(0.,40.),.UNSPECIFIED.);
#1630=B_SPLINE_CURVE_WITH_KNOTS('',1,(#3313,#3314),.UNSPECIFIED.,.F.,.F.,
(2,2),(-4.21331643143166,-3.21331643143166),.UNSPECIFIED.);
#1631=B_SPLINE_CURVE_WITH_KNOTS('',1,(#3315,#3316),.UNSPECIFIED.,.F.,.F.,
(2,2),(0.,40.),.UNSPECIFIED.);
#1632=B_SPLINE_CURVE_WITH_KNOTS('',1,(#3317,#3318),.UNSPECIFIED.,.F.,.F.,
(2,2),(-4.21331643143166,-3.21331643143166),.UNSPECIFIED.);
#1633=B_SPLINE_CURVE_WITH_KNOTS('',1,(#3319,#3320),.UNSPECIFIED.,.F.,.F.,
(2,2),(-3.21331643143166,-0.00197327388678729),.UNSPECIFIED.);
#1634=B_SPLINE_CURVE_WITH_KNOTS('',1,(#3321,#3322),.UNSPECIFIED.,.F.,.F.,
(2,2),(-3.21331643143166,-0.00197327388678729),.UNSPECIFIED.);
#1635=B_SPLINE_CURVE_WITH_KNOTS('',1,(#3323,#3324),.UNSPECIFIED.,.F.,.F.,
(2,2),(0.,0.499999941857297),.UNSPECIFIED.);
#1636=B_SPLINE_CURVE_WITH_KNOTS('',1,(#3325,#3326),.UNSPECIFIED.,.F.,.F.,
(2,2),(39.4999999418573,40.),.UNSPECIFIED.);
#1637=B_SPLINE_CURVE_WITH_KNOTS('',1,(#3327,#3328),.UNSPECIFIED.,.F.,.F.,
(2,2),(-40.,0.),.UNSPECIFIED.);
#1638=B_SPLINE_CURVE_WITH_KNOTS('',1,(#3329,#3330),.UNSPECIFIED.,.F.,.F.,
(2,2),(-1.51405752093546,-0.00154386415463302),.UNSPECIFIED.);
#1639=B_SPLINE_CURVE_WITH_KNOTS('',1,(#3331,#3332),.UNSPECIFIED.,.F.,.F.,
(2,2),(-1.51405752093546,-0.00154386415463302),.UNSPECIFIED.);
#1640=B_SPLINE_CURVE_WITH_KNOTS('',1,(#3333,#3334),.UNSPECIFIED.,.F.,.F.,
(2,2),(-6.23939585477238,-5.62752999380476),.UNSPECIFIED.);
#1641=B_SPLINE_CURVE_WITH_KNOTS('',1,(#3335,#3336),.UNSPECIFIED.,.F.,.F.,
(2,2),(-79.5,-40.5),.UNSPECIFIED.);
#1642=B_SPLINE_CURVE_WITH_KNOTS('',1,(#3337,#3338),.UNSPECIFIED.,.F.,.F.,
(2,2),(5.62752999380474,6.23939585477238),.UNSPECIFIED.);
#1643=B_SPLINE_CURVE_WITH_KNOTS('',1,(#3339,#3340),.UNSPECIFIED.,.F.,.F.,
(2,2),(79.9326544994667,81.),.UNSPECIFIED.);
#1644=B_SPLINE_CURVE_WITH_KNOTS('',1,(#3341,#3342),.UNSPECIFIED.,.F.,.F.,
(2,2),(-5.62752999380475,-4.21331643143166),.UNSPECIFIED.);
#1645=B_SPLINE_CURVE_WITH_KNOTS('',1,(#3343,#3344),.UNSPECIFIED.,.F.,.F.,
(2,2),(-5.62752999380475,-4.21331643143166),.UNSPECIFIED.);
#1646=B_SPLINE_CURVE_WITH_KNOTS('',1,(#3345,#3346),.UNSPECIFIED.,.F.,.F.,
(2,2),(-40.,-39.4999999418573),.UNSPECIFIED.);
#1647=B_SPLINE_CURVE_WITH_KNOTS('',1,(#3347,#3348),.UNSPECIFIED.,.F.,.F.,
(2,2),(-0.499999941857284,0.),.UNSPECIFIED.);
#1648=B_SPLINE_CURVE_WITH_KNOTS('',1,(#3349,#3350),.UNSPECIFIED.,.F.,.F.,
(2,2),(5.62752999380476,6.25948217090139),.UNSPECIFIED.);
#1649=B_SPLINE_CURVE_WITH_KNOTS('',1,(#3351,#3352),.UNSPECIFIED.,.F.,.F.,
(2,2),(40.5,79.5),.UNSPECIFIED.);
#1650=B_SPLINE_CURVE_WITH_KNOTS('',1,(#3353,#3354),.UNSPECIFIED.,.F.,.F.,
(2,2),(-6.25948217090139,-5.62752999380475),.UNSPECIFIED.);
#1651=B_SPLINE_CURVE_WITH_KNOTS('',1,(#3355,#3356),.UNSPECIFIED.,.F.,.F.,
(2,2),(0.,40.),.UNSPECIFIED.);
#1652=B_SPLINE_CURVE_WITH_KNOTS('',1,(#3357,#3358),.UNSPECIFIED.,.F.,.F.,
(2,2),(0.00154386415463305,1.51405752093546),.UNSPECIFIED.);
#1653=B_SPLINE_CURVE_WITH_KNOTS('',1,(#3359,#3360),.UNSPECIFIED.,.F.,.F.,
(2,2),(0.00154386415463305,1.51405752093546),.UNSPECIFIED.);
#1654=B_SPLINE_CURVE_WITH_KNOTS('',1,(#3361,#3362),.UNSPECIFIED.,.F.,.F.,
(2,2),(-5.62752999380475,-4.21331643143166),.UNSPECIFIED.);
#1655=B_SPLINE_CURVE_WITH_KNOTS('',1,(#3363,#3364),.UNSPECIFIED.,.F.,.F.,
(2,2),(-5.62752999380475,-4.21331643143166),.UNSPECIFIED.);
#1656=B_SPLINE_CURVE_WITH_KNOTS('',1,(#3365,#3366),.UNSPECIFIED.,.F.,.F.,
(2,2),(79.9468576698106,81.),.UNSPECIFIED.);
#1657=B_SPLINE_CURVE_WITH_KNOTS('',1,(#3367,#3368),.UNSPECIFIED.,.F.,.F.,
(2,2),(-40.,-39.4999999418573),.UNSPECIFIED.);
#1658=B_SPLINE_CURVE_WITH_KNOTS('',1,(#3369,#3370),.UNSPECIFIED.,.F.,.F.,
(2,2),(-0.499999941857317,0.),.UNSPECIFIED.);
#1659=B_SPLINE_CURVE_WITH_KNOTS('',1,(#3371,#3372),.UNSPECIFIED.,.F.,.F.,
(2,2),(5.62752999380475,6.26355154698975),.UNSPECIFIED.);
#1660=B_SPLINE_CURVE_WITH_KNOTS('',1,(#3373,#3374),.UNSPECIFIED.,.F.,.F.,
(2,2),(40.5,79.5),.UNSPECIFIED.);
#1661=B_SPLINE_CURVE_WITH_KNOTS('',1,(#3375,#3376),.UNSPECIFIED.,.F.,.F.,
(2,2),(-6.26355154698975,-5.62752999380475),.UNSPECIFIED.);
#1662=B_SPLINE_CURVE_WITH_KNOTS('',1,(#3377,#3378),.UNSPECIFIED.,.F.,.F.,
(2,2),(0.,40.),.UNSPECIFIED.);
#1663=B_SPLINE_CURVE_WITH_KNOTS('',1,(#3379,#3380),.UNSPECIFIED.,.F.,.F.,
(2,2),(0.00154386415463305,1.51405752093546),.UNSPECIFIED.);
#1664=B_SPLINE_CURVE_WITH_KNOTS('',1,(#3381,#3382),.UNSPECIFIED.,.F.,.F.,
(2,2),(0.00154386415463305,1.51405752093546),.UNSPECIFIED.);
#1665=B_SPLINE_CURVE_WITH_KNOTS('',1,(#3383,#3384),.UNSPECIFIED.,.F.,.F.,
(2,2),(-5.62752999380475,-4.21331643143166),.UNSPECIFIED.);
#1666=B_SPLINE_CURVE_WITH_KNOTS('',1,(#3385,#3386),.UNSPECIFIED.,.F.,.F.,
(2,2),(-5.62752999380475,-4.21331643143166),.UNSPECIFIED.);
#1667=B_SPLINE_CURVE_WITH_KNOTS('',1,(#3387,#3388),.UNSPECIFIED.,.F.,.F.,
(2,2),(79.9497351532379,81.),.UNSPECIFIED.);
#1668=B_SPLINE_CURVE_WITH_KNOTS('',3,(#3399,#3400,#3401,#3402,#3403,#3404,
#3405,#3406,#3407,#3408,#3409,#3410,#3411,#3412,#3413,#3414,#3415,#3416,
#3417,#3418,#3419,#3420,#3421,#3422,#3423,#3424,#3425,#3426,#3427,#3428,
#3429,#3430,#3431,#3432),.UNSPECIFIED.,.F.,.F.,(4,1,1,1,1,1,1,1,1,1,1,1,
1,1,1,1,1,1,1,1,1,1,1,1,1,1,1,1,1,1,1,4),(0.,0.699580346380146,1.43628992157416,
2.22328284909726,3.07162379108164,3.99106505193775,4.98578885661049,6.05703804696015,
7.19999224303915,8.40687311836719,9.6656442618997,10.9623122123806,12.2813772260053,
13.6067388032779,14.9233951458378,17.4755299517352,20.0276647576325,21.3443211001925,
22.669682677465,23.9887476910897,25.2854156415707,26.5441867851032,27.7510676604312,
28.8940218565102,29.9652710468599,30.9599948515326,31.8794361123887,32.7277770543732,
33.5147699818962,34.2514795570902,34.9510599034704,34.9510609248315),
 .UNSPECIFIED.);
#1669=B_SPLINE_CURVE_WITH_KNOTS('',3,(#3433,#3434,#3435,#3436,#3437,#3438,
#3439,#3440,#3441,#3442,#3443,#3444,#3445,#3446,#3447,#3448,#3449,#3450,
#3451,#3452,#3453,#3454,#3455,#3456,#3457,#3458,#3459,#3460,#3461,#3462,
#3463,#3464,#3465,#3466),.UNSPECIFIED.,.F.,.F.,(4,1,1,1,1,1,1,1,1,1,1,1,
1,1,1,1,1,1,1,1,1,1,1,1,1,1,1,1,1,1,1,4),(0.,0.699580346380146,1.43628992157416,
2.22328284909726,3.07162379108164,3.99106505193775,4.98578885661049,6.05703804696015,
7.19999224303915,8.40687311836719,9.6656442618997,10.9623122123806,12.2813772260053,
13.6067388032779,14.9233951458378,17.4755299517352,20.0276647576325,21.3443211001925,
22.669682677465,23.9887476910897,25.2854156415707,26.5441867851032,27.7510676604312,
28.8940218565102,29.9652710468599,30.9599948515326,31.8794361123887,32.7277770543732,
33.5147699818962,34.2514795570902,34.9510599034704,34.9510609248315),
 .UNSPECIFIED.);
#1670=B_SPLINE_CURVE_WITH_KNOTS('',1,(#3469,#3470),.UNSPECIFIED.,.F.,.F.,
(2,2),(-5.,-3.5),.UNSPECIFIED.);
#1671=B_SPLINE_CURVE_WITH_KNOTS('',1,(#3471,#3472),.UNSPECIFIED.,.F.,.F.,
(2,2),(-30.,-28.5000127576511),.UNSPECIFIED.);
#1672=B_SPLINE_CURVE_WITH_KNOTS('',1,(#3473,#3474),.UNSPECIFIED.,.F.,.F.,
(2,2),(-30.,-28.5000127576511),.UNSPECIFIED.);
#1673=B_SPLINE_CURVE_WITH_KNOTS('',1,(#3475,#3476),.UNSPECIFIED.,.F.,.F.,
(2,2),(3.5,5.),.UNSPECIFIED.);
#1674=B_SPLINE_CURVE_WITH_KNOTS('',1,(#3477,#3478),.UNSPECIFIED.,.F.,.F.,
(2,2),(-1.5,7.49400541621981E-16),.UNSPECIFIED.);
#1675=B_SPLINE_CURVE_WITH_KNOTS('',1,(#3479,#3480),.UNSPECIFIED.,.F.,.F.,
(2,2),(-1.5,7.49400541621981E-16),.UNSPECIFIED.);
#1676=B_SPLINE_CURVE_WITH_KNOTS('',1,(#3481,#3482),.UNSPECIFIED.,.F.,.F.,
(2,2),(0.,1.5),.UNSPECIFIED.);
#1677=VERTEX_POINT('',#2589);
#1678=VERTEX_POINT('',#2590);
#1679=VERTEX_POINT('',#2591);
#1680=VERTEX_POINT('',#2592);
#1681=VERTEX_POINT('',#2593);
#1682=VERTEX_POINT('',#2594);
#1683=VERTEX_POINT('',#2595);
#1684=VERTEX_POINT('',#2596);
#1685=VERTEX_POINT('',#2597);
#1686=VERTEX_POINT('',#2598);
#1687=VERTEX_POINT('',#2599);
#1688=VERTEX_POINT('',#2600);
#1689=VERTEX_POINT('',#2601);
#1690=VERTEX_POINT('',#2602);
#1691=VERTEX_POINT('',#2603);
#1692=VERTEX_POINT('',#2604);
#1693=VERTEX_POINT('',#2605);
#1694=VERTEX_POINT('',#2606);
#1695=VERTEX_POINT('',#2607);
#1696=VERTEX_POINT('',#2608);
#1697=VERTEX_POINT('',#2609);
#1698=VERTEX_POINT('',#2610);
#1699=VERTEX_POINT('',#2611);
#1700=VERTEX_POINT('',#2612);
#1701=VERTEX_POINT('',#2613);
#1702=VERTEX_POINT('',#2614);
#1703=VERTEX_POINT('',#2615);
#1704=VERTEX_POINT('',#2616);
#1705=VERTEX_POINT('',#2617);
#1706=VERTEX_POINT('',#2618);
#1707=VERTEX_POINT('',#2619);
#1708=VERTEX_POINT('',#2620);
#1709=VERTEX_POINT('',#2621);
#1710=VERTEX_POINT('',#2622);
#1711=VERTEX_POINT('',#2623);
#1712=VERTEX_POINT('',#2624);
#1713=VERTEX_POINT('',#2625);
#1714=VERTEX_POINT('',#2626);
#1715=VERTEX_POINT('',#2627);
#1716=VERTEX_POINT('',#2628);
#1717=VERTEX_POINT('',#2629);
#1718=VERTEX_POINT('',#2630);
#1719=VERTEX_POINT('',#2631);
#1720=VERTEX_POINT('',#2632);
#1721=VERTEX_POINT('',#2633);
#1722=VERTEX_POINT('',#2634);
#1723=VERTEX_POINT('',#2635);
#1724=VERTEX_POINT('',#2636);
#1725=VERTEX_POINT('',#2637);
#1726=VERTEX_POINT('',#2638);
#1727=VERTEX_POINT('',#2639);
#1728=VERTEX_POINT('',#2640);
#1729=VERTEX_POINT('',#2641);
#1730=VERTEX_POINT('',#2642);
#1731=VERTEX_POINT('',#2643);
#1732=VERTEX_POINT('',#2644);
#1733=VERTEX_POINT('',#2645);
#1734=VERTEX_POINT('',#2646);
#1735=VERTEX_POINT('',#2647);
#1736=VERTEX_POINT('',#2648);
#1737=VERTEX_POINT('',#2649);
#1738=VERTEX_POINT('',#2650);
#1739=VERTEX_POINT('',#2651);
#1740=VERTEX_POINT('',#2652);
#1741=VERTEX_POINT('',#2653);
#1742=VERTEX_POINT('',#2654);
#1743=VERTEX_POINT('',#2655);
#1744=VERTEX_POINT('',#2656);
#1745=VERTEX_POINT('',#2657);
#1746=VERTEX_POINT('',#2658);
#1747=VERTEX_POINT('',#2659);
#1748=VERTEX_POINT('',#2660);
#1749=VERTEX_POINT('',#2661);
#1750=VERTEX_POINT('',#2662);
#1751=VERTEX_POINT('',#2663);
#1752=VERTEX_POINT('',#2664);
#1753=VERTEX_POINT('',#2665);
#1754=VERTEX_POINT('',#2666);
#1755=VERTEX_POINT('',#2667);
#1756=VERTEX_POINT('',#2668);
#1757=VERTEX_POINT('',#2669);
#1758=VERTEX_POINT('',#2670);
#1759=VERTEX_POINT('',#2671);
#1760=VERTEX_POINT('',#2672);
#1761=VERTEX_POINT('',#2673);
#1762=VERTEX_POINT('',#2674);
#1763=VERTEX_POINT('',#2675);
#1764=VERTEX_POINT('',#2676);
#1765=VERTEX_POINT('',#2677);
#1766=VERTEX_POINT('',#2678);
#1767=VERTEX_POINT('',#2679);
#1768=VERTEX_POINT('',#2680);
#1769=VERTEX_POINT('',#2681);
#1770=VERTEX_POINT('',#2682);
#1771=VERTEX_POINT('',#2683);
#1772=VERTEX_POINT('',#2684);
#1773=VERTEX_POINT('',#2685);
#1774=VERTEX_POINT('',#2686);
#1775=VERTEX_POINT('',#2687);
#1776=VERTEX_POINT('',#2688);
#1777=VERTEX_POINT('',#2689);
#1778=VERTEX_POINT('',#2690);
#1779=VERTEX_POINT('',#2691);
#1780=VERTEX_POINT('',#2692);
#1781=VERTEX_POINT('',#2693);
#1782=VERTEX_POINT('',#2694);
#1783=VERTEX_POINT('',#2695);
#1784=VERTEX_POINT('',#2696);
#1785=VERTEX_POINT('',#2697);
#1786=VERTEX_POINT('',#2698);
#1787=VERTEX_POINT('',#2699);
#1788=VERTEX_POINT('',#2700);
#1789=VERTEX_POINT('',#2701);
#1790=VERTEX_POINT('',#2702);
#1791=VERTEX_POINT('',#2703);
#1792=VERTEX_POINT('',#2704);
#1793=VERTEX_POINT('',#2705);
#1794=VERTEX_POINT('',#2706);
#1795=VERTEX_POINT('',#2707);
#1796=VERTEX_POINT('',#2708);
#1797=VERTEX_POINT('',#2709);
#1798=VERTEX_POINT('',#2710);
#1799=VERTEX_POINT('',#2711);
#1800=VERTEX_POINT('',#2712);
#1801=VERTEX_POINT('',#2713);
#1802=VERTEX_POINT('',#2714);
#1803=VERTEX_POINT('',#2715);
#1804=VERTEX_POINT('',#2716);
#1805=VERTEX_POINT('',#2717);
#1806=VERTEX_POINT('',#2718);
#1807=VERTEX_POINT('',#2719);
#1808=VERTEX_POINT('',#2720);
#1809=VERTEX_POINT('',#2721);
#1810=VERTEX_POINT('',#2722);
#1811=VERTEX_POINT('',#2723);
#1812=VERTEX_POINT('',#2724);
#1813=VERTEX_POINT('',#2725);
#1814=VERTEX_POINT('',#2726);
#1815=VERTEX_POINT('',#2727);
#1816=VERTEX_POINT('',#2728);
#1817=VERTEX_POINT('',#2729);
#1818=VERTEX_POINT('',#2730);
#1819=VERTEX_POINT('',#2731);
#1820=VERTEX_POINT('',#2732);
#1821=VERTEX_POINT('',#2733);
#1822=VERTEX_POINT('',#2734);
#1823=VERTEX_POINT('',#2735);
#1824=VERTEX_POINT('',#2736);
#1825=VERTEX_POINT('',#2737);
#1826=VERTEX_POINT('',#2738);
#1827=VERTEX_POINT('',#2739);
#1828=VERTEX_POINT('',#2740);
#1829=VERTEX_POINT('',#2741);
#1830=VERTEX_POINT('',#2742);
#1831=VERTEX_POINT('',#2743);
#1832=VERTEX_POINT('',#2744);
#1833=VERTEX_POINT('',#2745);
#1834=VERTEX_POINT('',#2746);
#1835=VERTEX_POINT('',#2747);
#1836=VERTEX_POINT('',#2748);
#1837=VERTEX_POINT('',#2749);
#1838=VERTEX_POINT('',#2750);
#1839=VERTEX_POINT('',#2751);
#1840=VERTEX_POINT('',#2752);
#1841=VERTEX_POINT('',#2753);
#1842=VERTEX_POINT('',#2754);
#1843=VERTEX_POINT('',#2755);
#1844=VERTEX_POINT('',#2756);
#1845=VERTEX_POINT('',#2757);
#1846=VERTEX_POINT('',#2758);
#1847=VERTEX_POINT('',#2759);
#1848=VERTEX_POINT('',#2760);
#1849=VERTEX_POINT('',#2761);
#1850=VERTEX_POINT('',#2762);
#1851=VERTEX_POINT('',#2763);
#1852=VERTEX_POINT('',#2764);
#1853=VERTEX_POINT('',#2765);
#1854=VERTEX_POINT('',#2766);
#1855=VERTEX_POINT('',#2767);
#1856=VERTEX_POINT('',#2768);
#1857=VERTEX_POINT('',#2769);
#1858=VERTEX_POINT('',#2770);
#1859=VERTEX_POINT('',#2771);
#1860=VERTEX_POINT('',#2772);
#1861=VERTEX_POINT('',#2773);
#1862=VERTEX_POINT('',#2774);
#1863=VERTEX_POINT('',#2775);
#1864=VERTEX_POINT('',#2776);
#1865=VERTEX_POINT('',#2777);
#1866=VERTEX_POINT('',#2778);
#1867=VERTEX_POINT('',#2779);
#1868=VERTEX_POINT('',#2780);
#1869=VERTEX_POINT('',#2781);
#1870=VERTEX_POINT('',#2782);
#1871=VERTEX_POINT('',#2783);
#1872=VERTEX_POINT('',#2784);
#1873=VERTEX_POINT('',#2785);
#1874=VERTEX_POINT('',#2786);
#1875=VERTEX_POINT('',#2787);
#1876=VERTEX_POINT('',#2788);
#1877=VERTEX_POINT('',#2789);
#1878=VERTEX_POINT('',#2790);
#1879=VERTEX_POINT('',#2791);
#1880=VERTEX_POINT('',#2792);
#1881=VERTEX_POINT('',#2793);
#1882=VERTEX_POINT('',#2794);
#1883=VERTEX_POINT('',#2795);
#1884=VERTEX_POINT('',#2796);
#1885=VERTEX_POINT('',#2797);
#1886=VERTEX_POINT('',#2798);
#1887=VERTEX_POINT('',#2799);
#1888=VERTEX_POINT('',#2800);
#1889=CYLINDRICAL_SURFACE('',#2191,0.599999999999994);
#1890=CYLINDRICAL_SURFACE('',#2193,0.599999999999994);
#1891=CYLINDRICAL_SURFACE('',#2195,0.599999999999994);
#1892=CYLINDRICAL_SURFACE('',#2196,0.599999999999994);
#1893=B_SPLINE_SURFACE_WITH_KNOTS('',1,3,((#2457,#2458,#2459,#2460,#2461,
#2462,#2463,#2464,#2465,#2466,#2467,#2468,#2469,#2470,#2471,#2472,#2473,
#2474,#2475,#2476,#2477,#2478,#2479,#2480,#2481,#2482,#2483,#2484,#2485,
#2486,#2487,#2488,#2489,#2490,#2491,#2492,#2493,#2494,#2495,#2496,#2497,
#2498,#2499,#2500,#2501,#2502,#2503,#2504,#2505,#2506,#2507,#2508,#2509,
#2510,#2511,#2512,#2513,#2514,#2515,#2516,#2517,#2518,#2519),(#2520,#2521,
#2522,#2523,#2524,#2525,#2526,#2527,#2528,#2529,#2530,#2531,#2532,#2533,
#2534,#2535,#2536,#2537,#2538,#2539,#2540,#2541,#2542,#2543,#2544,#2545,
#2546,#2547,#2548,#2549,#2550,#2551,#2552,#2553,#2554,#2555,#2556,#2557,
#2558,#2559,#2560,#2561,#2562,#2563,#2564,#2565,#2566,#2567,#2568,#2569,
#2570,#2571,#2572,#2573,#2574,#2575,#2576,#2577,#2578,#2579,#2580,#2581,
#2582)),.UNSPECIFIED.,.F.,.F.,.F.,(2,2),(4,1,1,1,1,1,1,1,1,1,1,1,1,1,1,
1,1,1,1,1,1,1,1,1,1,1,1,1,1,1,1,1,1,1,1,1,1,1,1,1,1,1,1,1,1,1,1,1,1,1,1,
1,1,1,1,1,1,1,1,1,4),(0.,1.5),(0.,0.699580346380146,1.43628992157416,2.22328284909726,
3.07162379108164,3.99106505193775,4.98578885661049,6.05703804696015,7.19999224303915,
8.40687311836719,9.6656442618997,10.9623122123806,12.2813772260053,13.6067388032779,
14.9233951458378,17.4755299517352,20.0276647576325,21.3443211001925,22.669682677465,
23.9887476910897,25.2854156415707,26.5441867851032,27.7510676604312,28.8940218565102,
29.9652710468599,30.9599948515326,31.8794361123887,32.7277770543732,33.5147699818962,
34.2514795570902,34.9510599034704,35.6506402498505,36.3873498250445,37.1743427525676,
38.022683694552,38.942124955408,39.9368487600808,41.0080979504305,42.1510521465095,
43.3579330218375,44.61670416537,45.9133721158509,47.2324371294757,48.5577987067482,
49.8744550493081,52.4265898552055,54.9787246611029,56.2953810036628,57.6207425809353,
58.93980759456,60.2364755450409,61.4952466885735,62.7021275639015,63.8450817599805,
64.9163309503301,65.9110547550028,66.8304960158589,67.6788369578433,68.4658298853663,
69.2025394605603,69.9021198069404),.UNSPECIFIED.);
#1894=(
BOUNDED_SURFACE()
B_SPLINE_SURFACE(2,1,((#2437,#2438),(#2439,#2440),(#2441,#2442),(#2443,
#2444),(#2445,#2446),(#2447,#2448),(#2449,#2450),(#2451,#2452),(#2453,#2454)),
 .UNSPECIFIED.,.T.,.F.,.F.)
B_SPLINE_SURFACE_WITH_KNOTS((3,2,2,2,3),(2,2),(0.,23.5619449019234,47.1238898038469,
70.6858347057703,94.2477796076938),(0.,1.5),.UNSPECIFIED.)
GEOMETRIC_REPRESENTATION_ITEM()
RATIONAL_B_SPLINE_SURFACE(((1.,1.),(0.707106781186548,0.707106781186548),
(1.,1.),(0.707106781186548,0.707106781186548),(1.,1.),(0.707106781186548,
0.707106781186548),(1.,1.),(0.707106781186548,0.707106781186548),(1.,1.)))
REPRESENTATION_ITEM('')
SURFACE()
);
#1895=PLANE('',#2088);
#1896=PLANE('',#2089);
#1897=PLANE('',#2090);
#1898=PLANE('',#2091);
#1899=PLANE('',#2092);
#1900=PLANE('',#2093);
#1901=PLANE('',#2094);
#1902=PLANE('',#2095);
#1903=PLANE('',#2096);
#1904=PLANE('',#2097);
#1905=PLANE('',#2098);
#1906=PLANE('',#2099);
#1907=PLANE('',#2100);
#1908=PLANE('',#2101);
#1909=PLANE('',#2102);
#1910=PLANE('',#2103);
#1911=PLANE('',#2104);
#1912=PLANE('',#2105);
#1913=PLANE('',#2106);
#1914=PLANE('',#2107);
#1915=PLANE('',#2108);
#1916=PLANE('',#2109);
#1917=PLANE('',#2110);
#1918=PLANE('',#2111);
#1919=PLANE('',#2112);
#1920=PLANE('',#2113);
#1921=PLANE('',#2114);
#1922=PLANE('',#2115);
#1923=PLANE('',#2116);
#1924=PLANE('',#2117);
#1925=PLANE('',#2118);
#1926=PLANE('',#2119);
#1927=PLANE('',#2120);
#1928=PLANE('',#2121);
#1929=PLANE('',#2122);
#1930=PLANE('',#2123);
#1931=PLANE('',#2124);
#1932=PLANE('',#2125);
#1933=PLANE('',#2126);
#1934=PLANE('',#2127);
#1935=PLANE('',#2128);
#1936=PLANE('',#2129);
#1937=PLANE('',#2130);
#1938=PLANE('',#2131);
#1939=PLANE('',#2132);
#1940=PLANE('',#2133);
#1941=PLANE('',#2134);
#1942=PLANE('',#2135);
#1943=PLANE('',#2136);
#1944=PLANE('',#2137);
#1945=PLANE('',#2138);
#1946=PLANE('',#2139);
#1947=PLANE('',#2140);
#1948=PLANE('',#2141);
#1949=PLANE('',#2142);
#1950=PLANE('',#2143);
#1951=PLANE('',#2144);
#1952=PLANE('',#2145);
#1953=PLANE('',#2146);
#1954=PLANE('',#2147);
#1955=PLANE('',#2148);
#1956=PLANE('',#2149);
#1957=PLANE('',#2150);
#1958=PLANE('',#2151);
#1959=PLANE('',#2152);
#1960=PLANE('',#2153);
#1961=PLANE('',#2154);
#1962=PLANE('',#2155);
#1963=PLANE('',#2156);
#1964=PLANE('',#2157);
#1965=PLANE('',#2158);
#1966=PLANE('',#2159);
#1967=PLANE('',#2160);
#1968=PLANE('',#2161);
#1969=PLANE('',#2162);
#1970=PLANE('',#2163);
#1971=PLANE('',#2164);
#1972=PLANE('',#2165);
#1973=PLANE('',#2166);
#1974=PLANE('',#2167);
#1975=PLANE('',#2168);
#1976=PLANE('',#2169);
#1977=PLANE('',#2170);
#1978=PLANE('',#2171);
#1979=PLANE('',#2172);
#1980=PLANE('',#2173);
#1981=PLANE('',#2174);
#1982=PLANE('',#2175);
#1983=PLANE('',#2176);
#1984=PLANE('',#2177);
#1985=PLANE('',#2178);
#1986=PLANE('',#2179);
#1987=PLANE('',#2180);
#1988=PLANE('',#2181);
#1989=PLANE('',#2182);
#1990=PLANE('',#2183);
#1991=PLANE('',#2184);
#1992=PLANE('',#2185);
#1993=PLANE('',#2186);
#1994=PLANE('',#2187);
#1995=PLANE('',#2188);
#1996=PLANE('',#2189);
#1997=PLANE('',#2190);
#1998=PLANE('',#2192);
#1999=PLANE('',#2194);
#2000=SHAPE_DEFINITION_REPRESENTATION(#2001,#2086);
#2001=PRODUCT_DEFINITION_SHAPE($,$,#2003);
#2002=PRODUCT_DEFINITION_CONTEXT('3D Mechanical Parts',#2075,'design');
#2003=PRODUCT_DEFINITION('A','First version',#2045,#2002);
#2004=DATE_TIME_ROLE('classification_date');
#2005=DATE_TIME_ROLE('creation_date');
#2006=APPLIED_DATE_AND_TIME_ASSIGNMENT(#2030,#2004,(#2009));
#2007=APPLIED_DATE_AND_TIME_ASSIGNMENT(#2032,#2005,(#2003));
#2008=SECURITY_CLASSIFICATION_LEVEL('unclassified');
#2009=SECURITY_CLASSIFICATION('A','Security for version',#2008);
#2010=APPLIED_SECURITY_CLASSIFICATION_ASSIGNMENT(#2009,(#2045));
#2011=APPROVAL_ROLE('Version approval');
#2012=APPROVAL_ROLE('Version Security approval');
#2013=APPROVAL_ROLE('Definition approval');
#2014=APPROVAL_PERSON_ORGANIZATION(#2063,#2039,#2011);
#2015=APPROVAL_PERSON_ORGANIZATION(#2064,#2040,#2012);
#2016=APPROVAL_PERSON_ORGANIZATION(#2067,#2041,#2013);
#2017=COORDINATED_UNIVERSAL_TIME_OFFSET(5,0,.BEHIND.);
#2018=LOCAL_TIME(0,0,0.,#2017);
#2019=LOCAL_TIME(0,0,0.,#2017);
#2020=LOCAL_TIME(0,0,0.,#2017);
#2021=LOCAL_TIME(0,0,0.,#2017);
#2022=LOCAL_TIME(0,0,0.,#2017);
#2023=CALENDAR_DATE(1999,1,1);
#2024=CALENDAR_DATE(1999,1,1);
#2025=CALENDAR_DATE(1999,1,1);
#2026=CALENDAR_DATE(1999,1,1);
#2027=CALENDAR_DATE(1999,1,1);
#2028=DATE_AND_TIME(#2023,#2018);
#2029=DATE_AND_TIME(#2024,#2019);
#2030=DATE_AND_TIME(#2025,#2020);
#2031=DATE_AND_TIME(#2026,#2021);
#2032=DATE_AND_TIME(#2027,#2022);
#2033=APPROVAL_DATE_TIME(#2028,#2039);
#2034=APPROVAL_DATE_TIME(#2029,#2040);
#2035=APPROVAL_DATE_TIME(#2031,#2041);
#2036=APPROVAL_STATUS('not_yet_approved');
#2037=APPROVAL_STATUS('not_yet_approved');
#2038=APPROVAL_STATUS('approved');
#2039=APPROVAL(#2036,'Version approval');
#2040=APPROVAL(#2037,'Version Security approval');
#2041=APPROVAL(#2038,'Definition approval');
#2042=APPLIED_APPROVAL_ASSIGNMENT(#2039,(#2045));
#2043=APPLIED_APPROVAL_ASSIGNMENT(#2040,(#2009));
#2044=APPLIED_APPROVAL_ASSIGNMENT(#2041,(#2003));
#2045=PRODUCT_DEFINITION_FORMATION_WITH_SPECIFIED_SOURCE('A',
'First version',#2077,.MADE.);
#2046=PERSON_AND_ORGANIZATION_ROLE('design_owner');
#2047=PERSON_AND_ORGANIZATION_ROLE('creator');
#2048=PERSON_AND_ORGANIZATION_ROLE('design_supplier');
#2049=PERSON_AND_ORGANIZATION_ROLE('classification_officer');
#2050=PERSON_AND_ORGANIZATION_ROLE('creator');
#2051=ORGANIZATION('STI','lab','lab');
#2052=ORGANIZATION('STI','unknown','unknown');
#2053=ORGANIZATION('STI','unknown','unknown');
#2054=ORGANIZATION('STI','unknown','unknown');
#2055=ORGANIZATION('STI','unknown','unknown');
#2056=ORGANIZATION('STI','unknown','unknown');
#2057=ORGANIZATION('STI','unknown','unknown');
#2058=PERSON('1','Box','vc60',$,$,$);
#2059=PERSON('2','last','first',$,$,$);
#2060=PERSON('3','President','Mr.',$,$,$);
#2061=PERSON_AND_ORGANIZATION(#2058,#2051);
#2062=PERSON_AND_ORGANIZATION(#2059,#2052);
#2063=PERSON_AND_ORGANIZATION(#2060,#2053);
#2064=PERSON_AND_ORGANIZATION(#2060,#2054);
#2065=PERSON_AND_ORGANIZATION(#2060,#2055);
#2066=PERSON_AND_ORGANIZATION(#2059,#2056);
#2067=PERSON_AND_ORGANIZATION(#2060,#2057);
#2068=APPLIED_PERSON_AND_ORGANIZATION_ASSIGNMENT(#2061,#2046,(#2077));
#2069=APPLIED_PERSON_AND_ORGANIZATION_ASSIGNMENT(#2062,#2047,(#2045));
#2070=APPLIED_PERSON_AND_ORGANIZATION_ASSIGNMENT(#2062,#2048,(#2045));
#2071=APPLIED_PERSON_AND_ORGANIZATION_ASSIGNMENT(#2065,#2049,(#2009));
#2072=APPLIED_PERSON_AND_ORGANIZATION_ASSIGNMENT(#2066,#2050,(#2003));
#2073=PRODUCT_RELATED_PRODUCT_CATEGORY('detail','detail',(#2077));
#2074=APPLICATION_PROTOCOL_DEFINITION('International Standard',
'config_control_design',1994,#2075);
#2075=APPLICATION_CONTEXT(
'configuration controlled 3d designs of mechanical parts and assemblie
s');
#2076=PRODUCT_CONTEXT('3D Mechanical Parts',#2075,'mechanical');
#2077=PRODUCT('Document','Document','',(#2076));
#2078=(
LENGTH_UNIT()
NAMED_UNIT(*)
SI_UNIT(.MILLI.,.METRE.)
);
#2079=(
NAMED_UNIT(*)
PLANE_ANGLE_UNIT()
SI_UNIT($,.RADIAN.)
);
#2080=DIMENSIONAL_EXPONENTS(0.,0.,0.,0.,0.,0.,0.);
#2081=PLANE_ANGLE_MEASURE_WITH_UNIT(PLANE_ANGLE_MEASURE(0.01745329252),
#2079);
#2082=(
CONVERSION_BASED_UNIT('DEGREES',#2081)
NAMED_UNIT(#2080)
PLANE_ANGLE_UNIT()
);
#2083=(
NAMED_UNIT(*)
SI_UNIT($,.STERADIAN.)
SOLID_ANGLE_UNIT()
);
#2084=UNCERTAINTY_MEASURE_WITH_UNIT(LENGTH_MEASURE(0.001),#2078,
'DISTANCE_ACCURACY_VALUE',
'Maximum model space distance between geometric entities at asserted c
onnectivities');
#2085=(
GEOMETRIC_REPRESENTATION_CONTEXT(3)
GLOBAL_UNCERTAINTY_ASSIGNED_CONTEXT((#2084))
GLOBAL_UNIT_ASSIGNED_CONTEXT((#2083,#2082,#2078))
REPRESENTATION_CONTEXT('ID1','3D')
);
#2086=SHAPE_REPRESENTATION('Document',(#2087,#2205),#2085);
#2087=AXIS2_PLACEMENT_3D($,#2335,#2206,#2207);
#2088=AXIS2_PLACEMENT_3D('',#2336,#2208,$);
#2089=AXIS2_PLACEMENT_3D('',#2337,#2209,$);
#2090=AXIS2_PLACEMENT_3D('',#2338,#2210,$);
#2091=AXIS2_PLACEMENT_3D('',#2339,#2211,$);
#2092=AXIS2_PLACEMENT_3D('',#2340,#2212,$);
#2093=AXIS2_PLACEMENT_3D('',#2341,#2213,$);
#2094=AXIS2_PLACEMENT_3D('',#2342,#2214,$);
#2095=AXIS2_PLACEMENT_3D('',#2343,#2215,$);
#2096=AXIS2_PLACEMENT_3D('',#2344,#2216,$);
#2097=AXIS2_PLACEMENT_3D('',#2345,#2217,$);
#2098=AXIS2_PLACEMENT_3D('',#2346,#2218,$);
#2099=AXIS2_PLACEMENT_3D('',#2347,#2219,$);
#2100=AXIS2_PLACEMENT_3D('',#2348,#2220,$);
#2101=AXIS2_PLACEMENT_3D('',#2349,#2221,$);
#2102=AXIS2_PLACEMENT_3D('',#2350,#2222,$);
#2103=AXIS2_PLACEMENT_3D('',#2351,#2223,$);
#2104=AXIS2_PLACEMENT_3D('',#2352,#2224,$);
#2105=AXIS2_PLACEMENT_3D('',#2353,#2225,$);
#2106=AXIS2_PLACEMENT_3D('',#2354,#2226,$);
#2107=AXIS2_PLACEMENT_3D('',#2355,#2227,$);
#2108=AXIS2_PLACEMENT_3D('',#2356,#2228,$);
#2109=AXIS2_PLACEMENT_3D('',#2357,#2229,$);
#2110=AXIS2_PLACEMENT_3D('',#2358,#2230,$);
#2111=AXIS2_PLACEMENT_3D('',#2359,#2231,$);
#2112=AXIS2_PLACEMENT_3D('',#2360,#2232,$);
#2113=AXIS2_PLACEMENT_3D('',#2361,#2233,$);
#2114=AXIS2_PLACEMENT_3D('',#2362,#2234,$);
#2115=AXIS2_PLACEMENT_3D('',#2363,#2235,$);
#2116=AXIS2_PLACEMENT_3D('',#2364,#2236,$);
#2117=AXIS2_PLACEMENT_3D('',#2365,#2237,$);
#2118=AXIS2_PLACEMENT_3D('',#2366,#2238,$);
#2119=AXIS2_PLACEMENT_3D('',#2367,#2239,$);
#2120=AXIS2_PLACEMENT_3D('',#2368,#2240,$);
#2121=AXIS2_PLACEMENT_3D('',#2369,#2241,$);
#2122=AXIS2_PLACEMENT_3D('',#2370,#2242,$);
#2123=AXIS2_PLACEMENT_3D('',#2371,#2243,$);
#2124=AXIS2_PLACEMENT_3D('',#2372,#2244,$);
#2125=AXIS2_PLACEMENT_3D('',#2373,#2245,$);
#2126=AXIS2_PLACEMENT_3D('',#2374,#2246,$);
#2127=AXIS2_PLACEMENT_3D('',#2375,#2247,$);
#2128=AXIS2_PLACEMENT_3D('',#2376,#2248,$);
#2129=AXIS2_PLACEMENT_3D('',#2377,#2249,$);
#2130=AXIS2_PLACEMENT_3D('',#2378,#2250,$);
#2131=AXIS2_PLACEMENT_3D('',#2379,#2251,$);
#2132=AXIS2_PLACEMENT_3D('',#2380,#2252,$);
#2133=AXIS2_PLACEMENT_3D('',#2381,#2253,$);
#2134=AXIS2_PLACEMENT_3D('',#2382,#2254,$);
#2135=AXIS2_PLACEMENT_3D('',#2383,#2255,$);
#2136=AXIS2_PLACEMENT_3D('',#2384,#2256,$);
#2137=AXIS2_PLACEMENT_3D('',#2385,#2257,$);
#2138=AXIS2_PLACEMENT_3D('',#2386,#2258,$);
#2139=AXIS2_PLACEMENT_3D('',#2387,#2259,$);
#2140=AXIS2_PLACEMENT_3D('',#2388,#2260,$);
#2141=AXIS2_PLACEMENT_3D('',#2389,#2261,$);
#2142=AXIS2_PLACEMENT_3D('',#2390,#2262,$);
#2143=AXIS2_PLACEMENT_3D('',#2391,#2263,$);
#2144=AXIS2_PLACEMENT_3D('',#2392,#2264,$);
#2145=AXIS2_PLACEMENT_3D('',#2393,#2265,$);
#2146=AXIS2_PLACEMENT_3D('',#2394,#2266,$);
#2147=AXIS2_PLACEMENT_3D('',#2395,#2267,$);
#2148=AXIS2_PLACEMENT_3D('',#2396,#2268,$);
#2149=AXIS2_PLACEMENT_3D('',#2397,#2269,$);
#2150=AXIS2_PLACEMENT_3D('',#2398,#2270,$);
#2151=AXIS2_PLACEMENT_3D('',#2399,#2271,$);
#2152=AXIS2_PLACEMENT_3D('',#2400,#2272,$);
#2153=AXIS2_PLACEMENT_3D('',#2401,#2273,$);
#2154=AXIS2_PLACEMENT_3D('',#2402,#2274,$);
#2155=AXIS2_PLACEMENT_3D('',#2403,#2275,$);
#2156=AXIS2_PLACEMENT_3D('',#2404,#2276,$);
#2157=AXIS2_PLACEMENT_3D('',#2405,#2277,$);
#2158=AXIS2_PLACEMENT_3D('',#2406,#2278,$);
#2159=AXIS2_PLACEMENT_3D('',#2407,#2279,$);
#2160=AXIS2_PLACEMENT_3D('',#2408,#2280,$);
#2161=AXIS2_PLACEMENT_3D('',#2409,#2281,$);
#2162=AXIS2_PLACEMENT_3D('',#2410,#2282,$);
#2163=AXIS2_PLACEMENT_3D('',#2411,#2283,$);
#2164=AXIS2_PLACEMENT_3D('',#2412,#2284,$);
#2165=AXIS2_PLACEMENT_3D('',#2413,#2285,$);
#2166=AXIS2_PLACEMENT_3D('',#2414,#2286,$);
#2167=AXIS2_PLACEMENT_3D('',#2415,#2287,$);
#2168=AXIS2_PLACEMENT_3D('',#2416,#2288,$);
#2169=AXIS2_PLACEMENT_3D('',#2417,#2289,$);
#2170=AXIS2_PLACEMENT_3D('',#2418,#2290,$);
#2171=AXIS2_PLACEMENT_3D('',#2419,#2291,$);
#2172=AXIS2_PLACEMENT_3D('',#2420,#2292,$);
#2173=AXIS2_PLACEMENT_3D('',#2421,#2293,$);
#2174=AXIS2_PLACEMENT_3D('',#2422,#2294,$);
#2175=AXIS2_PLACEMENT_3D('',#2423,#2295,$);
#2176=AXIS2_PLACEMENT_3D('',#2424,#2296,$);
#2177=AXIS2_PLACEMENT_3D('',#2425,#2297,$);
#2178=AXIS2_PLACEMENT_3D('',#2426,#2298,$);
#2179=AXIS2_PLACEMENT_3D('',#2427,#2299,$);
#2180=AXIS2_PLACEMENT_3D('',#2428,#2300,$);
#2181=AXIS2_PLACEMENT_3D('',#2429,#2301,$);
#2182=AXIS2_PLACEMENT_3D('',#2430,#2302,$);
#2183=AXIS2_PLACEMENT_3D('',#2431,#2303,$);
#2184=AXIS2_PLACEMENT_3D('',#2432,#2304,$);
#2185=AXIS2_PLACEMENT_3D('',#2433,#2305,$);
#2186=AXIS2_PLACEMENT_3D('',#2434,#2306,$);
#2187=AXIS2_PLACEMENT_3D('',#2435,#2307,$);
#2188=AXIS2_PLACEMENT_3D('',#2436,#2308,$);
#2189=AXIS2_PLACEMENT_3D('',#2455,#2309,$);
#2190=AXIS2_PLACEMENT_3D('',#2456,#2310,$);
#2191=AXIS2_PLACEMENT_3D('',#2583,#2311,$);
#2192=AXIS2_PLACEMENT_3D('',#2584,#2312,$);
#2193=AXIS2_PLACEMENT_3D('',#2585,#2313,$);
#2194=AXIS2_PLACEMENT_3D('',#2586,#2314,$);
#2195=AXIS2_PLACEMENT_3D('',#2587,#2315,$);
#2196=AXIS2_PLACEMENT_3D('',#2588,#2316,$);
#2197=AXIS2_PLACEMENT_3D($,#3483,#2317,#2318);
#2198=AXIS2_PLACEMENT_3D($,#3488,#2319,#2320);
#2199=AXIS2_PLACEMENT_3D($,#3491,#2321,#2322);
#2200=AXIS2_PLACEMENT_3D($,#3496,#2323,#2324);
#2201=AXIS2_PLACEMENT_3D($,#3501,#2325,#2326);
#2202=AXIS2_PLACEMENT_3D($,#3504,#2327,#2328);
#2203=AXIS2_PLACEMENT_3D($,#3509,#2329,#2330);
#2204=AXIS2_PLACEMENT_3D($,#3512,#2331,#2332);
#2205=AXIS2_PLACEMENT_3D($,#3515,#2333,#2334);
#2206=DIRECTION('',(0.,0.,1.));
#2207=DIRECTION('',(1.,0.,0.));
#2208=DIRECTION('',(0.,-1.,0.));
#2209=DIRECTION('',(-1.63408602040804E-17,0.622792365026799,0.782387161234338));
#2210=DIRECTION('',(1.,0.,0.));
#2211=DIRECTION('',(-1.,0.,0.));
#2212=DIRECTION('',(0.,-1.,0.));
#2213=DIRECTION('',(-6.81987419450934E-17,0.622792365026799,0.782387161234338));
#2214=DIRECTION('',(1.,0.,0.));
#2215=DIRECTION('',(-1.,0.,0.));
#2216=DIRECTION('',(0.,-1.,0.));
#2217=DIRECTION('',(1.,0.,0.));
#2218=DIRECTION('',(0.,1.,0.));
#2219=DIRECTION('',(-1.,0.,0.));
#2220=DIRECTION('',(0.,0.,-1.));
#2221=DIRECTION('',(0.,0.,1.));
#2222=DIRECTION('',(0.,1.,0.));
#2223=DIRECTION('',(-1.,0.,0.));
#2224=DIRECTION('',(0.,-1.,0.));
#2225=DIRECTION('',(1.,0.,0.));
#2226=DIRECTION('',(0.,1.,0.));
#2227=DIRECTION('',(-1.,0.,0.));
#2228=DIRECTION('',(0.,-1.,0.));
#2229=DIRECTION('',(1.,0.,0.));
#2230=DIRECTION('',(0.,1.,0.));
#2231=DIRECTION('',(-1.,0.,0.));
#2232=DIRECTION('',(0.,-1.,0.));
#2233=DIRECTION('',(1.,0.,0.));
#2234=DIRECTION('',(0.,1.,0.));
#2235=DIRECTION('',(-1.,0.,0.));
#2236=DIRECTION('',(0.,-1.,0.));
#2237=DIRECTION('',(1.,0.,0.));
#2238=DIRECTION('',(0.,1.,0.));
#2239=DIRECTION('',(-1.,0.,0.));
#2240=DIRECTION('',(0.,-1.,0.));
#2241=DIRECTION('',(1.,0.,0.));
#2242=DIRECTION('',(0.,1.,0.));
#2243=DIRECTION('',(-1.,0.,0.));
#2244=DIRECTION('',(0.,-1.,0.));
#2245=DIRECTION('',(1.,0.,0.));
#2246=DIRECTION('',(0.,0.,1.));
#2247=DIRECTION('',(0.,1.,0.));
#2248=DIRECTION('',(0.,1.,0.));
#2249=DIRECTION('',(-1.,0.,0.));
#2250=DIRECTION('',(0.,-1.,0.));
#2251=DIRECTION('',(1.,0.,0.));
#2252=DIRECTION('',(0.,1.,0.));
#2253=DIRECTION('',(0.,1.,0.));
#2254=DIRECTION('',(-1.,0.,0.));
#2255=DIRECTION('',(0.,-1.,0.));
#2256=DIRECTION('',(1.,0.,0.));
#2257=DIRECTION('',(0.,1.,0.));
#2258=DIRECTION('',(-1.,0.,0.));
#2259=DIRECTION('',(0.,-1.,0.));
#2260=DIRECTION('',(1.,0.,0.));
#2261=DIRECTION('',(9.35684343667455E-17,-0.707106781186544,-0.707106781186551));
#2262=DIRECTION('',(0.,-1.,0.));
#2263=DIRECTION('',(8.50770813015505E-18,0.622792365026799,0.782387161234338));
#2264=DIRECTION('',(1.,0.,0.));
#2265=DIRECTION('',(-1.,0.,0.));
#2266=DIRECTION('',(1.13194590100293E-16,-0.707106781186545,-0.70710678118655));
#2267=DIRECTION('',(0.,-1.,0.));
#2268=DIRECTION('',(-1.74212327403515E-17,0.622792365026799,0.782387161234338));
#2269=DIRECTION('',(1.,0.,0.));
#2270=DIRECTION('',(-1.,0.,0.));
#2271=DIRECTION('',(-2.41885000345372E-17,-0.707106781186547,-0.707106781186548));
#2272=DIRECTION('',(0.,-1.,0.));
#2273=DIRECTION('',(-4.33501736108581E-17,0.6227923650268,0.782387161234337));
#2274=DIRECTION('',(1.,0.,0.));
#2275=DIRECTION('',(-1.,0.,0.));
#2276=DIRECTION('',(-4.56234430099001E-18,-0.707106781186544,-0.707106781186551));
#2277=DIRECTION('',(0.,-1.,0.));
#2278=DIRECTION('',(-6.92791144813645E-17,0.622792365026799,0.782387161234338));
#2279=DIRECTION('',(1.,0.,0.));
#2280=DIRECTION('',(-1.,0.,0.));
#2281=DIRECTION('',(1.50638114325571E-17,-0.707106781186545,-0.70710678118655));
#2282=DIRECTION('',(0.,-1.,0.));
#2283=DIRECTION('',(4.30796292908305E-17,0.6227923650268,0.782387161234337));
#2284=DIRECTION('',(1.,0.,0.));
#2285=DIRECTION('',(-1.,0.,0.));
#2286=DIRECTION('',(1.2546093743376E-16,-0.707106781186548,-0.707106781186547));
#2287=DIRECTION('',(0.,-1.,0.));
#2288=DIRECTION('',(-4.22698010745869E-17,0.6227923650268,0.782387161234337));
#2289=DIRECTION('',(1.,0.,0.));
#2290=DIRECTION('',(-1.,0.,0.));
#2291=DIRECTION('',(7.70400303247694E-18,-0.707106781186548,-0.707106781186547));
#2292=DIRECTION('',(0.,-1.,0.));
#2293=DIRECTION('',(4.41600018271016E-17,0.6227923650268,0.782387161234337));
#2294=DIRECTION('',(1.,0.,0.));
#2295=DIRECTION('',(-1.,0.,0.));
#2296=DIRECTION('',(2.73301587660242E-17,-0.707106781186548,-0.707106781186547));
#2297=DIRECTION('',(0.,-1.,0.));
#2298=DIRECTION('',(1.8231060956595E-17,0.622792365026799,0.782387161234338));
#2299=DIRECTION('',(1.,0.,0.));
#2300=DIRECTION('',(-1.,0.,0.));
#2301=DIRECTION('',(-1.19221527010702E-17,-0.707106781186545,-0.70710678118655));
#2302=DIRECTION('',(-1.,0.,0.));
#2303=DIRECTION('',(0.,-1.,0.));
#2304=DIRECTION('',(1.,0.,0.));
#2305=DIRECTION('',(1.05834781700213E-16,-0.707106781186548,-0.707106781186547));
#2306=DIRECTION('',(-1.,0.,0.));
#2307=DIRECTION('',(0.,-1.,0.));
#2308=DIRECTION('',(1.,0.,0.));
#2309=DIRECTION('',(-1.,0.,0.));
#2310=DIRECTION('',(1.,0.,0.));
#2311=DIRECTION('',(0.,-1.,0.));
#2312=DIRECTION('',(0.,1.,0.));
#2313=DIRECTION('',(0.,-1.,0.));
#2314=DIRECTION('',(0.,-1.,0.));
#2315=DIRECTION('',(0.,-1.,0.));
#2316=DIRECTION('',(0.,-1.,0.));
#2317=DIRECTION('',(0.,-1.,0.));
#2318=DIRECTION('',(1.,0.,-3.14563190310464E-15));
#2319=DIRECTION('',(0.,-1.,0.));
#2320=DIRECTION('',(1.,0.,-3.14563190310464E-15));
#2321=DIRECTION('',(0.,-1.,0.));
#2322=DIRECTION('',(1.,0.,-3.14563190310464E-15));
#2323=DIRECTION('',(0.,1.,0.));
#2324=DIRECTION('',(1.,0.,3.14563190310464E-15));
#2325=DIRECTION('',(0.,-1.,0.));
#2326=DIRECTION('',(-1.,0.,-1.49880108324398E-14));
#2327=DIRECTION('',(0.,-1.,0.));
#2328=DIRECTION('',(-1.,0.,-1.49880108324398E-14));
#2329=DIRECTION('',(0.,-1.,0.));
#2330=DIRECTION('',(-1.,0.,-1.49880108324398E-14));
#2331=DIRECTION('',(0.,1.,0.));
#2332=DIRECTION('',(-1.,0.,9.25185853854284E-15));
#2333=DIRECTION('',(0.,0.,1.));
#2334=DIRECTION('',(1.,0.,0.));
#2335=CARTESIAN_POINT('',(0.,0.,0.));
#2336=CARTESIAN_POINT('',(-90.1704934531973,92.7824622844611,2.93395406758471));
#2337=CARTESIAN_POINT('',(-90.1704934531973,92.7824622844611,3.93395406758471));
#2338=CARTESIAN_POINT('',(-90.1704934531973,95.6107769955135,0.558954067584722));
#2339=CARTESIAN_POINT('',(-130.170493453197,95.6107769955135,0.558954067584722));
#2340=CARTESIAN_POINT('',(-90.1704934531973,100.782462284461,2.93395406758471));
#2341=CARTESIAN_POINT('',(-90.1704934531973,100.782462284461,3.93395406758471));
#2342=CARTESIAN_POINT('',(-90.1704934531973,103.610776995514,0.558954067584722));
#2343=CARTESIAN_POINT('',(-130.170493453197,103.610776995514,0.558954067584722));
#2344=CARTESIAN_POINT('',(-139.670493395055,-140.,-0.0660459324152853));
#2345=CARTESIAN_POINT('',(-80.6704933950545,-140.,-0.0660459324152853));
#2346=CARTESIAN_POINT('',(-80.6704933950545,140.,-0.0660459324152853));
#2347=CARTESIAN_POINT('',(-139.670493395055,140.,-0.0660459324152853));
#2348=CARTESIAN_POINT('',(-139.670493395055,-140.,-0.0660459324152853));
#2349=CARTESIAN_POINT('',(-139.670493395055,-140.,1.93395406758471));
#2350=CARTESIAN_POINT('',(-129.670493395055,-89.7346183693101,-0.0660459324152853));
#2351=CARTESIAN_POINT('',(-90.6704933950545,-89.7346183693101,-0.0660459324152853));
#2352=CARTESIAN_POINT('',(-90.6704933950545,-88.2346183693101,-0.0660459324152853));
#2353=CARTESIAN_POINT('',(-129.670493395055,-88.2346183693101,-0.0660459324152853));
#2354=CARTESIAN_POINT('',(-129.670493395055,-93.719610655152,-0.0660459324152853));
#2355=CARTESIAN_POINT('',(-90.6704933950545,-93.719610655152,-0.0660459324152853));
#2356=CARTESIAN_POINT('',(-90.6704933950545,-92.219610655152,-0.0660459324152853));
#2357=CARTESIAN_POINT('',(-129.670493395055,-92.219610655152,-0.0660459324152853));
#2358=CARTESIAN_POINT('',(-129.670493395055,-97.7204151989662,-0.0660459324152853));
#2359=CARTESIAN_POINT('',(-90.6704933950545,-97.7204151989662,-0.0660459324152853));
#2360=CARTESIAN_POINT('',(-90.6704933950545,-96.2204151989662,-0.0660459324152853));
#2361=CARTESIAN_POINT('',(-129.670493395055,-96.2204151989662,-0.0660459324152853));
#2362=CARTESIAN_POINT('',(-129.670493395055,-101.720270701798,-0.0660459324152853));
#2363=CARTESIAN_POINT('',(-90.6704933950545,-101.720270701798,-0.0660459324152853));
#2364=CARTESIAN_POINT('',(-90.6704933950545,-100.220270701798,-0.0660459324152853));
#2365=CARTESIAN_POINT('',(-129.670493395055,-100.220270701798,-0.0660459324152853));
#2366=CARTESIAN_POINT('',(-129.670493395055,-105.717537715539,-0.0660459324152853));
#2367=CARTESIAN_POINT('',(-90.6704933950545,-105.717537715539,-0.0660459324152853));
#2368=CARTESIAN_POINT('',(-90.6704933950545,-104.217537715539,-0.0660459324152853));
#2369=CARTESIAN_POINT('',(-129.670493395055,-104.217537715539,-0.0660459324152853));
#2370=CARTESIAN_POINT('',(-120.958170623528,71.5059201944402,0.933954067584715));
#2371=CARTESIAN_POINT('',(-99.3828161665807,71.5059201944402,0.933954067584715));
#2372=CARTESIAN_POINT('',(-99.3828161665807,80.6437173762062,0.933954067584715));
#2373=CARTESIAN_POINT('',(-120.958170623528,80.6437173762062,0.933954067584715));
#2374=CARTESIAN_POINT('',(-120.958170623528,71.5059201944402,0.933954067584715));
#2375=CARTESIAN_POINT('',(-129.670493395055,92.732197437699,-0.0660459324152853));
#2376=CARTESIAN_POINT('',(-129.670493395055,96.72946445144,-0.0660459324152853));
#2377=CARTESIAN_POINT('',(-90.6704933950545,96.72946445144,-0.0660459324152853));
#2378=CARTESIAN_POINT('',(-90.6704933950545,98.22946445144,-0.0660459324152853));
#2379=CARTESIAN_POINT('',(-129.670493395055,98.22946445144,-0.0660459324152853));
#2380=CARTESIAN_POINT('',(-129.670493395055,100.729319954272,-0.0660459324152853));
#2381=CARTESIAN_POINT('',(-129.670493395055,104.730124498086,-0.0660459324152853));
#2382=CARTESIAN_POINT('',(-90.6704933950545,104.730124498086,-0.0660459324152853));
#2383=CARTESIAN_POINT('',(-90.6704933950545,106.230124498086,-0.0660459324152853));
#2384=CARTESIAN_POINT('',(-129.670493395055,106.230124498086,-0.0660459324152853));
#2385=CARTESIAN_POINT('',(-129.670493395055,108.715116783928,-0.0660459324152853));
#2386=CARTESIAN_POINT('',(-90.6704933950545,108.715116783928,-0.0660459324152853));
#2387=CARTESIAN_POINT('',(-90.6704933950545,110.215116783928,-0.0660459324152853));
#2388=CARTESIAN_POINT('',(-129.670493395055,110.215116783928,-0.0660459324152853));
#2389=CARTESIAN_POINT('',(-90.1704934531973,-103.717537715539,0.933954067584715));
#2390=CARTESIAN_POINT('',(-90.1704934531973,-105.717537715539,2.93395406758471));
#2391=CARTESIAN_POINT('',(-90.1704934531973,-105.717537715539,3.93395406758471));
#2392=CARTESIAN_POINT('',(-90.1704934531973,-102.889223004486,0.558954067584722));
#2393=CARTESIAN_POINT('',(-130.170493453197,-102.889223004486,0.558954067584722));
#2394=CARTESIAN_POINT('',(-90.1704934531973,-99.7175377155389,0.933954067584715));
#2395=CARTESIAN_POINT('',(-90.1704934531973,-101.717537715539,2.93395406758471));
#2396=CARTESIAN_POINT('',(-90.1704934531973,-101.717537715539,3.93395406758471));
#2397=CARTESIAN_POINT('',(-90.1704934531973,-98.8892230044865,0.558954067584722));
#2398=CARTESIAN_POINT('',(-130.170493453197,-98.8892230044865,0.558954067584722));
#2399=CARTESIAN_POINT('',(-90.1704934531973,-95.7175377155389,0.933954067584715));
#2400=CARTESIAN_POINT('',(-90.1704934531973,-97.7175377155389,2.93395406758471));
#2401=CARTESIAN_POINT('',(-90.1704934531973,-97.7175377155389,3.93395406758471));
#2402=CARTESIAN_POINT('',(-90.1704934531973,-94.8892230044865,0.558954067584722));
#2403=CARTESIAN_POINT('',(-130.170493453197,-94.8892230044865,0.558954067584722));
#2404=CARTESIAN_POINT('',(-90.1704934531973,-91.7175377155389,0.933954067584715));
#2405=CARTESIAN_POINT('',(-90.1704934531973,-93.7175377155389,2.93395406758471));
#2406=CARTESIAN_POINT('',(-90.1704934531973,-93.7175377155389,3.93395406758471));
#2407=CARTESIAN_POINT('',(-90.1704934531973,-90.8892230044865,0.558954067584722));
#2408=CARTESIAN_POINT('',(-130.170493453197,-90.8892230044865,0.558954067584722));
#2409=CARTESIAN_POINT('',(-90.1704934531973,-87.7175377155389,0.933954067584715));
#2410=CARTESIAN_POINT('',(-90.1704934531973,-89.7175377155389,2.93395406758471));
#2411=CARTESIAN_POINT('',(-90.1704934531973,-89.7175377155389,3.93395406758471));
#2412=CARTESIAN_POINT('',(-90.1704934531973,-86.8892230044865,0.558954067584722));
#2413=CARTESIAN_POINT('',(-130.170493453197,-86.8892230044865,0.558954067584722));
#2414=CARTESIAN_POINT('',(-90.1704934531973,98.7824622844611,0.933954067584715));
#2415=CARTESIAN_POINT('',(-90.1704934531973,96.7824622844611,2.93395406758471));
#2416=CARTESIAN_POINT('',(-90.1704934531973,96.7824622844611,3.93395406758471));
#2417=CARTESIAN_POINT('',(-90.1704934531973,99.6107769955135,0.558954067584722));
#2418=CARTESIAN_POINT('',(-130.170493453197,99.6107769955135,0.558954067584722));
#2419=CARTESIAN_POINT('',(-90.1704934531973,106.782462284461,0.933954067584715));
#2420=CARTESIAN_POINT('',(-90.1704934531973,104.782462284461,2.93395406758471));
#2421=CARTESIAN_POINT('',(-90.1704934531973,104.782462284461,3.93395406758471));
#2422=CARTESIAN_POINT('',(-90.1704934531973,107.610776995514,0.558954067584722));
#2423=CARTESIAN_POINT('',(-130.170493453197,107.610776995514,0.558954067584722));
#2424=CARTESIAN_POINT('',(-90.1704934531973,110.782462284461,0.933954067584715));
#2425=CARTESIAN_POINT('',(-90.1704934531973,108.782462284461,2.93395406758471));
#2426=CARTESIAN_POINT('',(-90.1704934531973,108.782462284461,3.93395406758471));
#2427=CARTESIAN_POINT('',(-90.1704934531973,111.610776995514,0.558954067584722));
#2428=CARTESIAN_POINT('',(-130.170493453197,111.610776995514,0.558954067584722));
#2429=CARTESIAN_POINT('',(-90.1704934531973,102.782462284461,0.933954067584715));
#2430=CARTESIAN_POINT('',(-90.6704933950545,100.729319954272,-0.0660459324152853));
#2431=CARTESIAN_POINT('',(-90.6704933950545,102.229319954272,-0.0660459324152853));
#2432=CARTESIAN_POINT('',(-129.670493395055,102.229319954272,-0.0660459324152853));
#2433=CARTESIAN_POINT('',(-90.1704934531973,94.7824622844611,0.933954067584715));
#2434=CARTESIAN_POINT('',(-90.6704933950545,92.732197437699,-0.0660459324152853));
#2435=CARTESIAN_POINT('',(-90.6704933950545,94.232197437699,-0.0660459324152853));
#2436=CARTESIAN_POINT('',(-129.670493395055,94.232197437699,-0.0660459324152853));
#2437=CARTESIAN_POINT('',(-134.170493453197,15.0000034200626,1.93395406758471));
#2438=CARTESIAN_POINT('',(-132.670493453197,15.0000034200626,1.93395406758471));
#2439=CARTESIAN_POINT('',(-134.170493453197,15.0000034200626,11.9339540675847));
#2440=CARTESIAN_POINT('',(-132.670493453197,15.0000034200626,11.9339540675847));
#2441=CARTESIAN_POINT('',(-134.170493453197,3.42006260467542E-6,11.9339540675847));
#2442=CARTESIAN_POINT('',(-132.670493453197,3.42006260467542E-6,11.9339540675847));
#2443=CARTESIAN_POINT('',(-134.170493453197,-14.9999965799374,11.9339540675847));
#2444=CARTESIAN_POINT('',(-132.670493453197,-14.9999965799374,11.9339540675847));
#2445=CARTESIAN_POINT('',(-134.170493453197,-14.9999965799374,1.93395406758471));
#2446=CARTESIAN_POINT('',(-132.670493453197,-14.9999965799374,1.93395406758471));
#2447=CARTESIAN_POINT('',(-134.170493453197,-14.9999965799374,-8.06604593241529));
#2448=CARTESIAN_POINT('',(-132.670493453197,-14.9999965799374,-8.06604593241529));
#2449=CARTESIAN_POINT('',(-134.170493453197,3.42006259756999E-6,-8.06604593241529));
#2450=CARTESIAN_POINT('',(-132.670493453197,3.42006259756999E-6,-8.06604593241529));
#2451=CARTESIAN_POINT('',(-134.170493453197,15.0000034200626,-8.06604593241529));
#2452=CARTESIAN_POINT('',(-132.670493453197,15.0000034200626,-8.06604593241529));
#2453=CARTESIAN_POINT('',(-134.170493453197,15.0000034200626,1.93395406758471));
#2454=CARTESIAN_POINT('',(-132.670493453197,15.0000034200626,1.93395406758471));
#2455=CARTESIAN_POINT('',(-134.170493453197,-18.7499965799374,-10.5660459324153));
#2456=CARTESIAN_POINT('',(-132.670493453197,-18.7499965799374,-10.5660459324153));
#2457=CARTESIAN_POINT('',(-134.170493453197,13.5000034200626,1.93395406758471));
#2458=CARTESIAN_POINT('',(-134.170493453197,13.5000034200626,2.16714751637809));
#2459=CARTESIAN_POINT('',(-134.170493453197,13.4675325534707,2.64590221316769));
#2460=CARTESIAN_POINT('',(-134.170493453197,13.3164624307369,3.37324115597697));
#2461=CARTESIAN_POINT('',(-134.170493453197,13.0511293241903,4.11997321804762));
#2462=CARTESIAN_POINT('',(-134.170493453197,12.6611315472457,4.87908972722029));
#2463=CARTESIAN_POINT('',(-134.170493453197,12.1383131032714,5.63922963204918));
#2464=CARTESIAN_POINT('',(-134.170493453197,11.4798464597651,6.38759977648873));
#2465=CARTESIAN_POINT('',(-134.170493453197,10.6865549077638,7.10741132688053));
#2466=CARTESIAN_POINT('',(-134.170493453197,9.76721058944155,7.7844452361472));
#2467=CARTESIAN_POINT('',(-134.170493453197,8.73358083418024,8.40217071425541));
#2468=CARTESIAN_POINT('',(-134.170493453197,7.60422946396911,8.94997999130917));
#2469=CARTESIAN_POINT('',(-134.170493453197,6.39882787663082,9.41650436111271));
#2470=CARTESIAN_POINT('',(-134.170493453197,5.14064290668358,9.79734634744558));
#2471=CARTESIAN_POINT('',(-134.170493453197,3.85191468503425,10.0883392432716));
#2472=CARTESIAN_POINT('',(-134.170493453197,2.14039014498361,10.3559670336571));
#2473=CARTESIAN_POINT('',(-134.170493453197,-1.96237667040577E-5,10.4852903087779));
#2474=CARTESIAN_POINT('',(-134.170493453197,-2.14033664198729,10.3559233044057));
#2475=CARTESIAN_POINT('',(-134.170493453197,-3.85195434668066,10.088407154326));
#2476=CARTESIAN_POINT('',(-134.170493453197,-5.14060108616361,9.79730044742922));
#2477=CARTESIAN_POINT('',(-134.170493453197,-6.39885543712565,9.41654325536161));
#2478=CARTESIAN_POINT('',(-134.170493453197,-7.60419031876539,8.94994875103179));
#2479=CARTESIAN_POINT('',(-134.170493453197,-8.73360182182976,8.40219050979892));
#2480=CARTESIAN_POINT('',(-134.170493453197,-9.76716947327549,7.78442928259148));
#2481=CARTESIAN_POINT('',(-134.170493453197,-10.6865785530853,7.10742480930869));
#2482=CARTESIAN_POINT('',(-134.170493453197,-11.4798252307874,6.38759374853243));
#2483=CARTESIAN_POINT('',(-134.170493453197,-12.1383103408943,5.63923072371989));
#2484=CARTESIAN_POINT('',(-134.170493453197,-12.661125110697,4.87908942605026));
#2485=CARTESIAN_POINT('',(-134.170493453197,-13.0511179735456,4.11997333965231));
#2486=CARTESIAN_POINT('',(-134.170493453197,-13.3164662291452,3.37324110355304));
#2487=CARTESIAN_POINT('',(-134.170493453197,-13.467513584845,2.64590215976524));
#2488=CARTESIAN_POINT('',(-134.170493453197,-13.5158349312773,1.93395790633307));
#2489=CARTESIAN_POINT('',(-134.170493453197,-13.4675228739625,1.22199644948552));
#2490=CARTESIAN_POINT('',(-134.170493453197,-13.3164554036732,0.494673793337583));
#2491=CARTESIAN_POINT('',(-134.170493453197,-13.0511237771843,-0.252070978259731));
#2492=CARTESIAN_POINT('',(-134.170493453197,-12.6611218397412,-1.01117421325031));
#2493=CARTESIAN_POINT('',(-134.170493453197,-12.1383081096874,-1.77132606588604));
#2494=CARTESIAN_POINT('',(-134.170493453197,-11.4798385456413,-2.51968900370534));
#2495=CARTESIAN_POINT('',(-134.170493453197,-10.6865487391225,-3.23950483810082));
#2496=CARTESIAN_POINT('',(-134.170493453197,-9.76720337138231,-3.91653617462551));
#2497=CARTESIAN_POINT('',(-134.170493453197,-8.73357420757652,-4.5342631024112));
#2498=CARTESIAN_POINT('',(-134.170493453197,-7.60422249217321,-5.08207153342967));
#2499=CARTESIAN_POINT('',(-134.170493453197,-6.39882110921988,-5.54859640415722));
#2500=CARTESIAN_POINT('',(-134.170493453197,-5.14063602784584,-5.92943811739639));
#2501=CARTESIAN_POINT('',(-134.170493453197,-3.851907864566,-6.22043115627893));
#2502=CARTESIAN_POINT('',(-134.170493453197,-2.1403832933206,-6.48805887021003));
#2503=CARTESIAN_POINT('',(-134.170493453197,2.64560226810318E-5,-6.61738219289484));
#2504=CARTESIAN_POINT('',(-134.170493453197,2.14034348653393,-6.48801515839982));
#2505=CARTESIAN_POINT('',(-134.170493453197,3.85196118449738,-6.22049902481431));
#2506=CARTESIAN_POINT('',(-134.170493453197,5.14060792768524,-5.92939230883737));
#2507=CARTESIAN_POINT('',(-134.170493453197,6.39886227638496,-5.54863512231427));
#2508=CARTESIAN_POINT('',(-134.170493453197,7.6041971593761,-5.08204061467255));
#2509=CARTESIAN_POINT('',(-134.170493453197,8.73360866168258,-4.53428237529698));
#2510=CARTESIAN_POINT('',(-134.170493453197,9.76717631356544,-3.91652114701828));
#2511=CARTESIAN_POINT('',(-134.170493453197,10.6865853931189,-3.23951667436388));
#2512=CARTESIAN_POINT('',(-134.170493453197,11.4798320709637,-2.51968561323784));
#2513=CARTESIAN_POINT('',(-134.170493453197,12.1383171809888,-1.77132258862554));
#2514=CARTESIAN_POINT('',(-134.170493453197,12.6611298452701,-1.01118128830117));
#2515=CARTESIAN_POINT('',(-134.170493453197,13.0511301744103,-0.252065210853011));
#2516=CARTESIAN_POINT('',(-134.170493453197,13.3164619812351,0.494667043754376));
#2517=CARTESIAN_POINT('',(-134.170493453197,13.467532797001,1.22200588739786));
#2518=CARTESIAN_POINT('',(-134.170493453197,13.5000034200626,1.70076061879134));
#2519=CARTESIAN_POINT('',(-134.170493453197,13.5000034200626,1.93395406758471));
#2520=CARTESIAN_POINT('',(-132.670493453197,13.5000034200626,1.93395406758471));
#2521=CARTESIAN_POINT('',(-132.670493453197,13.5000034200626,2.16714751637809));
#2522=CARTESIAN_POINT('',(-132.670493453197,13.4675325534707,2.64590221316769));
#2523=CARTESIAN_POINT('',(-132.670493453197,13.3164624307369,3.37324115597697));
#2524=CARTESIAN_POINT('',(-132.670493453197,13.0511293241903,4.11997321804762));
#2525=CARTESIAN_POINT('',(-132.670493453197,12.6611315472457,4.87908972722029));
#2526=CARTESIAN_POINT('',(-132.670493453197,12.1383131032714,5.63922963204918));
#2527=CARTESIAN_POINT('',(-132.670493453197,11.4798464597651,6.38759977648873));
#2528=CARTESIAN_POINT('',(-132.670493453197,10.6865549077638,7.10741132688053));
#2529=CARTESIAN_POINT('',(-132.670493453197,9.76721058944155,7.7844452361472));
#2530=CARTESIAN_POINT('',(-132.670493453197,8.73358083418024,8.40217071425541));
#2531=CARTESIAN_POINT('',(-132.670493453197,7.60422946396911,8.94997999130917));
#2532=CARTESIAN_POINT('',(-132.670493453197,6.39882787663082,9.41650436111271));
#2533=CARTESIAN_POINT('',(-132.670493453197,5.14064290668358,9.79734634744558));
#2534=CARTESIAN_POINT('',(-132.670493453197,3.85191468503425,10.0883392432716));
#2535=CARTESIAN_POINT('',(-132.670493453197,2.14039014498361,10.3559670336571));
#2536=CARTESIAN_POINT('',(-132.670493453197,-1.96237667040577E-5,10.4852903087779));
#2537=CARTESIAN_POINT('',(-132.670493453197,-2.14033664198729,10.3559233044057));
#2538=CARTESIAN_POINT('',(-132.670493453197,-3.85195434668066,10.088407154326));
#2539=CARTESIAN_POINT('',(-132.670493453197,-5.14060108616361,9.79730044742922));
#2540=CARTESIAN_POINT('',(-132.670493453197,-6.39885543712565,9.41654325536161));
#2541=CARTESIAN_POINT('',(-132.670493453197,-7.60419031876539,8.94994875103179));
#2542=CARTESIAN_POINT('',(-132.670493453197,-8.73360182182976,8.40219050979892));
#2543=CARTESIAN_POINT('',(-132.670493453197,-9.76716947327549,7.78442928259148));
#2544=CARTESIAN_POINT('',(-132.670493453197,-10.6865785530853,7.10742480930869));
#2545=CARTESIAN_POINT('',(-132.670493453197,-11.4798252307874,6.38759374853243));
#2546=CARTESIAN_POINT('',(-132.670493453197,-12.1383103408943,5.63923072371989));
#2547=CARTESIAN_POINT('',(-132.670493453197,-12.661125110697,4.87908942605026));
#2548=CARTESIAN_POINT('',(-132.670493453197,-13.0511179735456,4.11997333965231));
#2549=CARTESIAN_POINT('',(-132.670493453197,-13.3164662291452,3.37324110355304));
#2550=CARTESIAN_POINT('',(-132.670493453197,-13.467513584845,2.64590215976524));
#2551=CARTESIAN_POINT('',(-132.670493453197,-13.5158349312773,1.93395790633307));
#2552=CARTESIAN_POINT('',(-132.670493453197,-13.4675228739625,1.22199644948552));
#2553=CARTESIAN_POINT('',(-132.670493453197,-13.3164554036732,0.494673793337583));
#2554=CARTESIAN_POINT('',(-132.670493453197,-13.0511237771843,-0.252070978259731));
#2555=CARTESIAN_POINT('',(-132.670493453197,-12.6611218397412,-1.01117421325031));
#2556=CARTESIAN_POINT('',(-132.670493453197,-12.1383081096874,-1.77132606588604));
#2557=CARTESIAN_POINT('',(-132.670493453197,-11.4798385456413,-2.51968900370534));
#2558=CARTESIAN_POINT('',(-132.670493453197,-10.6865487391225,-3.23950483810082));
#2559=CARTESIAN_POINT('',(-132.670493453197,-9.76720337138231,-3.91653617462551));
#2560=CARTESIAN_POINT('',(-132.670493453197,-8.73357420757652,-4.5342631024112));
#2561=CARTESIAN_POINT('',(-132.670493453197,-7.60422249217321,-5.08207153342967));
#2562=CARTESIAN_POINT('',(-132.670493453197,-6.39882110921988,-5.54859640415722));
#2563=CARTESIAN_POINT('',(-132.670493453197,-5.14063602784584,-5.92943811739639));
#2564=CARTESIAN_POINT('',(-132.670493453197,-3.851907864566,-6.22043115627893));
#2565=CARTESIAN_POINT('',(-132.670493453197,-2.1403832933206,-6.48805887021003));
#2566=CARTESIAN_POINT('',(-132.670493453197,2.64560226810318E-5,-6.61738219289484));
#2567=CARTESIAN_POINT('',(-132.670493453197,2.14034348653393,-6.48801515839982));
#2568=CARTESIAN_POINT('',(-132.670493453197,3.85196118449738,-6.22049902481431));
#2569=CARTESIAN_POINT('',(-132.670493453197,5.14060792768524,-5.92939230883737));
#2570=CARTESIAN_POINT('',(-132.670493453197,6.39886227638496,-5.54863512231427));
#2571=CARTESIAN_POINT('',(-132.670493453197,7.6041971593761,-5.08204061467255));
#2572=CARTESIAN_POINT('',(-132.670493453197,8.73360866168258,-4.53428237529698));
#2573=CARTESIAN_POINT('',(-132.670493453197,9.76717631356544,-3.91652114701828));
#2574=CARTESIAN_POINT('',(-132.670493453197,10.6865853931189,-3.23951667436388));
#2575=CARTESIAN_POINT('',(-132.670493453197,11.4798320709637,-2.51968561323784));
#2576=CARTESIAN_POINT('',(-132.670493453197,12.1383171809888,-1.77132258862554));
#2577=CARTESIAN_POINT('',(-132.670493453197,12.6611298452701,-1.01118128830117));
#2578=CARTESIAN_POINT('',(-132.670493453197,13.0511301744103,-0.252065210853011));
#2579=CARTESIAN_POINT('',(-132.670493453197,13.3164619812351,0.494667043754376));
#2580=CARTESIAN_POINT('',(-132.670493453197,13.467532797001,1.22200588739786));
#2581=CARTESIAN_POINT('',(-132.670493453197,13.5000034200626,1.70076061879134));
#2582=CARTESIAN_POINT('',(-132.670493453197,13.5000034200626,1.93395406758471));
#2583=CARTESIAN_POINT('',(-81.6700097150642,137.500793396593,0.933601882646665));
#2584=CARTESIAN_POINT('',(-82.4200097150642,135.000793396593,0.183601882646661));
#2585=CARTESIAN_POINT('',(-81.6700097150642,-137.503600019581,0.933601882646665));
#2586=CARTESIAN_POINT('',(-82.4200097150642,-135.003600019581,0.183601882646661));
#2587=CARTESIAN_POINT('',(-81.6700097150642,137.500793396593,0.933601882646672));
#2588=CARTESIAN_POINT('',(-81.6700097150642,-137.503600019581,0.933601882646672));
#2589=CARTESIAN_POINT('',(-90.1704934531973,92.7824622844611,2.93395406758471));
#2590=CARTESIAN_POINT('',(-130.170493453197,92.7824622844611,2.93395406758471));
#2591=CARTESIAN_POINT('',(-90.1704934531973,92.7824622844611,3.93395406758471));
#2592=CARTESIAN_POINT('',(-130.170493453197,92.7824622844611,3.93395406758471));
#2593=CARTESIAN_POINT('',(-90.1704934531973,100.782462284461,2.93395406758471));
#2594=CARTESIAN_POINT('',(-130.170493453197,100.782462284461,2.93395406758471));
#2595=CARTESIAN_POINT('',(-90.1704934531973,100.782462284461,3.93395406758471));
#2596=CARTESIAN_POINT('',(-130.170493453197,100.782462284461,3.93395406758471));
#2597=CARTESIAN_POINT('',(-139.670493395055,-140.,-0.0660459324152853));
#2598=CARTESIAN_POINT('',(-80.6704933950545,-140.,-0.0660459324152853));
#2599=CARTESIAN_POINT('',(-80.6704933950545,-140.,1.93395406758471));
#2600=CARTESIAN_POINT('',(-139.670493395055,-140.,1.93395406758471));
#2601=CARTESIAN_POINT('',(-80.6704933950545,140.,-0.0660459324152853));
#2602=CARTESIAN_POINT('',(-80.6704933950545,140.,1.93395406758471));
#2603=CARTESIAN_POINT('',(-139.670493395055,140.,-0.0660459324152853));
#2604=CARTESIAN_POINT('',(-139.670493395055,140.,1.93395406758471));
#2605=CARTESIAN_POINT('',(-129.670493395055,-89.7346183693101,-0.0660459324152853));
#2606=CARTESIAN_POINT('',(-90.6704933950545,-89.7346183693101,-0.0660459324152853));
#2607=CARTESIAN_POINT('',(-90.6704933950545,-88.2346183693101,-0.0660459324152853));
#2608=CARTESIAN_POINT('',(-129.670493395055,-88.2346183693101,-0.0660459324152853));
#2609=CARTESIAN_POINT('',(-129.670493395055,-89.7346183693101,1.93395406758471));
#2610=CARTESIAN_POINT('',(-90.6704933950545,-89.7346183693101,1.93395406758471));
#2611=CARTESIAN_POINT('',(-129.670493395055,-93.719610655152,-0.0660459324152853));
#2612=CARTESIAN_POINT('',(-90.6704933950545,-93.719610655152,-0.0660459324152853));
#2613=CARTESIAN_POINT('',(-90.6704933950545,-92.219610655152,-0.0660459324152853));
#2614=CARTESIAN_POINT('',(-129.670493395055,-92.219610655152,-0.0660459324152853));
#2615=CARTESIAN_POINT('',(-129.670493395055,-93.719610655152,1.93395406758471));
#2616=CARTESIAN_POINT('',(-90.6704933950545,-93.719610655152,1.93395406758471));
#2617=CARTESIAN_POINT('',(-129.670493395055,-97.7204151989662,-0.0660459324152853));
#2618=CARTESIAN_POINT('',(-90.6704933950545,-97.7204151989662,-0.0660459324152853));
#2619=CARTESIAN_POINT('',(-90.6704933950545,-96.2204151989662,-0.0660459324152853));
#2620=CARTESIAN_POINT('',(-129.670493395055,-96.2204151989662,-0.0660459324152853));
#2621=CARTESIAN_POINT('',(-129.670493395055,-97.7204151989662,1.93395406758471));
#2622=CARTESIAN_POINT('',(-90.6704933950545,-97.7204151989662,1.93395406758471));
#2623=CARTESIAN_POINT('',(-129.670493395055,-101.720270701798,-0.0660459324152853));
#2624=CARTESIAN_POINT('',(-90.6704933950545,-101.720270701798,-0.0660459324152853));
#2625=CARTESIAN_POINT('',(-90.6704933950545,-100.220270701798,-0.0660459324152853));
#2626=CARTESIAN_POINT('',(-129.670493395055,-100.220270701798,-0.0660459324152853));
#2627=CARTESIAN_POINT('',(-129.670493395055,-101.720270701798,1.93395406758471));
#2628=CARTESIAN_POINT('',(-90.6704933950545,-101.720270701798,1.93395406758471));
#2629=CARTESIAN_POINT('',(-129.670493395055,-105.717537715539,-0.0660459324152853));
#2630=CARTESIAN_POINT('',(-90.6704933950545,-105.717537715539,-0.0660459324152853));
#2631=CARTESIAN_POINT('',(-90.6704933950545,-104.217537715539,-0.0660459324152853));
#2632=CARTESIAN_POINT('',(-129.670493395055,-104.217537715539,-0.0660459324152853));
#2633=CARTESIAN_POINT('',(-129.670493395055,-105.717537715539,1.93395406758471));
#2634=CARTESIAN_POINT('',(-90.6704933950545,-105.717537715539,1.93395406758471));
#2635=CARTESIAN_POINT('',(-120.958170623528,71.5059201944402,0.933954067584715));
#2636=CARTESIAN_POINT('',(-99.3828161665807,71.5059201944402,0.933954067584715));
#2637=CARTESIAN_POINT('',(-99.3828161665807,80.6437173762062,0.933954067584715));
#2638=CARTESIAN_POINT('',(-120.958170623528,80.6437173762062,0.933954067584715));
#2639=CARTESIAN_POINT('',(-120.958170623528,71.5059201944402,1.93395406758471));
#2640=CARTESIAN_POINT('',(-99.3828161665807,71.5059201944402,1.93395406758471));
#2641=CARTESIAN_POINT('',(-99.3828161665807,80.6437173762062,1.93395406758471));
#2642=CARTESIAN_POINT('',(-120.958170623528,80.6437173762062,1.93395406758471));
#2643=CARTESIAN_POINT('',(-129.670493395055,92.732197437699,-0.0660459324152853));
#2644=CARTESIAN_POINT('',(-90.6704933950545,92.732197437699,-0.0660459324152853));
#2645=CARTESIAN_POINT('',(-90.6704933950545,94.232197437699,-0.0660459324152853));
#2646=CARTESIAN_POINT('',(-129.670493395055,94.232197437699,-0.0660459324152853));
#2647=CARTESIAN_POINT('',(-129.670493395055,92.732197437699,1.93395406758471));
#2648=CARTESIAN_POINT('',(-90.6704933950545,92.732197437699,1.93395406758471));
#2649=CARTESIAN_POINT('',(-129.670493395055,96.72946445144,-0.0660459324152853));
#2650=CARTESIAN_POINT('',(-90.6704933950545,96.72946445144,-0.0660459324152853));
#2651=CARTESIAN_POINT('',(-90.6704933950545,98.22946445144,-0.0660459324152853));
#2652=CARTESIAN_POINT('',(-129.670493395055,98.22946445144,-0.0660459324152853));
#2653=CARTESIAN_POINT('',(-129.670493395055,96.72946445144,1.93395406758471));
#2654=CARTESIAN_POINT('',(-90.6704933950545,96.72946445144,1.93395406758471));
#2655=CARTESIAN_POINT('',(-129.670493395055,100.729319954272,-0.0660459324152853));
#2656=CARTESIAN_POINT('',(-90.6704933950545,100.729319954272,-0.0660459324152853));
#2657=CARTESIAN_POINT('',(-90.6704933950545,102.229319954272,-0.0660459324152853));
#2658=CARTESIAN_POINT('',(-129.670493395055,102.229319954272,-0.0660459324152853));
#2659=CARTESIAN_POINT('',(-129.670493395055,100.729319954272,1.93395406758471));
#2660=CARTESIAN_POINT('',(-90.6704933950545,100.729319954272,1.93395406758471));
#2661=CARTESIAN_POINT('',(-129.670493395055,104.730124498086,-0.0660459324152853));
#2662=CARTESIAN_POINT('',(-90.6704933950545,104.730124498086,-0.0660459324152853));
#2663=CARTESIAN_POINT('',(-90.6704933950545,106.230124498086,-0.0660459324152853));
#2664=CARTESIAN_POINT('',(-129.670493395055,106.230124498086,-0.0660459324152853));
#2665=CARTESIAN_POINT('',(-129.670493395055,104.730124498086,1.93395406758471));
#2666=CARTESIAN_POINT('',(-90.6704933950545,104.730124498086,1.93395406758471));
#2667=CARTESIAN_POINT('',(-129.670493395055,108.715116783928,-0.0660459324152853));
#2668=CARTESIAN_POINT('',(-90.6704933950545,108.715116783928,-0.0660459324152853));
#2669=CARTESIAN_POINT('',(-90.6704933950545,110.215116783928,-0.0660459324152853));
#2670=CARTESIAN_POINT('',(-129.670493395055,110.215116783928,-0.0660459324152853));
#2671=CARTESIAN_POINT('',(-129.670493395055,108.715116783928,1.93395406758471));
#2672=CARTESIAN_POINT('',(-90.6704933950545,108.715116783928,1.93395406758471));
#2673=CARTESIAN_POINT('',(-90.1704934531973,-105.717537715539,2.93395406758471));
#2674=CARTESIAN_POINT('',(-130.170493453197,-105.717537715539,2.93395406758471));
#2675=CARTESIAN_POINT('',(-90.1704934531973,-105.717537715539,3.93395406758471));
#2676=CARTESIAN_POINT('',(-130.170493453197,-105.717537715539,3.93395406758471));
#2677=CARTESIAN_POINT('',(-90.1704934531973,-104.717537715539,1.93395406758471));
#2678=CARTESIAN_POINT('',(-90.6704933950545,-104.717537715539,1.93395406758471));
#2679=CARTESIAN_POINT('',(-129.670493395055,-104.717537715539,1.93395406758471));
#2680=CARTESIAN_POINT('',(-130.170493453197,-104.717537715539,1.93395406758471));
#2681=CARTESIAN_POINT('',(-130.170493453197,-103.205024058758,1.93395406758471));
#2682=CARTESIAN_POINT('',(-90.1704934531973,-103.205024058758,1.93395406758471));
#2683=CARTESIAN_POINT('',(-90.6704933950546,-104.217537715539,1.43395406758473));
#2684=CARTESIAN_POINT('',(-129.670493395055,-104.217537715539,1.43395406758473));
#2685=CARTESIAN_POINT('',(-90.1704934531973,-101.717537715539,2.93395406758471));
#2686=CARTESIAN_POINT('',(-130.170493453197,-101.717537715539,2.93395406758471));
#2687=CARTESIAN_POINT('',(-90.1704934531973,-101.717537715539,3.93395406758471));
#2688=CARTESIAN_POINT('',(-130.170493453197,-101.717537715539,3.93395406758471));
#2689=CARTESIAN_POINT('',(-90.1704934531973,-100.717537715539,1.93395406758471));
#2690=CARTESIAN_POINT('',(-90.6704933950545,-100.717537715539,1.93395406758471));
#2691=CARTESIAN_POINT('',(-129.670493395055,-100.717537715539,1.93395406758471));
#2692=CARTESIAN_POINT('',(-130.170493453197,-100.717537715539,1.93395406758471));
#2693=CARTESIAN_POINT('',(-130.170493453197,-99.2050240587581,1.93395406758471));
#2694=CARTESIAN_POINT('',(-90.1704934531973,-99.205024058758,1.93395406758471));
#2695=CARTESIAN_POINT('',(-90.6704933950546,-100.220270701798,1.43668705384381));
#2696=CARTESIAN_POINT('',(-129.670493395055,-100.220270701798,1.4366870538438));
#2697=CARTESIAN_POINT('',(-90.1704934531973,-97.7175377155389,2.93395406758471));
#2698=CARTESIAN_POINT('',(-130.170493453197,-97.7175377155389,2.93395406758471));
#2699=CARTESIAN_POINT('',(-90.1704934531973,-97.7175377155389,3.93395406758471));
#2700=CARTESIAN_POINT('',(-130.170493453197,-97.7175377155389,3.93395406758471));
#2701=CARTESIAN_POINT('',(-90.1704934531973,-96.7175377155389,1.93395406758471));
#2702=CARTESIAN_POINT('',(-90.6704933950546,-96.7175377155389,1.93395406758471));
#2703=CARTESIAN_POINT('',(-129.670493395055,-96.7175377155389,1.93395406758471));
#2704=CARTESIAN_POINT('',(-130.170493453197,-96.7175377155389,1.93395406758471));
#2705=CARTESIAN_POINT('',(-130.170493453197,-95.2050240587581,1.93395406758471));
#2706=CARTESIAN_POINT('',(-90.1704934531973,-95.205024058758,1.93395406758471));
#2707=CARTESIAN_POINT('',(-90.6704933950546,-96.2204151989662,1.43683155101201));
#2708=CARTESIAN_POINT('',(-129.670493395055,-96.2204151989662,1.43683155101201));
#2709=CARTESIAN_POINT('',(-90.1704934531973,-93.7175377155389,2.93395406758471));
#2710=CARTESIAN_POINT('',(-130.170493453197,-93.7175377155389,2.93395406758471));
#2711=CARTESIAN_POINT('',(-90.1704934531973,-93.7175377155389,3.93395406758471));
#2712=CARTESIAN_POINT('',(-130.170493453197,-93.7175377155389,3.93395406758471));
#2713=CARTESIAN_POINT('',(-90.1704934531973,-92.7175377155389,1.93395406758471));
#2714=CARTESIAN_POINT('',(-90.6704933950545,-92.7175377155389,1.93395406758471));
#2715=CARTESIAN_POINT('',(-129.670493395055,-92.7175377155389,1.93395406758471));
#2716=CARTESIAN_POINT('',(-130.170493453197,-92.7175377155389,1.93395406758471));
#2717=CARTESIAN_POINT('',(-130.170493453197,-91.2050240587581,1.93395406758471));
#2718=CARTESIAN_POINT('',(-90.1704934531973,-91.2050240587581,1.93395406758471));
#2719=CARTESIAN_POINT('',(-90.6704933950545,-92.219610655152,1.43602700719786));
#2720=CARTESIAN_POINT('',(-129.670493395055,-92.219610655152,1.43602700719786));
#2721=CARTESIAN_POINT('',(-90.1704934531973,-89.7175377155389,2.93395406758471));
#2722=CARTESIAN_POINT('',(-130.170493453197,-89.7175377155389,2.93395406758471));
#2723=CARTESIAN_POINT('',(-90.1704934531973,-89.7175377155389,3.93395406758471));
#2724=CARTESIAN_POINT('',(-130.170493453197,-89.7175377155389,3.93395406758471));
#2725=CARTESIAN_POINT('',(-90.1704934531973,-88.7175377155389,1.93395406758471));
#2726=CARTESIAN_POINT('',(-90.6704933950545,-88.7175377155389,1.93395406758471));
#2727=CARTESIAN_POINT('',(-129.670493395055,-88.7175377155389,1.93395406758471));
#2728=CARTESIAN_POINT('',(-130.170493453197,-88.7175377155389,1.93395406758471));
#2729=CARTESIAN_POINT('',(-130.170493453197,-87.2050240587581,1.93395406758471));
#2730=CARTESIAN_POINT('',(-90.1704934531973,-87.2050240587581,1.93395406758471));
#2731=CARTESIAN_POINT('',(-90.6704933950545,-88.2346183693101,1.45103472135589));
#2732=CARTESIAN_POINT('',(-129.670493395055,-88.2346183693101,1.45103472135588));
#2733=CARTESIAN_POINT('',(-90.1704934531973,96.7824622844611,2.93395406758471));
#2734=CARTESIAN_POINT('',(-130.170493453197,96.7824622844611,2.93395406758471));
#2735=CARTESIAN_POINT('',(-90.1704934531973,96.7824622844611,3.93395406758471));
#2736=CARTESIAN_POINT('',(-130.170493453197,96.7824622844611,3.93395406758471));
#2737=CARTESIAN_POINT('',(-90.1704934531973,97.7824622844611,1.93395406758471));
#2738=CARTESIAN_POINT('',(-90.6704933950546,97.7824622844611,1.93395406758471));
#2739=CARTESIAN_POINT('',(-129.670493395055,97.7824622844611,1.93395406758471));
#2740=CARTESIAN_POINT('',(-130.170493453197,97.7824622844611,1.93395406758471));
#2741=CARTESIAN_POINT('',(-130.170493453197,99.294975941242,1.93395406758471));
#2742=CARTESIAN_POINT('',(-90.1704934531973,99.294975941242,1.93395406758471));
#2743=CARTESIAN_POINT('',(-90.6704933950546,98.22946445144,1.48695190060588));
#2744=CARTESIAN_POINT('',(-129.670493395055,98.22946445144,1.48695190060587));
#2745=CARTESIAN_POINT('',(-90.1704934531973,104.782462284461,2.93395406758471));
#2746=CARTESIAN_POINT('',(-130.170493453197,104.782462284461,2.93395406758471));
#2747=CARTESIAN_POINT('',(-90.1704934531973,104.782462284461,3.93395406758471));
#2748=CARTESIAN_POINT('',(-130.170493453197,104.782462284461,3.93395406758471));
#2749=CARTESIAN_POINT('',(-90.1704934531973,105.782462284461,1.93395406758471));
#2750=CARTESIAN_POINT('',(-90.6704933950545,105.782462284461,1.93395406758471));
#2751=CARTESIAN_POINT('',(-129.670493395055,105.782462284461,1.93395406758471));
#2752=CARTESIAN_POINT('',(-130.170493453197,105.782462284461,1.93395406758471));
#2753=CARTESIAN_POINT('',(-130.170493453197,107.294975941242,1.93395406758471));
#2754=CARTESIAN_POINT('',(-90.1704934531973,107.294975941242,1.93395406758471));
#2755=CARTESIAN_POINT('',(-90.6704933950545,106.230124498086,1.48629185395993));
#2756=CARTESIAN_POINT('',(-129.670493395055,106.230124498086,1.48629185395993));
#2757=CARTESIAN_POINT('',(-90.1704934531973,108.782462284461,2.93395406758471));
#2758=CARTESIAN_POINT('',(-130.170493453197,108.782462284461,2.93395406758471));
#2759=CARTESIAN_POINT('',(-90.1704934531973,108.782462284461,3.93395406758471));
#2760=CARTESIAN_POINT('',(-130.170493453197,108.782462284461,3.93395406758471));
#2761=CARTESIAN_POINT('',(-90.1704934531973,109.782462284461,1.93395406758471));
#2762=CARTESIAN_POINT('',(-90.6704933950545,109.782462284461,1.93395406758471));
#2763=CARTESIAN_POINT('',(-129.670493395055,109.782462284461,1.93395406758471));
#2764=CARTESIAN_POINT('',(-130.170493453197,109.782462284461,1.93395406758471));
#2765=CARTESIAN_POINT('',(-130.170493453197,111.294975941242,1.93395406758471));
#2766=CARTESIAN_POINT('',(-90.1704934531973,111.294975941242,1.93395406758471));
#2767=CARTESIAN_POINT('',(-90.6704933950545,110.215116783928,1.50129956811796));
#2768=CARTESIAN_POINT('',(-129.670493395055,110.215116783928,1.50129956811796));
#2769=CARTESIAN_POINT('',(-130.170493453197,101.782462284461,1.93395406758471));
#2770=CARTESIAN_POINT('',(-129.670493395055,101.782462284461,1.93395406758471));
#2771=CARTESIAN_POINT('',(-90.6704933950545,101.782462284461,1.93395406758471));
#2772=CARTESIAN_POINT('',(-90.1704934531973,101.782462284461,1.93395406758471));
#2773=CARTESIAN_POINT('',(-90.6704933950545,102.229319954272,1.48709639777409));
#2774=CARTESIAN_POINT('',(-129.670493395055,102.229319954272,1.48709639777408));
#2775=CARTESIAN_POINT('',(-90.1704934531973,103.294975941242,1.93395406758471));
#2776=CARTESIAN_POINT('',(-130.170493453197,103.294975941242,1.93395406758471));
#2777=CARTESIAN_POINT('',(-130.170493453197,93.7824622844611,1.93395406758471));
#2778=CARTESIAN_POINT('',(-129.670493395055,93.7824622844611,1.93395406758471));
#2779=CARTESIAN_POINT('',(-90.6704933950545,93.7824622844611,1.93395406758471));
#2780=CARTESIAN_POINT('',(-90.1704934531973,93.7824622844611,1.93395406758471));
#2781=CARTESIAN_POINT('',(-90.6704933950545,94.232197437699,1.4842189143468));
#2782=CARTESIAN_POINT('',(-129.670493395055,94.232197437699,1.4842189143468));
#2783=CARTESIAN_POINT('',(-90.1704934531973,95.2949759412419,1.93395406758471));
#2784=CARTESIAN_POINT('',(-130.170493453197,95.2949759412419,1.93395406758471));
#2785=CARTESIAN_POINT('',(-134.170493453197,15.0000034200626,1.93395406758471));
#2786=CARTESIAN_POINT('',(-132.670493453197,15.0000034200626,1.93395406758471));
#2787=CARTESIAN_POINT('',(-134.170493453197,-14.9999965799374,1.93395406758471));
#2788=CARTESIAN_POINT('',(-132.670493453197,-14.9999965799374,1.93395406758471));
#2789=CARTESIAN_POINT('',(-134.170493453197,-13.500009337595,1.93395406758471));
#2790=CARTESIAN_POINT('',(-132.670493453197,-13.500009337595,1.93395406758471));
#2791=CARTESIAN_POINT('',(-134.170493453197,13.5000034200626,1.93395406758471));
#2792=CARTESIAN_POINT('',(-132.670493453197,13.5000034200626,1.93395406758471));
#2793=CARTESIAN_POINT('',(-81.0700097150642,135.000793396593,0.933601882646663));
#2794=CARTESIAN_POINT('',(-81.0700097150642,140.000793396593,0.933601882646663));
#2795=CARTESIAN_POINT('',(-81.0700097150642,-135.003600019581,0.933601882646663));
#2796=CARTESIAN_POINT('',(-81.0700097150642,-140.,0.933601882646663));
#2797=CARTESIAN_POINT('',(-82.2700097150642,140.000793396593,0.933601882646663));
#2798=CARTESIAN_POINT('',(-82.2700097150642,135.000793396593,0.933601882646663));
#2799=CARTESIAN_POINT('',(-82.2700097150642,-135.003600019581,0.933601882646663));
#2800=CARTESIAN_POINT('',(-82.2700097150642,-140.,0.933601882646663));
#2801=CARTESIAN_POINT('',(-90.1704934531973,92.7824622844611,2.93395406758471));
#2802=CARTESIAN_POINT('',(-130.170493453197,92.7824622844611,2.93395406758471));
#2803=CARTESIAN_POINT('',(-90.1704934531973,92.7824622844611,2.93395406758471));
#2804=CARTESIAN_POINT('',(-90.1704934531973,92.7824622844611,3.93395406758471));
#2805=CARTESIAN_POINT('',(-90.1704934531973,92.7824622844611,3.93395406758471));
#2806=CARTESIAN_POINT('',(-130.170493453197,92.7824622844611,3.93395406758471));
#2807=CARTESIAN_POINT('',(-130.170493453197,92.7824622844611,2.93395406758471));
#2808=CARTESIAN_POINT('',(-130.170493453197,92.7824622844611,3.93395406758471));
#2809=CARTESIAN_POINT('',(-90.1704934531973,92.7824622844611,3.93395406758471));
#2810=CARTESIAN_POINT('',(-90.1704934531973,95.2949759412419,1.93395406758471));
#2811=CARTESIAN_POINT('',(-130.170493453197,92.7824622844611,3.93395406758471));
#2812=CARTESIAN_POINT('',(-130.170493453197,95.2949759412419,1.93395406758471));
#2813=CARTESIAN_POINT('',(-90.1704934531973,100.782462284461,2.93395406758471));
#2814=CARTESIAN_POINT('',(-130.170493453197,100.782462284461,2.93395406758471));
#2815=CARTESIAN_POINT('',(-90.1704934531973,100.782462284461,2.93395406758471));
#2816=CARTESIAN_POINT('',(-90.1704934531973,100.782462284461,3.93395406758471));
#2817=CARTESIAN_POINT('',(-90.1704934531973,100.782462284461,3.93395406758471));
#2818=CARTESIAN_POINT('',(-130.170493453197,100.782462284461,3.93395406758471));
#2819=CARTESIAN_POINT('',(-130.170493453197,100.782462284461,2.93395406758471));
#2820=CARTESIAN_POINT('',(-130.170493453197,100.782462284461,3.93395406758471));
#2821=CARTESIAN_POINT('',(-90.1704934531973,100.782462284461,3.93395406758471));
#2822=CARTESIAN_POINT('',(-90.1704934531973,103.294975941242,1.93395406758471));
#2823=CARTESIAN_POINT('',(-130.170493453197,100.782462284461,3.93395406758471));
#2824=CARTESIAN_POINT('',(-130.170493453197,103.294975941242,1.93395406758471));
#2825=CARTESIAN_POINT('',(-139.670493395055,-140.,-0.0660459324152853));
#2826=CARTESIAN_POINT('',(-80.6704933950545,-140.,-0.0660459324152853));
#2827=CARTESIAN_POINT('',(-80.6704933950545,-140.,-0.0660459324152853));
#2828=CARTESIAN_POINT('',(-80.6704933950545,-140.,1.93395406758471));
#2829=CARTESIAN_POINT('',(-139.670493395055,-140.,1.93395406758471));
#2830=CARTESIAN_POINT('',(-80.6704933950545,-140.,1.93395406758471));
#2831=CARTESIAN_POINT('',(-139.670493395055,-140.,-0.0660459324152853));
#2832=CARTESIAN_POINT('',(-139.670493395055,-140.,1.93395406758471));
#2833=CARTESIAN_POINT('',(-80.6704933950545,-140.,-0.0660459324152853));
#2834=CARTESIAN_POINT('',(-80.6704933950545,140.,-0.0660459324152853));
#2835=CARTESIAN_POINT('',(-80.6704933950545,140.,-0.0660459324152853));
#2836=CARTESIAN_POINT('',(-80.6704933950545,140.,1.93395406758471));
#2837=CARTESIAN_POINT('',(-80.6704933950545,-140.,1.93395406758471));
#2838=CARTESIAN_POINT('',(-80.6704933950545,140.,1.93395406758471));
#2839=CARTESIAN_POINT('',(-80.6704933950545,140.,-0.0660459324152853));
#2840=CARTESIAN_POINT('',(-139.670493395055,140.,-0.0660459324152853));
#2841=CARTESIAN_POINT('',(-139.670493395055,140.,-0.0660459324152853));
#2842=CARTESIAN_POINT('',(-139.670493395055,140.,1.93395406758471));
#2843=CARTESIAN_POINT('',(-80.6704933950545,140.,1.93395406758471));
#2844=CARTESIAN_POINT('',(-139.670493395055,140.,1.93395406758471));
#2845=CARTESIAN_POINT('',(-139.670493395055,140.,-0.0660459324152853));
#2846=CARTESIAN_POINT('',(-139.670493395055,-140.,-0.0660459324152853));
#2847=CARTESIAN_POINT('',(-139.670493395055,140.,1.93395406758471));
#2848=CARTESIAN_POINT('',(-139.670493395055,-140.,1.93395406758471));
#2849=CARTESIAN_POINT('',(-90.6704933950545,-89.7346183693101,-0.0660459324152853));
#2850=CARTESIAN_POINT('',(-90.6704933950545,-89.7346183693101,1.93395406758471));
#2851=CARTESIAN_POINT('',(-129.670493395055,-89.7346183693101,-0.0660459324152853));
#2852=CARTESIAN_POINT('',(-129.670493395055,-89.7346183693101,1.93395406758471));
#2853=CARTESIAN_POINT('',(-90.6704933950545,-88.2346183693101,-0.0660459324152853));
#2854=CARTESIAN_POINT('',(-90.6704933950545,-88.2346183693101,1.45103472135589));
#2855=CARTESIAN_POINT('',(-129.670493395055,-88.2346183693101,-0.0660459324152853));
#2856=CARTESIAN_POINT('',(-129.670493395055,-88.2346183693101,1.45103472135588));
#2857=CARTESIAN_POINT('',(-129.670493395055,-89.7346183693101,-0.0660459324152853));
#2858=CARTESIAN_POINT('',(-90.6704933950545,-89.7346183693101,-0.0660459324152853));
#2859=CARTESIAN_POINT('',(-90.6704933950545,-89.7346183693101,-0.0660459324152853));
#2860=CARTESIAN_POINT('',(-90.6704933950545,-88.2346183693101,-0.0660459324152853));
#2861=CARTESIAN_POINT('',(-90.6704933950545,-88.2346183693101,-0.0660459324152853));
#2862=CARTESIAN_POINT('',(-129.670493395055,-88.2346183693101,-0.0660459324152853));
#2863=CARTESIAN_POINT('',(-129.670493395055,-88.2346183693101,-0.0660459324152853));
#2864=CARTESIAN_POINT('',(-129.670493395055,-89.7346183693101,-0.0660459324152853));
#2865=CARTESIAN_POINT('',(-129.670493395055,-89.7346183693101,1.93395406758471));
#2866=CARTESIAN_POINT('',(-90.6704933950545,-89.7346183693101,1.93395406758471));
#2867=CARTESIAN_POINT('',(-90.6704933950545,-89.7346183693101,1.93395406758471));
#2868=CARTESIAN_POINT('',(-90.6704933950545,-88.7175377155389,1.93395406758471));
#2869=CARTESIAN_POINT('',(-90.6704933950545,-93.719610655152,-0.0660459324152853));
#2870=CARTESIAN_POINT('',(-90.6704933950545,-93.719610655152,1.93395406758471));
#2871=CARTESIAN_POINT('',(-129.670493395055,-93.719610655152,-0.0660459324152853));
#2872=CARTESIAN_POINT('',(-129.670493395055,-93.719610655152,1.93395406758471));
#2873=CARTESIAN_POINT('',(-90.6704933950545,-92.219610655152,-0.0660459324152853));
#2874=CARTESIAN_POINT('',(-90.6704933950545,-92.219610655152,1.43602700719786));
#2875=CARTESIAN_POINT('',(-129.670493395055,-92.219610655152,-0.0660459324152853));
#2876=CARTESIAN_POINT('',(-129.670493395055,-92.219610655152,1.43602700719786));
#2877=CARTESIAN_POINT('',(-129.670493395055,-93.719610655152,-0.0660459324152853));
#2878=CARTESIAN_POINT('',(-90.6704933950545,-93.719610655152,-0.0660459324152853));
#2879=CARTESIAN_POINT('',(-90.6704933950545,-93.719610655152,-0.0660459324152853));
#2880=CARTESIAN_POINT('',(-90.6704933950545,-92.219610655152,-0.0660459324152853));
#2881=CARTESIAN_POINT('',(-90.6704933950545,-92.219610655152,-0.0660459324152853));
#2882=CARTESIAN_POINT('',(-129.670493395055,-92.219610655152,-0.0660459324152853));
#2883=CARTESIAN_POINT('',(-129.670493395055,-92.219610655152,-0.0660459324152853));
#2884=CARTESIAN_POINT('',(-129.670493395055,-93.719610655152,-0.0660459324152853));
#2885=CARTESIAN_POINT('',(-129.670493395055,-93.719610655152,1.93395406758471));
#2886=CARTESIAN_POINT('',(-90.6704933950545,-93.719610655152,1.93395406758471));
#2887=CARTESIAN_POINT('',(-90.6704933950545,-93.719610655152,1.93395406758471));
#2888=CARTESIAN_POINT('',(-90.6704933950545,-92.7175377155389,1.93395406758471));
#2889=CARTESIAN_POINT('',(-90.6704933950545,-97.7204151989662,-0.0660459324152853));
#2890=CARTESIAN_POINT('',(-90.6704933950545,-97.7204151989662,1.93395406758471));
#2891=CARTESIAN_POINT('',(-129.670493395055,-97.7204151989662,-0.0660459324152853));
#2892=CARTESIAN_POINT('',(-129.670493395055,-97.7204151989662,1.93395406758471));
#2893=CARTESIAN_POINT('',(-90.6704933950545,-96.2204151989662,-0.0660459324152853));
#2894=CARTESIAN_POINT('',(-90.6704933950546,-96.2204151989662,1.43683155101201));
#2895=CARTESIAN_POINT('',(-129.670493395055,-96.2204151989662,-0.0660459324152853));
#2896=CARTESIAN_POINT('',(-129.670493395055,-96.2204151989662,1.43683155101201));
#2897=CARTESIAN_POINT('',(-129.670493395055,-97.7204151989662,-0.0660459324152853));
#2898=CARTESIAN_POINT('',(-90.6704933950545,-97.7204151989662,-0.0660459324152853));
#2899=CARTESIAN_POINT('',(-90.6704933950545,-97.7204151989662,-0.0660459324152853));
#2900=CARTESIAN_POINT('',(-90.6704933950545,-96.2204151989662,-0.0660459324152853));
#2901=CARTESIAN_POINT('',(-90.6704933950545,-96.2204151989662,-0.0660459324152853));
#2902=CARTESIAN_POINT('',(-129.670493395055,-96.2204151989662,-0.0660459324152853));
#2903=CARTESIAN_POINT('',(-129.670493395055,-96.2204151989662,-0.0660459324152853));
#2904=CARTESIAN_POINT('',(-129.670493395055,-97.7204151989662,-0.0660459324152853));
#2905=CARTESIAN_POINT('',(-129.670493395055,-97.7204151989662,1.93395406758471));
#2906=CARTESIAN_POINT('',(-90.6704933950545,-97.7204151989662,1.93395406758471));
#2907=CARTESIAN_POINT('',(-90.6704933950545,-97.7204151989662,1.93395406758471));
#2908=CARTESIAN_POINT('',(-90.6704933950546,-96.7175377155389,1.93395406758471));
#2909=CARTESIAN_POINT('',(-90.6704933950545,-101.720270701798,-0.0660459324152853));
#2910=CARTESIAN_POINT('',(-90.6704933950545,-101.720270701798,1.93395406758471));
#2911=CARTESIAN_POINT('',(-129.670493395055,-101.720270701798,-0.0660459324152853));
#2912=CARTESIAN_POINT('',(-129.670493395055,-101.720270701798,1.93395406758471));
#2913=CARTESIAN_POINT('',(-90.6704933950545,-100.220270701798,-0.0660459324152853));
#2914=CARTESIAN_POINT('',(-90.6704933950546,-100.220270701798,1.43668705384381));
#2915=CARTESIAN_POINT('',(-129.670493395055,-100.220270701798,-0.0660459324152853));
#2916=CARTESIAN_POINT('',(-129.670493395055,-100.220270701798,1.4366870538438));
#2917=CARTESIAN_POINT('',(-129.670493395055,-101.720270701798,-0.0660459324152853));
#2918=CARTESIAN_POINT('',(-90.6704933950545,-101.720270701798,-0.0660459324152853));
#2919=CARTESIAN_POINT('',(-90.6704933950545,-101.720270701798,-0.0660459324152853));
#2920=CARTESIAN_POINT('',(-90.6704933950545,-100.220270701798,-0.0660459324152853));
#2921=CARTESIAN_POINT('',(-90.6704933950545,-100.220270701798,-0.0660459324152853));
#2922=CARTESIAN_POINT('',(-129.670493395055,-100.220270701798,-0.0660459324152853));
#2923=CARTESIAN_POINT('',(-129.670493395055,-100.220270701798,-0.0660459324152853));
#2924=CARTESIAN_POINT('',(-129.670493395055,-101.720270701798,-0.0660459324152853));
#2925=CARTESIAN_POINT('',(-129.670493395055,-101.720270701798,1.93395406758471));
#2926=CARTESIAN_POINT('',(-90.6704933950545,-101.720270701798,1.93395406758471));
#2927=CARTESIAN_POINT('',(-90.6704933950545,-101.720270701798,1.93395406758471));
#2928=CARTESIAN_POINT('',(-90.6704933950545,-100.717537715539,1.93395406758471));
#2929=CARTESIAN_POINT('',(-90.6704933950545,-105.717537715539,-0.0660459324152853));
#2930=CARTESIAN_POINT('',(-90.6704933950545,-105.717537715539,1.93395406758471));
#2931=CARTESIAN_POINT('',(-129.670493395055,-105.717537715539,-0.0660459324152853));
#2932=CARTESIAN_POINT('',(-129.670493395055,-105.717537715539,1.93395406758471));
#2933=CARTESIAN_POINT('',(-90.6704933950545,-104.217537715539,-0.0660459324152853));
#2934=CARTESIAN_POINT('',(-90.6704933950546,-104.217537715539,1.43395406758473));
#2935=CARTESIAN_POINT('',(-129.670493395055,-104.217537715539,-0.0660459324152853));
#2936=CARTESIAN_POINT('',(-129.670493395055,-104.217537715539,1.43395406758473));
#2937=CARTESIAN_POINT('',(-129.670493395055,-105.717537715539,-0.0660459324152853));
#2938=CARTESIAN_POINT('',(-90.6704933950545,-105.717537715539,-0.0660459324152853));
#2939=CARTESIAN_POINT('',(-90.6704933950545,-105.717537715539,-0.0660459324152853));
#2940=CARTESIAN_POINT('',(-90.6704933950545,-104.217537715539,-0.0660459324152853));
#2941=CARTESIAN_POINT('',(-90.6704933950545,-104.217537715539,-0.0660459324152853));
#2942=CARTESIAN_POINT('',(-129.670493395055,-104.217537715539,-0.0660459324152853));
#2943=CARTESIAN_POINT('',(-129.670493395055,-104.217537715539,-0.0660459324152853));
#2944=CARTESIAN_POINT('',(-129.670493395055,-105.717537715539,-0.0660459324152853));
#2945=CARTESIAN_POINT('',(-129.670493395055,-105.717537715539,1.93395406758471));
#2946=CARTESIAN_POINT('',(-90.6704933950545,-105.717537715539,1.93395406758471));
#2947=CARTESIAN_POINT('',(-90.6704933950545,-105.717537715539,1.93395406758471));
#2948=CARTESIAN_POINT('',(-90.6704933950545,-104.717537715539,1.93395406758471));
#2949=CARTESIAN_POINT('',(-120.958170623528,71.5059201944402,0.933954067584715));
#2950=CARTESIAN_POINT('',(-99.3828161665807,71.5059201944402,0.933954067584715));
#2951=CARTESIAN_POINT('',(-99.3828161665807,71.5059201944402,0.933954067584715));
#2952=CARTESIAN_POINT('',(-99.3828161665807,71.5059201944402,1.93395406758471));
#2953=CARTESIAN_POINT('',(-120.958170623528,71.5059201944402,0.933954067584715));
#2954=CARTESIAN_POINT('',(-120.958170623528,71.5059201944402,1.93395406758471));
#2955=CARTESIAN_POINT('',(-99.3828161665807,71.5059201944402,0.933954067584715));
#2956=CARTESIAN_POINT('',(-99.3828161665807,80.6437173762062,0.933954067584715));
#2957=CARTESIAN_POINT('',(-99.3828161665807,80.6437173762062,0.933954067584715));
#2958=CARTESIAN_POINT('',(-99.3828161665807,80.6437173762062,1.93395406758471));
#2959=CARTESIAN_POINT('',(-99.3828161665807,80.6437173762062,0.933954067584715));
#2960=CARTESIAN_POINT('',(-120.958170623528,80.6437173762062,0.933954067584715));
#2961=CARTESIAN_POINT('',(-120.958170623528,80.6437173762062,0.933954067584715));
#2962=CARTESIAN_POINT('',(-120.958170623528,80.6437173762062,1.93395406758471));
#2963=CARTESIAN_POINT('',(-120.958170623528,80.6437173762062,0.933954067584715));
#2964=CARTESIAN_POINT('',(-120.958170623528,71.5059201944402,0.933954067584715));
#2965=CARTESIAN_POINT('',(-120.958170623528,71.5059201944402,1.93395406758471));
#2966=CARTESIAN_POINT('',(-99.3828161665807,71.5059201944402,1.93395406758471));
#2967=CARTESIAN_POINT('',(-99.3828161665807,71.5059201944402,1.93395406758471));
#2968=CARTESIAN_POINT('',(-99.3828161665807,80.6437173762062,1.93395406758471));
#2969=CARTESIAN_POINT('',(-99.3828161665807,80.6437173762062,1.93395406758471));
#2970=CARTESIAN_POINT('',(-120.958170623528,80.6437173762062,1.93395406758471));
#2971=CARTESIAN_POINT('',(-120.958170623528,80.6437173762062,1.93395406758471));
#2972=CARTESIAN_POINT('',(-120.958170623528,71.5059201944402,1.93395406758471));
#2973=CARTESIAN_POINT('',(-90.6704933950545,92.732197437699,-0.0660459324152853));
#2974=CARTESIAN_POINT('',(-90.6704933950545,92.732197437699,1.93395406758471));
#2975=CARTESIAN_POINT('',(-129.670493395055,92.732197437699,-0.0660459324152853));
#2976=CARTESIAN_POINT('',(-129.670493395055,92.732197437699,1.93395406758471));
#2977=CARTESIAN_POINT('',(-90.6704933950545,94.232197437699,-0.0660459324152853));
#2978=CARTESIAN_POINT('',(-90.6704933950545,94.232197437699,1.4842189143468));
#2979=CARTESIAN_POINT('',(-129.670493395055,94.232197437699,-0.0660459324152853));
#2980=CARTESIAN_POINT('',(-129.670493395055,94.232197437699,1.4842189143468));
#2981=CARTESIAN_POINT('',(-129.670493395055,92.732197437699,-0.0660459324152853));
#2982=CARTESIAN_POINT('',(-90.6704933950545,92.732197437699,-0.0660459324152853));
#2983=CARTESIAN_POINT('',(-90.6704933950545,92.732197437699,-0.0660459324152853));
#2984=CARTESIAN_POINT('',(-90.6704933950545,94.232197437699,-0.0660459324152853));
#2985=CARTESIAN_POINT('',(-90.6704933950545,94.232197437699,-0.0660459324152853));
#2986=CARTESIAN_POINT('',(-129.670493395055,94.232197437699,-0.0660459324152853));
#2987=CARTESIAN_POINT('',(-129.670493395055,94.232197437699,-0.0660459324152853));
#2988=CARTESIAN_POINT('',(-129.670493395055,92.732197437699,-0.0660459324152853));
#2989=CARTESIAN_POINT('',(-129.670493395055,92.732197437699,1.93395406758471));
#2990=CARTESIAN_POINT('',(-90.6704933950545,92.732197437699,1.93395406758471));
#2991=CARTESIAN_POINT('',(-90.6704933950545,92.732197437699,1.93395406758471));
#2992=CARTESIAN_POINT('',(-90.6704933950545,93.7824622844611,1.93395406758471));
#2993=CARTESIAN_POINT('',(-90.6704933950545,96.72946445144,-0.0660459324152853));
#2994=CARTESIAN_POINT('',(-90.6704933950545,96.72946445144,1.93395406758471));
#2995=CARTESIAN_POINT('',(-129.670493395055,96.72946445144,-0.0660459324152853));
#2996=CARTESIAN_POINT('',(-129.670493395055,96.72946445144,1.93395406758471));
#2997=CARTESIAN_POINT('',(-90.6704933950545,98.22946445144,-0.0660459324152853));
#2998=CARTESIAN_POINT('',(-90.6704933950546,98.22946445144,1.48695190060588));
#2999=CARTESIAN_POINT('',(-129.670493395055,98.22946445144,-0.0660459324152853));
#3000=CARTESIAN_POINT('',(-129.670493395055,98.22946445144,1.48695190060587));
#3001=CARTESIAN_POINT('',(-129.670493395055,96.72946445144,-0.0660459324152853));
#3002=CARTESIAN_POINT('',(-90.6704933950545,96.72946445144,-0.0660459324152853));
#3003=CARTESIAN_POINT('',(-90.6704933950545,96.72946445144,-0.0660459324152853));
#3004=CARTESIAN_POINT('',(-90.6704933950545,98.22946445144,-0.0660459324152853));
#3005=CARTESIAN_POINT('',(-90.6704933950545,98.22946445144,-0.0660459324152853));
#3006=CARTESIAN_POINT('',(-129.670493395055,98.22946445144,-0.0660459324152853));
#3007=CARTESIAN_POINT('',(-129.670493395055,98.22946445144,-0.0660459324152853));
#3008=CARTESIAN_POINT('',(-129.670493395055,96.72946445144,-0.0660459324152853));
#3009=CARTESIAN_POINT('',(-129.670493395055,96.72946445144,1.93395406758471));
#3010=CARTESIAN_POINT('',(-90.6704933950545,96.72946445144,1.93395406758471));
#3011=CARTESIAN_POINT('',(-90.6704933950545,96.72946445144,1.93395406758471));
#3012=CARTESIAN_POINT('',(-90.6704933950546,97.7824622844611,1.93395406758471));
#3013=CARTESIAN_POINT('',(-90.6704933950545,100.729319954272,-0.0660459324152853));
#3014=CARTESIAN_POINT('',(-90.6704933950545,100.729319954272,1.93395406758471));
#3015=CARTESIAN_POINT('',(-129.670493395055,100.729319954272,-0.0660459324152853));
#3016=CARTESIAN_POINT('',(-129.670493395055,100.729319954272,1.93395406758471));
#3017=CARTESIAN_POINT('',(-90.6704933950545,102.229319954272,-0.0660459324152853));
#3018=CARTESIAN_POINT('',(-90.6704933950545,102.229319954272,1.48709639777409));
#3019=CARTESIAN_POINT('',(-129.670493395055,102.229319954272,-0.0660459324152853));
#3020=CARTESIAN_POINT('',(-129.670493395055,102.229319954272,1.48709639777408));
#3021=CARTESIAN_POINT('',(-129.670493395055,100.729319954272,-0.0660459324152853));
#3022=CARTESIAN_POINT('',(-90.6704933950545,100.729319954272,-0.0660459324152853));
#3023=CARTESIAN_POINT('',(-90.6704933950545,100.729319954272,-0.0660459324152853));
#3024=CARTESIAN_POINT('',(-90.6704933950545,102.229319954272,-0.0660459324152853));
#3025=CARTESIAN_POINT('',(-90.6704933950545,102.229319954272,-0.0660459324152853));
#3026=CARTESIAN_POINT('',(-129.670493395055,102.229319954272,-0.0660459324152853));
#3027=CARTESIAN_POINT('',(-129.670493395055,102.229319954272,-0.0660459324152853));
#3028=CARTESIAN_POINT('',(-129.670493395055,100.729319954272,-0.0660459324152853));
#3029=CARTESIAN_POINT('',(-129.670493395055,100.729319954272,1.93395406758471));
#3030=CARTESIAN_POINT('',(-90.6704933950545,100.729319954272,1.93395406758471));
#3031=CARTESIAN_POINT('',(-90.6704933950545,100.729319954272,1.93395406758471));
#3032=CARTESIAN_POINT('',(-90.6704933950545,101.782462284461,1.93395406758471));
#3033=CARTESIAN_POINT('',(-90.6704933950545,104.730124498086,-0.0660459324152853));
#3034=CARTESIAN_POINT('',(-90.6704933950545,104.730124498086,1.93395406758471));
#3035=CARTESIAN_POINT('',(-129.670493395055,104.730124498086,-0.0660459324152853));
#3036=CARTESIAN_POINT('',(-129.670493395055,104.730124498086,1.93395406758471));
#3037=CARTESIAN_POINT('',(-90.6704933950545,106.230124498086,-0.0660459324152853));
#3038=CARTESIAN_POINT('',(-90.6704933950545,106.230124498086,1.48629185395993));
#3039=CARTESIAN_POINT('',(-129.670493395055,106.230124498086,-0.0660459324152853));
#3040=CARTESIAN_POINT('',(-129.670493395055,106.230124498086,1.48629185395993));
#3041=CARTESIAN_POINT('',(-129.670493395055,104.730124498086,-0.0660459324152853));
#3042=CARTESIAN_POINT('',(-90.6704933950545,104.730124498086,-0.0660459324152853));
#3043=CARTESIAN_POINT('',(-90.6704933950545,104.730124498086,-0.0660459324152853));
#3044=CARTESIAN_POINT('',(-90.6704933950545,106.230124498086,-0.0660459324152853));
#3045=CARTESIAN_POINT('',(-90.6704933950545,106.230124498086,-0.0660459324152853));
#3046=CARTESIAN_POINT('',(-129.670493395055,106.230124498086,-0.0660459324152853));
#3047=CARTESIAN_POINT('',(-129.670493395055,106.230124498086,-0.0660459324152853));
#3048=CARTESIAN_POINT('',(-129.670493395055,104.730124498086,-0.0660459324152853));
#3049=CARTESIAN_POINT('',(-129.670493395055,104.730124498086,1.93395406758471));
#3050=CARTESIAN_POINT('',(-90.6704933950545,104.730124498086,1.93395406758471));
#3051=CARTESIAN_POINT('',(-90.6704933950545,104.730124498086,1.93395406758471));
#3052=CARTESIAN_POINT('',(-90.6704933950545,105.782462284461,1.93395406758471));
#3053=CARTESIAN_POINT('',(-90.6704933950545,108.715116783928,-0.0660459324152853));
#3054=CARTESIAN_POINT('',(-90.6704933950545,108.715116783928,1.93395406758471));
#3055=CARTESIAN_POINT('',(-129.670493395055,108.715116783928,-0.0660459324152853));
#3056=CARTESIAN_POINT('',(-129.670493395055,108.715116783928,1.93395406758471));
#3057=CARTESIAN_POINT('',(-90.6704933950545,110.215116783928,-0.0660459324152853));
#3058=CARTESIAN_POINT('',(-90.6704933950545,110.215116783928,1.50129956811796));
#3059=CARTESIAN_POINT('',(-129.670493395055,110.215116783928,-0.0660459324152853));
#3060=CARTESIAN_POINT('',(-129.670493395055,110.215116783928,1.50129956811796));
#3061=CARTESIAN_POINT('',(-129.670493395055,108.715116783928,-0.0660459324152853));
#3062=CARTESIAN_POINT('',(-90.6704933950545,108.715116783928,-0.0660459324152853));
#3063=CARTESIAN_POINT('',(-90.6704933950545,108.715116783928,-0.0660459324152853));
#3064=CARTESIAN_POINT('',(-90.6704933950545,110.215116783928,-0.0660459324152853));
#3065=CARTESIAN_POINT('',(-90.6704933950545,110.215116783928,-0.0660459324152853));
#3066=CARTESIAN_POINT('',(-129.670493395055,110.215116783928,-0.0660459324152853));
#3067=CARTESIAN_POINT('',(-129.670493395055,110.215116783928,-0.0660459324152853));
#3068=CARTESIAN_POINT('',(-129.670493395055,108.715116783928,-0.0660459324152853));
#3069=CARTESIAN_POINT('',(-129.670493395055,108.715116783928,1.93395406758471));
#3070=CARTESIAN_POINT('',(-90.6704933950545,108.715116783928,1.93395406758471));
#3071=CARTESIAN_POINT('',(-90.6704933950545,108.715116783928,1.93395406758471));
#3072=CARTESIAN_POINT('',(-90.6704933950545,109.782462284461,1.93395406758471));
#3073=CARTESIAN_POINT('',(-90.1704934531973,-105.717537715539,2.93395406758471));
#3074=CARTESIAN_POINT('',(-130.170493453197,-105.717537715539,2.93395406758471));
#3075=CARTESIAN_POINT('',(-90.1704934531973,-105.717537715539,2.93395406758471));
#3076=CARTESIAN_POINT('',(-90.1704934531973,-105.717537715539,3.93395406758471));
#3077=CARTESIAN_POINT('',(-90.1704934531973,-105.717537715539,3.93395406758471));
#3078=CARTESIAN_POINT('',(-130.170493453197,-105.717537715539,3.93395406758471));
#3079=CARTESIAN_POINT('',(-130.170493453197,-105.717537715539,2.93395406758471));
#3080=CARTESIAN_POINT('',(-130.170493453197,-105.717537715539,3.93395406758471));
#3081=CARTESIAN_POINT('',(-90.1704934531973,-105.717537715539,3.93395406758471));
#3082=CARTESIAN_POINT('',(-90.1704934531973,-103.205024058758,1.93395406758471));
#3083=CARTESIAN_POINT('',(-130.170493453197,-105.717537715539,3.93395406758471));
#3084=CARTESIAN_POINT('',(-130.170493453197,-103.205024058758,1.93395406758471));
#3085=CARTESIAN_POINT('',(-90.1704934531973,-104.717537715539,1.93395406758471));
#3086=CARTESIAN_POINT('',(-90.6704933950545,-104.717537715539,1.93395406758471));
#3087=CARTESIAN_POINT('',(-129.670493395055,-104.717537715539,1.93395406758471));
#3088=CARTESIAN_POINT('',(-130.170493453197,-104.717537715539,1.93395406758471));
#3089=CARTESIAN_POINT('',(-130.170493453197,-103.205024058758,1.93395406758471));
#3090=CARTESIAN_POINT('',(-90.1704934531973,-103.205024058758,1.93395406758471));
#3091=CARTESIAN_POINT('',(-90.1704934531973,-104.717537715539,1.93395406758471));
#3092=CARTESIAN_POINT('',(-90.1704934531973,-103.205024058758,1.93395406758471));
#3093=CARTESIAN_POINT('',(-130.170493453197,-104.717537715539,1.93395406758471));
#3094=CARTESIAN_POINT('',(-130.170493453197,-103.205024058758,1.93395406758471));
#3095=CARTESIAN_POINT('',(-90.6704933950546,-104.217537715539,1.43395406758473));
#3096=CARTESIAN_POINT('',(-90.6704933950545,-104.717537715539,1.93395406758471));
#3097=CARTESIAN_POINT('',(-129.670493395055,-104.217537715539,1.43395406758473));
#3098=CARTESIAN_POINT('',(-90.6704933950546,-104.217537715539,1.43395406758473));
#3099=CARTESIAN_POINT('',(-129.670493395055,-104.717537715539,1.93395406758471));
#3100=CARTESIAN_POINT('',(-129.670493395055,-104.217537715539,1.43395406758473));
#3101=CARTESIAN_POINT('',(-129.670493395055,-104.717537715539,1.93395406758471));
#3102=CARTESIAN_POINT('',(-129.670493395055,-105.717537715539,1.93395406758471));
#3103=CARTESIAN_POINT('',(-90.1704934531973,-104.717537715539,1.93395406758471));
#3104=CARTESIAN_POINT('',(-90.1704934531973,-105.717537715539,2.93395406758471));
#3105=CARTESIAN_POINT('',(-130.170493453197,-104.717537715539,1.93395406758471));
#3106=CARTESIAN_POINT('',(-130.170493453197,-105.717537715539,2.93395406758471));
#3107=CARTESIAN_POINT('',(-90.1704934531973,-101.717537715539,2.93395406758471));
#3108=CARTESIAN_POINT('',(-130.170493453197,-101.717537715539,2.93395406758471));
#3109=CARTESIAN_POINT('',(-90.1704934531973,-101.717537715539,2.93395406758471));
#3110=CARTESIAN_POINT('',(-90.1704934531973,-101.717537715539,3.93395406758471));
#3111=CARTESIAN_POINT('',(-90.1704934531973,-101.717537715539,3.93395406758471));
#3112=CARTESIAN_POINT('',(-130.170493453197,-101.717537715539,3.93395406758471));
#3113=CARTESIAN_POINT('',(-130.170493453197,-101.717537715539,2.93395406758471));
#3114=CARTESIAN_POINT('',(-130.170493453197,-101.717537715539,3.93395406758471));
#3115=CARTESIAN_POINT('',(-90.1704934531973,-101.717537715539,3.93395406758471));
#3116=CARTESIAN_POINT('',(-90.1704934531973,-99.205024058758,1.93395406758471));
#3117=CARTESIAN_POINT('',(-130.170493453197,-101.717537715539,3.93395406758471));
#3118=CARTESIAN_POINT('',(-130.170493453197,-99.2050240587581,1.93395406758471));
#3119=CARTESIAN_POINT('',(-90.1704934531973,-100.717537715539,1.93395406758471));
#3120=CARTESIAN_POINT('',(-90.6704933950545,-100.717537715539,1.93395406758471));
#3121=CARTESIAN_POINT('',(-129.670493395055,-100.717537715539,1.93395406758471));
#3122=CARTESIAN_POINT('',(-130.170493453197,-100.717537715539,1.93395406758471));
#3123=CARTESIAN_POINT('',(-130.170493453197,-99.2050240587581,1.93395406758471));
#3124=CARTESIAN_POINT('',(-90.1704934531973,-99.205024058758,1.93395406758471));
#3125=CARTESIAN_POINT('',(-90.1704934531973,-100.717537715539,1.93395406758471));
#3126=CARTESIAN_POINT('',(-90.1704934531973,-99.205024058758,1.93395406758471));
#3127=CARTESIAN_POINT('',(-130.170493453197,-100.717537715539,1.93395406758471));
#3128=CARTESIAN_POINT('',(-130.170493453197,-99.2050240587581,1.93395406758471));
#3129=CARTESIAN_POINT('',(-90.6704933950546,-100.220270701798,1.43668705384381));
#3130=CARTESIAN_POINT('',(-90.6704933950545,-100.717537715539,1.93395406758471));
#3131=CARTESIAN_POINT('',(-129.670493395055,-100.220270701798,1.4366870538438));
#3132=CARTESIAN_POINT('',(-90.6704933950546,-100.220270701798,1.43668705384381));
#3133=CARTESIAN_POINT('',(-129.670493395055,-100.717537715539,1.93395406758471));
#3134=CARTESIAN_POINT('',(-129.670493395055,-100.220270701798,1.4366870538438));
#3135=CARTESIAN_POINT('',(-129.670493395055,-100.717537715539,1.93395406758471));
#3136=CARTESIAN_POINT('',(-129.670493395055,-101.720270701798,1.93395406758471));
#3137=CARTESIAN_POINT('',(-90.1704934531973,-100.717537715539,1.93395406758471));
#3138=CARTESIAN_POINT('',(-90.1704934531973,-101.717537715539,2.93395406758471));
#3139=CARTESIAN_POINT('',(-130.170493453197,-100.717537715539,1.93395406758471));
#3140=CARTESIAN_POINT('',(-130.170493453197,-101.717537715539,2.93395406758471));
#3141=CARTESIAN_POINT('',(-90.1704934531973,-97.7175377155389,2.93395406758471));
#3142=CARTESIAN_POINT('',(-130.170493453197,-97.7175377155389,2.93395406758471));
#3143=CARTESIAN_POINT('',(-90.1704934531973,-97.7175377155389,2.93395406758471));
#3144=CARTESIAN_POINT('',(-90.1704934531973,-97.7175377155389,3.93395406758471));
#3145=CARTESIAN_POINT('',(-90.1704934531973,-97.7175377155389,3.93395406758471));
#3146=CARTESIAN_POINT('',(-130.170493453197,-97.7175377155389,3.93395406758471));
#3147=CARTESIAN_POINT('',(-130.170493453197,-97.7175377155389,2.93395406758471));
#3148=CARTESIAN_POINT('',(-130.170493453197,-97.7175377155389,3.93395406758471));
#3149=CARTESIAN_POINT('',(-90.1704934531973,-97.7175377155389,3.93395406758471));
#3150=CARTESIAN_POINT('',(-90.1704934531973,-95.205024058758,1.93395406758471));
#3151=CARTESIAN_POINT('',(-130.170493453197,-97.7175377155389,3.93395406758471));
#3152=CARTESIAN_POINT('',(-130.170493453197,-95.2050240587581,1.93395406758471));
#3153=CARTESIAN_POINT('',(-90.1704934531973,-96.7175377155389,1.93395406758471));
#3154=CARTESIAN_POINT('',(-90.6704933950546,-96.7175377155389,1.93395406758471));
#3155=CARTESIAN_POINT('',(-129.670493395055,-96.7175377155389,1.93395406758471));
#3156=CARTESIAN_POINT('',(-130.170493453197,-96.7175377155389,1.93395406758471));
#3157=CARTESIAN_POINT('',(-130.170493453197,-95.2050240587581,1.93395406758471));
#3158=CARTESIAN_POINT('',(-90.1704934531973,-95.205024058758,1.93395406758471));
#3159=CARTESIAN_POINT('',(-90.1704934531973,-96.7175377155389,1.93395406758471));
#3160=CARTESIAN_POINT('',(-90.1704934531973,-95.205024058758,1.93395406758471));
#3161=CARTESIAN_POINT('',(-130.170493453197,-96.7175377155389,1.93395406758471));
#3162=CARTESIAN_POINT('',(-130.170493453197,-95.2050240587581,1.93395406758471));
#3163=CARTESIAN_POINT('',(-90.6704933950546,-96.2204151989662,1.43683155101201));
#3164=CARTESIAN_POINT('',(-90.6704933950546,-96.7175377155389,1.93395406758471));
#3165=CARTESIAN_POINT('',(-129.670493395055,-96.2204151989662,1.43683155101201));
#3166=CARTESIAN_POINT('',(-90.6704933950546,-96.2204151989662,1.43683155101201));
#3167=CARTESIAN_POINT('',(-129.670493395055,-96.7175377155389,1.93395406758471));
#3168=CARTESIAN_POINT('',(-129.670493395055,-96.2204151989662,1.43683155101201));
#3169=CARTESIAN_POINT('',(-129.670493395055,-96.7175377155389,1.93395406758471));
#3170=CARTESIAN_POINT('',(-129.670493395055,-97.7204151989662,1.93395406758471));
#3171=CARTESIAN_POINT('',(-90.1704934531973,-96.7175377155389,1.93395406758471));
#3172=CARTESIAN_POINT('',(-90.1704934531973,-97.7175377155389,2.93395406758471));
#3173=CARTESIAN_POINT('',(-130.170493453197,-96.7175377155389,1.93395406758471));
#3174=CARTESIAN_POINT('',(-130.170493453197,-97.7175377155389,2.93395406758471));
#3175=CARTESIAN_POINT('',(-90.1704934531973,-93.7175377155389,2.93395406758471));
#3176=CARTESIAN_POINT('',(-130.170493453197,-93.7175377155389,2.93395406758471));
#3177=CARTESIAN_POINT('',(-90.1704934531973,-93.7175377155389,2.93395406758471));
#3178=CARTESIAN_POINT('',(-90.1704934531973,-93.7175377155389,3.93395406758471));
#3179=CARTESIAN_POINT('',(-90.1704934531973,-93.7175377155389,3.93395406758471));
#3180=CARTESIAN_POINT('',(-130.170493453197,-93.7175377155389,3.93395406758471));
#3181=CARTESIAN_POINT('',(-130.170493453197,-93.7175377155389,2.93395406758471));
#3182=CARTESIAN_POINT('',(-130.170493453197,-93.7175377155389,3.93395406758471));
#3183=CARTESIAN_POINT('',(-90.1704934531973,-93.7175377155389,3.93395406758471));
#3184=CARTESIAN_POINT('',(-90.1704934531973,-91.2050240587581,1.93395406758471));
#3185=CARTESIAN_POINT('',(-130.170493453197,-93.7175377155389,3.93395406758471));
#3186=CARTESIAN_POINT('',(-130.170493453197,-91.2050240587581,1.93395406758471));
#3187=CARTESIAN_POINT('',(-90.1704934531973,-92.7175377155389,1.93395406758471));
#3188=CARTESIAN_POINT('',(-90.6704933950545,-92.7175377155389,1.93395406758471));
#3189=CARTESIAN_POINT('',(-129.670493395055,-92.7175377155389,1.93395406758471));
#3190=CARTESIAN_POINT('',(-130.170493453197,-92.7175377155389,1.93395406758471));
#3191=CARTESIAN_POINT('',(-130.170493453197,-91.2050240587581,1.93395406758471));
#3192=CARTESIAN_POINT('',(-90.1704934531973,-91.2050240587581,1.93395406758471));
#3193=CARTESIAN_POINT('',(-90.1704934531973,-92.7175377155389,1.93395406758471));
#3194=CARTESIAN_POINT('',(-90.1704934531973,-91.2050240587581,1.93395406758471));
#3195=CARTESIAN_POINT('',(-130.170493453197,-92.7175377155389,1.93395406758471));
#3196=CARTESIAN_POINT('',(-130.170493453197,-91.2050240587581,1.93395406758471));
#3197=CARTESIAN_POINT('',(-90.6704933950545,-92.219610655152,1.43602700719786));
#3198=CARTESIAN_POINT('',(-90.6704933950545,-92.7175377155389,1.93395406758471));
#3199=CARTESIAN_POINT('',(-129.670493395055,-92.219610655152,1.43602700719786));
#3200=CARTESIAN_POINT('',(-90.6704933950545,-92.219610655152,1.43602700719786));
#3201=CARTESIAN_POINT('',(-129.670493395055,-92.7175377155389,1.93395406758471));
#3202=CARTESIAN_POINT('',(-129.670493395055,-92.219610655152,1.43602700719786));
#3203=CARTESIAN_POINT('',(-129.670493395055,-92.7175377155389,1.93395406758471));
#3204=CARTESIAN_POINT('',(-129.670493395055,-93.719610655152,1.93395406758471));
#3205=CARTESIAN_POINT('',(-90.1704934531973,-92.7175377155389,1.93395406758471));
#3206=CARTESIAN_POINT('',(-90.1704934531973,-93.7175377155389,2.93395406758471));
#3207=CARTESIAN_POINT('',(-130.170493453197,-92.7175377155389,1.93395406758471));
#3208=CARTESIAN_POINT('',(-130.170493453197,-93.7175377155389,2.93395406758471));
#3209=CARTESIAN_POINT('',(-90.1704934531973,-89.7175377155389,2.93395406758471));
#3210=CARTESIAN_POINT('',(-130.170493453197,-89.7175377155389,2.93395406758471));
#3211=CARTESIAN_POINT('',(-90.1704934531973,-89.7175377155389,2.93395406758471));
#3212=CARTESIAN_POINT('',(-90.1704934531973,-89.7175377155389,3.93395406758471));
#3213=CARTESIAN_POINT('',(-90.1704934531973,-89.7175377155389,3.93395406758471));
#3214=CARTESIAN_POINT('',(-130.170493453197,-89.7175377155389,3.93395406758471));
#3215=CARTESIAN_POINT('',(-130.170493453197,-89.7175377155389,2.93395406758471));
#3216=CARTESIAN_POINT('',(-130.170493453197,-89.7175377155389,3.93395406758471));
#3217=CARTESIAN_POINT('',(-90.1704934531973,-89.7175377155389,3.93395406758471));
#3218=CARTESIAN_POINT('',(-90.1704934531973,-87.2050240587581,1.93395406758471));
#3219=CARTESIAN_POINT('',(-130.170493453197,-89.7175377155389,3.93395406758471));
#3220=CARTESIAN_POINT('',(-130.170493453197,-87.2050240587581,1.93395406758471));
#3221=CARTESIAN_POINT('',(-90.1704934531973,-88.7175377155389,1.93395406758471));
#3222=CARTESIAN_POINT('',(-90.6704933950545,-88.7175377155389,1.93395406758471));
#3223=CARTESIAN_POINT('',(-129.670493395055,-88.7175377155389,1.93395406758471));
#3224=CARTESIAN_POINT('',(-130.170493453197,-88.7175377155389,1.93395406758471));
#3225=CARTESIAN_POINT('',(-130.170493453197,-87.2050240587581,1.93395406758471));
#3226=CARTESIAN_POINT('',(-90.1704934531973,-87.2050240587581,1.93395406758471));
#3227=CARTESIAN_POINT('',(-90.1704934531973,-88.7175377155389,1.93395406758471));
#3228=CARTESIAN_POINT('',(-90.1704934531973,-87.2050240587581,1.93395406758471));
#3229=CARTESIAN_POINT('',(-130.170493453197,-88.7175377155389,1.93395406758471));
#3230=CARTESIAN_POINT('',(-130.170493453197,-87.2050240587581,1.93395406758471));
#3231=CARTESIAN_POINT('',(-90.6704933950545,-88.2346183693101,1.45103472135589));
#3232=CARTESIAN_POINT('',(-90.6704933950545,-88.7175377155389,1.93395406758471));
#3233=CARTESIAN_POINT('',(-129.670493395055,-88.2346183693101,1.45103472135588));
#3234=CARTESIAN_POINT('',(-90.6704933950545,-88.2346183693101,1.45103472135589));
#3235=CARTESIAN_POINT('',(-129.670493395055,-88.7175377155389,1.93395406758471));
#3236=CARTESIAN_POINT('',(-129.670493395055,-88.2346183693101,1.45103472135588));
#3237=CARTESIAN_POINT('',(-129.670493395055,-88.7175377155389,1.93395406758471));
#3238=CARTESIAN_POINT('',(-129.670493395055,-89.7346183693101,1.93395406758471));
#3239=CARTESIAN_POINT('',(-90.1704934531973,-88.7175377155389,1.93395406758471));
#3240=CARTESIAN_POINT('',(-90.1704934531973,-89.7175377155389,2.93395406758471));
#3241=CARTESIAN_POINT('',(-130.170493453197,-88.7175377155389,1.93395406758471));
#3242=CARTESIAN_POINT('',(-130.170493453197,-89.7175377155389,2.93395406758471));
#3243=CARTESIAN_POINT('',(-90.1704934531973,96.7824622844611,2.93395406758471));
#3244=CARTESIAN_POINT('',(-130.170493453197,96.7824622844611,2.93395406758471));
#3245=CARTESIAN_POINT('',(-90.1704934531973,96.7824622844611,2.93395406758471));
#3246=CARTESIAN_POINT('',(-90.1704934531973,96.7824622844611,3.93395406758471));
#3247=CARTESIAN_POINT('',(-90.1704934531973,96.7824622844611,3.93395406758471));
#3248=CARTESIAN_POINT('',(-130.170493453197,96.7824622844611,3.93395406758471));
#3249=CARTESIAN_POINT('',(-130.170493453197,96.7824622844611,2.93395406758471));
#3250=CARTESIAN_POINT('',(-130.170493453197,96.7824622844611,3.93395406758471));
#3251=CARTESIAN_POINT('',(-90.1704934531973,96.7824622844611,3.93395406758471));
#3252=CARTESIAN_POINT('',(-90.1704934531973,99.294975941242,1.93395406758471));
#3253=CARTESIAN_POINT('',(-130.170493453197,96.7824622844611,3.93395406758471));
#3254=CARTESIAN_POINT('',(-130.170493453197,99.294975941242,1.93395406758471));
#3255=CARTESIAN_POINT('',(-90.1704934531973,97.7824622844611,1.93395406758471));
#3256=CARTESIAN_POINT('',(-90.6704933950546,97.7824622844611,1.93395406758471));
#3257=CARTESIAN_POINT('',(-129.670493395055,97.7824622844611,1.93395406758471));
#3258=CARTESIAN_POINT('',(-130.170493453197,97.7824622844611,1.93395406758471));
#3259=CARTESIAN_POINT('',(-130.170493453197,99.294975941242,1.93395406758471));
#3260=CARTESIAN_POINT('',(-90.1704934531973,99.294975941242,1.93395406758471));
#3261=CARTESIAN_POINT('',(-90.1704934531973,97.7824622844611,1.93395406758471));
#3262=CARTESIAN_POINT('',(-90.1704934531973,99.294975941242,1.93395406758471));
#3263=CARTESIAN_POINT('',(-130.170493453197,97.7824622844611,1.93395406758471));
#3264=CARTESIAN_POINT('',(-130.170493453197,99.294975941242,1.93395406758471));
#3265=CARTESIAN_POINT('',(-90.6704933950546,98.22946445144,1.48695190060588));
#3266=CARTESIAN_POINT('',(-90.6704933950546,97.7824622844611,1.93395406758471));
#3267=CARTESIAN_POINT('',(-129.670493395055,98.22946445144,1.48695190060587));
#3268=CARTESIAN_POINT('',(-90.6704933950546,98.22946445144,1.48695190060588));
#3269=CARTESIAN_POINT('',(-129.670493395055,97.7824622844611,1.93395406758471));
#3270=CARTESIAN_POINT('',(-129.670493395055,98.22946445144,1.48695190060587));
#3271=CARTESIAN_POINT('',(-129.670493395055,97.7824622844611,1.93395406758471));
#3272=CARTESIAN_POINT('',(-129.670493395055,96.72946445144,1.93395406758471));
#3273=CARTESIAN_POINT('',(-90.1704934531973,97.7824622844611,1.93395406758471));
#3274=CARTESIAN_POINT('',(-90.1704934531973,96.7824622844611,2.93395406758471));
#3275=CARTESIAN_POINT('',(-130.170493453197,97.7824622844611,1.93395406758471));
#3276=CARTESIAN_POINT('',(-130.170493453197,96.7824622844611,2.93395406758471));
#3277=CARTESIAN_POINT('',(-90.1704934531973,104.782462284461,2.93395406758471));
#3278=CARTESIAN_POINT('',(-130.170493453197,104.782462284461,2.93395406758471));
#3279=CARTESIAN_POINT('',(-90.1704934531973,104.782462284461,2.93395406758471));
#3280=CARTESIAN_POINT('',(-90.1704934531973,104.782462284461,3.93395406758471));
#3281=CARTESIAN_POINT('',(-90.1704934531973,104.782462284461,3.93395406758471));
#3282=CARTESIAN_POINT('',(-130.170493453197,104.782462284461,3.93395406758471));
#3283=CARTESIAN_POINT('',(-130.170493453197,104.782462284461,2.93395406758471));
#3284=CARTESIAN_POINT('',(-130.170493453197,104.782462284461,3.93395406758471));
#3285=CARTESIAN_POINT('',(-90.1704934531973,104.782462284461,3.93395406758471));
#3286=CARTESIAN_POINT('',(-90.1704934531973,107.294975941242,1.93395406758471));
#3287=CARTESIAN_POINT('',(-130.170493453197,104.782462284461,3.93395406758471));
#3288=CARTESIAN_POINT('',(-130.170493453197,107.294975941242,1.93395406758471));
#3289=CARTESIAN_POINT('',(-90.1704934531973,105.782462284461,1.93395406758471));
#3290=CARTESIAN_POINT('',(-90.6704933950545,105.782462284461,1.93395406758471));
#3291=CARTESIAN_POINT('',(-129.670493395055,105.782462284461,1.93395406758471));
#3292=CARTESIAN_POINT('',(-130.170493453197,105.782462284461,1.93395406758471));
#3293=CARTESIAN_POINT('',(-130.170493453197,107.294975941242,1.93395406758471));
#3294=CARTESIAN_POINT('',(-90.1704934531973,107.294975941242,1.93395406758471));
#3295=CARTESIAN_POINT('',(-90.1704934531973,105.782462284461,1.93395406758471));
#3296=CARTESIAN_POINT('',(-90.1704934531973,107.294975941242,1.93395406758471));
#3297=CARTESIAN_POINT('',(-130.170493453197,105.782462284461,1.93395406758471));
#3298=CARTESIAN_POINT('',(-130.170493453197,107.294975941242,1.93395406758471));
#3299=CARTESIAN_POINT('',(-90.6704933950545,106.230124498086,1.48629185395993));
#3300=CARTESIAN_POINT('',(-90.6704933950545,105.782462284461,1.93395406758471));
#3301=CARTESIAN_POINT('',(-129.670493395055,106.230124498086,1.48629185395993));
#3302=CARTESIAN_POINT('',(-90.6704933950545,106.230124498086,1.48629185395993));
#3303=CARTESIAN_POINT('',(-129.670493395055,105.782462284461,1.93395406758471));
#3304=CARTESIAN_POINT('',(-129.670493395055,106.230124498086,1.48629185395993));
#3305=CARTESIAN_POINT('',(-129.670493395055,105.782462284461,1.93395406758471));
#3306=CARTESIAN_POINT('',(-129.670493395055,104.730124498086,1.93395406758471));
#3307=CARTESIAN_POINT('',(-90.1704934531973,105.782462284461,1.93395406758471));
#3308=CARTESIAN_POINT('',(-90.1704934531973,104.782462284461,2.93395406758471));
#3309=CARTESIAN_POINT('',(-130.170493453197,105.782462284461,1.93395406758471));
#3310=CARTESIAN_POINT('',(-130.170493453197,104.782462284461,2.93395406758471));
#3311=CARTESIAN_POINT('',(-90.1704934531973,108.782462284461,2.93395406758471));
#3312=CARTESIAN_POINT('',(-130.170493453197,108.782462284461,2.93395406758471));
#3313=CARTESIAN_POINT('',(-90.1704934531973,108.782462284461,2.93395406758471));
#3314=CARTESIAN_POINT('',(-90.1704934531973,108.782462284461,3.93395406758471));
#3315=CARTESIAN_POINT('',(-90.1704934531973,108.782462284461,3.93395406758471));
#3316=CARTESIAN_POINT('',(-130.170493453197,108.782462284461,3.93395406758471));
#3317=CARTESIAN_POINT('',(-130.170493453197,108.782462284461,2.93395406758471));
#3318=CARTESIAN_POINT('',(-130.170493453197,108.782462284461,3.93395406758471));
#3319=CARTESIAN_POINT('',(-90.1704934531973,108.782462284461,3.93395406758471));
#3320=CARTESIAN_POINT('',(-90.1704934531973,111.294975941242,1.93395406758471));
#3321=CARTESIAN_POINT('',(-130.170493453197,108.782462284461,3.93395406758471));
#3322=CARTESIAN_POINT('',(-130.170493453197,111.294975941242,1.93395406758471));
#3323=CARTESIAN_POINT('',(-90.1704934531973,109.782462284461,1.93395406758471));
#3324=CARTESIAN_POINT('',(-90.6704933950545,109.782462284461,1.93395406758471));
#3325=CARTESIAN_POINT('',(-129.670493395055,109.782462284461,1.93395406758471));
#3326=CARTESIAN_POINT('',(-130.170493453197,109.782462284461,1.93395406758471));
#3327=CARTESIAN_POINT('',(-130.170493453197,111.294975941242,1.93395406758471));
#3328=CARTESIAN_POINT('',(-90.1704934531973,111.294975941242,1.93395406758471));
#3329=CARTESIAN_POINT('',(-90.1704934531973,109.782462284461,1.93395406758471));
#3330=CARTESIAN_POINT('',(-90.1704934531973,111.294975941242,1.93395406758471));
#3331=CARTESIAN_POINT('',(-130.170493453197,109.782462284461,1.93395406758471));
#3332=CARTESIAN_POINT('',(-130.170493453197,111.294975941242,1.93395406758471));
#3333=CARTESIAN_POINT('',(-90.6704933950545,110.215116783928,1.50129956811796));
#3334=CARTESIAN_POINT('',(-90.6704933950545,109.782462284461,1.93395406758471));
#3335=CARTESIAN_POINT('',(-129.670493395055,110.215116783928,1.50129956811796));
#3336=CARTESIAN_POINT('',(-90.6704933950545,110.215116783928,1.50129956811796));
#3337=CARTESIAN_POINT('',(-129.670493395055,109.782462284461,1.93395406758471));
#3338=CARTESIAN_POINT('',(-129.670493395055,110.215116783928,1.50129956811796));
#3339=CARTESIAN_POINT('',(-129.670493395055,109.782462284461,1.93395406758471));
#3340=CARTESIAN_POINT('',(-129.670493395055,108.715116783928,1.93395406758471));
#3341=CARTESIAN_POINT('',(-90.1704934531973,109.782462284461,1.93395406758471));
#3342=CARTESIAN_POINT('',(-90.1704934531973,108.782462284461,2.93395406758471));
#3343=CARTESIAN_POINT('',(-130.170493453197,109.782462284461,1.93395406758471));
#3344=CARTESIAN_POINT('',(-130.170493453197,108.782462284461,2.93395406758471));
#3345=CARTESIAN_POINT('',(-130.170493453197,101.782462284461,1.93395406758471));
#3346=CARTESIAN_POINT('',(-129.670493395055,101.782462284461,1.93395406758471));
#3347=CARTESIAN_POINT('',(-90.6704933950545,101.782462284461,1.93395406758471));
#3348=CARTESIAN_POINT('',(-90.1704934531973,101.782462284461,1.93395406758471));
#3349=CARTESIAN_POINT('',(-90.6704933950545,101.782462284461,1.93395406758471));
#3350=CARTESIAN_POINT('',(-90.6704933950545,102.229319954272,1.48709639777409));
#3351=CARTESIAN_POINT('',(-90.6704933950545,102.229319954272,1.48709639777409));
#3352=CARTESIAN_POINT('',(-129.670493395055,102.229319954272,1.48709639777408));
#3353=CARTESIAN_POINT('',(-129.670493395055,102.229319954272,1.48709639777408));
#3354=CARTESIAN_POINT('',(-129.670493395055,101.782462284461,1.93395406758471));
#3355=CARTESIAN_POINT('',(-90.1704934531973,103.294975941242,1.93395406758471));
#3356=CARTESIAN_POINT('',(-130.170493453197,103.294975941242,1.93395406758471));
#3357=CARTESIAN_POINT('',(-90.1704934531973,103.294975941242,1.93395406758471));
#3358=CARTESIAN_POINT('',(-90.1704934531973,101.782462284461,1.93395406758471));
#3359=CARTESIAN_POINT('',(-130.170493453197,103.294975941242,1.93395406758471));
#3360=CARTESIAN_POINT('',(-130.170493453197,101.782462284461,1.93395406758471));
#3361=CARTESIAN_POINT('',(-90.1704934531973,101.782462284461,1.93395406758471));
#3362=CARTESIAN_POINT('',(-90.1704934531973,100.782462284461,2.93395406758471));
#3363=CARTESIAN_POINT('',(-130.170493453197,101.782462284461,1.93395406758471));
#3364=CARTESIAN_POINT('',(-130.170493453197,100.782462284461,2.93395406758471));
#3365=CARTESIAN_POINT('',(-129.670493395055,101.782462284461,1.93395406758471));
#3366=CARTESIAN_POINT('',(-129.670493395055,100.729319954272,1.93395406758471));
#3367=CARTESIAN_POINT('',(-130.170493453197,93.7824622844611,1.93395406758471));
#3368=CARTESIAN_POINT('',(-129.670493395055,93.7824622844611,1.93395406758471));
#3369=CARTESIAN_POINT('',(-90.6704933950545,93.7824622844611,1.93395406758471));
#3370=CARTESIAN_POINT('',(-90.1704934531973,93.7824622844611,1.93395406758471));
#3371=CARTESIAN_POINT('',(-90.6704933950545,93.7824622844611,1.93395406758471));
#3372=CARTESIAN_POINT('',(-90.6704933950545,94.232197437699,1.4842189143468));
#3373=CARTESIAN_POINT('',(-90.6704933950545,94.232197437699,1.4842189143468));
#3374=CARTESIAN_POINT('',(-129.670493395055,94.232197437699,1.4842189143468));
#3375=CARTESIAN_POINT('',(-129.670493395055,94.232197437699,1.4842189143468));
#3376=CARTESIAN_POINT('',(-129.670493395055,93.7824622844611,1.93395406758471));
#3377=CARTESIAN_POINT('',(-90.1704934531973,95.2949759412419,1.93395406758471));
#3378=CARTESIAN_POINT('',(-130.170493453197,95.2949759412419,1.93395406758471));
#3379=CARTESIAN_POINT('',(-90.1704934531973,95.2949759412419,1.93395406758471));
#3380=CARTESIAN_POINT('',(-90.1704934531973,93.7824622844611,1.93395406758471));
#3381=CARTESIAN_POINT('',(-130.170493453197,95.2949759412419,1.93395406758471));
#3382=CARTESIAN_POINT('',(-130.170493453197,93.7824622844611,1.93395406758471));
#3383=CARTESIAN_POINT('',(-90.1704934531973,93.7824622844611,1.93395406758471));
#3384=CARTESIAN_POINT('',(-90.1704934531973,92.7824622844611,2.93395406758471));
#3385=CARTESIAN_POINT('',(-130.170493453197,93.7824622844611,1.93395406758471));
#3386=CARTESIAN_POINT('',(-130.170493453197,92.7824622844611,2.93395406758471));
#3387=CARTESIAN_POINT('',(-129.670493395055,93.7824622844611,1.93395406758471));
#3388=CARTESIAN_POINT('',(-129.670493395055,92.732197437699,1.93395406758471));
#3389=CARTESIAN_POINT('',(-134.170493453197,15.0000034200626,1.93395406758471));
#3390=CARTESIAN_POINT('',(-134.170493453197,15.0000034200626,11.9339540675847));
#3391=CARTESIAN_POINT('',(-134.170493453197,3.42006260467542E-6,11.9339540675847));
#3392=CARTESIAN_POINT('',(-134.170493453197,-14.9999965799374,11.9339540675847));
#3393=CARTESIAN_POINT('',(-134.170493453197,-14.9999965799374,1.93395406758471));
#3394=CARTESIAN_POINT('',(-132.670493453197,15.0000034200626,1.93395406758471));
#3395=CARTESIAN_POINT('',(-132.670493453197,15.0000034200626,11.9339540675847));
#3396=CARTESIAN_POINT('',(-132.670493453197,3.42006260467542E-6,11.9339540675847));
#3397=CARTESIAN_POINT('',(-132.670493453197,-14.9999965799374,11.9339540675847));
#3398=CARTESIAN_POINT('',(-132.670493453197,-14.9999965799374,1.93395406758471));
#3399=CARTESIAN_POINT('',(-134.170493453197,13.5000034200626,1.93395406758471));
#3400=CARTESIAN_POINT('',(-134.170493453197,13.5000034200626,2.16714751637809));
#3401=CARTESIAN_POINT('',(-134.170493453197,13.4675325534707,2.64590221316769));
#3402=CARTESIAN_POINT('',(-134.170493453197,13.3164624307369,3.37324115597697));
#3403=CARTESIAN_POINT('',(-134.170493453197,13.0511293241903,4.11997321804762));
#3404=CARTESIAN_POINT('',(-134.170493453197,12.6611315472457,4.87908972722029));
#3405=CARTESIAN_POINT('',(-134.170493453197,12.1383131032714,5.63922963204918));
#3406=CARTESIAN_POINT('',(-134.170493453197,11.4798464597651,6.38759977648873));
#3407=CARTESIAN_POINT('',(-134.170493453197,10.6865549077638,7.10741132688053));
#3408=CARTESIAN_POINT('',(-134.170493453197,9.76721058944155,7.7844452361472));
#3409=CARTESIAN_POINT('',(-134.170493453197,8.73358083418024,8.40217071425541));
#3410=CARTESIAN_POINT('',(-134.170493453197,7.60422946396911,8.94997999130917));
#3411=CARTESIAN_POINT('',(-134.170493453197,6.39882787663082,9.41650436111271));
#3412=CARTESIAN_POINT('',(-134.170493453197,5.14064290668358,9.79734634744558));
#3413=CARTESIAN_POINT('',(-134.170493453197,3.85191468503425,10.0883392432716));
#3414=CARTESIAN_POINT('',(-134.170493453197,2.14039014498361,10.3559670336571));
#3415=CARTESIAN_POINT('',(-134.170493453197,-1.96237667040577E-5,10.4852903087779));
#3416=CARTESIAN_POINT('',(-134.170493453197,-2.14033664198729,10.3559233044057));
#3417=CARTESIAN_POINT('',(-134.170493453197,-3.85195434668066,10.088407154326));
#3418=CARTESIAN_POINT('',(-134.170493453197,-5.14060108616361,9.79730044742922));
#3419=CARTESIAN_POINT('',(-134.170493453197,-6.39885543712565,9.41654325536161));
#3420=CARTESIAN_POINT('',(-134.170493453197,-7.60419031876539,8.94994875103179));
#3421=CARTESIAN_POINT('',(-134.170493453197,-8.73360182182976,8.40219050979892));
#3422=CARTESIAN_POINT('',(-134.170493453197,-9.76716947327549,7.78442928259148));
#3423=CARTESIAN_POINT('',(-134.170493453197,-10.6865785530853,7.10742480930869));
#3424=CARTESIAN_POINT('',(-134.170493453197,-11.4798252307874,6.38759374853243));
#3425=CARTESIAN_POINT('',(-134.170493453197,-12.1383103408943,5.63923072371989));
#3426=CARTESIAN_POINT('',(-134.170493453197,-12.661125110697,4.87908942605026));
#3427=CARTESIAN_POINT('',(-134.170493453197,-13.0511179735456,4.11997333965231));
#3428=CARTESIAN_POINT('',(-134.170493453197,-13.3164662291452,3.37324110355304));
#3429=CARTESIAN_POINT('',(-134.170493453197,-13.467513584845,2.64590215976524));
#3430=CARTESIAN_POINT('',(-134.170493453197,-13.5000078394223,2.16714691960789));
#3431=CARTESIAN_POINT('',(-134.170493453197,-13.5000093375929,1.93395440803655));
#3432=CARTESIAN_POINT('',(-134.170493453197,-13.500009337595,1.93395406758471));
#3433=CARTESIAN_POINT('',(-132.670493453197,13.5000034200626,1.93395406758471));
#3434=CARTESIAN_POINT('',(-132.670493453197,13.5000034200626,2.16714751637809));
#3435=CARTESIAN_POINT('',(-132.670493453197,13.4675325534707,2.64590221316769));
#3436=CARTESIAN_POINT('',(-132.670493453197,13.3164624307369,3.37324115597697));
#3437=CARTESIAN_POINT('',(-132.670493453197,13.0511293241903,4.11997321804762));
#3438=CARTESIAN_POINT('',(-132.670493453197,12.6611315472457,4.87908972722029));
#3439=CARTESIAN_POINT('',(-132.670493453197,12.1383131032714,5.63922963204918));
#3440=CARTESIAN_POINT('',(-132.670493453197,11.4798464597651,6.38759977648873));
#3441=CARTESIAN_POINT('',(-132.670493453197,10.6865549077638,7.10741132688053));
#3442=CARTESIAN_POINT('',(-132.670493453197,9.76721058944155,7.7844452361472));
#3443=CARTESIAN_POINT('',(-132.670493453197,8.73358083418024,8.40217071425541));
#3444=CARTESIAN_POINT('',(-132.670493453197,7.60422946396911,8.94997999130917));
#3445=CARTESIAN_POINT('',(-132.670493453197,6.39882787663082,9.41650436111271));
#3446=CARTESIAN_POINT('',(-132.670493453197,5.14064290668358,9.79734634744558));
#3447=CARTESIAN_POINT('',(-132.670493453197,3.85191468503425,10.0883392432716));
#3448=CARTESIAN_POINT('',(-132.670493453197,2.14039014498361,10.3559670336571));
#3449=CARTESIAN_POINT('',(-132.670493453197,-1.96237667040577E-5,10.4852903087779));
#3450=CARTESIAN_POINT('',(-132.670493453197,-2.14033664198729,10.3559233044057));
#3451=CARTESIAN_POINT('',(-132.670493453197,-3.85195434668066,10.088407154326));
#3452=CARTESIAN_POINT('',(-132.670493453197,-5.14060108616361,9.79730044742922));
#3453=CARTESIAN_POINT('',(-132.670493453197,-6.39885543712565,9.41654325536161));
#3454=CARTESIAN_POINT('',(-132.670493453197,-7.60419031876539,8.94994875103179));
#3455=CARTESIAN_POINT('',(-132.670493453197,-8.73360182182976,8.40219050979892));
#3456=CARTESIAN_POINT('',(-132.670493453197,-9.76716947327549,7.78442928259148));
#3457=CARTESIAN_POINT('',(-132.670493453197,-10.6865785530853,7.10742480930869));
#3458=CARTESIAN_POINT('',(-132.670493453197,-11.4798252307874,6.38759374853243));
#3459=CARTESIAN_POINT('',(-132.670493453197,-12.1383103408943,5.63923072371989));
#3460=CARTESIAN_POINT('',(-132.670493453197,-12.661125110697,4.87908942605026));
#3461=CARTESIAN_POINT('',(-132.670493453197,-13.0511179735456,4.11997333965231));
#3462=CARTESIAN_POINT('',(-132.670493453197,-13.3164662291452,3.37324110355304));
#3463=CARTESIAN_POINT('',(-132.670493453197,-13.467513584845,2.64590215976524));
#3464=CARTESIAN_POINT('',(-132.670493453197,-13.5000078394223,2.16714691960789));
#3465=CARTESIAN_POINT('',(-132.670493453197,-13.5000093375929,1.93395440803655));
#3466=CARTESIAN_POINT('',(-132.670493453197,-13.500009337595,1.93395406758471));
#3467=CARTESIAN_POINT('',(-134.170493453197,15.0000034200626,1.93395406758471));
#3468=CARTESIAN_POINT('',(-132.670493453197,15.0000034200626,1.93395406758471));
#3469=CARTESIAN_POINT('',(-134.170493453197,-14.9999965799374,1.93395406758471));
#3470=CARTESIAN_POINT('',(-132.670493453197,-14.9999965799374,1.93395406758471));
#3471=CARTESIAN_POINT('',(-134.170493453197,-14.9999965799374,1.93395406758471));
#3472=CARTESIAN_POINT('',(-134.170493453197,-13.500009337595,1.93395406758471));
#3473=CARTESIAN_POINT('',(-132.670493453197,-14.9999965799374,1.93395406758471));
#3474=CARTESIAN_POINT('',(-132.670493453197,-13.500009337595,1.93395406758471));
#3475=CARTESIAN_POINT('',(-132.670493453197,-13.500009337595,1.93395406758471));
#3476=CARTESIAN_POINT('',(-134.170493453197,-13.500009337595,1.93395406758471));
#3477=CARTESIAN_POINT('',(-134.170493453197,13.5000034200626,1.93395406758471));
#3478=CARTESIAN_POINT('',(-134.170493453197,15.0000034200626,1.93395406758471));
#3479=CARTESIAN_POINT('',(-132.670493453197,13.5000034200626,1.93395406758471));
#3480=CARTESIAN_POINT('',(-132.670493453197,15.0000034200626,1.93395406758471));
#3481=CARTESIAN_POINT('',(-134.170493453197,13.5000034200626,1.93395406758471));
#3482=CARTESIAN_POINT('',(-132.670493453197,13.5000034200626,1.93395406758471));
#3483=CARTESIAN_POINT('',(-81.6700097150642,140.000793396593,0.933601882646665));
#3484=CARTESIAN_POINT('',(-81.0700097150642,140.000793396593,0.933601882646663));
#3485=CARTESIAN_POINT('',(-82.2700097150642,140.000793396593,0.933601882646663));
#3486=CARTESIAN_POINT('',(-81.0700097150642,140.000793396593,0.933601882646663));
#3487=CARTESIAN_POINT('',(-81.0700097150642,135.000793396593,0.933601882646663));
#3488=CARTESIAN_POINT('',(-81.6700097150642,135.000793396593,0.933601882646665));
#3489=CARTESIAN_POINT('',(-81.0700097150642,135.000793396593,0.933601882646663));
#3490=CARTESIAN_POINT('',(-82.2700097150642,135.000793396593,0.933601882646663));
#3491=CARTESIAN_POINT('',(-81.6700097150642,-135.003600019581,0.933601882646665));
#3492=CARTESIAN_POINT('',(-81.0700097150642,-135.003600019581,0.933601882646663));
#3493=CARTESIAN_POINT('',(-82.2700097150642,-135.003600019581,0.933601882646663));
#3494=CARTESIAN_POINT('',(-81.0700097150642,-135.003600019581,0.933601882646663));
#3495=CARTESIAN_POINT('',(-81.0700097150642,-140.,0.933601882646663));
#3496=CARTESIAN_POINT('',(-81.6700097150642,-140.,0.933601882646661));
#3497=CARTESIAN_POINT('',(-81.0700097150642,-140.,0.933601882646663));
#3498=CARTESIAN_POINT('',(-82.2700097150642,-140.,0.933601882646663));
#3499=CARTESIAN_POINT('',(-82.2700097150642,140.000793396593,0.933601882646663));
#3500=CARTESIAN_POINT('',(-82.2700097150642,135.000793396593,0.933601882646663));
#3501=CARTESIAN_POINT('',(-81.6700097150642,140.000793396593,0.933601882646672));
#3502=CARTESIAN_POINT('',(-82.2700097150642,140.000793396593,0.933601882646663));
#3503=CARTESIAN_POINT('',(-81.0700097150642,140.000793396593,0.933601882646663));
#3504=CARTESIAN_POINT('',(-81.6700097150642,135.000793396593,0.933601882646672));
#3505=CARTESIAN_POINT('',(-82.2700097150642,135.000793396593,0.933601882646663));
#3506=CARTESIAN_POINT('',(-81.0700097150642,135.000793396593,0.933601882646663));
#3507=CARTESIAN_POINT('',(-82.2700097150642,-135.003600019581,0.933601882646663));
#3508=CARTESIAN_POINT('',(-82.2700097150642,-140.,0.933601882646663));
#3509=CARTESIAN_POINT('',(-81.6700097150642,-135.003600019581,0.933601882646672));
#3510=CARTESIAN_POINT('',(-82.2700097150642,-135.003600019581,0.933601882646663));
#3511=CARTESIAN_POINT('',(-81.0700097150642,-135.003600019581,0.933601882646663));
#3512=CARTESIAN_POINT('',(-81.6700097150642,-140.,0.933601882646657));
#3513=CARTESIAN_POINT('',(-82.2700097150642,-140.,0.933601882646663));
#3514=CARTESIAN_POINT('',(-81.0700097150642,-140.,0.933601882646663));
#3515=CARTESIAN_POINT('',(0.,0.,0.));
ENDSEC;
END-ISO-10303-21;
