ISO-10303-21;
HEADER;
/* Generated by software containing ST-Developer
 * from STEP Tools, Inc. (www.steptools.com) 
 */
/* OPTION: using custom schema-name function */

FILE_DESCRIPTION(
/* description */ (''),
/* implementation_level */ '2;1');

FILE_NAME(
/* name */ 'Vattenkar_x8',
/* time_stamp */ '2026-07-26T19:08:25+03:00',
/* author */ (''),
/* organization */ (''),
/* preprocessor_version */ 'ST-DEVELOPER v19.2',
/* originating_system */ 'Rhino 8.33',
/* authorisation */ '');

FILE_SCHEMA (('CONFIG_CONTROL_DESIGN'));
ENDSEC;

DATA;
#10=SHAPE_REPRESENTATION_RELATIONSHIP('','',#1352,#12);
#11=MANIFOLD_SOLID_BREP('brep_1',#13);
#12=ADVANCED_BREP_SHAPE_REPRESENTATION('brep_rep_0',(#11,#1460),#1351);
#13=CLOSED_SHELL('',(#21,#22,#23,#24,#25,#26,#27,#28,#29,#30,#31,#32,#33,
#34,#35,#36,#37,#38,#39,#40,#41,#42,#43,#44,#45,#46,#47,#48,#49,#50,#51,
#52,#53,#54,#55,#56,#57,#58,#59,#60,#61,#62,#63,#64,#65,#66,#67,#68,#69,
#70,#71,#72,#73,#74,#75,#76,#77,#78,#79,#80,#81,#82,#83,#84,#85,#86,#87,
#88,#89,#90,#91,#92,#93,#94));
#14=FACE_BOUND('',#242,.T.);
#15=FACE_BOUND('',#243,.T.);
#16=FACE_BOUND('',#244,.T.);
#17=FACE_BOUND('',#245,.T.);
#18=FACE_BOUND('',#246,.T.);
#19=FACE_BOUND('',#247,.T.);
#20=FACE_BOUND('',#248,.T.);
#21=ADVANCED_FACE('',(#95),#1224,.T.);
#22=ADVANCED_FACE('',(#96),#1225,.T.);
#23=ADVANCED_FACE('',(#97),#1226,.T.);
#24=ADVANCED_FACE('',(#98),#1192,.T.);
#25=ADVANCED_FACE('',(#99),#1193,.T.);
#26=ADVANCED_FACE('',(#100),#1227,.T.);
#27=ADVANCED_FACE('',(#101),#1228,.T.);
#28=ADVANCED_FACE('',(#102),#1229,.T.);
#29=ADVANCED_FACE('',(#103),#1230,.T.);
#30=ADVANCED_FACE('',(#104),#1231,.T.);
#31=ADVANCED_FACE('',(#105),#1232,.T.);
#32=ADVANCED_FACE('',(#106),#1233,.T.);
#33=ADVANCED_FACE('',(#107),#1234,.T.);
#34=ADVANCED_FACE('',(#108),#1194,.T.);
#35=ADVANCED_FACE('',(#109),#1195,.T.);
#36=ADVANCED_FACE('',(#110),#1235,.T.);
#37=ADVANCED_FACE('',(#111),#1196,.F.);
#38=ADVANCED_FACE('',(#112),#1236,.T.);
#39=ADVANCED_FACE('',(#113),#1197,.F.);
#40=ADVANCED_FACE('',(#114),#1237,.T.);
#41=ADVANCED_FACE('',(#115),#1198,.F.);
#42=ADVANCED_FACE('',(#116),#1238,.T.);
#43=ADVANCED_FACE('',(#117),#1199,.F.);
#44=ADVANCED_FACE('',(#118),#1239,.T.);
#45=ADVANCED_FACE('',(#119),#1200,.F.);
#46=ADVANCED_FACE('',(#120),#1240,.T.);
#47=ADVANCED_FACE('',(#121),#1201,.F.);
#48=ADVANCED_FACE('',(#122),#1241,.T.);
#49=ADVANCED_FACE('',(#123),#1202,.F.);
#50=ADVANCED_FACE('',(#124),#1242,.T.);
#51=ADVANCED_FACE('',(#125),#1203,.F.);
#52=ADVANCED_FACE('',(#126),#1243,.T.);
#53=ADVANCED_FACE('',(#127),#1244,.T.);
#54=ADVANCED_FACE('',(#128),#1204,.F.);
#55=ADVANCED_FACE('',(#129),#1245,.T.);
#56=ADVANCED_FACE('',(#130),#1205,.F.);
#57=ADVANCED_FACE('',(#131),#1246,.T.);
#58=ADVANCED_FACE('',(#132),#1206,.F.);
#59=ADVANCED_FACE('',(#133),#1247,.T.);
#60=ADVANCED_FACE('',(#134),#1207,.F.);
#61=ADVANCED_FACE('',(#135),#1208,.F.);
#62=ADVANCED_FACE('',(#136),#1248,.T.);
#63=ADVANCED_FACE('',(#137),#1209,.F.);
#64=ADVANCED_FACE('',(#138),#1249,.T.);
#65=ADVANCED_FACE('',(#139),#1210,.F.);
#66=ADVANCED_FACE('',(#140),#1250,.T.);
#67=ADVANCED_FACE('',(#141),#1211,.F.);
#68=ADVANCED_FACE('',(#142),#1251,.T.);
#69=ADVANCED_FACE('',(#143),#1212,.F.);
#70=ADVANCED_FACE('',(#144),#1252,.T.);
#71=ADVANCED_FACE('',(#145),#1213,.F.);
#72=ADVANCED_FACE('',(#146),#1253,.T.);
#73=ADVANCED_FACE('',(#147),#1214,.F.);
#74=ADVANCED_FACE('',(#148),#1254,.T.);
#75=ADVANCED_FACE('',(#149),#1215,.F.);
#76=ADVANCED_FACE('',(#150),#1255,.T.);
#77=ADVANCED_FACE('',(#151),#1256,.T.);
#78=ADVANCED_FACE('',(#152),#1216,.F.);
#79=ADVANCED_FACE('',(#153),#1257,.T.);
#80=ADVANCED_FACE('',(#154),#1217,.F.);
#81=ADVANCED_FACE('',(#155),#1258,.T.);
#82=ADVANCED_FACE('',(#156),#1218,.F.);
#83=ADVANCED_FACE('',(#157),#1259,.T.);
#84=ADVANCED_FACE('',(#158),#1219,.F.);
#85=ADVANCED_FACE('',(#159),#1260,.T.);
#86=ADVANCED_FACE('',(#160),#1220,.F.);
#87=ADVANCED_FACE('',(#161),#1261,.T.);
#88=ADVANCED_FACE('',(#162),#1221,.F.);
#89=ADVANCED_FACE('',(#163),#1262,.T.);
#90=ADVANCED_FACE('',(#164),#1222,.F.);
#91=ADVANCED_FACE('',(#165),#1263,.T.);
#92=ADVANCED_FACE('',(#166),#1223,.F.);
#93=ADVANCED_FACE('',(#167,#14,#15,#16,#17,#18,#19,#20),#1264,.T.);
#94=ADVANCED_FACE('',(#168),#1265,.T.);
#95=FACE_OUTER_BOUND('',#169,.T.);
#96=FACE_OUTER_BOUND('',#170,.T.);
#97=FACE_OUTER_BOUND('',#171,.T.);
#98=FACE_OUTER_BOUND('',#172,.T.);
#99=FACE_OUTER_BOUND('',#173,.T.);
#100=FACE_OUTER_BOUND('',#174,.T.);
#101=FACE_OUTER_BOUND('',#175,.T.);
#102=FACE_OUTER_BOUND('',#176,.T.);
#103=FACE_OUTER_BOUND('',#177,.T.);
#104=FACE_OUTER_BOUND('',#178,.T.);
#105=FACE_OUTER_BOUND('',#179,.T.);
#106=FACE_OUTER_BOUND('',#180,.T.);
#107=FACE_OUTER_BOUND('',#181,.T.);
#108=FACE_OUTER_BOUND('',#182,.T.);
#109=FACE_OUTER_BOUND('',#183,.T.);
#110=FACE_OUTER_BOUND('',#184,.T.);
#111=FACE_OUTER_BOUND('',#185,.T.);
#112=FACE_OUTER_BOUND('',#186,.T.);
#113=FACE_OUTER_BOUND('',#187,.T.);
#114=FACE_OUTER_BOUND('',#188,.T.);
#115=FACE_OUTER_BOUND('',#189,.T.);
#116=FACE_OUTER_BOUND('',#190,.T.);
#117=FACE_OUTER_BOUND('',#191,.T.);
#118=FACE_OUTER_BOUND('',#192,.T.);
#119=FACE_OUTER_BOUND('',#193,.T.);
#120=FACE_OUTER_BOUND('',#194,.T.);
#121=FACE_OUTER_BOUND('',#195,.T.);
#122=FACE_OUTER_BOUND('',#196,.T.);
#123=FACE_OUTER_BOUND('',#197,.T.);
#124=FACE_OUTER_BOUND('',#198,.T.);
#125=FACE_OUTER_BOUND('',#199,.T.);
#126=FACE_OUTER_BOUND('',#200,.T.);
#127=FACE_OUTER_BOUND('',#201,.T.);
#128=FACE_OUTER_BOUND('',#202,.T.);
#129=FACE_OUTER_BOUND('',#203,.T.);
#130=FACE_OUTER_BOUND('',#204,.T.);
#131=FACE_OUTER_BOUND('',#205,.T.);
#132=FACE_OUTER_BOUND('',#206,.T.);
#133=FACE_OUTER_BOUND('',#207,.T.);
#134=FACE_OUTER_BOUND('',#208,.T.);
#135=FACE_OUTER_BOUND('',#209,.T.);
#136=FACE_OUTER_BOUND('',#210,.T.);
#137=FACE_OUTER_BOUND('',#211,.T.);
#138=FACE_OUTER_BOUND('',#212,.T.);
#139=FACE_OUTER_BOUND('',#213,.T.);
#140=FACE_OUTER_BOUND('',#214,.T.);
#141=FACE_OUTER_BOUND('',#215,.T.);
#142=FACE_OUTER_BOUND('',#216,.T.);
#143=FACE_OUTER_BOUND('',#217,.T.);
#144=FACE_OUTER_BOUND('',#218,.T.);
#145=FACE_OUTER_BOUND('',#219,.T.);
#146=FACE_OUTER_BOUND('',#220,.T.);
#147=FACE_OUTER_BOUND('',#221,.T.);
#148=FACE_OUTER_BOUND('',#222,.T.);
#149=FACE_OUTER_BOUND('',#223,.T.);
#150=FACE_OUTER_BOUND('',#224,.T.);
#151=FACE_OUTER_BOUND('',#225,.T.);
#152=FACE_OUTER_BOUND('',#226,.T.);
#153=FACE_OUTER_BOUND('',#227,.T.);
#154=FACE_OUTER_BOUND('',#228,.T.);
#155=FACE_OUTER_BOUND('',#229,.T.);
#156=FACE_OUTER_BOUND('',#230,.T.);
#157=FACE_OUTER_BOUND('',#231,.T.);
#158=FACE_OUTER_BOUND('',#232,.T.);
#159=FACE_OUTER_BOUND('',#233,.T.);
#160=FACE_OUTER_BOUND('',#234,.T.);
#161=FACE_OUTER_BOUND('',#235,.T.);
#162=FACE_OUTER_BOUND('',#236,.T.);
#163=FACE_OUTER_BOUND('',#237,.T.);
#164=FACE_OUTER_BOUND('',#238,.T.);
#165=FACE_OUTER_BOUND('',#239,.T.);
#166=FACE_OUTER_BOUND('',#240,.T.);
#167=FACE_OUTER_BOUND('',#241,.T.);
#168=FACE_OUTER_BOUND('',#249,.T.);
#169=EDGE_LOOP('',(#250,#251,#252,#253,#254,#255,#256,#257,#258));
#170=EDGE_LOOP('',(#259,#260,#261,#262));
#171=EDGE_LOOP('',(#263,#264,#265,#266));
#172=EDGE_LOOP('',(#267,#268,#269,#270));
#173=EDGE_LOOP('',(#271,#272,#273,#274));
#174=EDGE_LOOP('',(#275,#276,#277,#278));
#175=EDGE_LOOP('',(#279,#280,#281,#282,#283,#284,#285,#286));
#176=EDGE_LOOP('',(#287,#288,#289,#290,#291,#292,#293,#294));
#177=EDGE_LOOP('',(#295,#296,#297,#298,#299,#300,#301,#302));
#178=EDGE_LOOP('',(#303,#304,#305,#306,#307,#308,#309,#310));
#179=EDGE_LOOP('',(#311,#312,#313,#314,#315,#316,#317,#318));
#180=EDGE_LOOP('',(#319,#320,#321,#322,#323,#324,#325,#326));
#181=EDGE_LOOP('',(#327,#328,#329,#330,#331,#332,#333,#334));
#182=EDGE_LOOP('',(#335,#336,#337,#338));
#183=EDGE_LOOP('',(#339,#340,#341,#342));
#184=EDGE_LOOP('',(#343,#344,#345,#346));
#185=EDGE_LOOP('',(#347,#348,#349,#350));
#186=EDGE_LOOP('',(#351,#352,#353,#354));
#187=EDGE_LOOP('',(#355,#356,#357,#358));
#188=EDGE_LOOP('',(#359,#360,#361,#362));
#189=EDGE_LOOP('',(#363,#364,#365,#366));
#190=EDGE_LOOP('',(#367,#368,#369,#370));
#191=EDGE_LOOP('',(#371,#372,#373,#374));
#192=EDGE_LOOP('',(#375,#376,#377,#378));
#193=EDGE_LOOP('',(#379,#380,#381,#382));
#194=EDGE_LOOP('',(#383,#384,#385,#386));
#195=EDGE_LOOP('',(#387,#388,#389,#390));
#196=EDGE_LOOP('',(#391,#392,#393,#394));
#197=EDGE_LOOP('',(#395,#396,#397,#398));
#198=EDGE_LOOP('',(#399,#400,#401,#402));
#199=EDGE_LOOP('',(#403,#404,#405,#406));
#200=EDGE_LOOP('',(#407,#408,#409,#410));
#201=EDGE_LOOP('',(#411,#412,#413,#414));
#202=EDGE_LOOP('',(#415,#416,#417,#418));
#203=EDGE_LOOP('',(#419,#420,#421,#422));
#204=EDGE_LOOP('',(#423,#424,#425,#426));
#205=EDGE_LOOP('',(#427,#428,#429,#430));
#206=EDGE_LOOP('',(#431,#432,#433,#434));
#207=EDGE_LOOP('',(#435,#436,#437,#438));
#208=EDGE_LOOP('',(#439,#440,#441,#442));
#209=EDGE_LOOP('',(#443,#444,#445,#446));
#210=EDGE_LOOP('',(#447,#448,#449,#450));
#211=EDGE_LOOP('',(#451,#452,#453,#454));
#212=EDGE_LOOP('',(#455,#456,#457,#458));
#213=EDGE_LOOP('',(#459,#460,#461,#462));
#214=EDGE_LOOP('',(#463,#464,#465,#466));
#215=EDGE_LOOP('',(#467,#468,#469,#470));
#216=EDGE_LOOP('',(#471,#472,#473,#474));
#217=EDGE_LOOP('',(#475,#476,#477,#478));
#218=EDGE_LOOP('',(#479,#480,#481,#482));
#219=EDGE_LOOP('',(#483,#484,#485,#486));
#220=EDGE_LOOP('',(#487,#488,#489,#490));
#221=EDGE_LOOP('',(#491,#492,#493,#494));
#222=EDGE_LOOP('',(#495,#496,#497,#498));
#223=EDGE_LOOP('',(#499,#500,#501,#502));
#224=EDGE_LOOP('',(#503,#504,#505,#506));
#225=EDGE_LOOP('',(#507,#508,#509,#510));
#226=EDGE_LOOP('',(#511,#512,#513,#514));
#227=EDGE_LOOP('',(#515,#516,#517,#518));
#228=EDGE_LOOP('',(#519,#520,#521,#522));
#229=EDGE_LOOP('',(#523,#524,#525,#526));
#230=EDGE_LOOP('',(#527,#528,#529,#530));
#231=EDGE_LOOP('',(#531,#532,#533,#534));
#232=EDGE_LOOP('',(#535,#536,#537,#538));
#233=EDGE_LOOP('',(#539,#540,#541,#542));
#234=EDGE_LOOP('',(#543,#544,#545,#546));
#235=EDGE_LOOP('',(#547,#548,#549,#550));
#236=EDGE_LOOP('',(#551,#552,#553,#554));
#237=EDGE_LOOP('',(#555,#556,#557,#558));
#238=EDGE_LOOP('',(#559,#560,#561,#562));
#239=EDGE_LOOP('',(#563,#564,#565,#566));
#240=EDGE_LOOP('',(#567,#568,#569,#570));
#241=EDGE_LOOP('',(#571,#572,#573,#574,#575,#576,#577,#578,#579));
#242=EDGE_LOOP('',(#580,#581,#582,#583,#584,#585,#586,#587));
#243=EDGE_LOOP('',(#588,#589,#590,#591,#592,#593,#594,#595));
#244=EDGE_LOOP('',(#596,#597,#598,#599,#600,#601,#602,#603));
#245=EDGE_LOOP('',(#604,#605,#606,#607,#608,#609,#610,#611));
#246=EDGE_LOOP('',(#612,#613,#614,#615,#616,#617,#618,#619));
#247=EDGE_LOOP('',(#620,#621,#622,#623,#624,#625,#626,#627));
#248=EDGE_LOOP('',(#628,#629,#630,#631,#632,#633,#634,#635));
#249=EDGE_LOOP('',(#636,#637,#638,#639));
#250=ORIENTED_EDGE('',*,*,#648,.F.);
#251=ORIENTED_EDGE('',*,*,#647,.F.);
#252=ORIENTED_EDGE('',*,*,#646,.F.);
#253=ORIENTED_EDGE('',*,*,#645,.F.);
#254=ORIENTED_EDGE('',*,*,#644,.F.);
#255=ORIENTED_EDGE('',*,*,#643,.F.);
#256=ORIENTED_EDGE('',*,*,#642,.F.);
#257=ORIENTED_EDGE('',*,*,#641,.F.);
#258=ORIENTED_EDGE('',*,*,#640,.F.);
#259=ORIENTED_EDGE('',*,*,#649,.T.);
#260=ORIENTED_EDGE('',*,*,#764,.F.);
#261=ORIENTED_EDGE('',*,*,#640,.T.);
#262=ORIENTED_EDGE('',*,*,#763,.T.);
#263=ORIENTED_EDGE('',*,*,#772,.T.);
#264=ORIENTED_EDGE('',*,*,#765,.F.);
#265=ORIENTED_EDGE('',*,*,#642,.T.);
#266=ORIENTED_EDGE('',*,*,#766,.T.);
#267=ORIENTED_EDGE('',*,*,#774,.T.);
#268=ORIENTED_EDGE('',*,*,#768,.F.);
#269=ORIENTED_EDGE('',*,*,#645,.T.);
#270=ORIENTED_EDGE('',*,*,#769,.T.);
#271=ORIENTED_EDGE('',*,*,#775,.T.);
#272=ORIENTED_EDGE('',*,*,#770,.F.);
#273=ORIENTED_EDGE('',*,*,#647,.T.);
#274=ORIENTED_EDGE('',*,*,#771,.T.);
#275=ORIENTED_EDGE('',*,*,#650,.T.);
#276=ORIENTED_EDGE('',*,*,#771,.F.);
#277=ORIENTED_EDGE('',*,*,#648,.T.);
#278=ORIENTED_EDGE('',*,*,#764,.T.);
#279=ORIENTED_EDGE('',*,*,#675,.T.);
#280=ORIENTED_EDGE('',*,*,#682,.T.);
#281=ORIENTED_EDGE('',*,*,#681,.T.);
#282=ORIENTED_EDGE('',*,*,#680,.T.);
#283=ORIENTED_EDGE('',*,*,#679,.T.);
#284=ORIENTED_EDGE('',*,*,#678,.T.);
#285=ORIENTED_EDGE('',*,*,#677,.T.);
#286=ORIENTED_EDGE('',*,*,#676,.T.);
#287=ORIENTED_EDGE('',*,*,#689,.T.);
#288=ORIENTED_EDGE('',*,*,#688,.T.);
#289=ORIENTED_EDGE('',*,*,#687,.T.);
#290=ORIENTED_EDGE('',*,*,#686,.T.);
#291=ORIENTED_EDGE('',*,*,#685,.T.);
#292=ORIENTED_EDGE('',*,*,#684,.T.);
#293=ORIENTED_EDGE('',*,*,#683,.T.);
#294=ORIENTED_EDGE('',*,*,#690,.T.);
#295=ORIENTED_EDGE('',*,*,#667,.T.);
#296=ORIENTED_EDGE('',*,*,#674,.T.);
#297=ORIENTED_EDGE('',*,*,#673,.T.);
#298=ORIENTED_EDGE('',*,*,#672,.T.);
#299=ORIENTED_EDGE('',*,*,#671,.T.);
#300=ORIENTED_EDGE('',*,*,#670,.T.);
#301=ORIENTED_EDGE('',*,*,#669,.T.);
#302=ORIENTED_EDGE('',*,*,#668,.T.);
#303=ORIENTED_EDGE('',*,*,#697,.T.);
#304=ORIENTED_EDGE('',*,*,#696,.T.);
#305=ORIENTED_EDGE('',*,*,#695,.T.);
#306=ORIENTED_EDGE('',*,*,#694,.T.);
#307=ORIENTED_EDGE('',*,*,#693,.T.);
#308=ORIENTED_EDGE('',*,*,#692,.T.);
#309=ORIENTED_EDGE('',*,*,#691,.T.);
#310=ORIENTED_EDGE('',*,*,#698,.T.);
#311=ORIENTED_EDGE('',*,*,#705,.T.);
#312=ORIENTED_EDGE('',*,*,#704,.T.);
#313=ORIENTED_EDGE('',*,*,#703,.T.);
#314=ORIENTED_EDGE('',*,*,#702,.T.);
#315=ORIENTED_EDGE('',*,*,#701,.T.);
#316=ORIENTED_EDGE('',*,*,#700,.T.);
#317=ORIENTED_EDGE('',*,*,#699,.T.);
#318=ORIENTED_EDGE('',*,*,#706,.T.);
#319=ORIENTED_EDGE('',*,*,#659,.T.);
#320=ORIENTED_EDGE('',*,*,#666,.T.);
#321=ORIENTED_EDGE('',*,*,#665,.T.);
#322=ORIENTED_EDGE('',*,*,#664,.T.);
#323=ORIENTED_EDGE('',*,*,#663,.T.);
#324=ORIENTED_EDGE('',*,*,#662,.T.);
#325=ORIENTED_EDGE('',*,*,#661,.T.);
#326=ORIENTED_EDGE('',*,*,#660,.T.);
#327=ORIENTED_EDGE('',*,*,#658,.T.);
#328=ORIENTED_EDGE('',*,*,#657,.T.);
#329=ORIENTED_EDGE('',*,*,#656,.T.);
#330=ORIENTED_EDGE('',*,*,#655,.T.);
#331=ORIENTED_EDGE('',*,*,#654,.T.);
#332=ORIENTED_EDGE('',*,*,#653,.T.);
#333=ORIENTED_EDGE('',*,*,#652,.T.);
#334=ORIENTED_EDGE('',*,*,#651,.T.);
#335=ORIENTED_EDGE('',*,*,#776,.T.);
#336=ORIENTED_EDGE('',*,*,#763,.F.);
#337=ORIENTED_EDGE('',*,*,#641,.T.);
#338=ORIENTED_EDGE('',*,*,#765,.T.);
#339=ORIENTED_EDGE('',*,*,#777,.T.);
#340=ORIENTED_EDGE('',*,*,#766,.F.);
#341=ORIENTED_EDGE('',*,*,#643,.T.);
#342=ORIENTED_EDGE('',*,*,#767,.T.);
#343=ORIENTED_EDGE('',*,*,#778,.T.);
#344=ORIENTED_EDGE('',*,*,#769,.F.);
#345=ORIENTED_EDGE('',*,*,#646,.T.);
#346=ORIENTED_EDGE('',*,*,#770,.T.);
#347=ORIENTED_EDGE('',*,*,#779,.T.);
#348=ORIENTED_EDGE('',*,*,#708,.F.);
#349=ORIENTED_EDGE('',*,*,#651,.F.);
#350=ORIENTED_EDGE('',*,*,#707,.T.);
#351=ORIENTED_EDGE('',*,*,#780,.T.);
#352=ORIENTED_EDGE('',*,*,#707,.F.);
#353=ORIENTED_EDGE('',*,*,#652,.F.);
#354=ORIENTED_EDGE('',*,*,#709,.T.);
#355=ORIENTED_EDGE('',*,*,#781,.T.);
#356=ORIENTED_EDGE('',*,*,#709,.F.);
#357=ORIENTED_EDGE('',*,*,#653,.F.);
#358=ORIENTED_EDGE('',*,*,#710,.T.);
#359=ORIENTED_EDGE('',*,*,#782,.T.);
#360=ORIENTED_EDGE('',*,*,#710,.F.);
#361=ORIENTED_EDGE('',*,*,#654,.F.);
#362=ORIENTED_EDGE('',*,*,#711,.T.);
#363=ORIENTED_EDGE('',*,*,#783,.T.);
#364=ORIENTED_EDGE('',*,*,#711,.F.);
#365=ORIENTED_EDGE('',*,*,#655,.F.);
#366=ORIENTED_EDGE('',*,*,#712,.T.);
#367=ORIENTED_EDGE('',*,*,#784,.T.);
#368=ORIENTED_EDGE('',*,*,#712,.F.);
#369=ORIENTED_EDGE('',*,*,#656,.F.);
#370=ORIENTED_EDGE('',*,*,#713,.T.);
#371=ORIENTED_EDGE('',*,*,#785,.T.);
#372=ORIENTED_EDGE('',*,*,#713,.F.);
#373=ORIENTED_EDGE('',*,*,#657,.F.);
#374=ORIENTED_EDGE('',*,*,#714,.T.);
#375=ORIENTED_EDGE('',*,*,#786,.T.);
#376=ORIENTED_EDGE('',*,*,#714,.F.);
#377=ORIENTED_EDGE('',*,*,#658,.F.);
#378=ORIENTED_EDGE('',*,*,#708,.T.);
#379=ORIENTED_EDGE('',*,*,#787,.T.);
#380=ORIENTED_EDGE('',*,*,#716,.F.);
#381=ORIENTED_EDGE('',*,*,#659,.F.);
#382=ORIENTED_EDGE('',*,*,#715,.T.);
#383=ORIENTED_EDGE('',*,*,#788,.T.);
#384=ORIENTED_EDGE('',*,*,#715,.F.);
#385=ORIENTED_EDGE('',*,*,#660,.F.);
#386=ORIENTED_EDGE('',*,*,#717,.T.);
#387=ORIENTED_EDGE('',*,*,#789,.T.);
#388=ORIENTED_EDGE('',*,*,#717,.F.);
#389=ORIENTED_EDGE('',*,*,#661,.F.);
#390=ORIENTED_EDGE('',*,*,#718,.T.);
#391=ORIENTED_EDGE('',*,*,#790,.T.);
#392=ORIENTED_EDGE('',*,*,#718,.F.);
#393=ORIENTED_EDGE('',*,*,#662,.F.);
#394=ORIENTED_EDGE('',*,*,#719,.T.);
#395=ORIENTED_EDGE('',*,*,#791,.T.);
#396=ORIENTED_EDGE('',*,*,#719,.F.);
#397=ORIENTED_EDGE('',*,*,#663,.F.);
#398=ORIENTED_EDGE('',*,*,#720,.T.);
#399=ORIENTED_EDGE('',*,*,#792,.T.);
#400=ORIENTED_EDGE('',*,*,#720,.F.);
#401=ORIENTED_EDGE('',*,*,#664,.F.);
#402=ORIENTED_EDGE('',*,*,#721,.T.);
#403=ORIENTED_EDGE('',*,*,#793,.T.);
#404=ORIENTED_EDGE('',*,*,#721,.F.);
#405=ORIENTED_EDGE('',*,*,#665,.F.);
#406=ORIENTED_EDGE('',*,*,#722,.T.);
#407=ORIENTED_EDGE('',*,*,#794,.T.);
#408=ORIENTED_EDGE('',*,*,#722,.F.);
#409=ORIENTED_EDGE('',*,*,#666,.F.);
#410=ORIENTED_EDGE('',*,*,#716,.T.);
#411=ORIENTED_EDGE('',*,*,#795,.T.);
#412=ORIENTED_EDGE('',*,*,#724,.F.);
#413=ORIENTED_EDGE('',*,*,#667,.F.);
#414=ORIENTED_EDGE('',*,*,#723,.T.);
#415=ORIENTED_EDGE('',*,*,#796,.T.);
#416=ORIENTED_EDGE('',*,*,#723,.F.);
#417=ORIENTED_EDGE('',*,*,#668,.F.);
#418=ORIENTED_EDGE('',*,*,#725,.T.);
#419=ORIENTED_EDGE('',*,*,#797,.T.);
#420=ORIENTED_EDGE('',*,*,#725,.F.);
#421=ORIENTED_EDGE('',*,*,#669,.F.);
#422=ORIENTED_EDGE('',*,*,#726,.T.);
#423=ORIENTED_EDGE('',*,*,#798,.T.);
#424=ORIENTED_EDGE('',*,*,#726,.F.);
#425=ORIENTED_EDGE('',*,*,#670,.F.);
#426=ORIENTED_EDGE('',*,*,#727,.T.);
#427=ORIENTED_EDGE('',*,*,#799,.T.);
#428=ORIENTED_EDGE('',*,*,#727,.F.);
#429=ORIENTED_EDGE('',*,*,#671,.F.);
#430=ORIENTED_EDGE('',*,*,#728,.T.);
#431=ORIENTED_EDGE('',*,*,#800,.T.);
#432=ORIENTED_EDGE('',*,*,#728,.F.);
#433=ORIENTED_EDGE('',*,*,#672,.F.);
#434=ORIENTED_EDGE('',*,*,#729,.T.);
#435=ORIENTED_EDGE('',*,*,#801,.T.);
#436=ORIENTED_EDGE('',*,*,#729,.F.);
#437=ORIENTED_EDGE('',*,*,#673,.F.);
#438=ORIENTED_EDGE('',*,*,#730,.T.);
#439=ORIENTED_EDGE('',*,*,#802,.T.);
#440=ORIENTED_EDGE('',*,*,#730,.F.);
#441=ORIENTED_EDGE('',*,*,#674,.F.);
#442=ORIENTED_EDGE('',*,*,#724,.T.);
#443=ORIENTED_EDGE('',*,*,#803,.T.);
#444=ORIENTED_EDGE('',*,*,#732,.F.);
#445=ORIENTED_EDGE('',*,*,#675,.F.);
#446=ORIENTED_EDGE('',*,*,#731,.T.);
#447=ORIENTED_EDGE('',*,*,#804,.T.);
#448=ORIENTED_EDGE('',*,*,#731,.F.);
#449=ORIENTED_EDGE('',*,*,#676,.F.);
#450=ORIENTED_EDGE('',*,*,#733,.T.);
#451=ORIENTED_EDGE('',*,*,#805,.T.);
#452=ORIENTED_EDGE('',*,*,#733,.F.);
#453=ORIENTED_EDGE('',*,*,#677,.F.);
#454=ORIENTED_EDGE('',*,*,#734,.T.);
#455=ORIENTED_EDGE('',*,*,#806,.T.);
#456=ORIENTED_EDGE('',*,*,#734,.F.);
#457=ORIENTED_EDGE('',*,*,#678,.F.);
#458=ORIENTED_EDGE('',*,*,#735,.T.);
#459=ORIENTED_EDGE('',*,*,#807,.T.);
#460=ORIENTED_EDGE('',*,*,#735,.F.);
#461=ORIENTED_EDGE('',*,*,#679,.F.);
#462=ORIENTED_EDGE('',*,*,#736,.T.);
#463=ORIENTED_EDGE('',*,*,#808,.T.);
#464=ORIENTED_EDGE('',*,*,#736,.F.);
#465=ORIENTED_EDGE('',*,*,#680,.F.);
#466=ORIENTED_EDGE('',*,*,#737,.T.);
#467=ORIENTED_EDGE('',*,*,#809,.T.);
#468=ORIENTED_EDGE('',*,*,#737,.F.);
#469=ORIENTED_EDGE('',*,*,#681,.F.);
#470=ORIENTED_EDGE('',*,*,#738,.T.);
#471=ORIENTED_EDGE('',*,*,#810,.T.);
#472=ORIENTED_EDGE('',*,*,#738,.F.);
#473=ORIENTED_EDGE('',*,*,#682,.F.);
#474=ORIENTED_EDGE('',*,*,#732,.T.);
#475=ORIENTED_EDGE('',*,*,#811,.T.);
#476=ORIENTED_EDGE('',*,*,#740,.F.);
#477=ORIENTED_EDGE('',*,*,#683,.F.);
#478=ORIENTED_EDGE('',*,*,#739,.T.);
#479=ORIENTED_EDGE('',*,*,#812,.T.);
#480=ORIENTED_EDGE('',*,*,#739,.F.);
#481=ORIENTED_EDGE('',*,*,#684,.F.);
#482=ORIENTED_EDGE('',*,*,#741,.T.);
#483=ORIENTED_EDGE('',*,*,#813,.T.);
#484=ORIENTED_EDGE('',*,*,#741,.F.);
#485=ORIENTED_EDGE('',*,*,#685,.F.);
#486=ORIENTED_EDGE('',*,*,#742,.T.);
#487=ORIENTED_EDGE('',*,*,#814,.T.);
#488=ORIENTED_EDGE('',*,*,#742,.F.);
#489=ORIENTED_EDGE('',*,*,#686,.F.);
#490=ORIENTED_EDGE('',*,*,#743,.T.);
#491=ORIENTED_EDGE('',*,*,#815,.T.);
#492=ORIENTED_EDGE('',*,*,#743,.F.);
#493=ORIENTED_EDGE('',*,*,#687,.F.);
#494=ORIENTED_EDGE('',*,*,#744,.T.);
#495=ORIENTED_EDGE('',*,*,#816,.T.);
#496=ORIENTED_EDGE('',*,*,#744,.F.);
#497=ORIENTED_EDGE('',*,*,#688,.F.);
#498=ORIENTED_EDGE('',*,*,#745,.T.);
#499=ORIENTED_EDGE('',*,*,#817,.T.);
#500=ORIENTED_EDGE('',*,*,#745,.F.);
#501=ORIENTED_EDGE('',*,*,#689,.F.);
#502=ORIENTED_EDGE('',*,*,#746,.T.);
#503=ORIENTED_EDGE('',*,*,#818,.T.);
#504=ORIENTED_EDGE('',*,*,#746,.F.);
#505=ORIENTED_EDGE('',*,*,#690,.F.);
#506=ORIENTED_EDGE('',*,*,#740,.T.);
#507=ORIENTED_EDGE('',*,*,#819,.T.);
#508=ORIENTED_EDGE('',*,*,#748,.F.);
#509=ORIENTED_EDGE('',*,*,#691,.F.);
#510=ORIENTED_EDGE('',*,*,#747,.T.);
#511=ORIENTED_EDGE('',*,*,#820,.T.);
#512=ORIENTED_EDGE('',*,*,#747,.F.);
#513=ORIENTED_EDGE('',*,*,#692,.F.);
#514=ORIENTED_EDGE('',*,*,#749,.T.);
#515=ORIENTED_EDGE('',*,*,#821,.T.);
#516=ORIENTED_EDGE('',*,*,#749,.F.);
#517=ORIENTED_EDGE('',*,*,#693,.F.);
#518=ORIENTED_EDGE('',*,*,#750,.T.);
#519=ORIENTED_EDGE('',*,*,#822,.T.);
#520=ORIENTED_EDGE('',*,*,#750,.F.);
#521=ORIENTED_EDGE('',*,*,#694,.F.);
#522=ORIENTED_EDGE('',*,*,#751,.T.);
#523=ORIENTED_EDGE('',*,*,#823,.T.);
#524=ORIENTED_EDGE('',*,*,#751,.F.);
#525=ORIENTED_EDGE('',*,*,#695,.F.);
#526=ORIENTED_EDGE('',*,*,#752,.T.);
#527=ORIENTED_EDGE('',*,*,#824,.T.);
#528=ORIENTED_EDGE('',*,*,#752,.F.);
#529=ORIENTED_EDGE('',*,*,#696,.F.);
#530=ORIENTED_EDGE('',*,*,#753,.T.);
#531=ORIENTED_EDGE('',*,*,#825,.T.);
#532=ORIENTED_EDGE('',*,*,#753,.F.);
#533=ORIENTED_EDGE('',*,*,#697,.F.);
#534=ORIENTED_EDGE('',*,*,#754,.T.);
#535=ORIENTED_EDGE('',*,*,#826,.T.);
#536=ORIENTED_EDGE('',*,*,#754,.F.);
#537=ORIENTED_EDGE('',*,*,#698,.F.);
#538=ORIENTED_EDGE('',*,*,#748,.T.);
#539=ORIENTED_EDGE('',*,*,#827,.T.);
#540=ORIENTED_EDGE('',*,*,#756,.F.);
#541=ORIENTED_EDGE('',*,*,#699,.F.);
#542=ORIENTED_EDGE('',*,*,#755,.T.);
#543=ORIENTED_EDGE('',*,*,#828,.T.);
#544=ORIENTED_EDGE('',*,*,#755,.F.);
#545=ORIENTED_EDGE('',*,*,#700,.F.);
#546=ORIENTED_EDGE('',*,*,#757,.T.);
#547=ORIENTED_EDGE('',*,*,#829,.T.);
#548=ORIENTED_EDGE('',*,*,#757,.F.);
#549=ORIENTED_EDGE('',*,*,#701,.F.);
#550=ORIENTED_EDGE('',*,*,#758,.T.);
#551=ORIENTED_EDGE('',*,*,#830,.T.);
#552=ORIENTED_EDGE('',*,*,#758,.F.);
#553=ORIENTED_EDGE('',*,*,#702,.F.);
#554=ORIENTED_EDGE('',*,*,#759,.T.);
#555=ORIENTED_EDGE('',*,*,#831,.T.);
#556=ORIENTED_EDGE('',*,*,#759,.F.);
#557=ORIENTED_EDGE('',*,*,#703,.F.);
#558=ORIENTED_EDGE('',*,*,#760,.T.);
#559=ORIENTED_EDGE('',*,*,#832,.T.);
#560=ORIENTED_EDGE('',*,*,#760,.F.);
#561=ORIENTED_EDGE('',*,*,#704,.F.);
#562=ORIENTED_EDGE('',*,*,#761,.T.);
#563=ORIENTED_EDGE('',*,*,#833,.T.);
#564=ORIENTED_EDGE('',*,*,#761,.F.);
#565=ORIENTED_EDGE('',*,*,#705,.F.);
#566=ORIENTED_EDGE('',*,*,#762,.T.);
#567=ORIENTED_EDGE('',*,*,#834,.T.);
#568=ORIENTED_EDGE('',*,*,#762,.F.);
#569=ORIENTED_EDGE('',*,*,#706,.F.);
#570=ORIENTED_EDGE('',*,*,#756,.T.);
#571=ORIENTED_EDGE('',*,*,#777,.F.);
#572=ORIENTED_EDGE('',*,*,#773,.T.);
#573=ORIENTED_EDGE('',*,*,#774,.F.);
#574=ORIENTED_EDGE('',*,*,#778,.F.);
#575=ORIENTED_EDGE('',*,*,#775,.F.);
#576=ORIENTED_EDGE('',*,*,#650,.F.);
#577=ORIENTED_EDGE('',*,*,#649,.F.);
#578=ORIENTED_EDGE('',*,*,#776,.F.);
#579=ORIENTED_EDGE('',*,*,#772,.F.);
#580=ORIENTED_EDGE('',*,*,#779,.F.);
#581=ORIENTED_EDGE('',*,*,#780,.F.);
#582=ORIENTED_EDGE('',*,*,#781,.F.);
#583=ORIENTED_EDGE('',*,*,#782,.F.);
#584=ORIENTED_EDGE('',*,*,#783,.F.);
#585=ORIENTED_EDGE('',*,*,#784,.F.);
#586=ORIENTED_EDGE('',*,*,#785,.F.);
#587=ORIENTED_EDGE('',*,*,#786,.F.);
#588=ORIENTED_EDGE('',*,*,#787,.F.);
#589=ORIENTED_EDGE('',*,*,#788,.F.);
#590=ORIENTED_EDGE('',*,*,#789,.F.);
#591=ORIENTED_EDGE('',*,*,#790,.F.);
#592=ORIENTED_EDGE('',*,*,#791,.F.);
#593=ORIENTED_EDGE('',*,*,#792,.F.);
#594=ORIENTED_EDGE('',*,*,#793,.F.);
#595=ORIENTED_EDGE('',*,*,#794,.F.);
#596=ORIENTED_EDGE('',*,*,#795,.F.);
#597=ORIENTED_EDGE('',*,*,#796,.F.);
#598=ORIENTED_EDGE('',*,*,#797,.F.);
#599=ORIENTED_EDGE('',*,*,#798,.F.);
#600=ORIENTED_EDGE('',*,*,#799,.F.);
#601=ORIENTED_EDGE('',*,*,#800,.F.);
#602=ORIENTED_EDGE('',*,*,#801,.F.);
#603=ORIENTED_EDGE('',*,*,#802,.F.);
#604=ORIENTED_EDGE('',*,*,#803,.F.);
#605=ORIENTED_EDGE('',*,*,#804,.F.);
#606=ORIENTED_EDGE('',*,*,#805,.F.);
#607=ORIENTED_EDGE('',*,*,#806,.F.);
#608=ORIENTED_EDGE('',*,*,#807,.F.);
#609=ORIENTED_EDGE('',*,*,#808,.F.);
#610=ORIENTED_EDGE('',*,*,#809,.F.);
#611=ORIENTED_EDGE('',*,*,#810,.F.);
#612=ORIENTED_EDGE('',*,*,#811,.F.);
#613=ORIENTED_EDGE('',*,*,#812,.F.);
#614=ORIENTED_EDGE('',*,*,#813,.F.);
#615=ORIENTED_EDGE('',*,*,#814,.F.);
#616=ORIENTED_EDGE('',*,*,#815,.F.);
#617=ORIENTED_EDGE('',*,*,#816,.F.);
#618=ORIENTED_EDGE('',*,*,#817,.F.);
#619=ORIENTED_EDGE('',*,*,#818,.F.);
#620=ORIENTED_EDGE('',*,*,#819,.F.);
#621=ORIENTED_EDGE('',*,*,#820,.F.);
#622=ORIENTED_EDGE('',*,*,#821,.F.);
#623=ORIENTED_EDGE('',*,*,#822,.F.);
#624=ORIENTED_EDGE('',*,*,#823,.F.);
#625=ORIENTED_EDGE('',*,*,#824,.F.);
#626=ORIENTED_EDGE('',*,*,#825,.F.);
#627=ORIENTED_EDGE('',*,*,#826,.F.);
#628=ORIENTED_EDGE('',*,*,#827,.F.);
#629=ORIENTED_EDGE('',*,*,#828,.F.);
#630=ORIENTED_EDGE('',*,*,#829,.F.);
#631=ORIENTED_EDGE('',*,*,#830,.F.);
#632=ORIENTED_EDGE('',*,*,#831,.F.);
#633=ORIENTED_EDGE('',*,*,#832,.F.);
#634=ORIENTED_EDGE('',*,*,#833,.F.);
#635=ORIENTED_EDGE('',*,*,#834,.F.);
#636=ORIENTED_EDGE('',*,*,#767,.F.);
#637=ORIENTED_EDGE('',*,*,#644,.T.);
#638=ORIENTED_EDGE('',*,*,#768,.T.);
#639=ORIENTED_EDGE('',*,*,#773,.F.);
#640=EDGE_CURVE('',#1062,#1063,#932,.T.);
#641=EDGE_CURVE('',#1063,#1064,#868,.T.);
#642=EDGE_CURVE('',#1064,#1065,#933,.T.);
#643=EDGE_CURVE('',#1065,#1066,#869,.T.);
#644=EDGE_CURVE('',#1066,#1067,#934,.T.);
#645=EDGE_CURVE('',#1067,#1068,#870,.T.);
#646=EDGE_CURVE('',#1068,#1069,#935,.T.);
#647=EDGE_CURVE('',#1069,#1070,#871,.T.);
#648=EDGE_CURVE('',#1070,#1062,#936,.T.);
#649=EDGE_CURVE('',#1071,#1072,#937,.T.);
#650=EDGE_CURVE('',#1072,#1073,#938,.T.);
#651=EDGE_CURVE('',#1074,#1075,#872,.T.);
#652=EDGE_CURVE('',#1076,#1074,#939,.T.);
#653=EDGE_CURVE('',#1077,#1076,#873,.T.);
#654=EDGE_CURVE('',#1078,#1077,#940,.T.);
#655=EDGE_CURVE('',#1079,#1078,#874,.T.);
#656=EDGE_CURVE('',#1080,#1079,#941,.T.);
#657=EDGE_CURVE('',#1081,#1080,#875,.T.);
#658=EDGE_CURVE('',#1075,#1081,#942,.T.);
#659=EDGE_CURVE('',#1082,#1083,#876,.T.);
#660=EDGE_CURVE('',#1084,#1082,#943,.T.);
#661=EDGE_CURVE('',#1085,#1084,#877,.T.);
#662=EDGE_CURVE('',#1086,#1085,#944,.T.);
#663=EDGE_CURVE('',#1087,#1086,#878,.T.);
#664=EDGE_CURVE('',#1088,#1087,#945,.T.);
#665=EDGE_CURVE('',#1089,#1088,#879,.T.);
#666=EDGE_CURVE('',#1083,#1089,#946,.T.);
#667=EDGE_CURVE('',#1090,#1091,#947,.T.);
#668=EDGE_CURVE('',#1092,#1090,#880,.T.);
#669=EDGE_CURVE('',#1093,#1092,#948,.T.);
#670=EDGE_CURVE('',#1094,#1093,#881,.T.);
#671=EDGE_CURVE('',#1095,#1094,#949,.T.);
#672=EDGE_CURVE('',#1096,#1095,#882,.T.);
#673=EDGE_CURVE('',#1097,#1096,#950,.T.);
#674=EDGE_CURVE('',#1091,#1097,#883,.T.);
#675=EDGE_CURVE('',#1098,#1099,#884,.T.);
#676=EDGE_CURVE('',#1100,#1098,#951,.T.);
#677=EDGE_CURVE('',#1101,#1100,#885,.T.);
#678=EDGE_CURVE('',#1102,#1101,#952,.T.);
#679=EDGE_CURVE('',#1103,#1102,#886,.T.);
#680=EDGE_CURVE('',#1104,#1103,#953,.T.);
#681=EDGE_CURVE('',#1105,#1104,#887,.T.);
#682=EDGE_CURVE('',#1099,#1105,#954,.T.);
#683=EDGE_CURVE('',#1106,#1107,#888,.T.);
#684=EDGE_CURVE('',#1108,#1106,#955,.T.);
#685=EDGE_CURVE('',#1109,#1108,#889,.T.);
#686=EDGE_CURVE('',#1110,#1109,#956,.T.);
#687=EDGE_CURVE('',#1111,#1110,#890,.T.);
#688=EDGE_CURVE('',#1112,#1111,#957,.T.);
#689=EDGE_CURVE('',#1113,#1112,#891,.T.);
#690=EDGE_CURVE('',#1107,#1113,#958,.T.);
#691=EDGE_CURVE('',#1114,#1115,#959,.T.);
#692=EDGE_CURVE('',#1116,#1114,#892,.T.);
#693=EDGE_CURVE('',#1117,#1116,#960,.T.);
#694=EDGE_CURVE('',#1118,#1117,#893,.T.);
#695=EDGE_CURVE('',#1119,#1118,#961,.T.);
#696=EDGE_CURVE('',#1120,#1119,#894,.T.);
#697=EDGE_CURVE('',#1121,#1120,#962,.T.);
#698=EDGE_CURVE('',#1115,#1121,#895,.T.);
#699=EDGE_CURVE('',#1122,#1123,#963,.T.);
#700=EDGE_CURVE('',#1124,#1122,#896,.T.);
#701=EDGE_CURVE('',#1125,#1124,#964,.T.);
#702=EDGE_CURVE('',#1126,#1125,#897,.T.);
#703=EDGE_CURVE('',#1127,#1126,#965,.T.);
#704=EDGE_CURVE('',#1128,#1127,#898,.T.);
#705=EDGE_CURVE('',#1129,#1128,#966,.T.);
#706=EDGE_CURVE('',#1123,#1129,#899,.T.);
#707=EDGE_CURVE('',#1074,#1136,#835,.T.);
#708=EDGE_CURVE('',#1075,#1137,#836,.T.);
#709=EDGE_CURVE('',#1076,#1138,#967,.T.);
#710=EDGE_CURVE('',#1077,#1139,#837,.T.);
#711=EDGE_CURVE('',#1078,#1140,#968,.T.);
#712=EDGE_CURVE('',#1079,#1141,#838,.T.);
#713=EDGE_CURVE('',#1080,#1142,#969,.T.);
#714=EDGE_CURVE('',#1081,#1143,#839,.T.);
#715=EDGE_CURVE('',#1082,#1144,#840,.T.);
#716=EDGE_CURVE('',#1083,#1145,#841,.T.);
#717=EDGE_CURVE('',#1084,#1146,#970,.T.);
#718=EDGE_CURVE('',#1085,#1147,#842,.T.);
#719=EDGE_CURVE('',#1086,#1148,#971,.T.);
#720=EDGE_CURVE('',#1087,#1149,#843,.T.);
#721=EDGE_CURVE('',#1088,#1150,#972,.T.);
#722=EDGE_CURVE('',#1089,#1151,#844,.T.);
#723=EDGE_CURVE('',#1090,#1152,#973,.T.);
#724=EDGE_CURVE('',#1091,#1153,#974,.T.);
#725=EDGE_CURVE('',#1092,#1154,#845,.T.);
#726=EDGE_CURVE('',#1093,#1155,#975,.T.);
#727=EDGE_CURVE('',#1094,#1156,#846,.T.);
#728=EDGE_CURVE('',#1095,#1157,#976,.T.);
#729=EDGE_CURVE('',#1096,#1158,#847,.T.);
#730=EDGE_CURVE('',#1097,#1159,#977,.T.);
#731=EDGE_CURVE('',#1098,#1160,#848,.T.);
#732=EDGE_CURVE('',#1099,#1161,#849,.T.);
#733=EDGE_CURVE('',#1100,#1162,#978,.T.);
#734=EDGE_CURVE('',#1101,#1163,#850,.T.);
#735=EDGE_CURVE('',#1102,#1164,#979,.T.);
#736=EDGE_CURVE('',#1103,#1165,#851,.T.);
#737=EDGE_CURVE('',#1104,#1166,#980,.T.);
#738=EDGE_CURVE('',#1105,#1167,#852,.T.);
#739=EDGE_CURVE('',#1106,#1168,#853,.T.);
#740=EDGE_CURVE('',#1107,#1169,#854,.T.);
#741=EDGE_CURVE('',#1108,#1170,#981,.T.);
#742=EDGE_CURVE('',#1109,#1171,#855,.T.);
#743=EDGE_CURVE('',#1110,#1172,#982,.T.);
#744=EDGE_CURVE('',#1111,#1173,#856,.T.);
#745=EDGE_CURVE('',#1112,#1174,#983,.T.);
#746=EDGE_CURVE('',#1113,#1175,#857,.T.);
#747=EDGE_CURVE('',#1114,#1176,#984,.T.);
#748=EDGE_CURVE('',#1115,#1177,#985,.T.);
#749=EDGE_CURVE('',#1116,#1178,#858,.T.);
#750=EDGE_CURVE('',#1117,#1179,#986,.T.);
#751=EDGE_CURVE('',#1118,#1180,#859,.T.);
#752=EDGE_CURVE('',#1119,#1181,#987,.T.);
#753=EDGE_CURVE('',#1120,#1182,#860,.T.);
#754=EDGE_CURVE('',#1121,#1183,#988,.T.);
#755=EDGE_CURVE('',#1122,#1184,#989,.T.);
#756=EDGE_CURVE('',#1123,#1185,#990,.T.);
#757=EDGE_CURVE('',#1124,#1186,#861,.T.);
#758=EDGE_CURVE('',#1125,#1187,#991,.T.);
#759=EDGE_CURVE('',#1126,#1188,#862,.T.);
#760=EDGE_CURVE('',#1127,#1189,#992,.T.);
#761=EDGE_CURVE('',#1128,#1190,#863,.T.);
#762=EDGE_CURVE('',#1129,#1191,#993,.T.);
#763=EDGE_CURVE('',#1063,#1071,#994,.T.);
#764=EDGE_CURVE('',#1062,#1072,#995,.T.);
#765=EDGE_CURVE('',#1064,#1131,#864,.T.);
#766=EDGE_CURVE('',#1065,#1130,#996,.T.);
#767=EDGE_CURVE('',#1066,#1132,#865,.T.);
#768=EDGE_CURVE('',#1067,#1133,#997,.T.);
#769=EDGE_CURVE('',#1068,#1134,#866,.T.);
#770=EDGE_CURVE('',#1069,#1135,#998,.T.);
#771=EDGE_CURVE('',#1070,#1073,#867,.T.);
#772=EDGE_CURVE('',#1130,#1131,#999,.T.);
#773=EDGE_CURVE('',#1132,#1133,#1000,.T.);
#774=EDGE_CURVE('',#1134,#1133,#1001,.T.);
#775=EDGE_CURVE('',#1073,#1135,#1002,.T.);
#776=EDGE_CURVE('',#1131,#1071,#1003,.T.);
#777=EDGE_CURVE('',#1132,#1130,#1004,.T.);
#778=EDGE_CURVE('',#1135,#1134,#1005,.T.);
#779=EDGE_CURVE('',#1136,#1137,#1006,.T.);
#780=EDGE_CURVE('',#1138,#1136,#1007,.T.);
#781=EDGE_CURVE('',#1139,#1138,#1008,.T.);
#782=EDGE_CURVE('',#1140,#1139,#1009,.T.);
#783=EDGE_CURVE('',#1141,#1140,#1010,.T.);
#784=EDGE_CURVE('',#1142,#1141,#1011,.T.);
#785=EDGE_CURVE('',#1143,#1142,#1012,.T.);
#786=EDGE_CURVE('',#1137,#1143,#1013,.T.);
#787=EDGE_CURVE('',#1144,#1145,#1014,.T.);
#788=EDGE_CURVE('',#1146,#1144,#1015,.T.);
#789=EDGE_CURVE('',#1147,#1146,#1016,.T.);
#790=EDGE_CURVE('',#1148,#1147,#1017,.T.);
#791=EDGE_CURVE('',#1149,#1148,#1018,.T.);
#792=EDGE_CURVE('',#1150,#1149,#1019,.T.);
#793=EDGE_CURVE('',#1151,#1150,#1020,.T.);
#794=EDGE_CURVE('',#1145,#1151,#1021,.T.);
#795=EDGE_CURVE('',#1152,#1153,#1022,.T.);
#796=EDGE_CURVE('',#1154,#1152,#1023,.T.);
#797=EDGE_CURVE('',#1155,#1154,#1024,.T.);
#798=EDGE_CURVE('',#1156,#1155,#1025,.T.);
#799=EDGE_CURVE('',#1157,#1156,#1026,.T.);
#800=EDGE_CURVE('',#1158,#1157,#1027,.T.);
#801=EDGE_CURVE('',#1159,#1158,#1028,.T.);
#802=EDGE_CURVE('',#1153,#1159,#1029,.T.);
#803=EDGE_CURVE('',#1160,#1161,#1030,.T.);
#804=EDGE_CURVE('',#1162,#1160,#1031,.T.);
#805=EDGE_CURVE('',#1163,#1162,#1032,.T.);
#806=EDGE_CURVE('',#1164,#1163,#1033,.T.);
#807=EDGE_CURVE('',#1165,#1164,#1034,.T.);
#808=EDGE_CURVE('',#1166,#1165,#1035,.T.);
#809=EDGE_CURVE('',#1167,#1166,#1036,.T.);
#810=EDGE_CURVE('',#1161,#1167,#1037,.T.);
#811=EDGE_CURVE('',#1168,#1169,#1038,.T.);
#812=EDGE_CURVE('',#1170,#1168,#1039,.T.);
#813=EDGE_CURVE('',#1171,#1170,#1040,.T.);
#814=EDGE_CURVE('',#1172,#1171,#1041,.T.);
#815=EDGE_CURVE('',#1173,#1172,#1042,.T.);
#816=EDGE_CURVE('',#1174,#1173,#1043,.T.);
#817=EDGE_CURVE('',#1175,#1174,#1044,.T.);
#818=EDGE_CURVE('',#1169,#1175,#1045,.T.);
#819=EDGE_CURVE('',#1176,#1177,#1046,.T.);
#820=EDGE_CURVE('',#1178,#1176,#1047,.T.);
#821=EDGE_CURVE('',#1179,#1178,#1048,.T.);
#822=EDGE_CURVE('',#1180,#1179,#1049,.T.);
#823=EDGE_CURVE('',#1181,#1180,#1050,.T.);
#824=EDGE_CURVE('',#1182,#1181,#1051,.T.);
#825=EDGE_CURVE('',#1183,#1182,#1052,.T.);
#826=EDGE_CURVE('',#1177,#1183,#1053,.T.);
#827=EDGE_CURVE('',#1184,#1185,#1054,.T.);
#828=EDGE_CURVE('',#1186,#1184,#1055,.T.);
#829=EDGE_CURVE('',#1187,#1186,#1056,.T.);
#830=EDGE_CURVE('',#1188,#1187,#1057,.T.);
#831=EDGE_CURVE('',#1189,#1188,#1058,.T.);
#832=EDGE_CURVE('',#1190,#1189,#1059,.T.);
#833=EDGE_CURVE('',#1191,#1190,#1060,.T.);
#834=EDGE_CURVE('',#1185,#1191,#1061,.T.);
#835=(
BOUNDED_CURVE()
B_SPLINE_CURVE(1,(#1974,#1975),.UNSPECIFIED.,.F.,.F.)
B_SPLINE_CURVE_WITH_KNOTS((2,2),(2.,82.2537127256808),.UNSPECIFIED.)
CURVE()
GEOMETRIC_REPRESENTATION_ITEM()
RATIONAL_B_SPLINE_CURVE((1.,1.))
REPRESENTATION_ITEM('')
);
#836=(
BOUNDED_CURVE()
B_SPLINE_CURVE(1,(#1976,#1977),.UNSPECIFIED.,.F.,.F.)
B_SPLINE_CURVE_WITH_KNOTS((2,2),(2.,80.1901909495972),.UNSPECIFIED.)
CURVE()
GEOMETRIC_REPRESENTATION_ITEM()
RATIONAL_B_SPLINE_CURVE((1.,1.))
REPRESENTATION_ITEM('')
);
#837=(
BOUNDED_CURVE()
B_SPLINE_CURVE(1,(#1980,#1981),.UNSPECIFIED.,.F.,.F.)
B_SPLINE_CURVE_WITH_KNOTS((2,2),(2.,99.1745912895665),.UNSPECIFIED.)
CURVE()
GEOMETRIC_REPRESENTATION_ITEM()
RATIONAL_B_SPLINE_CURVE((1.,1.))
REPRESENTATION_ITEM('')
);
#838=(
BOUNDED_CURVE()
B_SPLINE_CURVE(1,(#1984,#1985),.UNSPECIFIED.,.F.,.F.)
B_SPLINE_CURVE_WITH_KNOTS((2,2),(2.,97.1110695134829),.UNSPECIFIED.)
CURVE()
GEOMETRIC_REPRESENTATION_ITEM()
RATIONAL_B_SPLINE_CURVE((1.,1.))
REPRESENTATION_ITEM('')
);
#839=(
BOUNDED_CURVE()
B_SPLINE_CURVE(1,(#1988,#1989),.UNSPECIFIED.,.F.,.F.)
B_SPLINE_CURVE_WITH_KNOTS((2,2),(2.,80.1901909495972),.UNSPECIFIED.)
CURVE()
GEOMETRIC_REPRESENTATION_ITEM()
RATIONAL_B_SPLINE_CURVE((1.,1.))
REPRESENTATION_ITEM('')
);
#840=(
BOUNDED_CURVE()
B_SPLINE_CURVE(1,(#1990,#1991),.UNSPECIFIED.,.F.,.F.)
B_SPLINE_CURVE_WITH_KNOTS((2,2),(2.,77.3012604630802),.UNSPECIFIED.)
CURVE()
GEOMETRIC_REPRESENTATION_ITEM()
RATIONAL_B_SPLINE_CURVE((1.,1.))
REPRESENTATION_ITEM('')
);
#841=(
BOUNDED_CURVE()
B_SPLINE_CURVE(1,(#1992,#1993),.UNSPECIFIED.,.F.,.F.)
B_SPLINE_CURVE_WITH_KNOTS((2,2),(2.,79.3647822391638),.UNSPECIFIED.)
CURVE()
GEOMETRIC_REPRESENTATION_ITEM()
RATIONAL_B_SPLINE_CURVE((1.,1.))
REPRESENTATION_ITEM('')
);
#842=(
BOUNDED_CURVE()
B_SPLINE_CURVE(1,(#1996,#1997),.UNSPECIFIED.,.F.,.F.)
B_SPLINE_CURVE_WITH_KNOTS((2,2),(2.,60.3803818991945),.UNSPECIFIED.)
CURVE()
GEOMETRIC_REPRESENTATION_ITEM()
RATIONAL_B_SPLINE_CURVE((1.,1.))
REPRESENTATION_ITEM('')
);
#843=(
BOUNDED_CURVE()
B_SPLINE_CURVE(1,(#2000,#2001),.UNSPECIFIED.,.F.,.F.)
B_SPLINE_CURVE_WITH_KNOTS((2,2),(2.,62.4439036752781),.UNSPECIFIED.)
CURVE()
GEOMETRIC_REPRESENTATION_ITEM()
RATIONAL_B_SPLINE_CURVE((1.,1.))
REPRESENTATION_ITEM('')
);
#844=(
BOUNDED_CURVE()
B_SPLINE_CURVE(1,(#2004,#2005),.UNSPECIFIED.,.F.,.F.)
B_SPLINE_CURVE_WITH_KNOTS((2,2),(2.,79.3647822391638),.UNSPECIFIED.)
CURVE()
GEOMETRIC_REPRESENTATION_ITEM()
RATIONAL_B_SPLINE_CURVE((1.,1.))
REPRESENTATION_ITEM('')
);
#845=(
BOUNDED_CURVE()
B_SPLINE_CURVE(1,(#2010,#2011),.UNSPECIFIED.,.F.,.F.)
B_SPLINE_CURVE_WITH_KNOTS((2,2),(2.,57.4914514126774),.UNSPECIFIED.)
CURVE()
GEOMETRIC_REPRESENTATION_ITEM()
RATIONAL_B_SPLINE_CURVE((1.,1.))
REPRESENTATION_ITEM('')
);
#846=(
BOUNDED_CURVE()
B_SPLINE_CURVE(1,(#2014,#2015),.UNSPECIFIED.,.F.,.F.)
B_SPLINE_CURVE_WITH_KNOTS((2,2),(2.,40.5705728487917),.UNSPECIFIED.)
CURVE()
GEOMETRIC_REPRESENTATION_ITEM()
RATIONAL_B_SPLINE_CURVE((1.,1.))
REPRESENTATION_ITEM('')
);
#847=(
BOUNDED_CURVE()
B_SPLINE_CURVE(1,(#2018,#2019),.UNSPECIFIED.,.F.,.F.)
B_SPLINE_CURVE_WITH_KNOTS((2,2),(2.,48.2056034203011),.UNSPECIFIED.)
CURVE()
GEOMETRIC_REPRESENTATION_ITEM()
RATIONAL_B_SPLINE_CURVE((1.,1.))
REPRESENTATION_ITEM('')
);
#848=(
BOUNDED_CURVE()
B_SPLINE_CURVE(1,(#2022,#2023),.UNSPECIFIED.,.F.,.F.)
B_SPLINE_CURVE_WITH_KNOTS((2,2),(2.,57.4914514126774),.UNSPECIFIED.)
CURVE()
GEOMETRIC_REPRESENTATION_ITEM()
RATIONAL_B_SPLINE_CURVE((1.,1.))
REPRESENTATION_ITEM('')
);
#849=(
BOUNDED_CURVE()
B_SPLINE_CURVE(1,(#2024,#2025),.UNSPECIFIED.,.F.,.F.)
B_SPLINE_CURVE_WITH_KNOTS((2,2),(2.,59.5549099317033),.UNSPECIFIED.)
CURVE()
GEOMETRIC_REPRESENTATION_ITEM()
RATIONAL_B_SPLINE_CURVE((1.,1.))
REPRESENTATION_ITEM('')
);
#850=(
BOUNDED_CURVE()
B_SPLINE_CURVE(1,(#2028,#2029),.UNSPECIFIED.,.F.,.F.)
B_SPLINE_CURVE_WITH_KNOTS((2,2),(2.,40.5705728487917),.UNSPECIFIED.)
CURVE()
GEOMETRIC_REPRESENTATION_ITEM()
RATIONAL_B_SPLINE_CURVE((1.,1.))
REPRESENTATION_ITEM('')
);
#851=(
BOUNDED_CURVE()
B_SPLINE_CURVE(1,(#2032,#2033),.UNSPECIFIED.,.F.,.F.)
B_SPLINE_CURVE_WITH_KNOTS((2,2),(2.,42.6340946248753),.UNSPECIFIED.)
CURVE()
GEOMETRIC_REPRESENTATION_ITEM()
RATIONAL_B_SPLINE_CURVE((1.,1.))
REPRESENTATION_ITEM('')
);
#852=(
BOUNDED_CURVE()
B_SPLINE_CURVE(1,(#2036,#2037),.UNSPECIFIED.,.F.,.F.)
B_SPLINE_CURVE_WITH_KNOTS((2,2),(2.,59.5549099317033),.UNSPECIFIED.)
CURVE()
GEOMETRIC_REPRESENTATION_ITEM()
RATIONAL_B_SPLINE_CURVE((1.,1.))
REPRESENTATION_ITEM('')
);
#853=(
BOUNDED_CURVE()
B_SPLINE_CURVE(1,(#2038,#2039),.UNSPECIFIED.,.F.,.F.)
B_SPLINE_CURVE_WITH_KNOTS((2,2),(2.,57.4914514126774),.UNSPECIFIED.)
CURVE()
GEOMETRIC_REPRESENTATION_ITEM()
RATIONAL_B_SPLINE_CURVE((1.,1.))
REPRESENTATION_ITEM('')
);
#854=(
BOUNDED_CURVE()
B_SPLINE_CURVE(1,(#2040,#2041),.UNSPECIFIED.,.F.,.F.)
B_SPLINE_CURVE_WITH_KNOTS((2,2),(2.,59.5549099315717),.UNSPECIFIED.)
CURVE()
GEOMETRIC_REPRESENTATION_ITEM()
RATIONAL_B_SPLINE_CURVE((1.,1.))
REPRESENTATION_ITEM('')
);
#855=(
BOUNDED_CURVE()
B_SPLINE_CURVE(1,(#2044,#2045),.UNSPECIFIED.,.F.,.F.)
B_SPLINE_CURVE_WITH_KNOTS((2,2),(2.,40.5705728487917),.UNSPECIFIED.)
CURVE()
GEOMETRIC_REPRESENTATION_ITEM()
RATIONAL_B_SPLINE_CURVE((1.,1.))
REPRESENTATION_ITEM('')
);
#856=(
BOUNDED_CURVE()
B_SPLINE_CURVE(1,(#2048,#2049),.UNSPECIFIED.,.F.,.F.)
B_SPLINE_CURVE_WITH_KNOTS((2,2),(2.,42.6340946248754),.UNSPECIFIED.)
CURVE()
GEOMETRIC_REPRESENTATION_ITEM()
RATIONAL_B_SPLINE_CURVE((1.,1.))
REPRESENTATION_ITEM('')
);
#857=(
BOUNDED_CURVE()
B_SPLINE_CURVE(1,(#2052,#2053),.UNSPECIFIED.,.F.,.F.)
B_SPLINE_CURVE_WITH_KNOTS((2,2),(2.,59.5549099312581),.UNSPECIFIED.)
CURVE()
GEOMETRIC_REPRESENTATION_ITEM()
RATIONAL_B_SPLINE_CURVE((1.,1.))
REPRESENTATION_ITEM('')
);
#858=(
BOUNDED_CURVE()
B_SPLINE_CURVE(1,(#2058,#2059),.UNSPECIFIED.,.F.,.F.)
B_SPLINE_CURVE_WITH_KNOTS((2,2),(2.,82.2537127256809),.UNSPECIFIED.)
CURVE()
GEOMETRIC_REPRESENTATION_ITEM()
RATIONAL_B_SPLINE_CURVE((1.,1.))
REPRESENTATION_ITEM('')
);
#859=(
BOUNDED_CURVE()
B_SPLINE_CURVE(1,(#2062,#2063),.UNSPECIFIED.,.F.,.F.)
B_SPLINE_CURVE_WITH_KNOTS((2,2),(2.,99.1745912895665),.UNSPECIFIED.)
CURVE()
GEOMETRIC_REPRESENTATION_ITEM()
RATIONAL_B_SPLINE_CURVE((1.,1.))
REPRESENTATION_ITEM('')
);
#860=(
BOUNDED_CURVE()
B_SPLINE_CURVE(1,(#2066,#2067),.UNSPECIFIED.,.F.,.F.)
B_SPLINE_CURVE_WITH_KNOTS((2,2),(2.,90.9205041852321),.UNSPECIFIED.)
CURVE()
GEOMETRIC_REPRESENTATION_ITEM()
RATIONAL_B_SPLINE_CURVE((1.,1.))
REPRESENTATION_ITEM('')
);
#861=(
BOUNDED_CURVE()
B_SPLINE_CURVE(1,(#2074,#2075),.UNSPECIFIED.,.F.,.F.)
B_SPLINE_CURVE_WITH_KNOTS((2,2),(2.,77.3012604630802),.UNSPECIFIED.)
CURVE()
GEOMETRIC_REPRESENTATION_ITEM()
RATIONAL_B_SPLINE_CURVE((1.,1.))
REPRESENTATION_ITEM('')
);
#862=(
BOUNDED_CURVE()
B_SPLINE_CURVE(1,(#2078,#2079),.UNSPECIFIED.,.F.,.F.)
B_SPLINE_CURVE_WITH_KNOTS((2,2),(2.,60.3803818991945),.UNSPECIFIED.)
CURVE()
GEOMETRIC_REPRESENTATION_ITEM()
RATIONAL_B_SPLINE_CURVE((1.,1.))
REPRESENTATION_ITEM('')
);
#863=(
BOUNDED_CURVE()
B_SPLINE_CURVE(1,(#2082,#2083),.UNSPECIFIED.,.F.,.F.)
B_SPLINE_CURVE_WITH_KNOTS((2,2),(2.,62.4439036752781),.UNSPECIFIED.)
CURVE()
GEOMETRIC_REPRESENTATION_ITEM()
RATIONAL_B_SPLINE_CURVE((1.,1.))
REPRESENTATION_ITEM('')
);
#864=(
BOUNDED_CURVE()
B_SPLINE_CURVE(1,(#2092,#2093,#2094),.UNSPECIFIED.,.F.,.F.)
B_SPLINE_CURVE_WITH_KNOTS((2,1,2),(0.,2.,91.7459128956655),
 .UNSPECIFIED.)
CURVE()
GEOMETRIC_REPRESENTATION_ITEM()
RATIONAL_B_SPLINE_CURVE((1.,1.,1.))
REPRESENTATION_ITEM('')
);
#865=(
BOUNDED_CURVE()
B_SPLINE_CURVE(1,(#2098,#2099,#2100),.UNSPECIFIED.,.F.,.F.)
B_SPLINE_CURVE_WITH_KNOTS((2,1,2),(0.,2.,39.7451641383583),
 .UNSPECIFIED.)
CURVE()
GEOMETRIC_REPRESENTATION_ITEM()
RATIONAL_B_SPLINE_CURVE((1.,1.,1.))
REPRESENTATION_ITEM('')
);
#866=(
BOUNDED_CURVE()
B_SPLINE_CURVE(1,(#2104,#2105,#2106),.UNSPECIFIED.,.F.,.F.)
B_SPLINE_CURVE_WITH_KNOTS((2,1,2),(0.,2.,47.9992512426928),
 .UNSPECIFIED.)
CURVE()
GEOMETRIC_REPRESENTATION_ITEM()
RATIONAL_B_SPLINE_CURVE((1.,1.,1.))
REPRESENTATION_ITEM('')
);
#867=(
BOUNDED_CURVE()
B_SPLINE_CURVE(1,(#2110,#2111,#2112),.UNSPECIFIED.,.F.,.F.)
B_SPLINE_CURVE_WITH_KNOTS((2,1,2),(0.,2.,100.),.UNSPECIFIED.)
CURVE()
GEOMETRIC_REPRESENTATION_ITEM()
RATIONAL_B_SPLINE_CURVE((1.,1.,1.))
REPRESENTATION_ITEM('')
);
#868=TRIMMED_CURVE($,#900,(#1811),(#1812),.T.,.CARTESIAN.);
#869=TRIMMED_CURVE($,#901,(#1816),(#1817),.T.,.CARTESIAN.);
#870=TRIMMED_CURVE($,#902,(#1821),(#1822),.T.,.CARTESIAN.);
#871=TRIMMED_CURVE($,#903,(#1826),(#1827),.T.,.CARTESIAN.);
#872=TRIMMED_CURVE($,#904,(#1835),(#1836),.T.,.CARTESIAN.);
#873=TRIMMED_CURVE($,#905,(#1840),(#1841),.T.,.CARTESIAN.);
#874=TRIMMED_CURVE($,#906,(#1845),(#1846),.T.,.CARTESIAN.);
#875=TRIMMED_CURVE($,#907,(#1850),(#1851),.T.,.CARTESIAN.);
#876=TRIMMED_CURVE($,#908,(#1855),(#1856),.T.,.CARTESIAN.);
#877=TRIMMED_CURVE($,#909,(#1860),(#1861),.T.,.CARTESIAN.);
#878=TRIMMED_CURVE($,#910,(#1865),(#1866),.T.,.CARTESIAN.);
#879=TRIMMED_CURVE($,#911,(#1870),(#1871),.T.,.CARTESIAN.);
#880=TRIMMED_CURVE($,#912,(#1877),(#1878),.T.,.CARTESIAN.);
#881=TRIMMED_CURVE($,#913,(#1882),(#1883),.T.,.CARTESIAN.);
#882=TRIMMED_CURVE($,#914,(#1887),(#1888),.T.,.CARTESIAN.);
#883=TRIMMED_CURVE($,#915,(#1892),(#1893),.T.,.CARTESIAN.);
#884=TRIMMED_CURVE($,#916,(#1895),(#1896),.T.,.CARTESIAN.);
#885=TRIMMED_CURVE($,#917,(#1900),(#1901),.T.,.CARTESIAN.);
#886=TRIMMED_CURVE($,#918,(#1905),(#1906),.T.,.CARTESIAN.);
#887=TRIMMED_CURVE($,#919,(#1910),(#1911),.T.,.CARTESIAN.);
#888=TRIMMED_CURVE($,#920,(#1915),(#1916),.T.,.CARTESIAN.);
#889=TRIMMED_CURVE($,#921,(#1920),(#1921),.T.,.CARTESIAN.);
#890=TRIMMED_CURVE($,#922,(#1925),(#1926),.T.,.CARTESIAN.);
#891=TRIMMED_CURVE($,#923,(#1930),(#1931),.T.,.CARTESIAN.);
#892=TRIMMED_CURVE($,#924,(#1937),(#1938),.T.,.CARTESIAN.);
#893=TRIMMED_CURVE($,#925,(#1942),(#1943),.T.,.CARTESIAN.);
#894=TRIMMED_CURVE($,#926,(#1947),(#1948),.T.,.CARTESIAN.);
#895=TRIMMED_CURVE($,#927,(#1952),(#1953),.T.,.CARTESIAN.);
#896=TRIMMED_CURVE($,#928,(#1957),(#1958),.T.,.CARTESIAN.);
#897=TRIMMED_CURVE($,#929,(#1962),(#1963),.T.,.CARTESIAN.);
#898=TRIMMED_CURVE($,#930,(#1967),(#1968),.T.,.CARTESIAN.);
#899=TRIMMED_CURVE($,#931,(#1972),(#1973),.T.,.CARTESIAN.);
#900=CIRCLE('',#1428,20.);
#901=CIRCLE('',#1429,20.);
#902=CIRCLE('',#1430,20.);
#903=CIRCLE('',#1431,20.);
#904=CIRCLE('',#1432,5.00000000000008);
#905=CIRCLE('',#1433,19.9999999999999);
#906=CIRCLE('',#1434,5.00000000000008);
#907=CIRCLE('',#1435,5.00000000000007);
#908=CIRCLE('',#1436,4.99999999999996);
#909=CIRCLE('',#1437,4.99999999999999);
#910=CIRCLE('',#1438,5.00000000000001);
#911=CIRCLE('',#1439,4.99999999999997);
#912=CIRCLE('',#1440,5.00018731953178);
#913=CIRCLE('',#1441,4.99999999999998);
#914=CIRCLE('',#1442,18.5);
#915=CIRCLE('',#1443,5.00018728511947);
#916=CIRCLE('',#1444,5.00018727051645);
#917=CIRCLE('',#1445,4.99999999999999);
#918=CIRCLE('',#1446,5.);
#919=CIRCLE('',#1447,5.00018727051646);
#920=CIRCLE('',#1448,5.00018728511946);
#921=CIRCLE('',#1449,18.5);
#922=CIRCLE('',#1450,5.00000000000004);
#923=CIRCLE('',#1451,5.00018731953175);
#924=CIRCLE('',#1452,5.00000000000005);
#925=CIRCLE('',#1453,4.99999999999991);
#926=CIRCLE('',#1454,20.);
#927=CIRCLE('',#1455,5.00000000000004);
#928=CIRCLE('',#1456,4.99999999999994);
#929=CIRCLE('',#1457,5.00000000000005);
#930=CIRCLE('',#1458,4.99999999999999);
#931=CIRCLE('',#1459,5.00000000000001);
#932=B_SPLINE_CURVE_WITH_KNOTS('',1,(#1808,#1809),.UNSPECIFIED.,.F.,.F.,
(2,2),(-873.663706143592,-826.663706143592),.UNSPECIFIED.);
#933=B_SPLINE_CURVE_WITH_KNOTS('',1,(#1813,#1814),.UNSPECIFIED.,.F.,.F.,
(2,2),(-795.247779607694,-689.247779607694),.UNSPECIFIED.);
#934=B_SPLINE_CURVE_WITH_KNOTS('',1,(#1818,#1819),.UNSPECIFIED.,.F.,.F.,
(2,2),(-657.831853071796,-563.831853071796),.UNSPECIFIED.);
#935=B_SPLINE_CURVE_WITH_KNOTS('',1,(#1823,#1824),.UNSPECIFIED.,.F.,.F.,
(2,2),(-532.415926535898,-426.415926535898),.UNSPECIFIED.);
#936=B_SPLINE_CURVE_WITH_KNOTS('',1,(#1828,#1829),.UNSPECIFIED.,.F.,.F.,
(2,2),(-395.,-348.),.UNSPECIFIED.);
#937=B_SPLINE_CURVE_WITH_KNOTS('',1,(#1830,#1831),.UNSPECIFIED.,.F.,.F.,
(2,2),(826.663706143592,873.663706143592),.UNSPECIFIED.);
#938=B_SPLINE_CURVE_WITH_KNOTS('',1,(#1832,#1833),.UNSPECIFIED.,.F.,.F.,
(2,2),(348.,395.),.UNSPECIFIED.);
#939=B_SPLINE_CURVE_WITH_KNOTS('',1,(#1837,#1838),.UNSPECIFIED.,.F.,.F.,
(2,2),(319.602540105156,340.146018366026),.UNSPECIFIED.);
#940=B_SPLINE_CURVE_WITH_KNOTS('',1,(#1842,#1843),.UNSPECIFIED.,.F.,.F.,
(2,2),(249.795988569258,288.186613569258),.UNSPECIFIED.);
#941=B_SPLINE_CURVE_WITH_KNOTS('',1,(#1847,#1848),.UNSPECIFIED.,.F.,.F.,
(2,2),(-42.9999999999999,-6.99999999999996),.UNSPECIFIED.);
#942=B_SPLINE_CURVE_WITH_KNOTS('',1,(#1852,#1853),.UNSPECIFIED.,.F.,.F.,
(2,2),(145.714383996961,198.870633996961),.UNSPECIFIED.);
#943=B_SPLINE_CURVE_WITH_KNOTS('',1,(#1857,#1858),.UNSPECIFIED.,.F.,.F.,
(2,2),(-91.,-55.),.UNSPECIFIED.);
#944=B_SPLINE_CURVE_WITH_KNOTS('',1,(#1862,#1863),.UNSPECIFIED.,.F.,.F.,
(2,2),(39.1626707290123,94.0064207290123),.UNSPECIFIED.);
#945=B_SPLINE_CURVE_WITH_KNOTS('',1,(#1867,#1868),.UNSPECIFIED.,.F.,.F.,
(2,2),(-4.69131090496206,31.3086890950377),.UNSPECIFIED.);
#946=B_SPLINE_CURVE_WITH_KNOTS('',1,(#1872,#1873),.UNSPECIFIED.,.F.,.F.,
(2,2),(-67.3890425389367,-12.5452925389366),.UNSPECIFIED.);
#947=B_SPLINE_CURVE_WITH_KNOTS('',1,(#1874,#1875),.UNSPECIFIED.,.F.,.F.,
(2,2),(-99.4997779748458,-67.3890425389367),.UNSPECIFIED.);
#948=B_SPLINE_CURVE_WITH_KNOTS('',1,(#1879,#1880),.UNSPECIFIED.,.F.,.F.,
(2,2),(-143.292402038572,-107.292402038572),.UNSPECIFIED.);
#949=B_SPLINE_CURVE_WITH_KNOTS('',1,(#1884,#1885),.UNSPECIFIED.,.F.,.F.,
(2,2),(-169.646383672547,-151.146383672547),.UNSPECIFIED.);
#950=B_SPLINE_CURVE_WITH_KNOTS('',1,(#1889,#1890),.UNSPECIFIED.,.F.,.F.,
(2,2),(-223.562310208445,-201.062310208445),.UNSPECIFIED.);
#951=B_SPLINE_CURVE_WITH_KNOTS('',1,(#1897,#1898),.UNSPECIFIED.,.F.,.F.,
(2,2),(-275.930167398736,-239.147558703084),.UNSPECIFIED.);
#952=B_SPLINE_CURVE_WITH_KNOTS('',1,(#1902,#1903),.UNSPECIFIED.,.F.,.F.,
(2,2),(-315.78414903271,-283.78414903271),.UNSPECIFIED.);
#953=B_SPLINE_CURVE_WITH_KNOTS('',1,(#1907,#1908),.UNSPECIFIED.,.F.,.F.,
(2,2),(-360.420739362337,-323.638130666685),.UNSPECIFIED.);
#954=B_SPLINE_CURVE_WITH_KNOTS('',1,(#1912,#1913),.UNSPECIFIED.,.F.,.F.,
(2,2),(-400.324099076897,-368.213363641511),.UNSPECIFIED.);
#955=B_SPLINE_CURVE_WITH_KNOTS('',1,(#1917,#1918),.UNSPECIFIED.,.F.,.F.,
(2,2),(-430.616723292362,-408.116723292362),.UNSPECIFIED.);
#956=B_SPLINE_CURVE_WITH_KNOTS('',1,(#1922,#1923),.UNSPECIFIED.,.F.,.F.,
(2,2),(-480.53264982826,-462.03264982826),.UNSPECIFIED.);
#957=B_SPLINE_CURVE_WITH_KNOTS('',1,(#1927,#1928),.UNSPECIFIED.,.F.,.F.,
(2,2),(-524.386631462235,-488.386631462235),.UNSPECIFIED.);
#958=B_SPLINE_CURVE_WITH_KNOTS('',1,(#1932,#1933),.UNSPECIFIED.,.F.,.F.,
(2,2),(-564.28999096187,-532.179255525961),.UNSPECIFIED.);
#959=B_SPLINE_CURVE_WITH_KNOTS('',1,(#1934,#1935),.UNSPECIFIED.,.F.,.F.,
(2,2),(-617.446240961871,-564.28999096187),.UNSPECIFIED.);
#960=B_SPLINE_CURVE_WITH_KNOTS('',1,(#1939,#1940),.UNSPECIFIED.,.F.,.F.,
(2,2),(6.99999999999999,43.),.UNSPECIFIED.);
#961=B_SPLINE_CURVE_WITH_KNOTS('',1,(#1944,#1945),.UNSPECIFIED.,.F.,.F.,
(2,2),(-706.762220534167,-668.371595534167),.UNSPECIFIED.);
#962=B_SPLINE_CURVE_WITH_KNOTS('',1,(#1949,#1950),.UNSPECIFIED.,.F.,.F.,
(2,2),(-758.721625330935,-738.178147070065),.UNSPECIFIED.);
#963=B_SPLINE_CURVE_WITH_KNOTS('',1,(#1954,#1955),.UNSPECIFIED.,.F.,.F.,
(2,2),(-821.419356964909,-766.575606964909),.UNSPECIFIED.);
#964=B_SPLINE_CURVE_WITH_KNOTS('',1,(#1959,#1960),.UNSPECIFIED.,.F.,.F.,
(2,2),(-865.273338598883,-829.273338598884),.UNSPECIFIED.);
#965=B_SPLINE_CURVE_WITH_KNOTS('',1,(#1964,#1965),.UNSPECIFIED.,.F.,.F.,
(2,2),(-927.971070232858,-873.127320232858),.UNSPECIFIED.);
#966=B_SPLINE_CURVE_WITH_KNOTS('',1,(#1969,#1970),.UNSPECIFIED.,.F.,.F.,
(2,2),(55.,91.),.UNSPECIFIED.);
#967=B_SPLINE_CURVE_WITH_KNOTS('',1,(#1978,#1979),.UNSPECIFIED.,.F.,.F.,
(2,2),(2.,90.9205041852321),.UNSPECIFIED.);
#968=B_SPLINE_CURVE_WITH_KNOTS('',1,(#1982,#1983),.UNSPECIFIED.,.F.,.F.,
(2,2),(2.,99.1745912895665),.UNSPECIFIED.);
#969=B_SPLINE_CURVE_WITH_KNOTS('',1,(#1986,#1987),.UNSPECIFIED.,.F.,.F.,
(2,2),(2.,82.2537127256809),.UNSPECIFIED.);
#970=B_SPLINE_CURVE_WITH_KNOTS('',1,(#1994,#1995),.UNSPECIFIED.,.F.,.F.,
(2,2),(2.,62.4439036752781),.UNSPECIFIED.);
#971=B_SPLINE_CURVE_WITH_KNOTS('',1,(#1998,#1999),.UNSPECIFIED.,.F.,.F.,
(2,2),(2.,60.3803818991945),.UNSPECIFIED.);
#972=B_SPLINE_CURVE_WITH_KNOTS('',1,(#2002,#2003),.UNSPECIFIED.,.F.,.F.,
(2,2),(2.,77.3012604630802),.UNSPECIFIED.);
#973=B_SPLINE_CURVE_WITH_KNOTS('',1,(#2006,#2007),.UNSPECIFIED.,.F.,.F.,
(2,2),(2.,59.5549099312581),.UNSPECIFIED.);
#974=B_SPLINE_CURVE_WITH_KNOTS('',1,(#2008,#2009),.UNSPECIFIED.,.F.,.F.,
(2,2),(2.,59.5549099315717),.UNSPECIFIED.);
#975=B_SPLINE_CURVE_WITH_KNOTS('',1,(#2012,#2013),.UNSPECIFIED.,.F.,.F.,
(2,2),(2.,42.6340946248753),.UNSPECIFIED.);
#976=B_SPLINE_CURVE_WITH_KNOTS('',1,(#2016,#2017),.UNSPECIFIED.,.F.,.F.,
(2,2),(2.,40.5705728487917),.UNSPECIFIED.);
#977=B_SPLINE_CURVE_WITH_KNOTS('',1,(#2020,#2021),.UNSPECIFIED.,.F.,.F.,
(2,2),(2.,57.4914514126774),.UNSPECIFIED.);
#978=B_SPLINE_CURVE_WITH_KNOTS('',1,(#2026,#2027),.UNSPECIFIED.,.F.,.F.,
(2,2),(2.,42.6340946248753),.UNSPECIFIED.);
#979=B_SPLINE_CURVE_WITH_KNOTS('',1,(#2030,#2031),.UNSPECIFIED.,.F.,.F.,
(2,2),(2.,40.5705728487917),.UNSPECIFIED.);
#980=B_SPLINE_CURVE_WITH_KNOTS('',1,(#2034,#2035),.UNSPECIFIED.,.F.,.F.,
(2,2),(2.,57.4914514126774),.UNSPECIFIED.);
#981=B_SPLINE_CURVE_WITH_KNOTS('',1,(#2042,#2043),.UNSPECIFIED.,.F.,.F.,
(2,2),(2.,48.2056034203011),.UNSPECIFIED.);
#982=B_SPLINE_CURVE_WITH_KNOTS('',1,(#2046,#2047),.UNSPECIFIED.,.F.,.F.,
(2,2),(2.,40.5705728487917),.UNSPECIFIED.);
#983=B_SPLINE_CURVE_WITH_KNOTS('',1,(#2050,#2051),.UNSPECIFIED.,.F.,.F.,
(2,2),(2.,57.4914514126774),.UNSPECIFIED.);
#984=B_SPLINE_CURVE_WITH_KNOTS('',1,(#2054,#2055),.UNSPECIFIED.,.F.,.F.,
(2,2),(2.,80.1901909495972),.UNSPECIFIED.);
#985=B_SPLINE_CURVE_WITH_KNOTS('',1,(#2056,#2057),.UNSPECIFIED.,.F.,.F.,
(2,2),(2.,80.1901909495972),.UNSPECIFIED.);
#986=B_SPLINE_CURVE_WITH_KNOTS('',1,(#2060,#2061),.UNSPECIFIED.,.F.,.F.,
(2,2),(2.,97.1110695134829),.UNSPECIFIED.);
#987=B_SPLINE_CURVE_WITH_KNOTS('',1,(#2064,#2065),.UNSPECIFIED.,.F.,.F.,
(2,2),(2.,99.1745912895665),.UNSPECIFIED.);
#988=B_SPLINE_CURVE_WITH_KNOTS('',1,(#2068,#2069),.UNSPECIFIED.,.F.,.F.,
(2,2),(2.,82.2537127256808),.UNSPECIFIED.);
#989=B_SPLINE_CURVE_WITH_KNOTS('',1,(#2070,#2071),.UNSPECIFIED.,.F.,.F.,
(2,2),(2.,79.3647822391638),.UNSPECIFIED.);
#990=B_SPLINE_CURVE_WITH_KNOTS('',1,(#2072,#2073),.UNSPECIFIED.,.F.,.F.,
(2,2),(2.,79.3647822391638),.UNSPECIFIED.);
#991=B_SPLINE_CURVE_WITH_KNOTS('',1,(#2076,#2077),.UNSPECIFIED.,.F.,.F.,
(2,2),(2.,62.4439036752781),.UNSPECIFIED.);
#992=B_SPLINE_CURVE_WITH_KNOTS('',1,(#2080,#2081),.UNSPECIFIED.,.F.,.F.,
(2,2),(2.,60.3803818991945),.UNSPECIFIED.);
#993=B_SPLINE_CURVE_WITH_KNOTS('',1,(#2084,#2085),.UNSPECIFIED.,.F.,.F.,
(2,2),(2.,77.3012604630802),.UNSPECIFIED.);
#994=B_SPLINE_CURVE_WITH_KNOTS('',1,(#2086,#2087,#2088),.UNSPECIFIED.,.F.,
 .F.,(2,1,2),(0.,2.,100.),.UNSPECIFIED.);
#995=B_SPLINE_CURVE_WITH_KNOTS('',1,(#2089,#2090,#2091),.UNSPECIFIED.,.F.,
 .F.,(2,1,2),(0.,2.,100.),.UNSPECIFIED.);
#996=B_SPLINE_CURVE_WITH_KNOTS('',1,(#2095,#2096,#2097),.UNSPECIFIED.,.F.,
 .F.,(2,1,2),(0.,2.,47.9992512426928),.UNSPECIFIED.);
#997=B_SPLINE_CURVE_WITH_KNOTS('',1,(#2101,#2102,#2103),.UNSPECIFIED.,.F.,
 .F.,(2,1,2),(0.,2.,39.7451641383583),.UNSPECIFIED.);
#998=B_SPLINE_CURVE_WITH_KNOTS('',1,(#2107,#2108,#2109),.UNSPECIFIED.,.F.,
 .F.,(2,1,2),(0.,2.,91.7459128956655),.UNSPECIFIED.);
#999=B_SPLINE_CURVE_WITH_KNOTS('',1,(#2113,#2114),.UNSPECIFIED.,.F.,.F.,
(2,2),(-136.308759334536,-21.636311005482),.UNSPECIFIED.);
#1000=B_SPLINE_CURVE_WITH_KNOTS('',1,(#2115,#2116),.UNSPECIFIED.,.F.,.F.,
(2,2),(61.,155.),.UNSPECIFIED.);
#1001=B_SPLINE_CURVE_WITH_KNOTS('',3,(#2117,#2118,#2119,#2120,#2121,#2122,
#2123,#2124,#2125,#2126,#2127,#2128),.UNSPECIFIED.,.F.,.F.,(4,2,2,2,2,4),
(0.,4.0871333788614,8.17443074898411,16.3637981310559,24.6212792216532,
32.89471844322),.UNSPECIFIED.);
#1002=B_SPLINE_CURVE_WITH_KNOTS('',3,(#2129,#2130,#2131,#2132,#2133,#2134,
#2135,#2136,#2137,#2138,#2139,#2140),.UNSPECIFIED.,.F.,.F.,(4,2,2,2,2,4),
(0.,8.27343922156717,16.5309203121654,24.7202876942365,28.8075850643584,
32.89471844322),.UNSPECIFIED.);
#1003=B_SPLINE_CURVE_WITH_KNOTS('',3,(#2141,#2142,#2143,#2144,#2145,#2146,
#2147,#2148,#2149,#2150,#2151,#2152),.UNSPECIFIED.,.F.,.F.,(4,2,2,2,2,4),
(0.,4.0871333788612,8.1744307489839,16.3637981310559,24.6212792216526,32.89471844322),
 .UNSPECIFIED.);
#1004=B_SPLINE_CURVE_WITH_KNOTS('',3,(#2153,#2154,#2155,#2156,#2157,#2158,
#2159,#2160,#2161,#2162,#2163,#2164),.UNSPECIFIED.,.F.,.F.,(4,2,2,2,2,4),
(0.,8.27343922156719,16.5309203121644,24.7202876942361,28.8075850643581,
32.89471844322),.UNSPECIFIED.);
#1005=B_SPLINE_CURVE_WITH_KNOTS('',1,(#2165,#2166),.UNSPECIFIED.,.F.,.F.,
(2,2),(21.636311005482,136.308759334536),.UNSPECIFIED.);
#1006=B_SPLINE_CURVE_WITH_KNOTS('',3,(#2167,#2168,#2169,#2170,#2171,#2172,
#2173,#2174,#2175,#2176),.UNSPECIFIED.,.F.,.F.,(4,2,2,2,4),(0.,2.0472714876019,
4.09600448512232,6.16177748026892,8.23154271901743),.UNSPECIFIED.);
#1007=B_SPLINE_CURVE_WITH_KNOTS('',1,(#2177,#2178),.UNSPECIFIED.,.F.,.F.,
(2,2),(23.7999421060302,46.5180686617863),.UNSPECIFIED.);
#1008=B_SPLINE_CURVE_WITH_KNOTS('',3,(#2179,#2180,#2181,#2182,#2183,#2184,
#2185,#2186,#2187,#2188,#2189,#2190),.UNSPECIFIED.,.F.,.F.,(4,2,2,2,2,4),
(0.,8.27343922156644,16.5309203121639,24.7202876942353,28.8075850643587,
32.89471844322),.UNSPECIFIED.);
#1009=B_SPLINE_CURVE_WITH_KNOTS('',1,(#2191,#2192),.UNSPECIFIED.,.F.,.F.,
(2,2),(-102.,-63.),.UNSPECIFIED.);
#1010=B_SPLINE_CURVE_WITH_KNOTS('',3,(#2193,#2194,#2195,#2196,#2197,#2198,
#2199,#2200,#2201,#2202),.UNSPECIFIED.,.F.,.F.,(4,2,2,2,4),(0.,2.04727148760196,
4.09600448512286,6.1617774802696,8.23154271901736),.UNSPECIFIED.);
#1011=B_SPLINE_CURVE_WITH_KNOTS('',1,(#2203,#2204),.UNSPECIFIED.,.F.,.F.,
(2,2),(-46.5180686617862,-7.57270885191865),.UNSPECIFIED.);
#1012=B_SPLINE_CURVE_WITH_KNOTS('',3,(#2205,#2206,#2207,#2208,#2209,#2210,
#2211,#2212,#2213,#2214),.UNSPECIFIED.,.F.,.F.,(4,2,2,2,4),(0.,2.06976523874837,
4.13553823389486,6.1842712314156,8.23154271901753),.UNSPECIFIED.);
#1013=B_SPLINE_CURVE_WITH_KNOTS('',1,(#2215,#2216),.UNSPECIFIED.,.F.,.F.,
(2,2),(47.9999999999999,102.),.UNSPECIFIED.);
#1014=B_SPLINE_CURVE_WITH_KNOTS('',3,(#2217,#2218,#2219,#2220,#2221,#2222,
#2223,#2224,#2225,#2226),.UNSPECIFIED.,.F.,.F.,(4,2,2,2,4),(0.,2.04727148760183,
4.09600448512263,6.16177748026893,8.23154271901749),.UNSPECIFIED.);
#1015=B_SPLINE_CURVE_WITH_KNOTS('',1,(#2227,#2228),.UNSPECIFIED.,.F.,.F.,
(2,2),(-98.445215074943,-59.4998552650755),.UNSPECIFIED.);
#1016=B_SPLINE_CURVE_WITH_KNOTS('',3,(#2229,#2230,#2231,#2232,#2233,#2234,
#2235,#2236,#2237,#2238),.UNSPECIFIED.,.F.,.F.,(4,2,2,2,4),(0.,2.06976523874841,
4.13553823389491,6.18427123141566,8.23154271901747),.UNSPECIFIED.);
#1017=B_SPLINE_CURVE_WITH_KNOTS('',1,(#2239,#2240),.UNSPECIFIED.,.F.,.F.,
(2,2),(39.1626707290123,94.0064207290123),.UNSPECIFIED.);
#1018=B_SPLINE_CURVE_WITH_KNOTS('',3,(#2241,#2242,#2243,#2244,#2245,#2246,
#2247,#2248,#2249,#2250),.UNSPECIFIED.,.F.,.F.,(4,2,2,2,4),(0.,2.04727148760165,
4.09600448512245,6.16177748026922,8.23154271901748),.UNSPECIFIED.);
#1019=B_SPLINE_CURVE_WITH_KNOTS('',1,(#2251,#2252),.UNSPECIFIED.,.F.,.F.,
(2,2),(59.4998552650755,98.445215074943),.UNSPECIFIED.);
#1020=B_SPLINE_CURVE_WITH_KNOTS('',3,(#2253,#2254,#2255,#2256,#2257,#2258,
#2259,#2260,#2261,#2262),.UNSPECIFIED.,.F.,.F.,(4,2,2,2,4),(0.,2.06976523874811,
4.13553823389466,6.18427123141603,8.2315427190175),.UNSPECIFIED.);
#1021=B_SPLINE_CURVE_WITH_KNOTS('',1,(#2263,#2264),.UNSPECIFIED.,.F.,.F.,
(2,2),(-102.,-48.),.UNSPECIFIED.);
#1022=B_SPLINE_CURVE_WITH_KNOTS('',1,(#2265,#2266),.UNSPECIFIED.,.F.,.F.,
(2,2),(-99.4997779748458,-67.3890425389367),.UNSPECIFIED.);
#1023=B_SPLINE_CURVE_WITH_KNOTS('',3,(#2267,#2268,#2269,#2270,#2271,#2272,
#2273,#2274,#2275,#2276),.UNSPECIFIED.,.F.,.F.,(4,2,2,2,4),(0.,2.033470911684,
4.06835265861406,6.11976272585402,8.17508866419642),.UNSPECIFIED.);
#1024=B_SPLINE_CURVE_WITH_KNOTS('',1,(#2277,#2278),.UNSPECIFIED.,.F.,.F.,
(2,2),(-150.3723614881,-111.427001678232),.UNSPECIFIED.);
#1025=B_SPLINE_CURVE_WITH_KNOTS('',3,(#2279,#2280,#2281,#2282,#2283,#2284,
#2285,#2286,#2287,#2288),.UNSPECIFIED.,.F.,.F.,(4,2,2,2,4),(0.,2.0697652387483,
4.13553823389487,6.18427123141559,8.2315427190175),.UNSPECIFIED.);
#1026=B_SPLINE_CURVE_WITH_KNOTS('',1,(#2289,#2290),.UNSPECIFIED.,.F.,.F.,
(2,2),(-169.646383672547,-151.146383672547),.UNSPECIFIED.);
#1027=B_SPLINE_CURVE_WITH_KNOTS('',3,(#2291,#2292,#2293,#2294,#2295,#2296,
#2297,#2298,#2299,#2300,#2301,#2302),.UNSPECIFIED.,.F.,.F.,(4,2,2,2,2,4),
(0.,3.78059837542535,7.56134844275556,15.1365132714528,22.7746832801435,
30.4276145599832),.UNSPECIFIED.);
#1028=B_SPLINE_CURVE_WITH_KNOTS('',1,(#2303,#2304),.UNSPECIFIED.,.F.,.F.,
(2,2),(111.427001678232,135.767851559399),.UNSPECIFIED.);
#1029=B_SPLINE_CURVE_WITH_KNOTS('',3,(#2305,#2306,#2307,#2308,#2309,#2310,
#2311,#2312,#2313,#2314),.UNSPECIFIED.,.F.,.F.,(4,2,2,2,4),(0.,2.05532596067271,
4.10673605004903,6.14161781803714,8.17508875069303),.UNSPECIFIED.);
#1030=B_SPLINE_CURVE_WITH_KNOTS('',3,(#2315,#2316,#2317,#2318,#2319,#2320,
#2321,#2322,#2323,#2324),.UNSPECIFIED.,.F.,.F.,(4,2,2,2,4),(0.,2.03347094139992,
4.06835271816857,6.11976281677696,8.17508878676386),.UNSPECIFIED.);
#1031=B_SPLINE_CURVE_WITH_KNOTS('',1,(#2325,#2326),.UNSPECIFIED.,.F.,.F.,
(2,2),(-150.3723614881,-111.427001678232),.UNSPECIFIED.);
#1032=B_SPLINE_CURVE_WITH_KNOTS('',3,(#2327,#2328,#2329,#2330,#2331,#2332,
#2333,#2334,#2335,#2336),.UNSPECIFIED.,.F.,.F.,(4,2,2,2,4),(0.,2.06976523874826,
4.1355382338947,6.18427123141546,8.23154271901744),.UNSPECIFIED.);
#1033=B_SPLINE_CURVE_WITH_KNOTS('',1,(#2337,#2338),.UNSPECIFIED.,.F.,.F.,
(2,2),(-315.78414903271,-283.78414903271),.UNSPECIFIED.);
#1034=B_SPLINE_CURVE_WITH_KNOTS('',3,(#2339,#2340,#2341,#2342,#2343,#2344,
#2345,#2346,#2347,#2348),.UNSPECIFIED.,.F.,.F.,(4,2,2,2,4),(0.,2.04727148760185,
4.09600448512254,6.16177748026918,8.23154271901746),.UNSPECIFIED.);
#1035=B_SPLINE_CURVE_WITH_KNOTS('',1,(#2349,#2350),.UNSPECIFIED.,.F.,.F.,
(2,2),(111.427001678232,150.3723614881),.UNSPECIFIED.);
#1036=B_SPLINE_CURVE_WITH_KNOTS('',3,(#2351,#2352,#2353,#2354,#2355,#2356,
#2357,#2358,#2359,#2360),.UNSPECIFIED.,.F.,.F.,(4,2,2,2,4),(0.,2.05532596998683,
4.10673606859551,6.14161784536394,8.17508878676389),.UNSPECIFIED.);
#1037=B_SPLINE_CURVE_WITH_KNOTS('',1,(#2361,#2362),.UNSPECIFIED.,.F.,.F.,
(2,2),(-400.324099076897,-368.213363641511),.UNSPECIFIED.);
#1038=B_SPLINE_CURVE_WITH_KNOTS('',3,(#2363,#2364,#2365,#2366,#2367,#2368,
#2369,#2370,#2371,#2372),.UNSPECIFIED.,.F.,.F.,(4,2,2,2,4),(0.,2.03347093265551,
4.0683527006439,6.11976279002014,8.17508875069303),.UNSPECIFIED.);
#1039=B_SPLINE_CURVE_WITH_KNOTS('',1,(#2373,#2374),.UNSPECIFIED.,.F.,.F.,
(2,2),(-135.767851559399,-111.427001678232),.UNSPECIFIED.);
#1040=B_SPLINE_CURVE_WITH_KNOTS('',3,(#2375,#2376,#2377,#2378,#2379,#2380,
#2381,#2382,#2383,#2384,#2385,#2386),.UNSPECIFIED.,.F.,.F.,(4,2,2,2,2,4),
(0.,7.65293127983982,15.2911012885309,22.8662661172276,26.6470161845584,
30.4276145599832),.UNSPECIFIED.);
#1041=B_SPLINE_CURVE_WITH_KNOTS('',1,(#2387,#2388),.UNSPECIFIED.,.F.,.F.,
(2,2),(-480.53264982826,-462.03264982826),.UNSPECIFIED.);
#1042=B_SPLINE_CURVE_WITH_KNOTS('',3,(#2389,#2390,#2391,#2392,#2393,#2394,
#2395,#2396,#2397,#2398),.UNSPECIFIED.,.F.,.F.,(4,2,2,2,4),(0.,2.04727148760193,
4.09600448512258,6.16177748026922,8.23154271901749),.UNSPECIFIED.);
#1043=B_SPLINE_CURVE_WITH_KNOTS('',1,(#2399,#2400),.UNSPECIFIED.,.F.,.F.,
(2,2),(111.427001678232,150.3723614881),.UNSPECIFIED.);
#1044=B_SPLINE_CURVE_WITH_KNOTS('',3,(#2401,#2402,#2403,#2404,#2405,#2406,
#2407,#2408,#2409,#2410),.UNSPECIFIED.,.F.,.F.,(4,2,2,2,4),(0.,2.05532593834243,
4.10673600558255,6.14161775251253,8.17508866419644),.UNSPECIFIED.);
#1045=B_SPLINE_CURVE_WITH_KNOTS('',1,(#2411,#2412),.UNSPECIFIED.,.F.,.F.,
(2,2),(-564.28999096187,-532.179255525961),.UNSPECIFIED.);
#1046=B_SPLINE_CURVE_WITH_KNOTS('',1,(#2413,#2414),.UNSPECIFIED.,.F.,.F.,
(2,2),(114.,168.),.UNSPECIFIED.);
#1047=B_SPLINE_CURVE_WITH_KNOTS('',3,(#2415,#2416,#2417,#2418,#2419,#2420,
#2421,#2422,#2423,#2424),.UNSPECIFIED.,.F.,.F.,(4,2,2,2,4),(0.,2.04727148760225,
4.09600448512328,6.16177748026955,8.23154271901752),.UNSPECIFIED.);
#1048=B_SPLINE_CURVE_WITH_KNOTS('',1,(#2425,#2426),.UNSPECIFIED.,.F.,.F.,
(2,2),(7.57270885191865,46.5180686617862),.UNSPECIFIED.);
#1049=B_SPLINE_CURVE_WITH_KNOTS('',3,(#2427,#2428,#2429,#2430,#2431,#2432,
#2433,#2434,#2435,#2436),.UNSPECIFIED.,.F.,.F.,(4,2,2,2,4),(0.,2.06976523874881,
4.1355382338949,6.18427123141571,8.23154271901742),.UNSPECIFIED.);
#1050=B_SPLINE_CURVE_WITH_KNOTS('',1,(#2437,#2438),.UNSPECIFIED.,.F.,.F.,
(2,2),(-153.,-114.),.UNSPECIFIED.);
#1051=B_SPLINE_CURVE_WITH_KNOTS('',3,(#2439,#2440,#2441,#2442,#2443,#2444,
#2445,#2446,#2447,#2448,#2449,#2450),.UNSPECIFIED.,.F.,.F.,(4,2,2,2,2,4),
(0.,4.08713337886168,8.17443074898368,16.3637981310553,24.6212792216531,
32.89471844322),.UNSPECIFIED.);
#1052=B_SPLINE_CURVE_WITH_KNOTS('',1,(#2451,#2452),.UNSPECIFIED.,.F.,.F.,
(2,2),(-46.5180686617863,-23.7999421060302),.UNSPECIFIED.);
#1053=B_SPLINE_CURVE_WITH_KNOTS('',3,(#2453,#2454,#2455,#2456,#2457,#2458,
#2459,#2460,#2461,#2462),.UNSPECIFIED.,.F.,.F.,(4,2,2,2,4),(0.,2.06976523874838,
4.13553823389475,6.18427123141573,8.23154271901745),.UNSPECIFIED.);
#1054=B_SPLINE_CURVE_WITH_KNOTS('',1,(#2463,#2464),.UNSPECIFIED.,.F.,.F.,
(2,2),(-168.,-114.),.UNSPECIFIED.);
#1055=B_SPLINE_CURVE_WITH_KNOTS('',3,(#2465,#2466,#2467,#2468,#2469,#2470,
#2471,#2472,#2473,#2474),.UNSPECIFIED.,.F.,.F.,(4,2,2,2,4),(0.,2.04727148760213,
4.09600448512347,6.16177748026952,8.2315427190175),.UNSPECIFIED.);
#1056=B_SPLINE_CURVE_WITH_KNOTS('',1,(#2475,#2476),.UNSPECIFIED.,.F.,.F.,
(2,2),(-98.445215074943,-59.4998552650755),.UNSPECIFIED.);
#1057=B_SPLINE_CURVE_WITH_KNOTS('',3,(#2477,#2478,#2479,#2480,#2481,#2482,
#2483,#2484,#2485,#2486),.UNSPECIFIED.,.F.,.F.,(4,2,2,2,4),(0.,2.0697652387482,
4.13553823389467,6.18427123141539,8.23154271901748),.UNSPECIFIED.);
#1058=B_SPLINE_CURVE_WITH_KNOTS('',1,(#2487,#2488),.UNSPECIFIED.,.F.,.F.,
(2,2),(-927.971070232858,-873.127320232858),.UNSPECIFIED.);
#1059=B_SPLINE_CURVE_WITH_KNOTS('',3,(#2489,#2490,#2491,#2492,#2493,#2494,
#2495,#2496,#2497,#2498),.UNSPECIFIED.,.F.,.F.,(4,2,2,2,4),(0.,2.04727148760194,
4.09600448512253,6.16177748026905,8.23154271901748),.UNSPECIFIED.);
#1060=B_SPLINE_CURVE_WITH_KNOTS('',1,(#2499,#2500),.UNSPECIFIED.,.F.,.F.,
(2,2),(59.4998552650755,98.445215074943),.UNSPECIFIED.);
#1061=B_SPLINE_CURVE_WITH_KNOTS('',3,(#2501,#2502,#2503,#2504,#2505,#2506,
#2507,#2508,#2509,#2510),.UNSPECIFIED.,.F.,.F.,(4,2,2,2,4),(0.,2.06976523874831,
4.13553823389487,6.18427123141571,8.23154271901749),.UNSPECIFIED.);
#1062=VERTEX_POINT('',#1678);
#1063=VERTEX_POINT('',#1679);
#1064=VERTEX_POINT('',#1680);
#1065=VERTEX_POINT('',#1681);
#1066=VERTEX_POINT('',#1682);
#1067=VERTEX_POINT('',#1683);
#1068=VERTEX_POINT('',#1684);
#1069=VERTEX_POINT('',#1685);
#1070=VERTEX_POINT('',#1686);
#1071=VERTEX_POINT('',#1687);
#1072=VERTEX_POINT('',#1688);
#1073=VERTEX_POINT('',#1689);
#1074=VERTEX_POINT('',#1690);
#1075=VERTEX_POINT('',#1691);
#1076=VERTEX_POINT('',#1692);
#1077=VERTEX_POINT('',#1693);
#1078=VERTEX_POINT('',#1694);
#1079=VERTEX_POINT('',#1695);
#1080=VERTEX_POINT('',#1696);
#1081=VERTEX_POINT('',#1697);
#1082=VERTEX_POINT('',#1698);
#1083=VERTEX_POINT('',#1699);
#1084=VERTEX_POINT('',#1700);
#1085=VERTEX_POINT('',#1701);
#1086=VERTEX_POINT('',#1702);
#1087=VERTEX_POINT('',#1703);
#1088=VERTEX_POINT('',#1704);
#1089=VERTEX_POINT('',#1705);
#1090=VERTEX_POINT('',#1706);
#1091=VERTEX_POINT('',#1707);
#1092=VERTEX_POINT('',#1708);
#1093=VERTEX_POINT('',#1709);
#1094=VERTEX_POINT('',#1710);
#1095=VERTEX_POINT('',#1711);
#1096=VERTEX_POINT('',#1712);
#1097=VERTEX_POINT('',#1713);
#1098=VERTEX_POINT('',#1714);
#1099=VERTEX_POINT('',#1715);
#1100=VERTEX_POINT('',#1716);
#1101=VERTEX_POINT('',#1717);
#1102=VERTEX_POINT('',#1718);
#1103=VERTEX_POINT('',#1719);
#1104=VERTEX_POINT('',#1720);
#1105=VERTEX_POINT('',#1721);
#1106=VERTEX_POINT('',#1722);
#1107=VERTEX_POINT('',#1723);
#1108=VERTEX_POINT('',#1724);
#1109=VERTEX_POINT('',#1725);
#1110=VERTEX_POINT('',#1726);
#1111=VERTEX_POINT('',#1727);
#1112=VERTEX_POINT('',#1728);
#1113=VERTEX_POINT('',#1729);
#1114=VERTEX_POINT('',#1730);
#1115=VERTEX_POINT('',#1731);
#1116=VERTEX_POINT('',#1732);
#1117=VERTEX_POINT('',#1733);
#1118=VERTEX_POINT('',#1734);
#1119=VERTEX_POINT('',#1735);
#1120=VERTEX_POINT('',#1736);
#1121=VERTEX_POINT('',#1737);
#1122=VERTEX_POINT('',#1738);
#1123=VERTEX_POINT('',#1739);
#1124=VERTEX_POINT('',#1740);
#1125=VERTEX_POINT('',#1741);
#1126=VERTEX_POINT('',#1742);
#1127=VERTEX_POINT('',#1743);
#1128=VERTEX_POINT('',#1744);
#1129=VERTEX_POINT('',#1745);
#1130=VERTEX_POINT('',#1746);
#1131=VERTEX_POINT('',#1747);
#1132=VERTEX_POINT('',#1748);
#1133=VERTEX_POINT('',#1749);
#1134=VERTEX_POINT('',#1750);
#1135=VERTEX_POINT('',#1751);
#1136=VERTEX_POINT('',#1752);
#1137=VERTEX_POINT('',#1753);
#1138=VERTEX_POINT('',#1754);
#1139=VERTEX_POINT('',#1755);
#1140=VERTEX_POINT('',#1756);
#1141=VERTEX_POINT('',#1757);
#1142=VERTEX_POINT('',#1758);
#1143=VERTEX_POINT('',#1759);
#1144=VERTEX_POINT('',#1760);
#1145=VERTEX_POINT('',#1761);
#1146=VERTEX_POINT('',#1762);
#1147=VERTEX_POINT('',#1763);
#1148=VERTEX_POINT('',#1764);
#1149=VERTEX_POINT('',#1765);
#1150=VERTEX_POINT('',#1766);
#1151=VERTEX_POINT('',#1767);
#1152=VERTEX_POINT('',#1768);
#1153=VERTEX_POINT('',#1769);
#1154=VERTEX_POINT('',#1770);
#1155=VERTEX_POINT('',#1771);
#1156=VERTEX_POINT('',#1772);
#1157=VERTEX_POINT('',#1773);
#1158=VERTEX_POINT('',#1774);
#1159=VERTEX_POINT('',#1775);
#1160=VERTEX_POINT('',#1776);
#1161=VERTEX_POINT('',#1777);
#1162=VERTEX_POINT('',#1778);
#1163=VERTEX_POINT('',#1779);
#1164=VERTEX_POINT('',#1780);
#1165=VERTEX_POINT('',#1781);
#1166=VERTEX_POINT('',#1782);
#1167=VERTEX_POINT('',#1783);
#1168=VERTEX_POINT('',#1784);
#1169=VERTEX_POINT('',#1785);
#1170=VERTEX_POINT('',#1786);
#1171=VERTEX_POINT('',#1787);
#1172=VERTEX_POINT('',#1788);
#1173=VERTEX_POINT('',#1789);
#1174=VERTEX_POINT('',#1790);
#1175=VERTEX_POINT('',#1791);
#1176=VERTEX_POINT('',#1792);
#1177=VERTEX_POINT('',#1793);
#1178=VERTEX_POINT('',#1794);
#1179=VERTEX_POINT('',#1795);
#1180=VERTEX_POINT('',#1796);
#1181=VERTEX_POINT('',#1797);
#1182=VERTEX_POINT('',#1798);
#1183=VERTEX_POINT('',#1799);
#1184=VERTEX_POINT('',#1800);
#1185=VERTEX_POINT('',#1801);
#1186=VERTEX_POINT('',#1802);
#1187=VERTEX_POINT('',#1803);
#1188=VERTEX_POINT('',#1804);
#1189=VERTEX_POINT('',#1805);
#1190=VERTEX_POINT('',#1806);
#1191=VERTEX_POINT('',#1807);
#1192=CYLINDRICAL_SURFACE('',#1357,20.);
#1193=CYLINDRICAL_SURFACE('',#1358,20.);
#1194=CYLINDRICAL_SURFACE('',#1367,20.);
#1195=CYLINDRICAL_SURFACE('',#1368,20.);
#1196=CYLINDRICAL_SURFACE('',#1370,5.00000000000006);
#1197=CYLINDRICAL_SURFACE('',#1372,20.);
#1198=CYLINDRICAL_SURFACE('',#1374,4.99999999999997);
#1199=CYLINDRICAL_SURFACE('',#1376,5.00000000000004);
#1200=CYLINDRICAL_SURFACE('',#1378,4.99999999999997);
#1201=CYLINDRICAL_SURFACE('',#1380,4.99999999999998);
#1202=CYLINDRICAL_SURFACE('',#1382,5.);
#1203=CYLINDRICAL_SURFACE('',#1384,4.99999999999999);
#1204=CYLINDRICAL_SURFACE('',#1387,5.00018731953177);
#1205=CYLINDRICAL_SURFACE('',#1389,5.);
#1206=CYLINDRICAL_SURFACE('',#1391,18.5);
#1207=CYLINDRICAL_SURFACE('',#1393,5.00018728511941);
#1208=CYLINDRICAL_SURFACE('',#1394,5.0001872705165);
#1209=CYLINDRICAL_SURFACE('',#1396,5.00000000000001);
#1210=CYLINDRICAL_SURFACE('',#1398,5.00000000000001);
#1211=CYLINDRICAL_SURFACE('',#1400,5.00018727051645);
#1212=CYLINDRICAL_SURFACE('',#1402,5.00018728511944);
#1213=CYLINDRICAL_SURFACE('',#1404,18.5);
#1214=CYLINDRICAL_SURFACE('',#1406,5.00000000000001);
#1215=CYLINDRICAL_SURFACE('',#1408,5.00018731953176);
#1216=CYLINDRICAL_SURFACE('',#1411,5.00000000000001);
#1217=CYLINDRICAL_SURFACE('',#1413,5.00000000000003);
#1218=CYLINDRICAL_SURFACE('',#1415,20.);
#1219=CYLINDRICAL_SURFACE('',#1417,5.00000000000006);
#1220=CYLINDRICAL_SURFACE('',#1419,4.99999999999994);
#1221=CYLINDRICAL_SURFACE('',#1421,5.00000000000001);
#1222=CYLINDRICAL_SURFACE('',#1423,5.00000000000001);
#1223=CYLINDRICAL_SURFACE('',#1425,5.);
#1224=PLANE('',#1354);
#1225=PLANE('',#1355);
#1226=PLANE('',#1356);
#1227=PLANE('',#1359);
#1228=PLANE('',#1360);
#1229=PLANE('',#1361);
#1230=PLANE('',#1362);
#1231=PLANE('',#1363);
#1232=PLANE('',#1364);
#1233=PLANE('',#1365);
#1234=PLANE('',#1366);
#1235=PLANE('',#1369);
#1236=PLANE('',#1371);
#1237=PLANE('',#1373);
#1238=PLANE('',#1375);
#1239=PLANE('',#1377);
#1240=PLANE('',#1379);
#1241=PLANE('',#1381);
#1242=PLANE('',#1383);
#1243=PLANE('',#1385);
#1244=PLANE('',#1386);
#1245=PLANE('',#1388);
#1246=PLANE('',#1390);
#1247=PLANE('',#1392);
#1248=PLANE('',#1395);
#1249=PLANE('',#1397);
#1250=PLANE('',#1399);
#1251=PLANE('',#1401);
#1252=PLANE('',#1403);
#1253=PLANE('',#1405);
#1254=PLANE('',#1407);
#1255=PLANE('',#1409);
#1256=PLANE('',#1410);
#1257=PLANE('',#1412);
#1258=PLANE('',#1414);
#1259=PLANE('',#1416);
#1260=PLANE('',#1418);
#1261=PLANE('',#1420);
#1262=PLANE('',#1422);
#1263=PLANE('',#1424);
#1264=PLANE('',#1426);
#1265=PLANE('',#1427);
#1266=SHAPE_DEFINITION_REPRESENTATION(#1267,#1352);
#1267=PRODUCT_DEFINITION_SHAPE($,$,#1269);
#1268=PRODUCT_DEFINITION_CONTEXT('3D Mechanical Parts',#1341,'design');
#1269=PRODUCT_DEFINITION('A','First version',#1311,#1268);
#1270=DATE_TIME_ROLE('classification_date');
#1271=DATE_TIME_ROLE('creation_date');
#1272=APPLIED_DATE_AND_TIME_ASSIGNMENT(#1296,#1270,(#1275));
#1273=APPLIED_DATE_AND_TIME_ASSIGNMENT(#1298,#1271,(#1269));
#1274=SECURITY_CLASSIFICATION_LEVEL('unclassified');
#1275=SECURITY_CLASSIFICATION('A','Security for version',#1274);
#1276=APPLIED_SECURITY_CLASSIFICATION_ASSIGNMENT(#1275,(#1311));
#1277=APPROVAL_ROLE('Version approval');
#1278=APPROVAL_ROLE('Version Security approval');
#1279=APPROVAL_ROLE('Definition approval');
#1280=APPROVAL_PERSON_ORGANIZATION(#1329,#1305,#1277);
#1281=APPROVAL_PERSON_ORGANIZATION(#1330,#1306,#1278);
#1282=APPROVAL_PERSON_ORGANIZATION(#1333,#1307,#1279);
#1283=COORDINATED_UNIVERSAL_TIME_OFFSET(5,0,.BEHIND.);
#1284=LOCAL_TIME(0,0,0.,#1283);
#1285=LOCAL_TIME(0,0,0.,#1283);
#1286=LOCAL_TIME(0,0,0.,#1283);
#1287=LOCAL_TIME(0,0,0.,#1283);
#1288=LOCAL_TIME(0,0,0.,#1283);
#1289=CALENDAR_DATE(1999,1,1);
#1290=CALENDAR_DATE(1999,1,1);
#1291=CALENDAR_DATE(1999,1,1);
#1292=CALENDAR_DATE(1999,1,1);
#1293=CALENDAR_DATE(1999,1,1);
#1294=DATE_AND_TIME(#1289,#1284);
#1295=DATE_AND_TIME(#1290,#1285);
#1296=DATE_AND_TIME(#1291,#1286);
#1297=DATE_AND_TIME(#1292,#1287);
#1298=DATE_AND_TIME(#1293,#1288);
#1299=APPROVAL_DATE_TIME(#1294,#1305);
#1300=APPROVAL_DATE_TIME(#1295,#1306);
#1301=APPROVAL_DATE_TIME(#1297,#1307);
#1302=APPROVAL_STATUS('not_yet_approved');
#1303=APPROVAL_STATUS('not_yet_approved');
#1304=APPROVAL_STATUS('approved');
#1305=APPROVAL(#1302,'Version approval');
#1306=APPROVAL(#1303,'Version Security approval');
#1307=APPROVAL(#1304,'Definition approval');
#1308=APPLIED_APPROVAL_ASSIGNMENT(#1305,(#1311));
#1309=APPLIED_APPROVAL_ASSIGNMENT(#1306,(#1275));
#1310=APPLIED_APPROVAL_ASSIGNMENT(#1307,(#1269));
#1311=PRODUCT_DEFINITION_FORMATION_WITH_SPECIFIED_SOURCE('A',
'First version',#1343,.MADE.);
#1312=PERSON_AND_ORGANIZATION_ROLE('design_owner');
#1313=PERSON_AND_ORGANIZATION_ROLE('creator');
#1314=PERSON_AND_ORGANIZATION_ROLE('design_supplier');
#1315=PERSON_AND_ORGANIZATION_ROLE('classification_officer');
#1316=PERSON_AND_ORGANIZATION_ROLE('creator');
#1317=ORGANIZATION('STI','lab','lab');
#1318=ORGANIZATION('STI','unknown','unknown');
#1319=ORGANIZATION('STI','unknown','unknown');
#1320=ORGANIZATION('STI','unknown','unknown');
#1321=ORGANIZATION('STI','unknown','unknown');
#1322=ORGANIZATION('STI','unknown','unknown');
#1323=ORGANIZATION('STI','unknown','unknown');
#1324=PERSON('1','Box','vc60',$,$,$);
#1325=PERSON('2','last','first',$,$,$);
#1326=PERSON('3','President','Mr.',$,$,$);
#1327=PERSON_AND_ORGANIZATION(#1324,#1317);
#1328=PERSON_AND_ORGANIZATION(#1325,#1318);
#1329=PERSON_AND_ORGANIZATION(#1326,#1319);
#1330=PERSON_AND_ORGANIZATION(#1326,#1320);
#1331=PERSON_AND_ORGANIZATION(#1326,#1321);
#1332=PERSON_AND_ORGANIZATION(#1325,#1322);
#1333=PERSON_AND_ORGANIZATION(#1326,#1323);
#1334=APPLIED_PERSON_AND_ORGANIZATION_ASSIGNMENT(#1327,#1312,(#1343));
#1335=APPLIED_PERSON_AND_ORGANIZATION_ASSIGNMENT(#1328,#1313,(#1311));
#1336=APPLIED_PERSON_AND_ORGANIZATION_ASSIGNMENT(#1328,#1314,(#1311));
#1337=APPLIED_PERSON_AND_ORGANIZATION_ASSIGNMENT(#1331,#1315,(#1275));
#1338=APPLIED_PERSON_AND_ORGANIZATION_ASSIGNMENT(#1332,#1316,(#1269));
#1339=PRODUCT_RELATED_PRODUCT_CATEGORY('detail','detail',(#1343));
#1340=APPLICATION_PROTOCOL_DEFINITION('International Standard',
'config_control_design',1994,#1341);
#1341=APPLICATION_CONTEXT(
'configuration controlled 3d designs of mechanical parts and assemblie
s');
#1342=PRODUCT_CONTEXT('3D Mechanical Parts',#1341,'mechanical');
#1343=PRODUCT('Document','Document','',(#1342));
#1344=(
LENGTH_UNIT()
NAMED_UNIT(*)
SI_UNIT(.MILLI.,.METRE.)
);
#1345=(
NAMED_UNIT(*)
PLANE_ANGLE_UNIT()
SI_UNIT($,.RADIAN.)
);
#1346=DIMENSIONAL_EXPONENTS(0.,0.,0.,0.,0.,0.,0.);
#1347=PLANE_ANGLE_MEASURE_WITH_UNIT(PLANE_ANGLE_MEASURE(0.01745329252),
#1345);
#1348=(
CONVERSION_BASED_UNIT('DEGREES',#1347)
NAMED_UNIT(#1346)
PLANE_ANGLE_UNIT()
);
#1349=(
NAMED_UNIT(*)
SI_UNIT($,.STERADIAN.)
SOLID_ANGLE_UNIT()
);
#1350=UNCERTAINTY_MEASURE_WITH_UNIT(LENGTH_MEASURE(0.001),#1344,
'DISTANCE_ACCURACY_VALUE',
'Maximum model space distance between geometric entities at asserted c
onnectivities');
#1351=(
GEOMETRIC_REPRESENTATION_CONTEXT(3)
GLOBAL_UNCERTAINTY_ASSIGNED_CONTEXT((#1350))
GLOBAL_UNIT_ASSIGNED_CONTEXT((#1349,#1348,#1344))
REPRESENTATION_CONTEXT('ID1','3D')
);
#1352=SHAPE_REPRESENTATION('Document',(#1353,#1460),#1351);
#1353=AXIS2_PLACEMENT_3D($,#1603,#1461,#1462);
#1354=AXIS2_PLACEMENT_3D('',#1604,#1463,$);
#1355=AXIS2_PLACEMENT_3D('',#1605,#1464,$);
#1356=AXIS2_PLACEMENT_3D('',#1606,#1465,$);
#1357=AXIS2_PLACEMENT_3D('',#1607,#1466,$);
#1358=AXIS2_PLACEMENT_3D('',#1608,#1467,$);
#1359=AXIS2_PLACEMENT_3D('',#1609,#1468,$);
#1360=AXIS2_PLACEMENT_3D('',#1610,#1469,$);
#1361=AXIS2_PLACEMENT_3D('',#1611,#1470,$);
#1362=AXIS2_PLACEMENT_3D('',#1612,#1471,$);
#1363=AXIS2_PLACEMENT_3D('',#1613,#1472,$);
#1364=AXIS2_PLACEMENT_3D('',#1614,#1473,$);
#1365=AXIS2_PLACEMENT_3D('',#1615,#1474,$);
#1366=AXIS2_PLACEMENT_3D('',#1616,#1475,$);
#1367=AXIS2_PLACEMENT_3D('',#1617,#1476,$);
#1368=AXIS2_PLACEMENT_3D('',#1618,#1477,$);
#1369=AXIS2_PLACEMENT_3D('',#1619,#1478,$);
#1370=AXIS2_PLACEMENT_3D('',#1620,#1479,$);
#1371=AXIS2_PLACEMENT_3D('',#1621,#1480,$);
#1372=AXIS2_PLACEMENT_3D('',#1622,#1481,$);
#1373=AXIS2_PLACEMENT_3D('',#1623,#1482,$);
#1374=AXIS2_PLACEMENT_3D('',#1624,#1483,$);
#1375=AXIS2_PLACEMENT_3D('',#1625,#1484,$);
#1376=AXIS2_PLACEMENT_3D('',#1626,#1485,$);
#1377=AXIS2_PLACEMENT_3D('',#1627,#1486,$);
#1378=AXIS2_PLACEMENT_3D('',#1628,#1487,$);
#1379=AXIS2_PLACEMENT_3D('',#1629,#1488,$);
#1380=AXIS2_PLACEMENT_3D('',#1630,#1489,$);
#1381=AXIS2_PLACEMENT_3D('',#1631,#1490,$);
#1382=AXIS2_PLACEMENT_3D('',#1632,#1491,$);
#1383=AXIS2_PLACEMENT_3D('',#1633,#1492,$);
#1384=AXIS2_PLACEMENT_3D('',#1634,#1493,$);
#1385=AXIS2_PLACEMENT_3D('',#1635,#1494,$);
#1386=AXIS2_PLACEMENT_3D('',#1636,#1495,$);
#1387=AXIS2_PLACEMENT_3D('',#1637,#1496,$);
#1388=AXIS2_PLACEMENT_3D('',#1638,#1497,$);
#1389=AXIS2_PLACEMENT_3D('',#1639,#1498,$);
#1390=AXIS2_PLACEMENT_3D('',#1640,#1499,$);
#1391=AXIS2_PLACEMENT_3D('',#1641,#1500,$);
#1392=AXIS2_PLACEMENT_3D('',#1642,#1501,$);
#1393=AXIS2_PLACEMENT_3D('',#1643,#1502,$);
#1394=AXIS2_PLACEMENT_3D('',#1644,#1503,$);
#1395=AXIS2_PLACEMENT_3D('',#1645,#1504,$);
#1396=AXIS2_PLACEMENT_3D('',#1646,#1505,$);
#1397=AXIS2_PLACEMENT_3D('',#1647,#1506,$);
#1398=AXIS2_PLACEMENT_3D('',#1648,#1507,$);
#1399=AXIS2_PLACEMENT_3D('',#1649,#1508,$);
#1400=AXIS2_PLACEMENT_3D('',#1650,#1509,$);
#1401=AXIS2_PLACEMENT_3D('',#1651,#1510,$);
#1402=AXIS2_PLACEMENT_3D('',#1652,#1511,$);
#1403=AXIS2_PLACEMENT_3D('',#1653,#1512,$);
#1404=AXIS2_PLACEMENT_3D('',#1654,#1513,$);
#1405=AXIS2_PLACEMENT_3D('',#1655,#1514,$);
#1406=AXIS2_PLACEMENT_3D('',#1656,#1515,$);
#1407=AXIS2_PLACEMENT_3D('',#1657,#1516,$);
#1408=AXIS2_PLACEMENT_3D('',#1658,#1517,$);
#1409=AXIS2_PLACEMENT_3D('',#1659,#1518,$);
#1410=AXIS2_PLACEMENT_3D('',#1660,#1519,$);
#1411=AXIS2_PLACEMENT_3D('',#1661,#1520,$);
#1412=AXIS2_PLACEMENT_3D('',#1662,#1521,$);
#1413=AXIS2_PLACEMENT_3D('',#1663,#1522,$);
#1414=AXIS2_PLACEMENT_3D('',#1664,#1523,$);
#1415=AXIS2_PLACEMENT_3D('',#1665,#1524,$);
#1416=AXIS2_PLACEMENT_3D('',#1666,#1525,$);
#1417=AXIS2_PLACEMENT_3D('',#1667,#1526,$);
#1418=AXIS2_PLACEMENT_3D('',#1668,#1527,$);
#1419=AXIS2_PLACEMENT_3D('',#1669,#1528,$);
#1420=AXIS2_PLACEMENT_3D('',#1670,#1529,$);
#1421=AXIS2_PLACEMENT_3D('',#1671,#1530,$);
#1422=AXIS2_PLACEMENT_3D('',#1672,#1531,$);
#1423=AXIS2_PLACEMENT_3D('',#1673,#1532,$);
#1424=AXIS2_PLACEMENT_3D('',#1674,#1533,$);
#1425=AXIS2_PLACEMENT_3D('',#1675,#1534,$);
#1426=AXIS2_PLACEMENT_3D('',#1676,#1535,$);
#1427=AXIS2_PLACEMENT_3D('',#1677,#1536,$);
#1428=AXIS2_PLACEMENT_3D($,#1810,#1537,#1538);
#1429=AXIS2_PLACEMENT_3D($,#1815,#1539,#1540);
#1430=AXIS2_PLACEMENT_3D($,#1820,#1541,#1542);
#1431=AXIS2_PLACEMENT_3D($,#1825,#1543,#1544);
#1432=AXIS2_PLACEMENT_3D($,#1834,#1545,#1546);
#1433=AXIS2_PLACEMENT_3D($,#1839,#1547,#1548);
#1434=AXIS2_PLACEMENT_3D($,#1844,#1549,#1550);
#1435=AXIS2_PLACEMENT_3D($,#1849,#1551,#1552);
#1436=AXIS2_PLACEMENT_3D($,#1854,#1553,#1554);
#1437=AXIS2_PLACEMENT_3D($,#1859,#1555,#1556);
#1438=AXIS2_PLACEMENT_3D($,#1864,#1557,#1558);
#1439=AXIS2_PLACEMENT_3D($,#1869,#1559,#1560);
#1440=AXIS2_PLACEMENT_3D($,#1876,#1561,#1562);
#1441=AXIS2_PLACEMENT_3D($,#1881,#1563,#1564);
#1442=AXIS2_PLACEMENT_3D($,#1886,#1565,#1566);
#1443=AXIS2_PLACEMENT_3D($,#1891,#1567,#1568);
#1444=AXIS2_PLACEMENT_3D($,#1894,#1569,#1570);
#1445=AXIS2_PLACEMENT_3D($,#1899,#1571,#1572);
#1446=AXIS2_PLACEMENT_3D($,#1904,#1573,#1574);
#1447=AXIS2_PLACEMENT_3D($,#1909,#1575,#1576);
#1448=AXIS2_PLACEMENT_3D($,#1914,#1577,#1578);
#1449=AXIS2_PLACEMENT_3D($,#1919,#1579,#1580);
#1450=AXIS2_PLACEMENT_3D($,#1924,#1581,#1582);
#1451=AXIS2_PLACEMENT_3D($,#1929,#1583,#1584);
#1452=AXIS2_PLACEMENT_3D($,#1936,#1585,#1586);
#1453=AXIS2_PLACEMENT_3D($,#1941,#1587,#1588);
#1454=AXIS2_PLACEMENT_3D($,#1946,#1589,#1590);
#1455=AXIS2_PLACEMENT_3D($,#1951,#1591,#1592);
#1456=AXIS2_PLACEMENT_3D($,#1956,#1593,#1594);
#1457=AXIS2_PLACEMENT_3D($,#1961,#1595,#1596);
#1458=AXIS2_PLACEMENT_3D($,#1966,#1597,#1598);
#1459=AXIS2_PLACEMENT_3D($,#1971,#1599,#1600);
#1460=AXIS2_PLACEMENT_3D($,#2511,#1601,#1602);
#1461=DIRECTION('',(0.,0.,1.));
#1462=DIRECTION('',(1.,0.,0.));
#1463=DIRECTION('',(0.,0.,-1.));
#1464=DIRECTION('',(0.,1.,0.));
#1465=DIRECTION('',(-1.,0.,0.));
#1466=DIRECTION('',(0.,0.,1.));
#1467=DIRECTION('',(8.5770095465886E-16,8.5770095465886E-16,1.));
#1468=DIRECTION('',(0.,1.,0.));
#1469=DIRECTION('',(0.,0.,1.));
#1470=DIRECTION('',(0.,0.,1.));
#1471=DIRECTION('',(0.,0.,1.));
#1472=DIRECTION('',(0.,0.,1.));
#1473=DIRECTION('',(0.,0.,1.));
#1474=DIRECTION('',(0.,0.,1.));
#1475=DIRECTION('',(0.,0.,1.));
#1476=DIRECTION('',(0.,0.,1.));
#1477=DIRECTION('',(-8.57700954658859E-16,-8.57700954658859E-16,1.));
#1478=DIRECTION('',(1.,0.,0.));
#1479=DIRECTION('',(0.,0.,-1.));
#1480=DIRECTION('',(1.,0.,0.));
#1481=DIRECTION('',(0.,0.,-1.));
#1482=DIRECTION('',(0.,-1.,0.));
#1483=DIRECTION('',(0.,0.,-1.));
#1484=DIRECTION('',(-1.,0.,0.));
#1485=DIRECTION('',(0.,0.,-1.));
#1486=DIRECTION('',(0.,1.,0.));
#1487=DIRECTION('',(0.,0.,-1.));
#1488=DIRECTION('',(-1.,0.,0.));
#1489=DIRECTION('',(-3.43080381863543E-15,3.43080381863542E-15,-1.));
#1490=DIRECTION('',(0.,1.,0.));
#1491=DIRECTION('',(0.,0.,-1.));
#1492=DIRECTION('',(1.,0.,0.));
#1493=DIRECTION('',(3.43080381863543E-15,-3.4308038186354E-15,-1.));
#1494=DIRECTION('',(0.,-1.,0.));
#1495=DIRECTION('',(0.,-1.,0.));
#1496=DIRECTION('',(0.,0.,-1.));
#1497=DIRECTION('',(-1.,0.,0.));
#1498=DIRECTION('',(0.,0.,-1.));
#1499=DIRECTION('',(0.,1.,0.));
#1500=DIRECTION('',(9.27244275306874E-16,9.27244275306874E-16,-1.));
#1501=DIRECTION('',(1.,0.,0.));
#1502=DIRECTION('',(-6.99291963884566E-15,6.9156963859297E-15,-1.));
#1503=DIRECTION('',(-3.49645977072241E-15,-3.45784816464961E-15,-1.));
#1504=DIRECTION('',(-1.,0.,0.));
#1505=DIRECTION('',(0.,0.,-1.));
#1506=DIRECTION('',(0.,1.,0.));
#1507=DIRECTION('',(0.,0.,-1.));
#1508=DIRECTION('',(1.,0.,0.));
#1509=DIRECTION('',(3.49645977072231E-15,-3.45784816464956E-15,-1.));
#1510=DIRECTION('',(0.,-1.,0.));
#1511=DIRECTION('',(0.,0.,-1.));
#1512=DIRECTION('',(-1.,0.,0.));
#1513=DIRECTION('',(0.,0.,-1.));
#1514=DIRECTION('',(0.,1.,0.));
#1515=DIRECTION('',(3.43080381863544E-15,3.43080381863543E-15,-1.));
#1516=DIRECTION('',(1.,0.,0.));
#1517=DIRECTION('',(0.,0.,-1.));
#1518=DIRECTION('',(0.,-1.,0.));
#1519=DIRECTION('',(0.,1.,0.));
#1520=DIRECTION('',(-3.43080381863545E-15,-3.43080381863541E-15,-1.));
#1521=DIRECTION('',(1.,0.,0.));
#1522=DIRECTION('',(0.,0.,-1.));
#1523=DIRECTION('',(0.,-1.,0.));
#1524=DIRECTION('',(-8.57700954658859E-16,-8.57700954658858E-16,-1.));
#1525=DIRECTION('',(-1.,0.,0.));
#1526=DIRECTION('',(0.,0.,-1.));
#1527=DIRECTION('',(0.,-1.,0.));
#1528=DIRECTION('',(3.43080381863538E-15,3.43080381863537E-15,-1.));
#1529=DIRECTION('',(-1.,0.,0.));
#1530=DIRECTION('',(0.,0.,-1.));
#1531=DIRECTION('',(0.,1.,0.));
#1532=DIRECTION('',(-3.43080381863545E-15,-3.43080381863545E-15,-1.));
#1533=DIRECTION('',(1.,0.,0.));
#1534=DIRECTION('',(-6.8616076372709E-15,6.86160763727082E-15,-1.));
#1535=DIRECTION('',(2.58092654361149E-17,-0.381492348776238,0.924371996452288));
#1536=DIRECTION('',(0.,-1.,0.));
#1537=DIRECTION('',(0.,0.,1.));
#1538=DIRECTION('',(2.13162820728031E-15,1.,0.));
#1539=DIRECTION('',(0.,0.,1.));
#1540=DIRECTION('',(-1.,-1.19904086659517E-15,0.));
#1541=DIRECTION('',(0.,0.,1.));
#1542=DIRECTION('',(7.10542735760099E-16,-1.,0.));
#1543=DIRECTION('',(0.,0.,1.));
#1544=DIRECTION('',(1.,-7.105427357601E-16,0.));
#1545=DIRECTION('',(0.,0.,1.));
#1546=DIRECTION('',(-1.,-8.52651282912107E-15,0.));
#1547=DIRECTION('',(-2.68031548330893E-17,2.68031548330892E-17,1.));
#1548=DIRECTION('',(2.13162820728031E-15,1.,-4.44089209850064E-17));
#1549=DIRECTION('',(1.07212619332362E-16,1.07212619332362E-16,1.));
#1550=DIRECTION('',(1.,2.27373675443228E-14,-8.88178419700111E-17));
#1551=DIRECTION('',(0.,0.,1.));
#1552=DIRECTION('',(1.19459997449665E-14,-1.,0.));
#1553=DIRECTION('',(1.07212619332357E-16,1.07212619332356E-16,1.));
#1554=DIRECTION('',(1.,-1.70530256582425E-14,-1.77635683940026E-16));
#1555=DIRECTION('',(1.07212619332357E-16,-1.07212619332357E-16,1.));
#1556=DIRECTION('',(-6.21724893790089E-16,-1.,-1.77635683940025E-16));
#1557=DIRECTION('',(0.,0.,1.));
#1558=DIRECTION('',(-1.,0.,0.));
#1559=DIRECTION('',(0.,0.,1.));
#1560=DIRECTION('',(7.10542735760104E-15,1.,0.));
#1561=DIRECTION('',(3.27793118994863E-16,3.24173274412974E-16,1.));
#1562=DIRECTION('',(0.999999999979561,6.39361747449677E-6,-3.55258058525413E-16));
#1563=DIRECTION('',(2.14425238664713E-16,-2.14425238664713E-16,1.));
#1564=DIRECTION('',(-3.55271367880052E-15,-1.,-1.77635683940026E-16));
#1565=DIRECTION('',(-5.79527672066797E-17,-5.79527672066797E-17,1.));
#1566=DIRECTION('',(-1.,-1.20024110770287E-15,-7.20144664621722E-17));
#1567=DIRECTION('',(0.,0.,1.));
#1568=DIRECTION('',(-0.0111104203942341,0.99993827737449,0.));
#1569=DIRECTION('',(0.,0.,1.));
#1570=DIRECTION('',(0.999999999979623,6.38392470036519E-6,0.));
#1571=DIRECTION('',(0.,0.,1.));
#1572=DIRECTION('',(7.10542735760101E-16,-1.,0.));
#1573=DIRECTION('',(0.,0.,1.));
#1574=DIRECTION('',(-1.,0.,0.));
#1575=DIRECTION('',(-1.09264367835072E-16,1.08057755145299E-16,1.));
#1576=DIRECTION('',(-0.0111104117670646,0.999938277470348,-8.8814515501975E-17));
#1577=DIRECTION('',(0.,0.,1.));
#1578=DIRECTION('',(0.999999999979604,6.38681294112494E-6,0.));
#1579=DIRECTION('',(5.79527672066796E-17,-5.79527672066796E-17,1.));
#1580=DIRECTION('',(3.84077154464919E-16,-1.,-4.80096443081149E-17));
#1581=DIRECTION('',(0.,0.,1.));
#1582=DIRECTION('',(-1.,-2.13162820728029E-15,0.));
#1583=DIRECTION('',(-1.09264372998287E-16,1.08057758137657E-16,1.));
#1584=DIRECTION('',(-0.0111104410189342,0.999938277145327,-8.88145146313539E-17));
#1585=DIRECTION('',(-1.07212619332357E-16,-1.07212619332356E-16,1.));
#1586=DIRECTION('',(-1.,0.,-8.88178419700117E-17));
#1587=DIRECTION('',(-1.07212619332358E-16,1.07212619332358E-16,1.));
#1588=DIRECTION('',(2.13162820728034E-15,1.,-1.77635683940028E-16));
#1589=DIRECTION('',(0.,0.,1.));
#1590=DIRECTION('',(1.,-2.1316282072803E-15,0.));
#1591=DIRECTION('',(2.14425238664721E-16,-2.14425238664717E-16,1.));
#1592=DIRECTION('',(1.98951966012826E-14,-1.,-1.77635683940024E-16));
#1593=DIRECTION('',(0.,0.,1.));
#1594=DIRECTION('',(1.,-1.70530256582426E-14,0.));
#1595=DIRECTION('',(2.14425238664717E-16,-2.14425238664716E-16,1.));
#1596=DIRECTION('',(8.52651282912112E-15,-1.,-1.77635683940023E-16));
#1597=DIRECTION('',(-3.21637857997071E-16,-3.21637857997071E-16,1.));
#1598=DIRECTION('',(-1.,2.13162820728031E-15,-3.55271367880051E-16));
#1599=DIRECTION('',(0.,0.,1.));
#1600=DIRECTION('',(-9.23705556488128E-15,1.,0.));
#1601=DIRECTION('',(0.,0.,1.));
#1602=DIRECTION('',(1.,0.,0.));
#1603=CARTESIAN_POINT('',(0.,0.,0.));
#1604=CARTESIAN_POINT('',(90.75,140.25,0.));
#1605=CARTESIAN_POINT('',(7.,122.,0.));
#1606=CARTESIAN_POINT('',(-60.,102.,0.));
#1607=CARTESIAN_POINT('',(54.,-3.99999999999998,50.));
#1608=CARTESIAN_POINT('',(54.,102.,50.));
#1609=CARTESIAN_POINT('',(54.,122.,0.));
#1610=CARTESIAN_POINT('',(90.75,140.25,2.));
#1611=CARTESIAN_POINT('',(90.75,140.25,2.));
#1612=CARTESIAN_POINT('',(90.75,140.25,2.));
#1613=CARTESIAN_POINT('',(90.75,140.25,2.));
#1614=CARTESIAN_POINT('',(90.75,140.25,2.));
#1615=CARTESIAN_POINT('',(90.75,140.25,2.));
#1616=CARTESIAN_POINT('',(90.75,140.25,2.));
#1617=CARTESIAN_POINT('',(-40.,102.,50.));
#1618=CARTESIAN_POINT('',(-40.,-4.,50.));
#1619=CARTESIAN_POINT('',(74.,-4.,0.));
#1620=CARTESIAN_POINT('',(-53.,79.,50.));
#1621=CARTESIAN_POINT('',(-58.,79.,0.));
#1622=CARTESIAN_POINT('',(-38.,100.,50.));
#1623=CARTESIAN_POINT('',(-38.,120.,0.));
#1624=CARTESIAN_POINT('',(1.00000000000003,115.,50.));
#1625=CARTESIAN_POINT('',(6.,115.,0.));
#1626=CARTESIAN_POINT('',(0.999999999999972,79.,50.));
#1627=CARTESIAN_POINT('',(1.,74.,0.));
#1628=CARTESIAN_POINT('',(1.00000000000002,67.,50.));
#1629=CARTESIAN_POINT('',(6.,67.,0.));
#1630=CARTESIAN_POINT('',(1.00000000000001,31.,50.));
#1631=CARTESIAN_POINT('',(1.00000000000001,26.,0.));
#1632=CARTESIAN_POINT('',(-53.,31.,50.));
#1633=CARTESIAN_POINT('',(-58.,31.,0.));
#1634=CARTESIAN_POINT('',(-53.,67.,50.));
#1635=CARTESIAN_POINT('',(-53.,72.,0.));
#1636=CARTESIAN_POINT('',(-53.0553668977701,23.9998467251713,0.));
#1637=CARTESIAN_POINT('',(-21.0001873194296,18.999968030715,50.));
#1638=CARTESIAN_POINT('',(-16.,19.,0.));
#1639=CARTESIAN_POINT('',(-21.,-17.,50.));
#1640=CARTESIAN_POINT('',(-21.,-22.,0.));
#1641=CARTESIAN_POINT('',(-39.5,-3.49999999999999,50.));
#1642=CARTESIAN_POINT('',(-58.,-3.5,0.));
#1643=CARTESIAN_POINT('',(-52.9998127149826,18.9999680647392,50.));
#1644=CARTESIAN_POINT('',(22.9998127295854,18.9999680791809,50.));
#1645=CARTESIAN_POINT('',(28.,19.,0.));
#1646=CARTESIAN_POINT('',(23.,-17.,50.));
#1647=CARTESIAN_POINT('',(23.,-22.,0.));
#1648=CARTESIAN_POINT('',(-8.99999999999999,-17.,50.));
#1649=CARTESIAN_POINT('',(-14.,-17.,0.));
#1650=CARTESIAN_POINT('',(-8.99981272958544,18.999968079181,50.));
#1651=CARTESIAN_POINT('',(-9.0553668690733,23.9998467254903,0.));
#1652=CARTESIAN_POINT('',(66.9998127149825,18.9999680647392,50.));
#1653=CARTESIAN_POINT('',(72.,19.,0.));
#1654=CARTESIAN_POINT('',(53.5,-3.50000000000002,50.));
#1655=CARTESIAN_POINT('',(53.5,-22.,0.));
#1656=CARTESIAN_POINT('',(35.,-17.,50.));
#1657=CARTESIAN_POINT('',(30.,-17.,0.));
#1658=CARTESIAN_POINT('',(35.0001873194296,18.999968030715,50.));
#1659=CARTESIAN_POINT('',(34.9446330331323,23.9998467244115,0.));
#1660=CARTESIAN_POINT('',(67.0000000000001,73.9999999999999,0.));
#1661=CARTESIAN_POINT('',(13.,79.,50.));
#1662=CARTESIAN_POINT('',(8.,79.0000000000001,0.));
#1663=CARTESIAN_POINT('',(13.,115.,50.));
#1664=CARTESIAN_POINT('',(12.9999999999999,120.,0.));
#1665=CARTESIAN_POINT('',(52.,100.,50.));
#1666=CARTESIAN_POINT('',(72.,100.,0.));
#1667=CARTESIAN_POINT('',(67.,79.,50.));
#1668=CARTESIAN_POINT('',(13.,72.,0.));
#1669=CARTESIAN_POINT('',(67.0000000000001,67.,50.));
#1670=CARTESIAN_POINT('',(72.,67.,0.));
#1671=CARTESIAN_POINT('',(67.,31.,50.));
#1672=CARTESIAN_POINT('',(67.,26.,0.));
#1673=CARTESIAN_POINT('',(13.,31.,50.));
#1674=CARTESIAN_POINT('',(8.,31.,0.));
#1675=CARTESIAN_POINT('',(13.,67.,50.));
#1676=CARTESIAN_POINT('',(-101.,-24.,39.7451641383583));
#1677=CARTESIAN_POINT('',(-40.,-24.,0.));
#1678=CARTESIAN_POINT('',(7.,122.,0.));
#1679=CARTESIAN_POINT('',(-40.,122.,0.));
#1680=CARTESIAN_POINT('',(-60.,102.,0.));
#1681=CARTESIAN_POINT('',(-60.,-4.,0.));
#1682=CARTESIAN_POINT('',(-40.,-24.,0.));
#1683=CARTESIAN_POINT('',(54.,-24.,0.));
#1684=CARTESIAN_POINT('',(74.,-4.,0.));
#1685=CARTESIAN_POINT('',(74.,102.,0.));
#1686=CARTESIAN_POINT('',(54.,122.,0.));
#1687=CARTESIAN_POINT('',(-40.,122.,100.));
#1688=CARTESIAN_POINT('',(7.,122.,100.));
#1689=CARTESIAN_POINT('',(54.,122.,100.));
#1690=CARTESIAN_POINT('',(-58.,79.,2.));
#1691=CARTESIAN_POINT('',(-53.0000000000001,73.9999999999999,2.));
#1692=CARTESIAN_POINT('',(-58.,100.,2.));
#1693=CARTESIAN_POINT('',(-38.,120.,2.));
#1694=CARTESIAN_POINT('',(1.00000000000005,120.,2.));
#1695=CARTESIAN_POINT('',(6.,115.,2.));
#1696=CARTESIAN_POINT('',(6.,79.0000000000001,2.));
#1697=CARTESIAN_POINT('',(0.99999999999999,74.,2.));
#1698=CARTESIAN_POINT('',(6.,67.,2.));
#1699=CARTESIAN_POINT('',(1.00000000000002,72.,2.));
#1700=CARTESIAN_POINT('',(6.,31.,2.));
#1701=CARTESIAN_POINT('',(1.00000000000001,26.,2.));
#1702=CARTESIAN_POINT('',(-53.,26.,2.));
#1703=CARTESIAN_POINT('',(-58.,31.,2.));
#1704=CARTESIAN_POINT('',(-58.,67.,2.));
#1705=CARTESIAN_POINT('',(-53.,72.,2.));
#1706=CARTESIAN_POINT('',(-20.9446330331323,23.9998467244115,2.));
#1707=CARTESIAN_POINT('',(-53.0553668977701,23.9998467251713,2.));
#1708=CARTESIAN_POINT('',(-16.,19.,2.));
#1709=CARTESIAN_POINT('',(-16.,-17.,2.));
#1710=CARTESIAN_POINT('',(-21.,-22.,2.));
#1711=CARTESIAN_POINT('',(-39.5,-22.,2.));
#1712=CARTESIAN_POINT('',(-58.,-3.5,2.));
#1713=CARTESIAN_POINT('',(-58.,19.,2.));
#1714=CARTESIAN_POINT('',(28.,19.,2.));
#1715=CARTESIAN_POINT('',(23.0553668690733,23.9998467254903,2.));
#1716=CARTESIAN_POINT('',(28.,-17.,2.));
#1717=CARTESIAN_POINT('',(23.,-22.,2.));
#1718=CARTESIAN_POINT('',(-9.,-22.,2.));
#1719=CARTESIAN_POINT('',(-14.,-17.,2.));
#1720=CARTESIAN_POINT('',(-14.,19.,2.));
#1721=CARTESIAN_POINT('',(-9.0553668690733,23.9998467254904,2.));
#1722=CARTESIAN_POINT('',(72.,19.,2.));
#1723=CARTESIAN_POINT('',(67.0553668977701,23.9998467251713,2.));
#1724=CARTESIAN_POINT('',(72.,-3.5,2.));
#1725=CARTESIAN_POINT('',(53.5,-22.,2.));
#1726=CARTESIAN_POINT('',(35.,-22.,2.));
#1727=CARTESIAN_POINT('',(30.,-17.,2.));
#1728=CARTESIAN_POINT('',(30.,19.,2.));
#1729=CARTESIAN_POINT('',(34.9446330331323,23.9998467244115,2.));
#1730=CARTESIAN_POINT('',(13.,74.,2.));
#1731=CARTESIAN_POINT('',(67.0000000000001,73.9999999999999,2.));
#1732=CARTESIAN_POINT('',(8.,79.0000000000001,2.));
#1733=CARTESIAN_POINT('',(8.,115.,2.));
#1734=CARTESIAN_POINT('',(12.9999999999999,120.,2.));
#1735=CARTESIAN_POINT('',(52.,120.,2.));
#1736=CARTESIAN_POINT('',(72.,100.,2.));
#1737=CARTESIAN_POINT('',(72.,79.,2.));
#1738=CARTESIAN_POINT('',(67.,72.,2.));
#1739=CARTESIAN_POINT('',(13.,72.,2.));
#1740=CARTESIAN_POINT('',(72.,67.,2.));
#1741=CARTESIAN_POINT('',(72.,31.,2.));
#1742=CARTESIAN_POINT('',(67.,26.,2.));
#1743=CARTESIAN_POINT('',(13.,26.,2.));
#1744=CARTESIAN_POINT('',(8.,31.,2.));
#1745=CARTESIAN_POINT('',(8.,67.,2.));
#1746=CARTESIAN_POINT('',(-60.,-4.,47.9992512426928));
#1747=CARTESIAN_POINT('',(-60.,102.,91.7459128956655));
#1748=CARTESIAN_POINT('',(-40.,-24.,39.7451641383583));
#1749=CARTESIAN_POINT('',(54.,-24.,39.7451641383583));
#1750=CARTESIAN_POINT('',(74.,-4.,47.9992512426928));
#1751=CARTESIAN_POINT('',(74.,102.,91.7459128956655));
#1752=CARTESIAN_POINT('',(-58.,79.,82.2537127256809));
#1753=CARTESIAN_POINT('',(-53.0000000000001,73.9999999999999,80.1901909495972));
#1754=CARTESIAN_POINT('',(-58.,100.,90.9205041852321));
#1755=CARTESIAN_POINT('',(-38.,120.,99.1745912895665));
#1756=CARTESIAN_POINT('',(1.00000000000005,120.,99.1745912895665));
#1757=CARTESIAN_POINT('',(6.,115.,97.1110695134829));
#1758=CARTESIAN_POINT('',(6.,79.0000000000001,82.2537127256809));
#1759=CARTESIAN_POINT('',(0.999999999999999,74.,80.1901909495972));
#1760=CARTESIAN_POINT('',(6.,67.,77.3012604630802));
#1761=CARTESIAN_POINT('',(1.00000000000003,72.,79.3647822391638));
#1762=CARTESIAN_POINT('',(6.,31.,62.4439036752781));
#1763=CARTESIAN_POINT('',(1.00000000000001,26.,60.3803818991945));
#1764=CARTESIAN_POINT('',(-53.,26.,60.3803818991945));
#1765=CARTESIAN_POINT('',(-58.,31.,62.4439036752781));
#1766=CARTESIAN_POINT('',(-58.,67.,77.3012604630802));
#1767=CARTESIAN_POINT('',(-53.,72.,79.3647822391638));
#1768=CARTESIAN_POINT('',(-20.9446330331323,23.9998467244115,59.5549099312581));
#1769=CARTESIAN_POINT('',(-53.0553668977701,23.9998467251713,59.5549099315717));
#1770=CARTESIAN_POINT('',(-16.,19.,57.4914514126774));
#1771=CARTESIAN_POINT('',(-16.,-17.,42.6340946248753));
#1772=CARTESIAN_POINT('',(-21.,-22.,40.5705728487917));
#1773=CARTESIAN_POINT('',(-39.5,-22.,40.5705728487917));
#1774=CARTESIAN_POINT('',(-58.,-3.5,48.2056034203011));
#1775=CARTESIAN_POINT('',(-58.,19.,57.4914514126774));
#1776=CARTESIAN_POINT('',(28.,19.,57.4914514126774));
#1777=CARTESIAN_POINT('',(23.0553668690734,23.9998467254903,59.5549099317033));
#1778=CARTESIAN_POINT('',(28.,-17.,42.6340946248753));
#1779=CARTESIAN_POINT('',(23.,-22.,40.5705728487917));
#1780=CARTESIAN_POINT('',(-9.,-22.,40.5705728487917));
#1781=CARTESIAN_POINT('',(-14.,-17.,42.6340946248753));
#1782=CARTESIAN_POINT('',(-14.,19.,57.4914514126774));
#1783=CARTESIAN_POINT('',(-9.05536686907331,23.9998467254903,59.5549099317033));
#1784=CARTESIAN_POINT('',(72.,19.,57.4914514126774));
#1785=CARTESIAN_POINT('',(67.0553668977701,23.9998467251713,59.5549099315717));
#1786=CARTESIAN_POINT('',(72.,-3.5,48.2056034203011));
#1787=CARTESIAN_POINT('',(53.5,-22.,40.5705728487917));
#1788=CARTESIAN_POINT('',(35.,-22.,40.5705728487917));
#1789=CARTESIAN_POINT('',(30.,-17.,42.6340946248753));
#1790=CARTESIAN_POINT('',(30.,19.,57.4914514126774));
#1791=CARTESIAN_POINT('',(34.9446330331323,23.9998467244115,59.5549099312581));
#1792=CARTESIAN_POINT('',(13.,74.,80.1901909495972));
#1793=CARTESIAN_POINT('',(67.0000000000001,73.9999999999999,80.1901909495972));
#1794=CARTESIAN_POINT('',(8.00000000000001,79.0000000000001,82.2537127256809));
#1795=CARTESIAN_POINT('',(8.,115.,97.1110695134829));
#1796=CARTESIAN_POINT('',(12.9999999999999,120.,99.1745912895665));
#1797=CARTESIAN_POINT('',(52.,120.,99.1745912895665));
#1798=CARTESIAN_POINT('',(72.,100.,90.9205041852321));
#1799=CARTESIAN_POINT('',(72.,79.,82.2537127256809));
#1800=CARTESIAN_POINT('',(67.,72.,79.3647822391638));
#1801=CARTESIAN_POINT('',(13.,72.,79.3647822391638));
#1802=CARTESIAN_POINT('',(72.,67.,77.3012604630802));
#1803=CARTESIAN_POINT('',(72.,31.,62.4439036752781));
#1804=CARTESIAN_POINT('',(67.,26.,60.3803818991945));
#1805=CARTESIAN_POINT('',(13.,26.,60.3803818991945));
#1806=CARTESIAN_POINT('',(7.99999999999999,31.,62.4439036752781));
#1807=CARTESIAN_POINT('',(8.,67.,77.3012604630802));
#1808=CARTESIAN_POINT('',(7.,122.,0.));
#1809=CARTESIAN_POINT('',(-40.,122.,0.));
#1810=CARTESIAN_POINT('',(-40.,102.,0.));
#1811=CARTESIAN_POINT('',(-40.,122.,0.));
#1812=CARTESIAN_POINT('',(-60.,102.,0.));
#1813=CARTESIAN_POINT('',(-60.,102.,0.));
#1814=CARTESIAN_POINT('',(-60.,-4.,0.));
#1815=CARTESIAN_POINT('',(-40.,-3.99999999999998,0.));
#1816=CARTESIAN_POINT('',(-60.,-4.,0.));
#1817=CARTESIAN_POINT('',(-40.,-24.,0.));
#1818=CARTESIAN_POINT('',(-40.,-24.,0.));
#1819=CARTESIAN_POINT('',(54.,-24.,0.));
#1820=CARTESIAN_POINT('',(54.,-3.99999999999997,0.));
#1821=CARTESIAN_POINT('',(54.,-24.,0.));
#1822=CARTESIAN_POINT('',(74.,-4.,0.));
#1823=CARTESIAN_POINT('',(74.,-4.,0.));
#1824=CARTESIAN_POINT('',(74.,102.,0.));
#1825=CARTESIAN_POINT('',(54.,102.,0.));
#1826=CARTESIAN_POINT('',(74.,102.,0.));
#1827=CARTESIAN_POINT('',(54.,122.,0.));
#1828=CARTESIAN_POINT('',(54.,122.,0.));
#1829=CARTESIAN_POINT('',(7.,122.,0.));
#1830=CARTESIAN_POINT('',(-40.,122.,100.));
#1831=CARTESIAN_POINT('',(7.,122.,100.));
#1832=CARTESIAN_POINT('',(7.,122.,100.));
#1833=CARTESIAN_POINT('',(54.,122.,100.));
#1834=CARTESIAN_POINT('',(-52.9999999999999,79.,2.));
#1835=CARTESIAN_POINT('',(-58.,79.,2.));
#1836=CARTESIAN_POINT('',(-53.0000000000001,73.9999999999999,2.));
#1837=CARTESIAN_POINT('',(-58.,100.,2.));
#1838=CARTESIAN_POINT('',(-58.,79.,2.));
#1839=CARTESIAN_POINT('',(-38.,100.,2.));
#1840=CARTESIAN_POINT('',(-38.,120.,2.));
#1841=CARTESIAN_POINT('',(-58.,100.,2.));
#1842=CARTESIAN_POINT('',(1.00000000000005,120.,2.));
#1843=CARTESIAN_POINT('',(-38.,120.,2.));
#1844=CARTESIAN_POINT('',(0.999999999999916,115.,2.));
#1845=CARTESIAN_POINT('',(6.,115.,2.));
#1846=CARTESIAN_POINT('',(1.00000000000005,120.,2.));
#1847=CARTESIAN_POINT('',(6.,79.0000000000001,2.));
#1848=CARTESIAN_POINT('',(6.,115.,2.));
#1849=CARTESIAN_POINT('',(0.99999999999993,79.0000000000001,2.));
#1850=CARTESIAN_POINT('',(0.99999999999999,74.,2.));
#1851=CARTESIAN_POINT('',(6.,79.0000000000001,2.));
#1852=CARTESIAN_POINT('',(-53.0000000000001,73.9999999999999,2.));
#1853=CARTESIAN_POINT('',(0.99999999999999,74.,2.));
#1854=CARTESIAN_POINT('',(1.00000000000004,67.0000000000001,2.));
#1855=CARTESIAN_POINT('',(6.,67.,2.));
#1856=CARTESIAN_POINT('',(1.00000000000002,72.,2.));
#1857=CARTESIAN_POINT('',(6.,31.,2.));
#1858=CARTESIAN_POINT('',(6.,67.,2.));
#1859=CARTESIAN_POINT('',(1.00000000000001,31.,2.));
#1860=CARTESIAN_POINT('',(1.00000000000001,26.,2.));
#1861=CARTESIAN_POINT('',(6.,31.,2.));
#1862=CARTESIAN_POINT('',(-53.,26.,2.));
#1863=CARTESIAN_POINT('',(1.00000000000001,26.,2.));
#1864=CARTESIAN_POINT('',(-53.,31.,2.));
#1865=CARTESIAN_POINT('',(-58.,31.,2.));
#1866=CARTESIAN_POINT('',(-53.,26.,2.));
#1867=CARTESIAN_POINT('',(-58.,67.,2.));
#1868=CARTESIAN_POINT('',(-58.,31.,2.));
#1869=CARTESIAN_POINT('',(-53.,67.,2.));
#1870=CARTESIAN_POINT('',(-53.,72.,2.));
#1871=CARTESIAN_POINT('',(-58.,67.,2.));
#1872=CARTESIAN_POINT('',(1.00000000000002,72.,2.));
#1873=CARTESIAN_POINT('',(-53.,72.,2.));
#1874=CARTESIAN_POINT('',(-20.9446330331323,23.9998467244115,2.));
#1875=CARTESIAN_POINT('',(-53.0553668977701,23.9998467251713,2.));
#1876=CARTESIAN_POINT('',(-21.0001873194296,18.999968030715,2.));
#1877=CARTESIAN_POINT('',(-16.,19.,2.));
#1878=CARTESIAN_POINT('',(-20.9446330331323,23.9998467244115,2.));
#1879=CARTESIAN_POINT('',(-16.,-17.,2.));
#1880=CARTESIAN_POINT('',(-16.,19.,2.));
#1881=CARTESIAN_POINT('',(-21.,-17.,2.));
#1882=CARTESIAN_POINT('',(-21.,-22.,2.));
#1883=CARTESIAN_POINT('',(-16.,-17.,2.));
#1884=CARTESIAN_POINT('',(-39.5,-22.,2.));
#1885=CARTESIAN_POINT('',(-21.,-22.,2.));
#1886=CARTESIAN_POINT('',(-39.5,-3.49999999999998,2.));
#1887=CARTESIAN_POINT('',(-58.,-3.5,2.));
#1888=CARTESIAN_POINT('',(-39.5,-22.,2.));
#1889=CARTESIAN_POINT('',(-58.,19.,2.));
#1890=CARTESIAN_POINT('',(-58.,-3.5,2.));
#1891=CARTESIAN_POINT('',(-52.9998127149825,18.9999680647391,2.));
#1892=CARTESIAN_POINT('',(-53.0553668977701,23.9998467251713,2.));
#1893=CARTESIAN_POINT('',(-58.,19.,2.));
#1894=CARTESIAN_POINT('',(22.9998127295854,18.999968079181,2.));
#1895=CARTESIAN_POINT('',(28.,19.,2.));
#1896=CARTESIAN_POINT('',(23.0553668690733,23.9998467254903,2.));
#1897=CARTESIAN_POINT('',(28.,-17.,2.));
#1898=CARTESIAN_POINT('',(28.,19.,2.));
#1899=CARTESIAN_POINT('',(23.,-17.,2.));
#1900=CARTESIAN_POINT('',(23.,-22.,2.));
#1901=CARTESIAN_POINT('',(28.,-17.,2.));
#1902=CARTESIAN_POINT('',(-9.,-22.,2.));
#1903=CARTESIAN_POINT('',(23.,-22.,2.));
#1904=CARTESIAN_POINT('',(-9.00000000000001,-17.,2.));
#1905=CARTESIAN_POINT('',(-14.,-17.,2.));
#1906=CARTESIAN_POINT('',(-9.,-22.,2.));
#1907=CARTESIAN_POINT('',(-14.,19.,2.));
#1908=CARTESIAN_POINT('',(-14.,-17.,2.));
#1909=CARTESIAN_POINT('',(-8.99981272958543,18.999968079181,2.));
#1910=CARTESIAN_POINT('',(-9.0553668690733,23.9998467254904,2.));
#1911=CARTESIAN_POINT('',(-14.,19.,2.));
#1912=CARTESIAN_POINT('',(23.0553668690733,23.9998467254903,2.));
#1913=CARTESIAN_POINT('',(-9.0553668690733,23.9998467254904,2.));
#1914=CARTESIAN_POINT('',(66.9998127149825,18.9999680647391,2.));
#1915=CARTESIAN_POINT('',(72.,19.,2.));
#1916=CARTESIAN_POINT('',(67.0553668977701,23.9998467251713,2.));
#1917=CARTESIAN_POINT('',(72.,-3.5,2.));
#1918=CARTESIAN_POINT('',(72.,19.,2.));
#1919=CARTESIAN_POINT('',(53.5,-3.5,2.));
#1920=CARTESIAN_POINT('',(53.5,-22.,2.));
#1921=CARTESIAN_POINT('',(72.,-3.5,2.));
#1922=CARTESIAN_POINT('',(35.,-22.,2.));
#1923=CARTESIAN_POINT('',(53.5,-22.,2.));
#1924=CARTESIAN_POINT('',(35.,-17.,2.));
#1925=CARTESIAN_POINT('',(30.,-17.,2.));
#1926=CARTESIAN_POINT('',(35.,-22.,2.));
#1927=CARTESIAN_POINT('',(30.,19.,2.));
#1928=CARTESIAN_POINT('',(30.,-17.,2.));
#1929=CARTESIAN_POINT('',(35.0001873194295,18.999968030715,2.));
#1930=CARTESIAN_POINT('',(34.9446330331323,23.9998467244115,2.));
#1931=CARTESIAN_POINT('',(30.,19.,2.));
#1932=CARTESIAN_POINT('',(67.0553668977701,23.9998467251713,2.));
#1933=CARTESIAN_POINT('',(34.9446330331323,23.9998467244115,2.));
#1934=CARTESIAN_POINT('',(13.,74.,2.));
#1935=CARTESIAN_POINT('',(67.0000000000001,73.9999999999999,2.));
#1936=CARTESIAN_POINT('',(13.,79.0000000000001,2.));
#1937=CARTESIAN_POINT('',(8.,79.0000000000001,2.));
#1938=CARTESIAN_POINT('',(13.,74.,2.));
#1939=CARTESIAN_POINT('',(8.,115.,2.));
#1940=CARTESIAN_POINT('',(8.,79.0000000000001,2.));
#1941=CARTESIAN_POINT('',(12.9999999999999,115.,2.));
#1942=CARTESIAN_POINT('',(12.9999999999999,120.,2.));
#1943=CARTESIAN_POINT('',(8.00000000000001,115.,2.));
#1944=CARTESIAN_POINT('',(52.,120.,2.));
#1945=CARTESIAN_POINT('',(12.9999999999999,120.,2.));
#1946=CARTESIAN_POINT('',(52.,100.,2.));
#1947=CARTESIAN_POINT('',(72.,100.,2.));
#1948=CARTESIAN_POINT('',(52.,120.,2.));
#1949=CARTESIAN_POINT('',(72.,79.,2.));
#1950=CARTESIAN_POINT('',(72.,100.,2.));
#1951=CARTESIAN_POINT('',(67.,79.,2.));
#1952=CARTESIAN_POINT('',(67.0000000000001,73.9999999999999,2.));
#1953=CARTESIAN_POINT('',(72.,79.,2.));
#1954=CARTESIAN_POINT('',(67.,72.,2.));
#1955=CARTESIAN_POINT('',(13.,72.,2.));
#1956=CARTESIAN_POINT('',(67.0000000000001,67.0000000000001,2.));
#1957=CARTESIAN_POINT('',(72.,67.,2.));
#1958=CARTESIAN_POINT('',(67.,72.,2.));
#1959=CARTESIAN_POINT('',(72.,31.,2.));
#1960=CARTESIAN_POINT('',(72.,67.,2.));
#1961=CARTESIAN_POINT('',(67.,31.0000000000001,2.));
#1962=CARTESIAN_POINT('',(67.,26.,2.));
#1963=CARTESIAN_POINT('',(72.,31.,2.));
#1964=CARTESIAN_POINT('',(13.,26.,2.));
#1965=CARTESIAN_POINT('',(67.,26.,2.));
#1966=CARTESIAN_POINT('',(13.,31.,2.));
#1967=CARTESIAN_POINT('',(8.,31.,2.));
#1968=CARTESIAN_POINT('',(13.,26.,2.));
#1969=CARTESIAN_POINT('',(8.,67.,2.));
#1970=CARTESIAN_POINT('',(8.,31.,2.));
#1971=CARTESIAN_POINT('',(13.,67.,2.));
#1972=CARTESIAN_POINT('',(13.,72.,2.));
#1973=CARTESIAN_POINT('',(8.00000000000001,67.,2.));
#1974=CARTESIAN_POINT('',(-58.,79.,2.));
#1975=CARTESIAN_POINT('',(-58.,79.,82.2537127256809));
#1976=CARTESIAN_POINT('',(-53.0000000000001,73.9999999999999,2.));
#1977=CARTESIAN_POINT('',(-53.0000000000001,73.9999999999999,80.1901909495972));
#1978=CARTESIAN_POINT('',(-58.,100.,2.));
#1979=CARTESIAN_POINT('',(-58.,100.,90.9205041852321));
#1980=CARTESIAN_POINT('',(-38.,120.,2.));
#1981=CARTESIAN_POINT('',(-38.,120.,99.1745912895665));
#1982=CARTESIAN_POINT('',(1.00000000000005,120.,2.));
#1983=CARTESIAN_POINT('',(1.00000000000005,120.,99.1745912895665));
#1984=CARTESIAN_POINT('',(6.,115.,2.));
#1985=CARTESIAN_POINT('',(6.,115.,97.1110695134829));
#1986=CARTESIAN_POINT('',(6.,79.0000000000001,2.));
#1987=CARTESIAN_POINT('',(6.,79.0000000000001,82.2537127256809));
#1988=CARTESIAN_POINT('',(0.99999999999999,74.,2.));
#1989=CARTESIAN_POINT('',(0.999999999999999,74.,80.1901909495972));
#1990=CARTESIAN_POINT('',(6.,67.,2.));
#1991=CARTESIAN_POINT('',(6.,67.,77.3012604630802));
#1992=CARTESIAN_POINT('',(1.00000000000002,72.,2.));
#1993=CARTESIAN_POINT('',(1.00000000000003,72.,79.3647822391638));
#1994=CARTESIAN_POINT('',(6.,31.,2.));
#1995=CARTESIAN_POINT('',(6.,31.,62.4439036752781));
#1996=CARTESIAN_POINT('',(1.00000000000001,26.,2.));
#1997=CARTESIAN_POINT('',(1.00000000000001,26.,60.3803818991945));
#1998=CARTESIAN_POINT('',(-53.,26.,2.));
#1999=CARTESIAN_POINT('',(-53.,26.,60.3803818991945));
#2000=CARTESIAN_POINT('',(-58.,31.,2.));
#2001=CARTESIAN_POINT('',(-58.,31.,62.4439036752781));
#2002=CARTESIAN_POINT('',(-58.,67.,2.));
#2003=CARTESIAN_POINT('',(-58.,67.,77.3012604630802));
#2004=CARTESIAN_POINT('',(-53.,72.,2.));
#2005=CARTESIAN_POINT('',(-53.,72.,79.3647822391638));
#2006=CARTESIAN_POINT('',(-20.9446330331323,23.9998467244115,2.));
#2007=CARTESIAN_POINT('',(-20.9446330331323,23.9998467244115,59.5549099312581));
#2008=CARTESIAN_POINT('',(-53.0553668977701,23.9998467251713,2.));
#2009=CARTESIAN_POINT('',(-53.0553668977701,23.9998467251713,59.5549099315717));
#2010=CARTESIAN_POINT('',(-16.,19.,2.));
#2011=CARTESIAN_POINT('',(-16.,19.,57.4914514126774));
#2012=CARTESIAN_POINT('',(-16.,-17.,2.));
#2013=CARTESIAN_POINT('',(-16.,-17.,42.6340946248753));
#2014=CARTESIAN_POINT('',(-21.,-22.,2.));
#2015=CARTESIAN_POINT('',(-21.,-22.,40.5705728487917));
#2016=CARTESIAN_POINT('',(-39.5,-22.,2.));
#2017=CARTESIAN_POINT('',(-39.5,-22.,40.5705728487917));
#2018=CARTESIAN_POINT('',(-58.,-3.5,2.));
#2019=CARTESIAN_POINT('',(-58.,-3.5,48.2056034203011));
#2020=CARTESIAN_POINT('',(-58.,19.,2.));
#2021=CARTESIAN_POINT('',(-58.,19.,57.4914514126774));
#2022=CARTESIAN_POINT('',(28.,19.,2.));
#2023=CARTESIAN_POINT('',(28.,19.,57.4914514126774));
#2024=CARTESIAN_POINT('',(23.0553668690733,23.9998467254903,2.));
#2025=CARTESIAN_POINT('',(23.0553668690734,23.9998467254903,59.5549099317033));
#2026=CARTESIAN_POINT('',(28.,-17.,2.));
#2027=CARTESIAN_POINT('',(28.,-17.,42.6340946248753));
#2028=CARTESIAN_POINT('',(23.,-22.,2.));
#2029=CARTESIAN_POINT('',(23.,-22.,40.5705728487917));
#2030=CARTESIAN_POINT('',(-9.,-22.,2.));
#2031=CARTESIAN_POINT('',(-9.,-22.,40.5705728487917));
#2032=CARTESIAN_POINT('',(-14.,-17.,2.));
#2033=CARTESIAN_POINT('',(-14.,-17.,42.6340946248753));
#2034=CARTESIAN_POINT('',(-14.,19.,2.));
#2035=CARTESIAN_POINT('',(-14.,19.,57.4914514126774));
#2036=CARTESIAN_POINT('',(-9.0553668690733,23.9998467254904,2.));
#2037=CARTESIAN_POINT('',(-9.05536686907331,23.9998467254903,59.5549099317033));
#2038=CARTESIAN_POINT('',(72.,19.,2.));
#2039=CARTESIAN_POINT('',(72.,19.,57.4914514126774));
#2040=CARTESIAN_POINT('',(67.0553668977701,23.9998467251713,2.));
#2041=CARTESIAN_POINT('',(67.0553668977701,23.9998467251713,59.5549099315717));
#2042=CARTESIAN_POINT('',(72.,-3.5,2.));
#2043=CARTESIAN_POINT('',(72.,-3.5,48.2056034203011));
#2044=CARTESIAN_POINT('',(53.5,-22.,2.));
#2045=CARTESIAN_POINT('',(53.5,-22.,40.5705728487917));
#2046=CARTESIAN_POINT('',(35.,-22.,2.));
#2047=CARTESIAN_POINT('',(35.,-22.,40.5705728487917));
#2048=CARTESIAN_POINT('',(30.,-17.,2.));
#2049=CARTESIAN_POINT('',(30.,-17.,42.6340946248753));
#2050=CARTESIAN_POINT('',(30.,19.,2.));
#2051=CARTESIAN_POINT('',(30.,19.,57.4914514126774));
#2052=CARTESIAN_POINT('',(34.9446330331323,23.9998467244115,2.));
#2053=CARTESIAN_POINT('',(34.9446330331323,23.9998467244115,59.5549099312581));
#2054=CARTESIAN_POINT('',(13.,74.,2.));
#2055=CARTESIAN_POINT('',(13.,74.,80.1901909495972));
#2056=CARTESIAN_POINT('',(67.0000000000001,73.9999999999999,2.));
#2057=CARTESIAN_POINT('',(67.0000000000001,73.9999999999999,80.1901909495972));
#2058=CARTESIAN_POINT('',(8.,79.0000000000001,2.));
#2059=CARTESIAN_POINT('',(8.00000000000001,79.0000000000001,82.2537127256809));
#2060=CARTESIAN_POINT('',(8.,115.,2.));
#2061=CARTESIAN_POINT('',(8.,115.,97.1110695134829));
#2062=CARTESIAN_POINT('',(12.9999999999999,120.,2.));
#2063=CARTESIAN_POINT('',(12.9999999999999,120.,99.1745912895665));
#2064=CARTESIAN_POINT('',(52.,120.,2.));
#2065=CARTESIAN_POINT('',(52.,120.,99.1745912895665));
#2066=CARTESIAN_POINT('',(72.,100.,2.));
#2067=CARTESIAN_POINT('',(72.,100.,90.9205041852321));
#2068=CARTESIAN_POINT('',(72.,79.,2.));
#2069=CARTESIAN_POINT('',(72.,79.,82.2537127256809));
#2070=CARTESIAN_POINT('',(67.,72.,2.));
#2071=CARTESIAN_POINT('',(67.,72.,79.3647822391638));
#2072=CARTESIAN_POINT('',(13.,72.,2.));
#2073=CARTESIAN_POINT('',(13.,72.,79.3647822391638));
#2074=CARTESIAN_POINT('',(72.,67.,2.));
#2075=CARTESIAN_POINT('',(72.,67.,77.3012604630802));
#2076=CARTESIAN_POINT('',(72.,31.,2.));
#2077=CARTESIAN_POINT('',(72.,31.,62.4439036752781));
#2078=CARTESIAN_POINT('',(67.,26.,2.));
#2079=CARTESIAN_POINT('',(67.,26.,60.3803818991945));
#2080=CARTESIAN_POINT('',(13.,26.,2.));
#2081=CARTESIAN_POINT('',(13.,26.,60.3803818991945));
#2082=CARTESIAN_POINT('',(8.,31.,2.));
#2083=CARTESIAN_POINT('',(7.99999999999999,31.,62.4439036752781));
#2084=CARTESIAN_POINT('',(8.,67.,2.));
#2085=CARTESIAN_POINT('',(8.,67.,77.3012604630802));
#2086=CARTESIAN_POINT('',(-40.,122.,0.));
#2087=CARTESIAN_POINT('',(-40.,122.,2.));
#2088=CARTESIAN_POINT('',(-40.,122.,100.));
#2089=CARTESIAN_POINT('',(7.,122.,0.));
#2090=CARTESIAN_POINT('',(7.,122.,2.));
#2091=CARTESIAN_POINT('',(7.,122.,100.));
#2092=CARTESIAN_POINT('',(-60.,102.,0.));
#2093=CARTESIAN_POINT('',(-60.,102.,2.));
#2094=CARTESIAN_POINT('',(-60.,102.,91.7459128956655));
#2095=CARTESIAN_POINT('',(-60.,-4.,0.));
#2096=CARTESIAN_POINT('',(-60.,-4.,2.));
#2097=CARTESIAN_POINT('',(-60.,-4.,47.9992512426928));
#2098=CARTESIAN_POINT('',(-40.,-24.,0.));
#2099=CARTESIAN_POINT('',(-40.,-24.,2.));
#2100=CARTESIAN_POINT('',(-40.,-24.,39.7451641383583));
#2101=CARTESIAN_POINT('',(54.,-24.,0.));
#2102=CARTESIAN_POINT('',(54.,-24.,2.));
#2103=CARTESIAN_POINT('',(54.,-24.,39.7451641383583));
#2104=CARTESIAN_POINT('',(74.,-4.,0.));
#2105=CARTESIAN_POINT('',(74.,-4.,2.));
#2106=CARTESIAN_POINT('',(74.,-4.,47.9992512426928));
#2107=CARTESIAN_POINT('',(74.,102.,0.));
#2108=CARTESIAN_POINT('',(74.,102.,2.));
#2109=CARTESIAN_POINT('',(74.,102.,91.7459128956655));
#2110=CARTESIAN_POINT('',(54.,122.,0.));
#2111=CARTESIAN_POINT('',(54.,122.,2.));
#2112=CARTESIAN_POINT('',(54.,122.,100.));
#2113=CARTESIAN_POINT('',(-60.,-4.,47.9992512426928));
#2114=CARTESIAN_POINT('',(-60.,102.,91.7459128956655));
#2115=CARTESIAN_POINT('',(-40.,-24.,39.7451641383583));
#2116=CARTESIAN_POINT('',(54.,-24.,39.7451641383583));
#2117=CARTESIAN_POINT('',(74.,-4.,47.9992512426928));
#2118=CARTESIAN_POINT('',(74.,-5.25456216663491,47.4814879726324));
#2119=CARTESIAN_POINT('',(73.8819540937272,-6.50797844160011,46.9641976170547));
#2120=CARTESIAN_POINT('',(73.4110824107938,-8.97916268548753,45.9443291170595));
#2121=CARTESIAN_POINT('',(73.058697875856,-10.1945214368728,45.442745267212));
#2122=CARTESIAN_POINT('',(71.6555142712527,-13.7329490924018,43.9824207631558));
#2123=CARTESIAN_POINT('',(70.2647886519554,-15.9273064568019,43.0767999219661));
#2124=CARTESIAN_POINT('',(66.6465941935844,-19.715638622284,41.513338738264));
#2125=CARTESIAN_POINT('',(64.4424111917903,-21.2716759151861,40.8711553705922));
#2126=CARTESIAN_POINT('',(59.4610851504341,-23.4308966317883,39.9800355769763));
#2127=CARTESIAN_POINT('',(56.7553794741869,-24.,39.7451641383583));
#2128=CARTESIAN_POINT('',(54.,-24.,39.7451641383583));
#2129=CARTESIAN_POINT('',(54.,122.,100.));
#2130=CARTESIAN_POINT('',(56.7553794741869,122.,100.));
#2131=CARTESIAN_POINT('',(59.4610851504341,121.430896631788,99.765128561382));
#2132=CARTESIAN_POINT('',(64.4424111917904,119.271675915186,98.8740087677661));
#2133=CARTESIAN_POINT('',(66.6465941935843,117.715638622284,98.2318254000944));
#2134=CARTESIAN_POINT('',(70.2647886519552,113.927306456802,96.6683642163923));
#2135=CARTESIAN_POINT('',(71.6555142712529,111.732949092402,95.7627433752023));
#2136=CARTESIAN_POINT('',(73.0586978758559,108.194521436873,94.3024188711464));
#2137=CARTESIAN_POINT('',(73.4110824107939,106.979162685487,93.8008350212987));
#2138=CARTESIAN_POINT('',(73.8819540937272,104.5079784416,92.7809665213035));
#2139=CARTESIAN_POINT('',(74.,103.254562166635,92.2636761657259));
#2140=CARTESIAN_POINT('',(74.,102.,91.7459128956655));
#2141=CARTESIAN_POINT('',(-60.,102.,91.7459128956655));
#2142=CARTESIAN_POINT('',(-60.,103.254562166635,92.2636761657258));
#2143=CARTESIAN_POINT('',(-59.8819540937272,104.5079784416,92.7809665213036));
#2144=CARTESIAN_POINT('',(-59.4110824107938,106.979162685488,93.8008350212988));
#2145=CARTESIAN_POINT('',(-59.058697875856,108.194521436873,94.3024188711463));
#2146=CARTESIAN_POINT('',(-57.6555142712527,111.732949092402,95.7627433752024));
#2147=CARTESIAN_POINT('',(-56.2647886519554,113.927306456802,96.6683642163922));
#2148=CARTESIAN_POINT('',(-52.6465941935846,117.715638622284,98.2318254000942));
#2149=CARTESIAN_POINT('',(-50.4424111917901,119.271675915186,98.8740087677661));
#2150=CARTESIAN_POINT('',(-45.461085150434,121.430896631788,99.765128561382));
#2151=CARTESIAN_POINT('',(-42.7553794741871,122.,100.));
#2152=CARTESIAN_POINT('',(-40.,122.,100.));
#2153=CARTESIAN_POINT('',(-40.,-24.,39.7451641383583));
#2154=CARTESIAN_POINT('',(-42.755379474187,-24.,39.7451641383583));
#2155=CARTESIAN_POINT('',(-45.4610851504341,-23.4308966317883,39.9800355769763));
#2156=CARTESIAN_POINT('',(-50.4424111917902,-21.2716759151861,40.8711553705922));
#2157=CARTESIAN_POINT('',(-52.6465941935845,-19.715638622284,41.513338738264));
#2158=CARTESIAN_POINT('',(-56.2647886519553,-15.9273064568019,43.076799921966));
#2159=CARTESIAN_POINT('',(-57.6555142712527,-13.7329490924018,43.9824207631559));
#2160=CARTESIAN_POINT('',(-59.0586978758559,-10.194521436873,45.4427452672119));
#2161=CARTESIAN_POINT('',(-59.4110824107938,-8.9791626854873,45.9443291170595));
#2162=CARTESIAN_POINT('',(-59.8819540937272,-6.50797844159998,46.9641976170548));
#2163=CARTESIAN_POINT('',(-60.,-5.25456216663504,47.4814879726323));
#2164=CARTESIAN_POINT('',(-60.,-4.,47.9992512426928));
#2165=CARTESIAN_POINT('',(74.,102.,91.7459128956655));
#2166=CARTESIAN_POINT('',(74.,-4.,47.9992512426928));
#2167=CARTESIAN_POINT('',(-58.,79.,82.2537127256809));
#2168=CARTESIAN_POINT('',(-58.,78.3721570259492,81.9945991958979));
#2169=CARTESIAN_POINT('',(-57.8817209145033,77.7465272940774,81.7363990808013));
#2170=CARTESIAN_POINT('',(-57.4138785678035,76.566762726875,81.2495051057865));
#2171=CARTESIAN_POINT('',(-57.0661971630076,76.0181733858191,81.0230998955073));
#2172=CARTESIAN_POINT('',(-56.1616485484173,75.0710903444511,80.6322345995828));
#2173=CARTESIAN_POINT('',(-55.6106027979251,74.6820810211854,80.4716887576449));
#2174=CARTESIAN_POINT('',(-54.3652712876405,74.1422758420573,80.2489088092502));
#2175=CARTESIAN_POINT('',(-53.6888448685163,74.,80.1901909495972));
#2176=CARTESIAN_POINT('',(-53.0000000000001,73.9999999999999,80.1901909495972));
#2177=CARTESIAN_POINT('',(-58.,100.,90.9205041852321));
#2178=CARTESIAN_POINT('',(-58.,79.,82.2537127256809));
#2179=CARTESIAN_POINT('',(-38.,120.,99.1745912895665));
#2180=CARTESIAN_POINT('',(-40.7553794741868,120.,99.1745912895666));
#2181=CARTESIAN_POINT('',(-43.4610851504342,119.430896631788,98.9397198509485));
#2182=CARTESIAN_POINT('',(-48.4424111917903,117.271675915186,98.0486000573326));
#2183=CARTESIAN_POINT('',(-50.6465941935844,115.715638622284,97.4064166896608));
#2184=CARTESIAN_POINT('',(-54.2647886519553,111.927306456802,95.8429555059588));
#2185=CARTESIAN_POINT('',(-55.6555142712528,109.732949092402,94.9373346647689));
#2186=CARTESIAN_POINT('',(-57.0586978758561,106.194521436873,93.4770101607128));
#2187=CARTESIAN_POINT('',(-57.4110824107937,104.979162685488,92.9754263108655));
#2188=CARTESIAN_POINT('',(-57.8819540937272,102.5079784416,91.9555578108701));
#2189=CARTESIAN_POINT('',(-58.,101.254562166635,91.4382674552924));
#2190=CARTESIAN_POINT('',(-58.,100.,90.9205041852321));
#2191=CARTESIAN_POINT('',(1.00000000000005,120.,99.1745912895665));
#2192=CARTESIAN_POINT('',(-38.,120.,99.1745912895665));
#2193=CARTESIAN_POINT('',(6.,115.,97.1110695134829));
#2194=CARTESIAN_POINT('',(5.99999999999999,115.627842974051,97.3701830432659));
#2195=CARTESIAN_POINT('',(5.88172091450332,116.253472705923,97.6283831583624));
#2196=CARTESIAN_POINT('',(5.41387856780338,117.433237273125,98.1152771333773));
#2197=CARTESIAN_POINT('',(5.06619716300767,117.981826614181,98.3416823436564));
#2198=CARTESIAN_POINT('',(4.16164854841718,118.928909655549,98.732547639581));
#2199=CARTESIAN_POINT('',(3.61060279792513,119.317918978815,98.8930934815188));
#2200=CARTESIAN_POINT('',(2.3652712876408,119.857724157943,99.1158734299135));
#2201=CARTESIAN_POINT('',(1.68884486851599,120.,99.1745912895665));
#2202=CARTESIAN_POINT('',(1.00000000000005,120.,99.1745912895665));
#2203=CARTESIAN_POINT('',(6.,79.0000000000001,82.2537127256809));
#2204=CARTESIAN_POINT('',(6.,115.,97.1110695134829));
#2205=CARTESIAN_POINT('',(0.999999999999999,74.,80.1901909495972));
#2206=CARTESIAN_POINT('',(1.68884486851609,74.,80.1901909495972));
#2207=CARTESIAN_POINT('',(2.36527128764062,74.1422758420574,80.2489088092502));
#2208=CARTESIAN_POINT('',(3.61060279792504,74.6820810211854,80.4716887576449));
#2209=CARTESIAN_POINT('',(4.16164854841728,75.0710903444512,80.6322345995828));
#2210=CARTESIAN_POINT('',(5.06619716300767,76.0181733858192,81.0230998955073));
#2211=CARTESIAN_POINT('',(5.41387856780344,76.566762726875,81.2495051057865));
#2212=CARTESIAN_POINT('',(5.88172091450333,77.7465272940775,81.7363990808013));
#2213=CARTESIAN_POINT('',(6.00000000000001,78.3721570259493,81.9945991958979));
#2214=CARTESIAN_POINT('',(6.,79.0000000000001,82.2537127256809));
#2215=CARTESIAN_POINT('',(-53.0000000000001,73.9999999999999,80.1901909495972));
#2216=CARTESIAN_POINT('',(0.999999999999999,74.,80.1901909495972));
#2217=CARTESIAN_POINT('',(6.,67.,77.3012604630802));
#2218=CARTESIAN_POINT('',(5.99999999999999,67.6278429740507,77.5603739928631));
#2219=CARTESIAN_POINT('',(5.88172091450332,68.2534727059225,77.8185741079597));
#2220=CARTESIAN_POINT('',(5.41387856780343,69.4332372731251,78.3054680829746));
#2221=CARTESIAN_POINT('',(5.06619716300768,69.9818266141808,78.5318732932537));
#2222=CARTESIAN_POINT('',(4.16164854841731,70.9289096555488,78.9227385891782));
#2223=CARTESIAN_POINT('',(3.61060279792501,71.3179189788146,79.0832844311161));
#2224=CARTESIAN_POINT('',(2.36527128764057,71.8577241579427,79.3060643795108));
#2225=CARTESIAN_POINT('',(1.6888448685162,72.,79.3647822391638));
#2226=CARTESIAN_POINT('',(1.00000000000003,72.,79.3647822391638));
#2227=CARTESIAN_POINT('',(6.,31.,62.4439036752781));
#2228=CARTESIAN_POINT('',(6.,67.,77.3012604630802));
#2229=CARTESIAN_POINT('',(1.00000000000001,26.,60.3803818991945));
#2230=CARTESIAN_POINT('',(1.68884486851609,26.,60.3803818991945));
#2231=CARTESIAN_POINT('',(2.36527128764062,26.1422758420573,60.4390997588475));
#2232=CARTESIAN_POINT('',(3.610602797925,26.6820810211854,60.6618797072422));
#2233=CARTESIAN_POINT('',(4.16164854841727,27.0710903444511,60.82242554918));
#2234=CARTESIAN_POINT('',(5.06619716300763,28.0181733858192,61.2132908451045));
#2235=CARTESIAN_POINT('',(5.41387856780342,28.5667627268749,61.4396960553837));
#2236=CARTESIAN_POINT('',(5.88172091450329,29.7465272940774,61.9265900303986));
#2237=CARTESIAN_POINT('',(5.99999999999999,30.3721570259493,62.1847901454951));
#2238=CARTESIAN_POINT('',(6.,31.,62.4439036752781));
#2239=CARTESIAN_POINT('',(-53.,26.,60.3803818991945));
#2240=CARTESIAN_POINT('',(1.00000000000001,26.,60.3803818991945));
#2241=CARTESIAN_POINT('',(-58.,31.,62.4439036752781));
#2242=CARTESIAN_POINT('',(-58.,30.3721570259494,62.1847901454952));
#2243=CARTESIAN_POINT('',(-57.8817209145033,29.7465272940774,61.9265900303986));
#2244=CARTESIAN_POINT('',(-57.4138785678034,28.566762726875,61.4396960553837));
#2245=CARTESIAN_POINT('',(-57.0661971630076,28.0181733858192,61.2132908451046));
#2246=CARTESIAN_POINT('',(-56.1616485484172,27.0710903444511,60.82242554918));
#2247=CARTESIAN_POINT('',(-55.6106027979251,26.6820810211855,60.6618797072422));
#2248=CARTESIAN_POINT('',(-54.3652712876407,26.1422758420574,60.4390997588475));
#2249=CARTESIAN_POINT('',(-53.6888448685161,26.,60.3803818991945));
#2250=CARTESIAN_POINT('',(-53.,26.,60.3803818991945));
#2251=CARTESIAN_POINT('',(-58.,67.,77.3012604630802));
#2252=CARTESIAN_POINT('',(-58.,31.,62.4439036752781));
#2253=CARTESIAN_POINT('',(-53.,72.,79.3647822391638));
#2254=CARTESIAN_POINT('',(-53.6888448685161,72.,79.3647822391638));
#2255=CARTESIAN_POINT('',(-54.3652712876406,71.8577241579426,79.3060643795108));
#2256=CARTESIAN_POINT('',(-55.6106027979251,71.3179189788146,79.0832844311161));
#2257=CARTESIAN_POINT('',(-56.1616485484172,70.9289096555489,78.9227385891782));
#2258=CARTESIAN_POINT('',(-57.0661971630078,69.9818266141806,78.5318732932537));
#2259=CARTESIAN_POINT('',(-57.4138785678033,69.4332372731253,78.3054680829747));
#2260=CARTESIAN_POINT('',(-57.8817209145033,68.2534727059226,77.8185741079597));
#2261=CARTESIAN_POINT('',(-58.,67.6278429740507,77.5603739928631));
#2262=CARTESIAN_POINT('',(-58.,67.,77.3012604630802));
#2263=CARTESIAN_POINT('',(1.00000000000003,72.,79.3647822391638));
#2264=CARTESIAN_POINT('',(-53.,72.,79.3647822391638));
#2265=CARTESIAN_POINT('',(-20.9446330331323,23.9998467244115,59.5549099312581));
#2266=CARTESIAN_POINT('',(-53.0553668977701,23.9998467251713,59.5549099315717));
#2267=CARTESIAN_POINT('',(-16.,19.,57.4914514126774));
#2268=CARTESIAN_POINT('',(-16.0000039873974,19.6236527932975,57.7488356366144));
#2269=CARTESIAN_POINT('',(-16.1167085683868,20.2451344380732,58.0053238181005));
#2270=CARTESIAN_POINT('',(-16.5783846566042,21.4180284688327,58.4893822928027));
#2271=CARTESIAN_POINT('',(-16.9215268685194,21.9640207257852,58.7147156751616));
#2272=CARTESIAN_POINT('',(-17.814614252344,22.9089373765496,59.1046868922489));
#2273=CARTESIAN_POINT('',(-18.3589415055672,23.2986367983422,59.2655175408549));
#2274=CARTESIAN_POINT('',(-19.5905797161548,23.8444978918649,59.490796791495));
#2275=CARTESIAN_POINT('',(-20.2606273392136,23.9922466503943,59.5517733476113));
#2276=CARTESIAN_POINT('',(-20.9446330331323,23.9998467244115,59.5549099312581));
#2277=CARTESIAN_POINT('',(-16.,-17.,42.6340946248753));
#2278=CARTESIAN_POINT('',(-16.,19.,57.4914514126774));
#2279=CARTESIAN_POINT('',(-21.,-22.,40.5705728487917));
#2280=CARTESIAN_POINT('',(-20.3111551314839,-22.,40.5705728487917));
#2281=CARTESIAN_POINT('',(-19.6347287123594,-21.8577241579426,40.6292907084447));
#2282=CARTESIAN_POINT('',(-18.389397202075,-21.3179189788146,40.8520706568394));
#2283=CARTESIAN_POINT('',(-17.8383514515827,-20.9289096555489,41.0126164987773));
#2284=CARTESIAN_POINT('',(-16.9338028369924,-19.9818266141808,41.4034817947018));
#2285=CARTESIAN_POINT('',(-16.5861214321966,-19.4332372731251,41.629887004981));
#2286=CARTESIAN_POINT('',(-16.1182790854967,-18.2534727059225,42.1167809799958));
#2287=CARTESIAN_POINT('',(-16.,-17.6278429740507,42.3749810950924));
#2288=CARTESIAN_POINT('',(-16.,-17.,42.6340946248753));
#2289=CARTESIAN_POINT('',(-39.5,-22.,40.5705728487917));
#2290=CARTESIAN_POINT('',(-21.,-22.,40.5705728487917));
#2291=CARTESIAN_POINT('',(-58.,-3.5,48.2056034203011));
#2292=CARTESIAN_POINT('',(-58.,-4.66047000414133,47.7266723954936));
#2293=CARTESIAN_POINT('',(-57.8908075366984,-5.81988005847612,47.2481788165876));
#2294=CARTESIAN_POINT('',(-57.4552512299842,-8.10572548407636,46.3048004540901));
#2295=CARTESIAN_POINT('',(-57.129295535167,-9.22993232910697,45.8408353929816));
#2296=CARTESIAN_POINT('',(-55.8313507008687,-12.5029779105727,44.4900352266878));
#2297=CARTESIAN_POINT('',(-54.5449295031358,-14.5327584724611,43.6523359486622));
#2298=CARTESIAN_POINT('',(-51.1980996290749,-18.0369657256031,42.2061343537085));
#2299=CARTESIAN_POINT('',(-49.1592303523962,-19.476300221555,41.6121147386034));
#2300=CARTESIAN_POINT('',(-44.5515037641655,-21.4735793844022,40.7878289295127));
#2301=CARTESIAN_POINT('',(-42.0487260136096,-22.,40.5705728487917));
#2302=CARTESIAN_POINT('',(-39.5,-22.,40.5705728487917));
#2303=CARTESIAN_POINT('',(-58.,19.,57.4914514126774));
#2304=CARTESIAN_POINT('',(-58.,-3.5,48.2056034203011));
#2305=CARTESIAN_POINT('',(-53.0553668977701,23.9998467251713,59.5549099315717));
#2306=CARTESIAN_POINT('',(-53.7393725992687,23.99224666518,59.5517733537134));
#2307=CARTESIAN_POINT('',(-54.4094202326266,23.8444979163794,59.4907968016123));
#2308=CARTESIAN_POINT('',(-55.6410584647768,23.2986368329225,59.2655175551263));
#2309=CARTESIAN_POINT('',(-56.1853857280996,22.908937411753,59.1046869067775));
#2310=CARTESIAN_POINT('',(-57.0784731274892,21.9640207561191,58.7147156876805));
#2311=CARTESIAN_POINT('',(-57.4216153445444,21.4180284941969,58.4893823032706));
#2312=CARTESIAN_POINT('',(-57.8832914369131,20.2451344513162,58.005323823566));
#2313=CARTESIAN_POINT('',(-57.9999960168462,19.6236527996277,57.7488356392268));
#2314=CARTESIAN_POINT('',(-58.,19.,57.4914514126774));
#2315=CARTESIAN_POINT('',(28.,19.,57.4914514126774));
#2316=CARTESIAN_POINT('',(27.9999960186475,19.6236528022665,57.7488356403159));
#2317=CARTESIAN_POINT('',(27.8832914391806,20.2451344568424,58.0053238258467));
#2318=CARTESIAN_POINT('',(27.4216153451202,21.4180285047895,58.4893823076422));
#2319=CARTESIAN_POINT('',(27.0784731259349,21.9640207687915,58.7147156929105));
#2320=CARTESIAN_POINT('',(26.1853857200694,22.9089374264672,59.10468691285));
#2321=CARTESIAN_POINT('',(25.6410584525361,23.29863684738,59.265517561093));
#2322=CARTESIAN_POINT('',(24.40942021139,23.8444979266328,59.4907968058439));
#2323=CARTESIAN_POINT('',(23.7393725737337,23.992246671366,59.5517733562663));
#2324=CARTESIAN_POINT('',(23.0553668690734,23.9998467254903,59.5549099317033));
#2325=CARTESIAN_POINT('',(28.,-17.,42.6340946248753));
#2326=CARTESIAN_POINT('',(28.,19.,57.4914514126774));
#2327=CARTESIAN_POINT('',(23.,-22.,40.5705728487917));
#2328=CARTESIAN_POINT('',(23.6888448685161,-22.,40.5705728487917));
#2329=CARTESIAN_POINT('',(24.3652712876406,-21.8577241579426,40.6292907084447));
#2330=CARTESIAN_POINT('',(25.610602797925,-21.3179189788146,40.8520706568394));
#2331=CARTESIAN_POINT('',(26.1616485484173,-20.9289096555489,41.0126164987773));
#2332=CARTESIAN_POINT('',(27.0661971630077,-19.9818266141808,41.4034817947018));
#2333=CARTESIAN_POINT('',(27.4138785678034,-19.4332372731251,41.6298870049809));
#2334=CARTESIAN_POINT('',(27.8817209145033,-18.2534727059225,42.1167809799958));
#2335=CARTESIAN_POINT('',(28.,-17.6278429740508,42.3749810950923));
#2336=CARTESIAN_POINT('',(28.,-17.,42.6340946248753));
#2337=CARTESIAN_POINT('',(-9.,-22.,40.5705728487917));
#2338=CARTESIAN_POINT('',(23.,-22.,40.5705728487917));
#2339=CARTESIAN_POINT('',(-14.,-17.,42.6340946248753));
#2340=CARTESIAN_POINT('',(-14.,-17.6278429740507,42.3749810950924));
#2341=CARTESIAN_POINT('',(-13.8817209145033,-18.2534727059226,42.1167809799958));
#2342=CARTESIAN_POINT('',(-13.4138785678034,-19.433237273125,41.629887004981));
#2343=CARTESIAN_POINT('',(-13.0661971630076,-19.9818266141808,41.4034817947018));
#2344=CARTESIAN_POINT('',(-12.1616485484172,-20.9289096555489,41.0126164987773));
#2345=CARTESIAN_POINT('',(-11.610602797925,-21.3179189788146,40.8520706568394));
#2346=CARTESIAN_POINT('',(-10.3652712876407,-21.8577241579426,40.6292907084447));
#2347=CARTESIAN_POINT('',(-9.68884486851604,-22.,40.5705728487917));
#2348=CARTESIAN_POINT('',(-9.,-22.,40.5705728487917));
#2349=CARTESIAN_POINT('',(-14.,19.,57.4914514126774));
#2350=CARTESIAN_POINT('',(-14.,-17.,42.6340946248753));
#2351=CARTESIAN_POINT('',(-9.05536686907331,23.9998467254903,59.5549099317033));
#2352=CARTESIAN_POINT('',(-9.7393725737336,23.992246671366,59.5517733562663));
#2353=CARTESIAN_POINT('',(-10.40942021139,23.8444979266328,59.4907968058439));
#2354=CARTESIAN_POINT('',(-11.6410584525361,23.29863684738,59.265517561093));
#2355=CARTESIAN_POINT('',(-12.1853857200694,22.9089374264672,59.1046869128501));
#2356=CARTESIAN_POINT('',(-13.0784731259348,21.9640207687916,58.7147156929105));
#2357=CARTESIAN_POINT('',(-13.4216153451203,21.4180285047895,58.4893823076422));
#2358=CARTESIAN_POINT('',(-13.8832914391806,20.2451344568425,58.0053238258467));
#2359=CARTESIAN_POINT('',(-13.9999960186475,19.6236528022666,57.7488356403159));
#2360=CARTESIAN_POINT('',(-14.,19.,57.4914514126774));
#2361=CARTESIAN_POINT('',(23.0553668690734,23.9998467254903,59.5549099317033));
#2362=CARTESIAN_POINT('',(-9.05536686907331,23.9998467254903,59.5549099317033));
#2363=CARTESIAN_POINT('',(72.,19.,57.4914514126774));
#2364=CARTESIAN_POINT('',(71.9999960168462,19.6236527996275,57.7488356392268));
#2365=CARTESIAN_POINT('',(71.883291436913,20.2451344513164,58.0053238235661));
#2366=CARTESIAN_POINT('',(71.4216153445444,21.4180284941969,58.4893823032706));
#2367=CARTESIAN_POINT('',(71.0784731274892,21.9640207561191,58.7147156876805));
#2368=CARTESIAN_POINT('',(70.1853857280997,22.9089374117529,59.1046869067774));
#2369=CARTESIAN_POINT('',(69.6410584647767,23.2986368329225,59.2655175551263));
#2370=CARTESIAN_POINT('',(68.4094202326266,23.8444979163794,59.4907968016122));
#2371=CARTESIAN_POINT('',(67.7393725992687,23.99224666518,59.5517733537134));
#2372=CARTESIAN_POINT('',(67.0553668977701,23.9998467251713,59.5549099315717));
#2373=CARTESIAN_POINT('',(72.,-3.5,48.2056034203011));
#2374=CARTESIAN_POINT('',(72.,19.,57.4914514126774));
#2375=CARTESIAN_POINT('',(53.5,-22.,40.5705728487917));
#2376=CARTESIAN_POINT('',(56.0487260136096,-22.,40.5705728487917));
#2377=CARTESIAN_POINT('',(58.5515037641655,-21.4735793844022,40.7878289295127));
#2378=CARTESIAN_POINT('',(63.1592303523962,-19.476300221555,41.6121147386034));
#2379=CARTESIAN_POINT('',(65.1980996290749,-18.0369657256031,42.2061343537085));
#2380=CARTESIAN_POINT('',(68.5449295031356,-14.5327584724613,43.6523359486621));
#2381=CARTESIAN_POINT('',(69.8313507008689,-12.5029779105724,44.4900352266879));
#2382=CARTESIAN_POINT('',(71.129295535167,-9.22993232910684,45.8408353929816));
#2383=CARTESIAN_POINT('',(71.4552512299842,-8.10572548407651,46.3048004540901));
#2384=CARTESIAN_POINT('',(71.8908075366984,-5.81988005847631,47.2481788165875));
#2385=CARTESIAN_POINT('',(72.,-4.66047000414114,47.7266723954937));
#2386=CARTESIAN_POINT('',(72.,-3.5,48.2056034203011));
#2387=CARTESIAN_POINT('',(35.,-22.,40.5705728487917));
#2388=CARTESIAN_POINT('',(53.5,-22.,40.5705728487917));
#2389=CARTESIAN_POINT('',(30.,-17.,42.6340946248753));
#2390=CARTESIAN_POINT('',(30.,-17.6278429740508,42.3749810950924));
#2391=CARTESIAN_POINT('',(30.1182790854967,-18.2534727059225,42.1167809799958));
#2392=CARTESIAN_POINT('',(30.5861214321966,-19.4332372731251,41.629887004981));
#2393=CARTESIAN_POINT('',(30.9338028369924,-19.9818266141808,41.4034817947018));
#2394=CARTESIAN_POINT('',(31.8383514515828,-20.9289096555489,41.0126164987773));
#2395=CARTESIAN_POINT('',(32.3893972020749,-21.3179189788146,40.8520706568394));
#2396=CARTESIAN_POINT('',(33.6347287123594,-21.8577241579426,40.6292907084447));
#2397=CARTESIAN_POINT('',(34.3111551314839,-22.,40.5705728487917));
#2398=CARTESIAN_POINT('',(35.,-22.,40.5705728487917));
#2399=CARTESIAN_POINT('',(30.,19.,57.4914514126774));
#2400=CARTESIAN_POINT('',(30.,-17.,42.6340946248753));
#2401=CARTESIAN_POINT('',(34.9446330331323,23.9998467244115,59.5549099312581));
#2402=CARTESIAN_POINT('',(34.2606273392136,23.9922466503943,59.5517733476113));
#2403=CARTESIAN_POINT('',(33.5905797161549,23.8444978918649,59.490796791495));
#2404=CARTESIAN_POINT('',(32.3589415055672,23.2986367983422,59.2655175408549));
#2405=CARTESIAN_POINT('',(31.814614252344,22.9089373765497,59.1046868922489));
#2406=CARTESIAN_POINT('',(30.9215268685194,21.9640207257852,58.7147156751616));
#2407=CARTESIAN_POINT('',(30.5783846566042,21.4180284688327,58.4893822928027));
#2408=CARTESIAN_POINT('',(30.1167085683868,20.2451344380732,58.0053238181006));
#2409=CARTESIAN_POINT('',(30.0000039873974,19.6236527932975,57.7488356366144));
#2410=CARTESIAN_POINT('',(30.,19.,57.4914514126774));
#2411=CARTESIAN_POINT('',(67.0553668977701,23.9998467251713,59.5549099315717));
#2412=CARTESIAN_POINT('',(34.9446330331323,23.9998467244115,59.5549099312581));
#2413=CARTESIAN_POINT('',(13.,74.,80.1901909495972));
#2414=CARTESIAN_POINT('',(67.0000000000001,73.9999999999999,80.1901909495972));
#2415=CARTESIAN_POINT('',(8.00000000000001,79.0000000000001,82.2537127256809));
#2416=CARTESIAN_POINT('',(8.,78.3721570259492,81.9945991958979));
#2417=CARTESIAN_POINT('',(8.11827908549666,77.7465272940776,81.7363990808014));
#2418=CARTESIAN_POINT('',(8.58612143219659,76.5667627268749,81.2495051057865));
#2419=CARTESIAN_POINT('',(8.9338028369923,76.0181733858193,81.0230998955073));
#2420=CARTESIAN_POINT('',(9.83835145158265,75.0710903444512,80.6322345995828));
#2421=CARTESIAN_POINT('',(10.3893972020751,74.6820810211854,80.4716887576449));
#2422=CARTESIAN_POINT('',(11.6347287123592,74.1422758420574,80.2489088092503));
#2423=CARTESIAN_POINT('',(12.311155131484,74.,80.1901909495972));
#2424=CARTESIAN_POINT('',(13.,74.,80.1901909495972));
#2425=CARTESIAN_POINT('',(8.,115.,97.1110695134829));
#2426=CARTESIAN_POINT('',(8.00000000000001,79.0000000000001,82.2537127256809));
#2427=CARTESIAN_POINT('',(12.9999999999999,120.,99.1745912895665));
#2428=CARTESIAN_POINT('',(12.3111551314837,120.,99.1745912895665));
#2429=CARTESIAN_POINT('',(11.6347287123595,119.857724157943,99.1158734299136));
#2430=CARTESIAN_POINT('',(10.389397202075,119.317918978815,98.8930934815189));
#2431=CARTESIAN_POINT('',(9.83835145158268,118.928909655549,98.732547639581));
#2432=CARTESIAN_POINT('',(8.9338028369923,117.981826614181,98.3416823436565));
#2433=CARTESIAN_POINT('',(8.58612143219665,117.433237273125,98.1152771333774));
#2434=CARTESIAN_POINT('',(8.11827908549666,116.253472705922,97.6283831583624));
#2435=CARTESIAN_POINT('',(8.,115.627842974051,97.3701830432659));
#2436=CARTESIAN_POINT('',(8.,115.,97.1110695134829));
#2437=CARTESIAN_POINT('',(52.,120.,99.1745912895665));
#2438=CARTESIAN_POINT('',(12.9999999999999,120.,99.1745912895665));
#2439=CARTESIAN_POINT('',(72.,100.,90.9205041852321));
#2440=CARTESIAN_POINT('',(72.,101.254562166635,91.4382674552925));
#2441=CARTESIAN_POINT('',(71.8819540937272,102.5079784416,91.95555781087));
#2442=CARTESIAN_POINT('',(71.4110824107938,104.979162685487,92.9754263108653));
#2443=CARTESIAN_POINT('',(71.058697875856,106.194521436873,93.4770101607129));
#2444=CARTESIAN_POINT('',(69.6555142712527,109.732949092402,94.937334664769));
#2445=CARTESIAN_POINT('',(68.2647886519554,111.927306456802,95.8429555059588));
#2446=CARTESIAN_POINT('',(64.6465941935843,115.715638622284,97.4064166896609));
#2447=CARTESIAN_POINT('',(62.4424111917905,117.271675915186,98.0486000573326));
#2448=CARTESIAN_POINT('',(57.4610851504341,119.430896631788,98.9397198509486));
#2449=CARTESIAN_POINT('',(54.755379474187,120.,99.1745912895665));
#2450=CARTESIAN_POINT('',(52.,120.,99.1745912895665));
#2451=CARTESIAN_POINT('',(72.,79.,82.2537127256809));
#2452=CARTESIAN_POINT('',(72.,100.,90.9205041852321));
#2453=CARTESIAN_POINT('',(67.0000000000001,73.9999999999999,80.1901909495972));
#2454=CARTESIAN_POINT('',(67.6888448685162,74.,80.1901909495972));
#2455=CARTESIAN_POINT('',(68.3652712876406,74.1422758420573,80.2489088092502));
#2456=CARTESIAN_POINT('',(69.610602797925,74.6820810211854,80.4716887576449));
#2457=CARTESIAN_POINT('',(70.1616485484173,75.0710903444511,80.6322345995828));
#2458=CARTESIAN_POINT('',(71.0661971630077,76.0181733858193,81.0230998955073));
#2459=CARTESIAN_POINT('',(71.4138785678034,76.5667627268749,81.2495051057865));
#2460=CARTESIAN_POINT('',(71.8817209145033,77.7465272940774,81.7363990808013));
#2461=CARTESIAN_POINT('',(72.,78.3721570259493,81.9945991958979));
#2462=CARTESIAN_POINT('',(72.,79.,82.2537127256809));
#2463=CARTESIAN_POINT('',(67.,72.,79.3647822391638));
#2464=CARTESIAN_POINT('',(13.,72.,79.3647822391638));
#2465=CARTESIAN_POINT('',(72.,67.,77.3012604630802));
#2466=CARTESIAN_POINT('',(72.,67.6278429740508,77.5603739928632));
#2467=CARTESIAN_POINT('',(71.8817209145033,68.2534727059224,77.8185741079596));
#2468=CARTESIAN_POINT('',(71.4138785678033,69.4332372731252,78.3054680829746));
#2469=CARTESIAN_POINT('',(71.0661971630078,69.9818266141806,78.5318732932537));
#2470=CARTESIAN_POINT('',(70.1616485484173,70.9289096555488,78.9227385891782));
#2471=CARTESIAN_POINT('',(69.6106027979249,71.3179189788146,79.0832844311161));
#2472=CARTESIAN_POINT('',(68.3652712876407,71.8577241579426,79.3060643795108));
#2473=CARTESIAN_POINT('',(67.688844868516,72.,79.3647822391638));
#2474=CARTESIAN_POINT('',(67.,72.,79.3647822391638));
#2475=CARTESIAN_POINT('',(72.,31.,62.4439036752781));
#2476=CARTESIAN_POINT('',(72.,67.,77.3012604630802));
#2477=CARTESIAN_POINT('',(67.,26.,60.3803818991945));
#2478=CARTESIAN_POINT('',(67.688844868516,26.,60.3803818991945));
#2479=CARTESIAN_POINT('',(68.3652712876407,26.1422758420574,60.4390997588475));
#2480=CARTESIAN_POINT('',(69.610602797925,26.6820810211854,60.6618797072422));
#2481=CARTESIAN_POINT('',(70.1616485484172,27.0710903444512,60.82242554918));
#2482=CARTESIAN_POINT('',(71.0661971630076,28.0181733858192,61.2132908451045));
#2483=CARTESIAN_POINT('',(71.4138785678034,28.566762726875,61.4396960553837));
#2484=CARTESIAN_POINT('',(71.8817209145033,29.7465272940775,61.9265900303986));
#2485=CARTESIAN_POINT('',(72.,30.3721570259492,62.1847901454951));
#2486=CARTESIAN_POINT('',(72.,31.,62.4439036752781));
#2487=CARTESIAN_POINT('',(13.,26.,60.3803818991945));
#2488=CARTESIAN_POINT('',(67.,26.,60.3803818991945));
#2489=CARTESIAN_POINT('',(7.99999999999999,31.,62.4439036752781));
#2490=CARTESIAN_POINT('',(8.,30.3721570259492,62.1847901454951));
#2491=CARTESIAN_POINT('',(8.11827908549669,29.7465272940774,61.9265900303986));
#2492=CARTESIAN_POINT('',(8.58612143219655,28.566762726875,61.4396960553837));
#2493=CARTESIAN_POINT('',(8.93380283699242,28.0181733858191,61.2132908451045));
#2494=CARTESIAN_POINT('',(9.83835145158272,27.0710903444511,60.82242554918));
#2495=CARTESIAN_POINT('',(10.389397202075,26.6820810211854,60.6618797072422));
#2496=CARTESIAN_POINT('',(11.6347287123594,26.1422758420574,60.4390997588475));
#2497=CARTESIAN_POINT('',(12.3111551314839,26.,60.3803818991945));
#2498=CARTESIAN_POINT('',(13.,26.,60.3803818991945));
#2499=CARTESIAN_POINT('',(8.,67.,77.3012604630802));
#2500=CARTESIAN_POINT('',(7.99999999999999,31.,62.4439036752781));
#2501=CARTESIAN_POINT('',(13.,72.,79.3647822391638));
#2502=CARTESIAN_POINT('',(12.3111551314839,72.,79.3647822391638));
#2503=CARTESIAN_POINT('',(11.6347287123594,71.8577241579427,79.3060643795108));
#2504=CARTESIAN_POINT('',(10.3893972020749,71.3179189788146,79.0832844311161));
#2505=CARTESIAN_POINT('',(9.83835145158277,70.9289096555489,78.9227385891782));
#2506=CARTESIAN_POINT('',(8.93380283699232,69.9818266141807,78.5318732932537));
#2507=CARTESIAN_POINT('',(8.5861214321966,69.4332372731251,78.3054680829746));
#2508=CARTESIAN_POINT('',(8.1182790854967,68.2534727059225,77.8185741079597));
#2509=CARTESIAN_POINT('',(7.99999999999999,67.6278429740507,77.5603739928631));
#2510=CARTESIAN_POINT('',(8.,67.,77.3012604630802));
#2511=CARTESIAN_POINT('',(0.,0.,0.));
ENDSEC;
END-ISO-10303-21;
