ISO-10303-21;
HEADER;
/* Generated by software containing ST-Developer
 * from STEP Tools, Inc. (www.steptools.com) 
 */
/* OPTION: using custom schema-name function */

FILE_DESCRIPTION(
/* description */ (''),
/* implementation_level */ '2;1');

FILE_NAME(
/* name */ 'Vattenkar_x4_cut',
/* time_stamp */ '2026-07-27T10:11:22+03:00',
/* author */ (''),
/* organization */ (''),
/* preprocessor_version */ 'ST-DEVELOPER v19.2',
/* originating_system */ 'Rhino 8.33',
/* authorisation */ '');

FILE_SCHEMA (('CONFIG_CONTROL_DESIGN'));
ENDSEC;

DATA;
#10=SHAPE_REPRESENTATION_RELATIONSHIP('','',#1235,#1125);
#11=SHAPE_REPRESENTATION_RELATIONSHIP('','',#1235,#13);
#12=SHELL_BASED_SURFACE_MODEL('shell_1',(#14));
#13=MANIFOLD_SURFACE_SHAPE_REPRESENTATION('shell_rep_0',(#12,#1359),#1234);
#14=OPEN_SHELL('',(#19,#20,#21,#22,#23,#24,#25,#26,#27,#28,#29,#30,#31,
#32,#33,#34,#35,#36,#37,#38,#39,#40,#41,#42,#43,#44,#45,#46,#47,#48,#49,
#50,#51,#52,#53,#54,#55,#56,#57,#58,#59,#60,#61,#62,#63,#64,#65,#66,#67,
#68,#69,#70,#71,#72,#73,#74,#75,#76,#77,#78,#79,#80,#81,#82,#83));
#15=FACE_BOUND('',#212,.T.);
#16=FACE_BOUND('',#213,.T.);
#17=FACE_BOUND('',#214,.T.);
#18=FACE_BOUND('',#215,.T.);
#19=ADVANCED_FACE('',(#84),#993,.T.);
#20=ADVANCED_FACE('',(#85),#994,.F.);
#21=ADVANCED_FACE('',(#86),#995,.F.);
#22=ADVANCED_FACE('',(#87),#996,.F.);
#23=ADVANCED_FACE('',(#88),#997,.F.);
#24=ADVANCED_FACE('',(#89),#961,.T.);
#25=ADVANCED_FACE('',(#90),#998,.T.);
#26=ADVANCED_FACE('',(#91),#962,.T.);
#27=ADVANCED_FACE('',(#92),#963,.T.);
#28=ADVANCED_FACE('',(#93),#964,.T.);
#29=ADVANCED_FACE('',(#94),#999,.F.);
#30=ADVANCED_FACE('',(#95),#1000,.F.);
#31=ADVANCED_FACE('',(#96),#1001,.F.);
#32=ADVANCED_FACE('',(#97),#1002,.F.);
#33=ADVANCED_FACE('',(#98),#965,.T.);
#34=ADVANCED_FACE('',(#99),#966,.T.);
#35=ADVANCED_FACE('',(#100),#967,.T.);
#36=ADVANCED_FACE('',(#101),#968,.T.);
#37=ADVANCED_FACE('',(#102),#969,.T.);
#38=ADVANCED_FACE('',(#103),#970,.T.);
#39=ADVANCED_FACE('',(#104),#971,.T.);
#40=ADVANCED_FACE('',(#105),#1003,.F.);
#41=ADVANCED_FACE('',(#106),#1004,.F.);
#42=ADVANCED_FACE('',(#107),#1005,.F.);
#43=ADVANCED_FACE('',(#108),#959,.T.);
#44=ADVANCED_FACE('',(#109),#1006,.T.);
#45=ADVANCED_FACE('',(#110),#1007,.T.);
#46=ADVANCED_FACE('',(#111),#1008,.T.);
#47=ADVANCED_FACE('',(#112),#960,.T.);
#48=ADVANCED_FACE('',(#113),#1009,.T.);
#49=ADVANCED_FACE('',(#114),#972,.T.);
#50=ADVANCED_FACE('',(#115),#1010,.F.);
#51=ADVANCED_FACE('',(#116),#973,.T.);
#52=ADVANCED_FACE('',(#117),#1011,.F.);
#53=ADVANCED_FACE('',(#118),#974,.T.);
#54=ADVANCED_FACE('',(#119),#1012,.F.);
#55=ADVANCED_FACE('',(#120),#975,.T.);
#56=ADVANCED_FACE('',(#121),#1013,.F.);
#57=ADVANCED_FACE('',(#122),#976,.T.);
#58=ADVANCED_FACE('',(#123),#1014,.T.);
#59=ADVANCED_FACE('',(#124),#977,.T.);
#60=ADVANCED_FACE('',(#125),#1015,.F.);
#61=ADVANCED_FACE('',(#126),#978,.T.);
#62=ADVANCED_FACE('',(#127),#1016,.F.);
#63=ADVANCED_FACE('',(#128),#979,.T.);
#64=ADVANCED_FACE('',(#129),#1017,.F.);
#65=ADVANCED_FACE('',(#130),#980,.T.);
#66=ADVANCED_FACE('',(#131),#1018,.F.);
#67=ADVANCED_FACE('',(#132),#981,.T.);
#68=ADVANCED_FACE('',(#133),#1019,.T.);
#69=ADVANCED_FACE('',(#134),#982,.T.);
#70=ADVANCED_FACE('',(#135),#1020,.F.);
#71=ADVANCED_FACE('',(#136),#983,.T.);
#72=ADVANCED_FACE('',(#137),#1021,.F.);
#73=ADVANCED_FACE('',(#138),#984,.T.);
#74=ADVANCED_FACE('',(#139),#1022,.F.);
#75=ADVANCED_FACE('',(#140),#985,.T.);
#76=ADVANCED_FACE('',(#141),#1023,.F.);
#77=ADVANCED_FACE('',(#142),#986,.T.);
#78=ADVANCED_FACE('',(#143),#987,.T.);
#79=ADVANCED_FACE('',(#144),#988,.T.);
#80=ADVANCED_FACE('',(#145),#989,.T.);
#81=ADVANCED_FACE('',(#146,#15,#16,#17,#18),#990,.T.);
#82=ADVANCED_FACE('',(#147),#991,.T.);
#83=ADVANCED_FACE('',(#148),#992,.T.);
#84=FACE_OUTER_BOUND('',#149,.T.);
#85=FACE_OUTER_BOUND('',#150,.T.);
#86=FACE_OUTER_BOUND('',#151,.T.);
#87=FACE_OUTER_BOUND('',#152,.T.);
#88=FACE_OUTER_BOUND('',#153,.T.);
#89=FACE_OUTER_BOUND('',#154,.T.);
#90=FACE_OUTER_BOUND('',#155,.T.);
#91=FACE_OUTER_BOUND('',#156,.T.);
#92=FACE_OUTER_BOUND('',#157,.T.);
#93=FACE_OUTER_BOUND('',#158,.T.);
#94=FACE_OUTER_BOUND('',#159,.T.);
#95=FACE_OUTER_BOUND('',#160,.T.);
#96=FACE_OUTER_BOUND('',#161,.T.);
#97=FACE_OUTER_BOUND('',#162,.T.);
#98=FACE_OUTER_BOUND('',#163,.T.);
#99=FACE_OUTER_BOUND('',#164,.T.);
#100=FACE_OUTER_BOUND('',#165,.T.);
#101=FACE_OUTER_BOUND('',#166,.T.);
#102=FACE_OUTER_BOUND('',#167,.T.);
#103=FACE_OUTER_BOUND('',#168,.T.);
#104=FACE_OUTER_BOUND('',#169,.T.);
#105=FACE_OUTER_BOUND('',#170,.T.);
#106=FACE_OUTER_BOUND('',#171,.T.);
#107=FACE_OUTER_BOUND('',#172,.T.);
#108=FACE_OUTER_BOUND('',#173,.T.);
#109=FACE_OUTER_BOUND('',#174,.T.);
#110=FACE_OUTER_BOUND('',#175,.T.);
#111=FACE_OUTER_BOUND('',#176,.T.);
#112=FACE_OUTER_BOUND('',#177,.T.);
#113=FACE_OUTER_BOUND('',#178,.T.);
#114=FACE_OUTER_BOUND('',#179,.T.);
#115=FACE_OUTER_BOUND('',#180,.T.);
#116=FACE_OUTER_BOUND('',#181,.T.);
#117=FACE_OUTER_BOUND('',#182,.T.);
#118=FACE_OUTER_BOUND('',#183,.T.);
#119=FACE_OUTER_BOUND('',#184,.T.);
#120=FACE_OUTER_BOUND('',#185,.T.);
#121=FACE_OUTER_BOUND('',#186,.T.);
#122=FACE_OUTER_BOUND('',#187,.T.);
#123=FACE_OUTER_BOUND('',#188,.T.);
#124=FACE_OUTER_BOUND('',#189,.T.);
#125=FACE_OUTER_BOUND('',#190,.T.);
#126=FACE_OUTER_BOUND('',#191,.T.);
#127=FACE_OUTER_BOUND('',#192,.T.);
#128=FACE_OUTER_BOUND('',#193,.T.);
#129=FACE_OUTER_BOUND('',#194,.T.);
#130=FACE_OUTER_BOUND('',#195,.T.);
#131=FACE_OUTER_BOUND('',#196,.T.);
#132=FACE_OUTER_BOUND('',#197,.T.);
#133=FACE_OUTER_BOUND('',#198,.T.);
#134=FACE_OUTER_BOUND('',#199,.T.);
#135=FACE_OUTER_BOUND('',#200,.T.);
#136=FACE_OUTER_BOUND('',#201,.T.);
#137=FACE_OUTER_BOUND('',#202,.T.);
#138=FACE_OUTER_BOUND('',#203,.T.);
#139=FACE_OUTER_BOUND('',#204,.T.);
#140=FACE_OUTER_BOUND('',#205,.T.);
#141=FACE_OUTER_BOUND('',#206,.T.);
#142=FACE_OUTER_BOUND('',#207,.T.);
#143=FACE_OUTER_BOUND('',#208,.T.);
#144=FACE_OUTER_BOUND('',#209,.T.);
#145=FACE_OUTER_BOUND('',#210,.T.);
#146=FACE_OUTER_BOUND('',#211,.T.);
#147=FACE_OUTER_BOUND('',#216,.T.);
#148=FACE_OUTER_BOUND('',#217,.T.);
#149=EDGE_LOOP('',(#218,#219,#220,#221,#222,#223));
#150=EDGE_LOOP('',(#224,#225,#226,#227));
#151=EDGE_LOOP('',(#228,#229,#230,#231));
#152=EDGE_LOOP('',(#232,#233,#234,#235,#236,#237,#238));
#153=EDGE_LOOP('',(#239,#240,#241,#242));
#154=EDGE_LOOP('',(#243,#244,#245,#246));
#155=EDGE_LOOP('',(#247,#248,#249,#250,#251));
#156=EDGE_LOOP('',(#252,#253,#254,#255,#256,#257,#258,#259,#260,#261,#262));
#157=EDGE_LOOP('',(#263,#264,#265,#266));
#158=EDGE_LOOP('',(#267,#268,#269,#270));
#159=EDGE_LOOP('',(#271,#272,#273,#274));
#160=EDGE_LOOP('',(#275,#276,#277,#278));
#161=EDGE_LOOP('',(#279,#280,#281,#282));
#162=EDGE_LOOP('',(#283,#284,#285,#286));
#163=EDGE_LOOP('',(#287,#288,#289,#290,#291,#292));
#164=EDGE_LOOP('',(#293,#294,#295,#296,#297,#298));
#165=EDGE_LOOP('',(#299,#300,#301,#302,#303,#304));
#166=EDGE_LOOP('',(#305,#306,#307,#308,#309));
#167=EDGE_LOOP('',(#310,#311,#312,#313));
#168=EDGE_LOOP('',(#314,#315,#316,#317,#318,#319,#320,#321));
#169=EDGE_LOOP('',(#322,#323,#324,#325));
#170=EDGE_LOOP('',(#326,#327,#328,#329));
#171=EDGE_LOOP('',(#330,#331,#332,#333));
#172=EDGE_LOOP('',(#334,#335,#336,#337));
#173=EDGE_LOOP('',(#338,#339,#340));
#174=EDGE_LOOP('',(#341,#342,#343,#344));
#175=EDGE_LOOP('',(#345,#346,#347,#348));
#176=EDGE_LOOP('',(#349,#350,#351,#352));
#177=EDGE_LOOP('',(#353,#354,#355));
#178=EDGE_LOOP('',(#356,#357,#358,#359));
#179=EDGE_LOOP('',(#360,#361,#362,#363));
#180=EDGE_LOOP('',(#364,#365,#366,#367));
#181=EDGE_LOOP('',(#368,#369,#370,#371));
#182=EDGE_LOOP('',(#372,#373,#374,#375));
#183=EDGE_LOOP('',(#376,#377,#378,#379));
#184=EDGE_LOOP('',(#380,#381,#382,#383));
#185=EDGE_LOOP('',(#384,#385,#386,#387));
#186=EDGE_LOOP('',(#388,#389,#390,#391));
#187=EDGE_LOOP('',(#392,#393,#394,#395,#396,#397,#398,#399));
#188=EDGE_LOOP('',(#400,#401,#402,#403));
#189=EDGE_LOOP('',(#404,#405,#406,#407));
#190=EDGE_LOOP('',(#408,#409,#410,#411));
#191=EDGE_LOOP('',(#412,#413,#414,#415));
#192=EDGE_LOOP('',(#416,#417,#418,#419));
#193=EDGE_LOOP('',(#420,#421,#422,#423));
#194=EDGE_LOOP('',(#424,#425,#426,#427));
#195=EDGE_LOOP('',(#428,#429,#430,#431));
#196=EDGE_LOOP('',(#432,#433,#434,#435));
#197=EDGE_LOOP('',(#436,#437,#438,#439,#440,#441,#442,#443));
#198=EDGE_LOOP('',(#444,#445,#446,#447));
#199=EDGE_LOOP('',(#448,#449,#450,#451));
#200=EDGE_LOOP('',(#452,#453,#454,#455));
#201=EDGE_LOOP('',(#456,#457,#458,#459));
#202=EDGE_LOOP('',(#460,#461,#462,#463));
#203=EDGE_LOOP('',(#464,#465,#466,#467));
#204=EDGE_LOOP('',(#468,#469,#470,#471));
#205=EDGE_LOOP('',(#472,#473,#474,#475));
#206=EDGE_LOOP('',(#476,#477,#478,#479));
#207=EDGE_LOOP('',(#480,#481,#482,#483,#484,#485,#486,#487));
#208=EDGE_LOOP('',(#488,#489,#490,#491,#492));
#209=EDGE_LOOP('',(#493,#494,#495,#496,#497,#498,#499));
#210=EDGE_LOOP('',(#500,#501,#502,#503,#504,#505,#506,#507,#508,#509,#510));
#211=EDGE_LOOP('',(#511,#512,#513,#514,#515,#516,#517,#518));
#212=EDGE_LOOP('',(#519,#520,#521,#522,#523,#524,#525,#526));
#213=EDGE_LOOP('',(#527,#528,#529,#530,#531,#532,#533,#534));
#214=EDGE_LOOP('',(#535,#536,#537,#538,#539,#540,#541,#542));
#215=EDGE_LOOP('',(#543,#544,#545,#546,#547,#548,#549,#550));
#216=EDGE_LOOP('',(#551,#552,#553,#554));
#217=EDGE_LOOP('',(#555,#556,#557,#558));
#218=ORIENTED_EDGE('',*,*,#561,.F.);
#219=ORIENTED_EDGE('',*,*,#560,.F.);
#220=ORIENTED_EDGE('',*,*,#614,.T.);
#221=ORIENTED_EDGE('',*,*,#623,.T.);
#222=ORIENTED_EDGE('',*,*,#610,.T.);
#223=ORIENTED_EDGE('',*,*,#613,.T.);
#224=ORIENTED_EDGE('',*,*,#562,.T.);
#225=ORIENTED_EDGE('',*,*,#566,.T.);
#226=ORIENTED_EDGE('',*,*,#565,.F.);
#227=ORIENTED_EDGE('',*,*,#564,.F.);
#228=ORIENTED_EDGE('',*,*,#567,.T.);
#229=ORIENTED_EDGE('',*,*,#570,.T.);
#230=ORIENTED_EDGE('',*,*,#569,.F.);
#231=ORIENTED_EDGE('',*,*,#568,.F.);
#232=ORIENTED_EDGE('',*,*,#615,.F.);
#233=ORIENTED_EDGE('',*,*,#607,.F.);
#234=ORIENTED_EDGE('',*,*,#572,.F.);
#235=ORIENTED_EDGE('',*,*,#571,.T.);
#236=ORIENTED_EDGE('',*,*,#573,.T.);
#237=ORIENTED_EDGE('',*,*,#611,.F.);
#238=ORIENTED_EDGE('',*,*,#608,.F.);
#239=ORIENTED_EDGE('',*,*,#574,.T.);
#240=ORIENTED_EDGE('',*,*,#576,.T.);
#241=ORIENTED_EDGE('',*,*,#563,.F.);
#242=ORIENTED_EDGE('',*,*,#575,.F.);
#243=ORIENTED_EDGE('',*,*,#608,.T.);
#244=ORIENTED_EDGE('',*,*,#609,.T.);
#245=ORIENTED_EDGE('',*,*,#612,.F.);
#246=ORIENTED_EDGE('',*,*,#581,.F.);
#247=ORIENTED_EDGE('',*,*,#614,.F.);
#248=ORIENTED_EDGE('',*,*,#606,.F.);
#249=ORIENTED_EDGE('',*,*,#584,.T.);
#250=ORIENTED_EDGE('',*,*,#604,.T.);
#251=ORIENTED_EDGE('',*,*,#603,.T.);
#252=ORIENTED_EDGE('',*,*,#592,.F.);
#253=ORIENTED_EDGE('',*,*,#593,.F.);
#254=ORIENTED_EDGE('',*,*,#594,.F.);
#255=ORIENTED_EDGE('',*,*,#585,.F.);
#256=ORIENTED_EDGE('',*,*,#586,.F.);
#257=ORIENTED_EDGE('',*,*,#587,.F.);
#258=ORIENTED_EDGE('',*,*,#588,.F.);
#259=ORIENTED_EDGE('',*,*,#589,.F.);
#260=ORIENTED_EDGE('',*,*,#590,.F.);
#261=ORIENTED_EDGE('',*,*,#591,.F.);
#262=ORIENTED_EDGE('',*,*,#637,.T.);
#263=ORIENTED_EDGE('',*,*,#617,.T.);
#264=ORIENTED_EDGE('',*,*,#618,.F.);
#265=ORIENTED_EDGE('',*,*,#604,.F.);
#266=ORIENTED_EDGE('',*,*,#582,.T.);
#267=ORIENTED_EDGE('',*,*,#583,.T.);
#268=ORIENTED_EDGE('',*,*,#605,.T.);
#269=ORIENTED_EDGE('',*,*,#620,.F.);
#270=ORIENTED_EDGE('',*,*,#619,.F.);
#271=ORIENTED_EDGE('',*,*,#586,.T.);
#272=ORIENTED_EDGE('',*,*,#595,.T.);
#273=ORIENTED_EDGE('',*,*,#564,.T.);
#274=ORIENTED_EDGE('',*,*,#597,.F.);
#275=ORIENTED_EDGE('',*,*,#588,.T.);
#276=ORIENTED_EDGE('',*,*,#598,.T.);
#277=ORIENTED_EDGE('',*,*,#568,.T.);
#278=ORIENTED_EDGE('',*,*,#599,.F.);
#279=ORIENTED_EDGE('',*,*,#590,.T.);
#280=ORIENTED_EDGE('',*,*,#600,.T.);
#281=ORIENTED_EDGE('',*,*,#572,.T.);
#282=ORIENTED_EDGE('',*,*,#601,.F.);
#283=ORIENTED_EDGE('',*,*,#594,.T.);
#284=ORIENTED_EDGE('',*,*,#602,.T.);
#285=ORIENTED_EDGE('',*,*,#575,.T.);
#286=ORIENTED_EDGE('',*,*,#596,.F.);
#287=ORIENTED_EDGE('',*,*,#595,.F.);
#288=ORIENTED_EDGE('',*,*,#585,.T.);
#289=ORIENTED_EDGE('',*,*,#596,.T.);
#290=ORIENTED_EDGE('',*,*,#563,.T.);
#291=ORIENTED_EDGE('',*,*,#577,.T.);
#292=ORIENTED_EDGE('',*,*,#562,.F.);
#293=ORIENTED_EDGE('',*,*,#598,.F.);
#294=ORIENTED_EDGE('',*,*,#587,.T.);
#295=ORIENTED_EDGE('',*,*,#597,.T.);
#296=ORIENTED_EDGE('',*,*,#565,.T.);
#297=ORIENTED_EDGE('',*,*,#578,.T.);
#298=ORIENTED_EDGE('',*,*,#567,.F.);
#299=ORIENTED_EDGE('',*,*,#600,.F.);
#300=ORIENTED_EDGE('',*,*,#589,.T.);
#301=ORIENTED_EDGE('',*,*,#599,.T.);
#302=ORIENTED_EDGE('',*,*,#569,.T.);
#303=ORIENTED_EDGE('',*,*,#579,.T.);
#304=ORIENTED_EDGE('',*,*,#571,.F.);
#305=ORIENTED_EDGE('',*,*,#630,.T.);
#306=ORIENTED_EDGE('',*,*,#631,.F.);
#307=ORIENTED_EDGE('',*,*,#591,.T.);
#308=ORIENTED_EDGE('',*,*,#601,.T.);
#309=ORIENTED_EDGE('',*,*,#607,.T.);
#310=ORIENTED_EDGE('',*,*,#632,.T.);
#311=ORIENTED_EDGE('',*,*,#633,.T.);
#312=ORIENTED_EDGE('',*,*,#616,.T.);
#313=ORIENTED_EDGE('',*,*,#592,.T.);
#314=ORIENTED_EDGE('',*,*,#635,.F.);
#315=ORIENTED_EDGE('',*,*,#609,.F.);
#316=ORIENTED_EDGE('',*,*,#611,.T.);
#317=ORIENTED_EDGE('',*,*,#580,.T.);
#318=ORIENTED_EDGE('',*,*,#574,.F.);
#319=ORIENTED_EDGE('',*,*,#602,.F.);
#320=ORIENTED_EDGE('',*,*,#593,.T.);
#321=ORIENTED_EDGE('',*,*,#616,.F.);
#322=ORIENTED_EDGE('',*,*,#621,.T.);
#323=ORIENTED_EDGE('',*,*,#559,.F.);
#324=ORIENTED_EDGE('',*,*,#610,.F.);
#325=ORIENTED_EDGE('',*,*,#622,.T.);
#326=ORIENTED_EDGE('',*,*,#624,.T.);
#327=ORIENTED_EDGE('',*,*,#619,.T.);
#328=ORIENTED_EDGE('',*,*,#629,.T.);
#329=ORIENTED_EDGE('',*,*,#617,.F.);
#330=ORIENTED_EDGE('',*,*,#618,.T.);
#331=ORIENTED_EDGE('',*,*,#625,.T.);
#332=ORIENTED_EDGE('',*,*,#622,.F.);
#333=ORIENTED_EDGE('',*,*,#626,.T.);
#334=ORIENTED_EDGE('',*,*,#620,.T.);
#335=ORIENTED_EDGE('',*,*,#628,.F.);
#336=ORIENTED_EDGE('',*,*,#621,.F.);
#337=ORIENTED_EDGE('',*,*,#627,.T.);
#338=ORIENTED_EDGE('',*,*,#629,.F.);
#339=ORIENTED_EDGE('',*,*,#627,.F.);
#340=ORIENTED_EDGE('',*,*,#625,.F.);
#341=ORIENTED_EDGE('',*,*,#581,.T.);
#342=ORIENTED_EDGE('',*,*,#638,.F.);
#343=ORIENTED_EDGE('',*,*,#630,.F.);
#344=ORIENTED_EDGE('',*,*,#615,.T.);
#345=ORIENTED_EDGE('',*,*,#612,.T.);
#346=ORIENTED_EDGE('',*,*,#635,.T.);
#347=ORIENTED_EDGE('',*,*,#633,.F.);
#348=ORIENTED_EDGE('',*,*,#634,.F.);
#349=ORIENTED_EDGE('',*,*,#631,.T.);
#350=ORIENTED_EDGE('',*,*,#636,.F.);
#351=ORIENTED_EDGE('',*,*,#632,.F.);
#352=ORIENTED_EDGE('',*,*,#637,.F.);
#353=ORIENTED_EDGE('',*,*,#634,.T.);
#354=ORIENTED_EDGE('',*,*,#636,.T.);
#355=ORIENTED_EDGE('',*,*,#638,.T.);
#356=ORIENTED_EDGE('',*,*,#665,.F.);
#357=ORIENTED_EDGE('',*,*,#639,.F.);
#358=ORIENTED_EDGE('',*,*,#666,.T.);
#359=ORIENTED_EDGE('',*,*,#640,.T.);
#360=ORIENTED_EDGE('',*,*,#649,.T.);
#361=ORIENTED_EDGE('',*,*,#657,.T.);
#362=ORIENTED_EDGE('',*,*,#645,.F.);
#363=ORIENTED_EDGE('',*,*,#658,.F.);
#364=ORIENTED_EDGE('',*,*,#650,.T.);
#365=ORIENTED_EDGE('',*,*,#659,.T.);
#366=ORIENTED_EDGE('',*,*,#641,.F.);
#367=ORIENTED_EDGE('',*,*,#657,.F.);
#368=ORIENTED_EDGE('',*,*,#651,.T.);
#369=ORIENTED_EDGE('',*,*,#660,.T.);
#370=ORIENTED_EDGE('',*,*,#646,.F.);
#371=ORIENTED_EDGE('',*,*,#659,.F.);
#372=ORIENTED_EDGE('',*,*,#652,.T.);
#373=ORIENTED_EDGE('',*,*,#661,.T.);
#374=ORIENTED_EDGE('',*,*,#642,.F.);
#375=ORIENTED_EDGE('',*,*,#660,.F.);
#376=ORIENTED_EDGE('',*,*,#653,.T.);
#377=ORIENTED_EDGE('',*,*,#662,.T.);
#378=ORIENTED_EDGE('',*,*,#647,.F.);
#379=ORIENTED_EDGE('',*,*,#661,.F.);
#380=ORIENTED_EDGE('',*,*,#654,.T.);
#381=ORIENTED_EDGE('',*,*,#663,.T.);
#382=ORIENTED_EDGE('',*,*,#643,.F.);
#383=ORIENTED_EDGE('',*,*,#662,.F.);
#384=ORIENTED_EDGE('',*,*,#655,.T.);
#385=ORIENTED_EDGE('',*,*,#664,.T.);
#386=ORIENTED_EDGE('',*,*,#648,.F.);
#387=ORIENTED_EDGE('',*,*,#663,.F.);
#388=ORIENTED_EDGE('',*,*,#656,.T.);
#389=ORIENTED_EDGE('',*,*,#658,.T.);
#390=ORIENTED_EDGE('',*,*,#644,.F.);
#391=ORIENTED_EDGE('',*,*,#664,.F.);
#392=ORIENTED_EDGE('',*,*,#655,.F.);
#393=ORIENTED_EDGE('',*,*,#654,.F.);
#394=ORIENTED_EDGE('',*,*,#653,.F.);
#395=ORIENTED_EDGE('',*,*,#652,.F.);
#396=ORIENTED_EDGE('',*,*,#651,.F.);
#397=ORIENTED_EDGE('',*,*,#650,.F.);
#398=ORIENTED_EDGE('',*,*,#649,.F.);
#399=ORIENTED_EDGE('',*,*,#656,.F.);
#400=ORIENTED_EDGE('',*,*,#668,.F.);
#401=ORIENTED_EDGE('',*,*,#694,.F.);
#402=ORIENTED_EDGE('',*,*,#667,.T.);
#403=ORIENTED_EDGE('',*,*,#693,.T.);
#404=ORIENTED_EDGE('',*,*,#686,.T.);
#405=ORIENTED_EDGE('',*,*,#673,.T.);
#406=ORIENTED_EDGE('',*,*,#685,.F.);
#407=ORIENTED_EDGE('',*,*,#677,.F.);
#408=ORIENTED_EDGE('',*,*,#685,.T.);
#409=ORIENTED_EDGE('',*,*,#669,.T.);
#410=ORIENTED_EDGE('',*,*,#687,.F.);
#411=ORIENTED_EDGE('',*,*,#678,.F.);
#412=ORIENTED_EDGE('',*,*,#687,.T.);
#413=ORIENTED_EDGE('',*,*,#674,.T.);
#414=ORIENTED_EDGE('',*,*,#688,.F.);
#415=ORIENTED_EDGE('',*,*,#679,.F.);
#416=ORIENTED_EDGE('',*,*,#688,.T.);
#417=ORIENTED_EDGE('',*,*,#670,.T.);
#418=ORIENTED_EDGE('',*,*,#689,.F.);
#419=ORIENTED_EDGE('',*,*,#680,.F.);
#420=ORIENTED_EDGE('',*,*,#689,.T.);
#421=ORIENTED_EDGE('',*,*,#675,.T.);
#422=ORIENTED_EDGE('',*,*,#690,.F.);
#423=ORIENTED_EDGE('',*,*,#681,.F.);
#424=ORIENTED_EDGE('',*,*,#690,.T.);
#425=ORIENTED_EDGE('',*,*,#671,.T.);
#426=ORIENTED_EDGE('',*,*,#691,.F.);
#427=ORIENTED_EDGE('',*,*,#682,.F.);
#428=ORIENTED_EDGE('',*,*,#691,.T.);
#429=ORIENTED_EDGE('',*,*,#676,.T.);
#430=ORIENTED_EDGE('',*,*,#692,.F.);
#431=ORIENTED_EDGE('',*,*,#683,.F.);
#432=ORIENTED_EDGE('',*,*,#692,.T.);
#433=ORIENTED_EDGE('',*,*,#672,.T.);
#434=ORIENTED_EDGE('',*,*,#686,.F.);
#435=ORIENTED_EDGE('',*,*,#684,.F.);
#436=ORIENTED_EDGE('',*,*,#684,.T.);
#437=ORIENTED_EDGE('',*,*,#677,.T.);
#438=ORIENTED_EDGE('',*,*,#678,.T.);
#439=ORIENTED_EDGE('',*,*,#679,.T.);
#440=ORIENTED_EDGE('',*,*,#680,.T.);
#441=ORIENTED_EDGE('',*,*,#681,.T.);
#442=ORIENTED_EDGE('',*,*,#682,.T.);
#443=ORIENTED_EDGE('',*,*,#683,.T.);
#444=ORIENTED_EDGE('',*,*,#721,.F.);
#445=ORIENTED_EDGE('',*,*,#695,.F.);
#446=ORIENTED_EDGE('',*,*,#722,.T.);
#447=ORIENTED_EDGE('',*,*,#696,.T.);
#448=ORIENTED_EDGE('',*,*,#705,.T.);
#449=ORIENTED_EDGE('',*,*,#713,.T.);
#450=ORIENTED_EDGE('',*,*,#701,.F.);
#451=ORIENTED_EDGE('',*,*,#714,.F.);
#452=ORIENTED_EDGE('',*,*,#706,.T.);
#453=ORIENTED_EDGE('',*,*,#715,.T.);
#454=ORIENTED_EDGE('',*,*,#697,.F.);
#455=ORIENTED_EDGE('',*,*,#713,.F.);
#456=ORIENTED_EDGE('',*,*,#707,.T.);
#457=ORIENTED_EDGE('',*,*,#716,.T.);
#458=ORIENTED_EDGE('',*,*,#702,.F.);
#459=ORIENTED_EDGE('',*,*,#715,.F.);
#460=ORIENTED_EDGE('',*,*,#708,.T.);
#461=ORIENTED_EDGE('',*,*,#717,.T.);
#462=ORIENTED_EDGE('',*,*,#698,.F.);
#463=ORIENTED_EDGE('',*,*,#716,.F.);
#464=ORIENTED_EDGE('',*,*,#709,.T.);
#465=ORIENTED_EDGE('',*,*,#718,.T.);
#466=ORIENTED_EDGE('',*,*,#703,.F.);
#467=ORIENTED_EDGE('',*,*,#717,.F.);
#468=ORIENTED_EDGE('',*,*,#710,.T.);
#469=ORIENTED_EDGE('',*,*,#719,.T.);
#470=ORIENTED_EDGE('',*,*,#699,.F.);
#471=ORIENTED_EDGE('',*,*,#718,.F.);
#472=ORIENTED_EDGE('',*,*,#711,.T.);
#473=ORIENTED_EDGE('',*,*,#720,.T.);
#474=ORIENTED_EDGE('',*,*,#704,.F.);
#475=ORIENTED_EDGE('',*,*,#719,.F.);
#476=ORIENTED_EDGE('',*,*,#712,.T.);
#477=ORIENTED_EDGE('',*,*,#714,.T.);
#478=ORIENTED_EDGE('',*,*,#700,.F.);
#479=ORIENTED_EDGE('',*,*,#720,.F.);
#480=ORIENTED_EDGE('',*,*,#711,.F.);
#481=ORIENTED_EDGE('',*,*,#710,.F.);
#482=ORIENTED_EDGE('',*,*,#709,.F.);
#483=ORIENTED_EDGE('',*,*,#708,.F.);
#484=ORIENTED_EDGE('',*,*,#707,.F.);
#485=ORIENTED_EDGE('',*,*,#706,.F.);
#486=ORIENTED_EDGE('',*,*,#705,.F.);
#487=ORIENTED_EDGE('',*,*,#712,.F.);
#488=ORIENTED_EDGE('',*,*,#560,.T.);
#489=ORIENTED_EDGE('',*,*,#723,.F.);
#490=ORIENTED_EDGE('',*,*,#666,.F.);
#491=ORIENTED_EDGE('',*,*,#724,.F.);
#492=ORIENTED_EDGE('',*,*,#606,.T.);
#493=ORIENTED_EDGE('',*,*,#605,.F.);
#494=ORIENTED_EDGE('',*,*,#725,.T.);
#495=ORIENTED_EDGE('',*,*,#721,.T.);
#496=ORIENTED_EDGE('',*,*,#726,.T.);
#497=ORIENTED_EDGE('',*,*,#613,.F.);
#498=ORIENTED_EDGE('',*,*,#559,.T.);
#499=ORIENTED_EDGE('',*,*,#628,.T.);
#500=ORIENTED_EDGE('',*,*,#667,.F.);
#501=ORIENTED_EDGE('',*,*,#730,.T.);
#502=ORIENTED_EDGE('',*,*,#695,.T.);
#503=ORIENTED_EDGE('',*,*,#725,.F.);
#504=ORIENTED_EDGE('',*,*,#583,.F.);
#505=ORIENTED_EDGE('',*,*,#624,.F.);
#506=ORIENTED_EDGE('',*,*,#582,.F.);
#507=ORIENTED_EDGE('',*,*,#584,.F.);
#508=ORIENTED_EDGE('',*,*,#724,.T.);
#509=ORIENTED_EDGE('',*,*,#639,.T.);
#510=ORIENTED_EDGE('',*,*,#727,.T.);
#511=ORIENTED_EDGE('',*,*,#728,.T.);
#512=ORIENTED_EDGE('',*,*,#640,.F.);
#513=ORIENTED_EDGE('',*,*,#723,.T.);
#514=ORIENTED_EDGE('',*,*,#561,.T.);
#515=ORIENTED_EDGE('',*,*,#726,.F.);
#516=ORIENTED_EDGE('',*,*,#696,.F.);
#517=ORIENTED_EDGE('',*,*,#729,.T.);
#518=ORIENTED_EDGE('',*,*,#668,.T.);
#519=ORIENTED_EDGE('',*,*,#676,.F.);
#520=ORIENTED_EDGE('',*,*,#671,.F.);
#521=ORIENTED_EDGE('',*,*,#675,.F.);
#522=ORIENTED_EDGE('',*,*,#670,.F.);
#523=ORIENTED_EDGE('',*,*,#674,.F.);
#524=ORIENTED_EDGE('',*,*,#669,.F.);
#525=ORIENTED_EDGE('',*,*,#673,.F.);
#526=ORIENTED_EDGE('',*,*,#672,.F.);
#527=ORIENTED_EDGE('',*,*,#644,.T.);
#528=ORIENTED_EDGE('',*,*,#645,.T.);
#529=ORIENTED_EDGE('',*,*,#641,.T.);
#530=ORIENTED_EDGE('',*,*,#646,.T.);
#531=ORIENTED_EDGE('',*,*,#642,.T.);
#532=ORIENTED_EDGE('',*,*,#647,.T.);
#533=ORIENTED_EDGE('',*,*,#643,.T.);
#534=ORIENTED_EDGE('',*,*,#648,.T.);
#535=ORIENTED_EDGE('',*,*,#580,.F.);
#536=ORIENTED_EDGE('',*,*,#573,.F.);
#537=ORIENTED_EDGE('',*,*,#579,.F.);
#538=ORIENTED_EDGE('',*,*,#570,.F.);
#539=ORIENTED_EDGE('',*,*,#578,.F.);
#540=ORIENTED_EDGE('',*,*,#566,.F.);
#541=ORIENTED_EDGE('',*,*,#577,.F.);
#542=ORIENTED_EDGE('',*,*,#576,.F.);
#543=ORIENTED_EDGE('',*,*,#700,.T.);
#544=ORIENTED_EDGE('',*,*,#701,.T.);
#545=ORIENTED_EDGE('',*,*,#697,.T.);
#546=ORIENTED_EDGE('',*,*,#702,.T.);
#547=ORIENTED_EDGE('',*,*,#698,.T.);
#548=ORIENTED_EDGE('',*,*,#703,.T.);
#549=ORIENTED_EDGE('',*,*,#699,.T.);
#550=ORIENTED_EDGE('',*,*,#704,.T.);
#551=ORIENTED_EDGE('',*,*,#728,.F.);
#552=ORIENTED_EDGE('',*,*,#693,.F.);
#553=ORIENTED_EDGE('',*,*,#727,.F.);
#554=ORIENTED_EDGE('',*,*,#665,.T.);
#555=ORIENTED_EDGE('',*,*,#729,.F.);
#556=ORIENTED_EDGE('',*,*,#722,.F.);
#557=ORIENTED_EDGE('',*,*,#730,.F.);
#558=ORIENTED_EDGE('',*,*,#694,.T.);
#559=EDGE_CURVE('',#847,#881,#1025,.T.);
#560=EDGE_CURVE('',#849,#850,#1026,.T.);
#561=EDGE_CURVE('',#850,#848,#731,.T.);
#562=EDGE_CURVE('',#852,#859,#1027,.T.);
#563=EDGE_CURVE('',#851,#858,#1028,.T.);
#564=EDGE_CURVE('',#852,#853,#732,.T.);
#565=EDGE_CURVE('',#853,#860,#1134,.T.);
#566=EDGE_CURVE('',#859,#860,#733,.T.);
#567=EDGE_CURVE('',#854,#861,#1029,.T.);
#568=EDGE_CURVE('',#854,#855,#734,.T.);
#569=EDGE_CURVE('',#855,#862,#1135,.T.);
#570=EDGE_CURVE('',#861,#862,#735,.T.);
#571=EDGE_CURVE('',#856,#863,#1030,.T.);
#572=EDGE_CURVE('',#856,#879,#736,.T.);
#573=EDGE_CURVE('',#863,#864,#737,.T.);
#574=EDGE_CURVE('',#857,#865,#1031,.T.);
#575=EDGE_CURVE('',#857,#851,#738,.T.);
#576=EDGE_CURVE('',#865,#858,#739,.T.);
#577=EDGE_CURVE('',#858,#859,#1032,.T.);
#578=EDGE_CURVE('',#860,#861,#1033,.T.);
#579=EDGE_CURVE('',#862,#863,#1034,.T.);
#580=EDGE_CURVE('',#864,#865,#1035,.T.);
#581=EDGE_CURVE('',#893,#896,#1036,.T.);
#582=EDGE_CURVE('',#866,#882,#1037,.T.);
#583=EDGE_CURVE('',#883,#867,#1038,.T.);
#584=EDGE_CURVE('',#868,#866,#740,.T.);
#585=EDGE_CURVE('',#869,#870,#1039,.T.);
#586=EDGE_CURVE('',#871,#869,#741,.T.);
#587=EDGE_CURVE('',#872,#871,#1040,.T.);
#588=EDGE_CURVE('',#873,#872,#742,.T.);
#589=EDGE_CURVE('',#874,#873,#1041,.T.);
#590=EDGE_CURVE('',#875,#874,#743,.T.);
#591=EDGE_CURVE('',#890,#875,#1042,.T.);
#592=EDGE_CURVE('',#876,#891,#1043,.T.);
#593=EDGE_CURVE('',#877,#876,#1044,.T.);
#594=EDGE_CURVE('',#870,#877,#744,.T.);
#595=EDGE_CURVE('',#869,#852,#1045,.T.);
#596=EDGE_CURVE('',#870,#851,#1046,.T.);
#597=EDGE_CURVE('',#871,#853,#1136,.T.);
#598=EDGE_CURVE('',#872,#854,#1047,.T.);
#599=EDGE_CURVE('',#873,#855,#1137,.T.);
#600=EDGE_CURVE('',#874,#856,#1048,.T.);
#601=EDGE_CURVE('',#875,#879,#1138,.T.);
#602=EDGE_CURVE('',#877,#857,#1049,.T.);
#603=EDGE_CURVE('',#886,#878,#1050,.T.);
#604=EDGE_CURVE('',#866,#886,#1051,.T.);
#605=EDGE_CURVE('',#867,#884,#1052,.T.);
#606=EDGE_CURVE('',#868,#849,#1053,.T.);
#607=EDGE_CURVE('',#879,#892,#1054,.T.);
#608=EDGE_CURVE('',#893,#880,#745,.T.);
#609=EDGE_CURVE('',#880,#894,#1055,.T.);
#610=EDGE_CURVE('',#889,#847,#746,.T.);
#611=EDGE_CURVE('',#880,#864,#1139,.T.);
#612=EDGE_CURVE('',#896,#894,#1056,.T.);
#613=EDGE_CURVE('',#847,#848,#1057,.T.);
#614=EDGE_CURVE('',#849,#878,#747,.T.);
#615=EDGE_CURVE('',#892,#893,#1058,.T.);
#616=EDGE_CURVE('',#895,#876,#1059,.T.);
#617=EDGE_CURVE('',#882,#885,#1060,.T.);
#618=EDGE_CURVE('',#886,#885,#1061,.T.);
#619=EDGE_CURVE('',#883,#887,#1062,.T.);
#620=EDGE_CURVE('',#887,#884,#1063,.T.);
#621=EDGE_CURVE('',#888,#881,#1064,.T.);
#622=EDGE_CURVE('',#889,#888,#1065,.T.);
#623=EDGE_CURVE('',#878,#889,#748,.T.);
#624=EDGE_CURVE('',#882,#883,#749,.T.);
#625=EDGE_CURVE('',#885,#888,#750,.T.);
#626=EDGE_CURVE('',#889,#886,#1066,.T.);
#627=EDGE_CURVE('',#888,#887,#751,.T.);
#628=EDGE_CURVE('',#881,#884,#752,.T.);
#629=EDGE_CURVE('',#887,#885,#753,.T.);
#630=EDGE_CURVE('',#892,#897,#1067,.T.);
#631=EDGE_CURVE('',#890,#897,#1068,.T.);
#632=EDGE_CURVE('',#891,#898,#1069,.T.);
#633=EDGE_CURVE('',#898,#895,#1070,.T.);
#634=EDGE_CURVE('',#896,#898,#754,.T.);
#635=EDGE_CURVE('',#894,#895,#755,.T.);
#636=EDGE_CURVE('',#898,#897,#756,.T.);
#637=EDGE_CURVE('',#890,#891,#757,.T.);
#638=EDGE_CURVE('',#897,#896,#758,.T.);
#639=EDGE_CURVE('',#901,#899,#759,.T.);
#640=EDGE_CURVE('',#902,#900,#760,.T.);
#641=EDGE_CURVE('',#904,#905,#761,.T.);
#642=EDGE_CURVE('',#906,#907,#762,.T.);
#643=EDGE_CURVE('',#908,#909,#763,.T.);
#644=EDGE_CURVE('',#910,#903,#764,.T.);
#645=EDGE_CURVE('',#903,#904,#1071,.T.);
#646=EDGE_CURVE('',#905,#906,#1072,.T.);
#647=EDGE_CURVE('',#907,#908,#1073,.T.);
#648=EDGE_CURVE('',#909,#910,#1074,.T.);
#649=EDGE_CURVE('',#911,#912,#1075,.T.);
#650=EDGE_CURVE('',#912,#913,#765,.T.);
#651=EDGE_CURVE('',#913,#914,#1076,.T.);
#652=EDGE_CURVE('',#914,#915,#766,.T.);
#653=EDGE_CURVE('',#915,#916,#1077,.T.);
#654=EDGE_CURVE('',#916,#917,#767,.T.);
#655=EDGE_CURVE('',#917,#918,#1078,.T.);
#656=EDGE_CURVE('',#918,#911,#768,.T.);
#657=EDGE_CURVE('',#912,#904,#1079,.T.);
#658=EDGE_CURVE('',#911,#903,#1080,.T.);
#659=EDGE_CURVE('',#913,#905,#1140,.T.);
#660=EDGE_CURVE('',#914,#906,#1081,.T.);
#661=EDGE_CURVE('',#915,#907,#1141,.T.);
#662=EDGE_CURVE('',#916,#908,#1082,.T.);
#663=EDGE_CURVE('',#917,#909,#1142,.T.);
#664=EDGE_CURVE('',#918,#910,#1083,.T.);
#665=EDGE_CURVE('',#899,#900,#1084,.T.);
#666=EDGE_CURVE('',#901,#902,#1085,.T.);
#667=EDGE_CURVE('',#921,#919,#769,.T.);
#668=EDGE_CURVE('',#922,#920,#770,.T.);
#669=EDGE_CURVE('',#924,#925,#771,.T.);
#670=EDGE_CURVE('',#926,#927,#772,.T.);
#671=EDGE_CURVE('',#928,#929,#773,.T.);
#672=EDGE_CURVE('',#930,#923,#774,.T.);
#673=EDGE_CURVE('',#923,#924,#1086,.T.);
#674=EDGE_CURVE('',#925,#926,#1087,.T.);
#675=EDGE_CURVE('',#927,#928,#1088,.T.);
#676=EDGE_CURVE('',#929,#930,#1089,.T.);
#677=EDGE_CURVE('',#931,#932,#1090,.T.);
#678=EDGE_CURVE('',#932,#933,#775,.T.);
#679=EDGE_CURVE('',#933,#934,#1091,.T.);
#680=EDGE_CURVE('',#934,#935,#776,.T.);
#681=EDGE_CURVE('',#935,#936,#1092,.T.);
#682=EDGE_CURVE('',#936,#937,#777,.T.);
#683=EDGE_CURVE('',#937,#938,#1093,.T.);
#684=EDGE_CURVE('',#938,#931,#778,.T.);
#685=EDGE_CURVE('',#932,#924,#1094,.T.);
#686=EDGE_CURVE('',#931,#923,#1095,.T.);
#687=EDGE_CURVE('',#933,#925,#1143,.T.);
#688=EDGE_CURVE('',#934,#926,#1096,.T.);
#689=EDGE_CURVE('',#935,#927,#1144,.T.);
#690=EDGE_CURVE('',#936,#928,#1097,.T.);
#691=EDGE_CURVE('',#937,#929,#1145,.T.);
#692=EDGE_CURVE('',#938,#930,#1098,.T.);
#693=EDGE_CURVE('',#919,#920,#1099,.T.);
#694=EDGE_CURVE('',#921,#922,#1100,.T.);
#695=EDGE_CURVE('',#941,#939,#779,.T.);
#696=EDGE_CURVE('',#942,#940,#780,.T.);
#697=EDGE_CURVE('',#944,#945,#781,.T.);
#698=EDGE_CURVE('',#946,#947,#782,.T.);
#699=EDGE_CURVE('',#948,#949,#783,.T.);
#700=EDGE_CURVE('',#950,#943,#784,.T.);
#701=EDGE_CURVE('',#943,#944,#1101,.T.);
#702=EDGE_CURVE('',#945,#946,#1102,.T.);
#703=EDGE_CURVE('',#947,#948,#1103,.T.);
#704=EDGE_CURVE('',#949,#950,#1104,.T.);
#705=EDGE_CURVE('',#951,#952,#1105,.T.);
#706=EDGE_CURVE('',#952,#953,#785,.T.);
#707=EDGE_CURVE('',#953,#954,#1106,.T.);
#708=EDGE_CURVE('',#954,#955,#786,.T.);
#709=EDGE_CURVE('',#955,#956,#1107,.T.);
#710=EDGE_CURVE('',#956,#957,#787,.T.);
#711=EDGE_CURVE('',#957,#958,#1108,.T.);
#712=EDGE_CURVE('',#958,#951,#788,.T.);
#713=EDGE_CURVE('',#952,#944,#1109,.T.);
#714=EDGE_CURVE('',#951,#943,#1110,.T.);
#715=EDGE_CURVE('',#953,#945,#1146,.T.);
#716=EDGE_CURVE('',#954,#946,#1111,.T.);
#717=EDGE_CURVE('',#955,#947,#1147,.T.);
#718=EDGE_CURVE('',#956,#948,#1112,.T.);
#719=EDGE_CURVE('',#957,#949,#1148,.T.);
#720=EDGE_CURVE('',#958,#950,#1113,.T.);
#721=EDGE_CURVE('',#939,#940,#1114,.T.);
#722=EDGE_CURVE('',#941,#942,#1115,.T.);
#723=EDGE_CURVE('',#902,#850,#1116,.T.);
#724=EDGE_CURVE('',#868,#901,#1117,.T.);
#725=EDGE_CURVE('',#867,#939,#1118,.T.);
#726=EDGE_CURVE('',#940,#848,#1119,.T.);
#727=EDGE_CURVE('',#899,#919,#1120,.T.);
#728=EDGE_CURVE('',#920,#900,#1121,.T.);
#729=EDGE_CURVE('',#942,#922,#1122,.T.);
#730=EDGE_CURVE('',#921,#941,#1123,.T.);
#731=TRIMMED_CURVE($,#789,(#1871),(#1872),.T.,.CARTESIAN.);
#732=TRIMMED_CURVE($,#790,(#1878),(#1879),.T.,.CARTESIAN.);
#733=TRIMMED_CURVE($,#791,(#1883),(#1884),.T.,.CARTESIAN.);
#734=TRIMMED_CURVE($,#792,(#1888),(#1889),.T.,.CARTESIAN.);
#735=TRIMMED_CURVE($,#793,(#1893),(#1894),.T.,.CARTESIAN.);
#736=TRIMMED_CURVE($,#794,(#1898),(#1899),.T.,.CARTESIAN.);
#737=TRIMMED_CURVE($,#795,(#1901),(#1902),.T.,.CARTESIAN.);
#738=TRIMMED_CURVE($,#796,(#1906),(#1907),.T.,.CARTESIAN.);
#739=TRIMMED_CURVE($,#797,(#1909),(#1910),.T.,.CARTESIAN.);
#740=TRIMMED_CURVE($,#798,(#1926),(#1927),.T.,.CARTESIAN.);
#741=TRIMMED_CURVE($,#799,(#1931),(#1932),.T.,.CARTESIAN.);
#742=TRIMMED_CURVE($,#800,(#1936),(#1937),.T.,.CARTESIAN.);
#743=TRIMMED_CURVE($,#801,(#1941),(#1942),.T.,.CARTESIAN.);
#744=TRIMMED_CURVE($,#802,(#1950),(#1951),.T.,.CARTESIAN.);
#745=TRIMMED_CURVE($,#803,(#1982),(#1983),.T.,.CARTESIAN.);
#746=TRIMMED_CURVE($,#804,(#1987),(#1988),.T.,.CARTESIAN.);
#747=TRIMMED_CURVE($,#805,(#1997),(#1998),.T.,.CARTESIAN.);
#748=TRIMMED_CURVE($,#806,(#2034),(#2035),.T.,.CARTESIAN.);
#749=TRIMMED_CURVE($,#807,(#2037),(#2038),.T.,.CARTESIAN.);
#750=TRIMMED_CURVE($,#808,(#2040),(#2041),.T.,.CARTESIAN.);
#751=TRIMMED_CURVE($,#809,(#2053),(#2054),.T.,.CARTESIAN.);
#752=TRIMMED_CURVE($,#810,(#2056),(#2057),.T.,.CARTESIAN.);
#753=TRIMMED_CURVE($,#811,(#2059),(#2060),.T.,.CARTESIAN.);
#754=TRIMMED_CURVE($,#812,(#2070),(#2071),.T.,.CARTESIAN.);
#755=TRIMMED_CURVE($,#813,(#2073),(#2074),.T.,.CARTESIAN.);
#756=TRIMMED_CURVE($,#814,(#2076),(#2077),.T.,.CARTESIAN.);
#757=TRIMMED_CURVE($,#815,(#2079),(#2080),.T.,.CARTESIAN.);
#758=TRIMMED_CURVE($,#816,(#2082),(#2083),.T.,.CARTESIAN.);
#759=TRIMMED_CURVE($,#817,(#2085),(#2086),.T.,.CARTESIAN.);
#760=TRIMMED_CURVE($,#818,(#2088),(#2089),.T.,.CARTESIAN.);
#761=TRIMMED_CURVE($,#819,(#2091),(#2092),.T.,.CARTESIAN.);
#762=TRIMMED_CURVE($,#820,(#2094),(#2095),.T.,.CARTESIAN.);
#763=TRIMMED_CURVE($,#821,(#2097),(#2098),.T.,.CARTESIAN.);
#764=TRIMMED_CURVE($,#822,(#2100),(#2101),.T.,.CARTESIAN.);
#765=TRIMMED_CURVE($,#823,(#2113),(#2114),.T.,.CARTESIAN.);
#766=TRIMMED_CURVE($,#824,(#2118),(#2119),.T.,.CARTESIAN.);
#767=TRIMMED_CURVE($,#825,(#2123),(#2124),.T.,.CARTESIAN.);
#768=TRIMMED_CURVE($,#826,(#2128),(#2129),.T.,.CARTESIAN.);
#769=TRIMMED_CURVE($,#827,(#2153),(#2154),.T.,.CARTESIAN.);
#770=TRIMMED_CURVE($,#828,(#2156),(#2157),.T.,.CARTESIAN.);
#771=TRIMMED_CURVE($,#829,(#2159),(#2160),.T.,.CARTESIAN.);
#772=TRIMMED_CURVE($,#830,(#2162),(#2163),.T.,.CARTESIAN.);
#773=TRIMMED_CURVE($,#831,(#2165),(#2166),.T.,.CARTESIAN.);
#774=TRIMMED_CURVE($,#832,(#2168),(#2169),.T.,.CARTESIAN.);
#775=TRIMMED_CURVE($,#833,(#2181),(#2182),.T.,.CARTESIAN.);
#776=TRIMMED_CURVE($,#834,(#2186),(#2187),.T.,.CARTESIAN.);
#777=TRIMMED_CURVE($,#835,(#2191),(#2192),.T.,.CARTESIAN.);
#778=TRIMMED_CURVE($,#836,(#2196),(#2197),.T.,.CARTESIAN.);
#779=TRIMMED_CURVE($,#837,(#2221),(#2222),.T.,.CARTESIAN.);
#780=TRIMMED_CURVE($,#838,(#2224),(#2225),.T.,.CARTESIAN.);
#781=TRIMMED_CURVE($,#839,(#2227),(#2228),.T.,.CARTESIAN.);
#782=TRIMMED_CURVE($,#840,(#2230),(#2231),.T.,.CARTESIAN.);
#783=TRIMMED_CURVE($,#841,(#2233),(#2234),.T.,.CARTESIAN.);
#784=TRIMMED_CURVE($,#842,(#2236),(#2237),.T.,.CARTESIAN.);
#785=TRIMMED_CURVE($,#843,(#2249),(#2250),.T.,.CARTESIAN.);
#786=TRIMMED_CURVE($,#844,(#2254),(#2255),.T.,.CARTESIAN.);
#787=TRIMMED_CURVE($,#845,(#2259),(#2260),.T.,.CARTESIAN.);
#788=TRIMMED_CURVE($,#846,(#2264),(#2265),.T.,.CARTESIAN.);
#789=CIRCLE('',#1300,20.);
#790=CIRCLE('',#1301,5.00000000000002);
#791=CIRCLE('',#1302,5.00000000000002);
#792=CIRCLE('',#1303,5.);
#793=CIRCLE('',#1304,5.);
#794=CIRCLE('',#1305,18.4999999999996);
#795=CIRCLE('',#1306,18.5);
#796=CIRCLE('',#1307,4.99999999999999);
#797=CIRCLE('',#1308,4.99999999999999);
#798=CIRCLE('',#1309,20.);
#799=CIRCLE('',#1310,5.00000000000001);
#800=CIRCLE('',#1311,5.00000000000007);
#801=CIRCLE('',#1312,18.4999999999994);
#802=CIRCLE('',#1313,5.);
#803=CIRCLE('',#1314,18.4999999999999);
#804=CIRCLE('',#1315,19.9999999999999);
#805=CIRCLE('',#1316,19.9999999999941);
#806=CIRCLE('',#1317,20.0000000000413);
#807=CIRCLE('',#1318,0.999999999999972);
#808=CIRCLE('',#1319,0.999999999999957);
#809=CIRCLE('',#1320,1.00000000000001);
#810=CIRCLE('',#1321,0.999999999999986);
#811=CIRCLE('',#1322,1.00000000000004);
#812=CIRCLE('',#1323,1.00000000000001);
#813=CIRCLE('',#1324,0.999999999999972);
#814=CIRCLE('',#1325,1.00000000000001);
#815=CIRCLE('',#1326,1.00000000000004);
#816=CIRCLE('',#1327,1.00000000000001);
#817=CIRCLE('',#1328,20.);
#818=CIRCLE('',#1329,20.);
#819=CIRCLE('',#1330,20.);
#820=CIRCLE('',#1331,5.00000000000002);
#821=CIRCLE('',#1332,5.);
#822=CIRCLE('',#1333,4.99999999999999);
#823=CIRCLE('',#1334,20.);
#824=CIRCLE('',#1335,5.00000000000001);
#825=CIRCLE('',#1336,5.);
#826=CIRCLE('',#1337,4.99999999999998);
#827=CIRCLE('',#1338,20.);
#828=CIRCLE('',#1339,20.);
#829=CIRCLE('',#1340,20.);
#830=CIRCLE('',#1341,5.00000000000002);
#831=CIRCLE('',#1342,5.00000000000001);
#832=CIRCLE('',#1343,4.99999999999999);
#833=CIRCLE('',#1344,20.);
#834=CIRCLE('',#1345,5.00000000000002);
#835=CIRCLE('',#1346,5.00000000000001);
#836=CIRCLE('',#1347,4.99999999999998);
#837=CIRCLE('',#1348,20.);
#838=CIRCLE('',#1349,20.);
#839=CIRCLE('',#1350,20.);
#840=CIRCLE('',#1351,5.00000000000006);
#841=CIRCLE('',#1352,4.99999999999999);
#842=CIRCLE('',#1353,4.99999999999999);
#843=CIRCLE('',#1354,20.);
#844=CIRCLE('',#1355,5.00000000000006);
#845=CIRCLE('',#1356,4.99999999999999);
#846=CIRCLE('',#1357,4.99999999999998);
#847=VERTEX_POINT('',#1754);
#848=VERTEX_POINT('',#1755);
#849=VERTEX_POINT('',#1756);
#850=VERTEX_POINT('',#1757);
#851=VERTEX_POINT('',#1758);
#852=VERTEX_POINT('',#1759);
#853=VERTEX_POINT('',#1760);
#854=VERTEX_POINT('',#1761);
#855=VERTEX_POINT('',#1762);
#856=VERTEX_POINT('',#1763);
#857=VERTEX_POINT('',#1764);
#858=VERTEX_POINT('',#1765);
#859=VERTEX_POINT('',#1766);
#860=VERTEX_POINT('',#1767);
#861=VERTEX_POINT('',#1768);
#862=VERTEX_POINT('',#1769);
#863=VERTEX_POINT('',#1770);
#864=VERTEX_POINT('',#1771);
#865=VERTEX_POINT('',#1772);
#866=VERTEX_POINT('',#1773);
#867=VERTEX_POINT('',#1774);
#868=VERTEX_POINT('',#1775);
#869=VERTEX_POINT('',#1776);
#870=VERTEX_POINT('',#1777);
#871=VERTEX_POINT('',#1778);
#872=VERTEX_POINT('',#1779);
#873=VERTEX_POINT('',#1780);
#874=VERTEX_POINT('',#1781);
#875=VERTEX_POINT('',#1782);
#876=VERTEX_POINT('',#1783);
#877=VERTEX_POINT('',#1784);
#878=VERTEX_POINT('',#1785);
#879=VERTEX_POINT('',#1786);
#880=VERTEX_POINT('',#1787);
#881=VERTEX_POINT('',#1788);
#882=VERTEX_POINT('',#1789);
#883=VERTEX_POINT('',#1790);
#884=VERTEX_POINT('',#1791);
#885=VERTEX_POINT('',#1792);
#886=VERTEX_POINT('',#1793);
#887=VERTEX_POINT('',#1794);
#888=VERTEX_POINT('',#1795);
#889=VERTEX_POINT('',#1796);
#890=VERTEX_POINT('',#1797);
#891=VERTEX_POINT('',#1798);
#892=VERTEX_POINT('',#1799);
#893=VERTEX_POINT('',#1800);
#894=VERTEX_POINT('',#1801);
#895=VERTEX_POINT('',#1802);
#896=VERTEX_POINT('',#1803);
#897=VERTEX_POINT('',#1804);
#898=VERTEX_POINT('',#1805);
#899=VERTEX_POINT('',#1806);
#900=VERTEX_POINT('',#1807);
#901=VERTEX_POINT('',#1808);
#902=VERTEX_POINT('',#1809);
#903=VERTEX_POINT('',#1810);
#904=VERTEX_POINT('',#1811);
#905=VERTEX_POINT('',#1812);
#906=VERTEX_POINT('',#1813);
#907=VERTEX_POINT('',#1814);
#908=VERTEX_POINT('',#1815);
#909=VERTEX_POINT('',#1816);
#910=VERTEX_POINT('',#1817);
#911=VERTEX_POINT('',#1818);
#912=VERTEX_POINT('',#1819);
#913=VERTEX_POINT('',#1820);
#914=VERTEX_POINT('',#1821);
#915=VERTEX_POINT('',#1822);
#916=VERTEX_POINT('',#1823);
#917=VERTEX_POINT('',#1824);
#918=VERTEX_POINT('',#1825);
#919=VERTEX_POINT('',#1826);
#920=VERTEX_POINT('',#1827);
#921=VERTEX_POINT('',#1828);
#922=VERTEX_POINT('',#1829);
#923=VERTEX_POINT('',#1830);
#924=VERTEX_POINT('',#1831);
#925=VERTEX_POINT('',#1832);
#926=VERTEX_POINT('',#1833);
#927=VERTEX_POINT('',#1834);
#928=VERTEX_POINT('',#1835);
#929=VERTEX_POINT('',#1836);
#930=VERTEX_POINT('',#1837);
#931=VERTEX_POINT('',#1838);
#932=VERTEX_POINT('',#1839);
#933=VERTEX_POINT('',#1840);
#934=VERTEX_POINT('',#1841);
#935=VERTEX_POINT('',#1842);
#936=VERTEX_POINT('',#1843);
#937=VERTEX_POINT('',#1844);
#938=VERTEX_POINT('',#1845);
#939=VERTEX_POINT('',#1846);
#940=VERTEX_POINT('',#1847);
#941=VERTEX_POINT('',#1848);
#942=VERTEX_POINT('',#1849);
#943=VERTEX_POINT('',#1850);
#944=VERTEX_POINT('',#1851);
#945=VERTEX_POINT('',#1852);
#946=VERTEX_POINT('',#1853);
#947=VERTEX_POINT('',#1854);
#948=VERTEX_POINT('',#1855);
#949=VERTEX_POINT('',#1856);
#950=VERTEX_POINT('',#1857);
#951=VERTEX_POINT('',#1858);
#952=VERTEX_POINT('',#1859);
#953=VERTEX_POINT('',#1860);
#954=VERTEX_POINT('',#1861);
#955=VERTEX_POINT('',#1862);
#956=VERTEX_POINT('',#1863);
#957=VERTEX_POINT('',#1864);
#958=VERTEX_POINT('',#1865);
#959=(
BOUNDED_SURFACE()
B_SPLINE_SURFACE(2,2,((#1685,#1686,#1687),(#1688,#1689,#1690),(#1691,#1692,
#1693),(#1694,#1695,#1696),(#1697,#1698,#1699)),.UNSPECIFIED.,.F.,.F.,.F.)
B_SPLINE_SURFACE_WITH_KNOTS((3,2,3),(3,3),(2.2848084970498,3.11981075497762,
3.95481301290544),(0.785398163397455,2.35619449019239),.UNSPECIFIED.)
GEOMETRIC_REPRESENTATION_ITEM()
RATIONAL_B_SPLINE_SURFACE(((1.,0.707106781186537,1.),(0.922369618366425,
0.652213811907337,0.922369618366425),(1.,0.707106781186537,1.),(0.922369618366425,
0.652213811907337,0.922369618366425),(1.,0.707106781186537,1.)))
REPRESENTATION_ITEM('')
SURFACE()
);
#960=(
BOUNDED_SURFACE()
B_SPLINE_SURFACE(2,2,((#1703,#1704,#1705,#1706,#1707),(#1708,#1709,#1710,
#1711,#1712),(#1713,#1714,#1715,#1716,#1717)),.UNSPECIFIED.,.F.,.F.,.F.)
B_SPLINE_SURFACE_WITH_KNOTS((3,3),(3,2,3),(0.785398163397409,2.35619449019233),
(2.2848084970498,3.11981075497762,3.95481301290544),.UNSPECIFIED.)
GEOMETRIC_REPRESENTATION_ITEM()
RATIONAL_B_SPLINE_SURFACE(((1.,0.922369618366425,1.,0.922369618366425,1.),
(0.707106781186533,0.652213811907334,0.707106781186533,0.652213811907334,
0.707106781186533),(1.,0.922369618366425,1.,0.922369618366425,1.)))
REPRESENTATION_ITEM('')
SURFACE()
);
#961=PLANE('',#1242);
#962=PLANE('',#1244);
#963=PLANE('',#1245);
#964=PLANE('',#1246);
#965=PLANE('',#1251);
#966=PLANE('',#1252);
#967=PLANE('',#1253);
#968=PLANE('',#1254);
#969=PLANE('',#1255);
#970=PLANE('',#1256);
#971=PLANE('',#1257);
#972=PLANE('',#1265);
#973=PLANE('',#1267);
#974=PLANE('',#1269);
#975=PLANE('',#1271);
#976=PLANE('',#1273);
#977=PLANE('',#1275);
#978=PLANE('',#1277);
#979=PLANE('',#1279);
#980=PLANE('',#1281);
#981=PLANE('',#1283);
#982=PLANE('',#1285);
#983=PLANE('',#1287);
#984=PLANE('',#1289);
#985=PLANE('',#1291);
#986=PLANE('',#1293);
#987=PLANE('',#1294);
#988=PLANE('',#1295);
#989=PLANE('',#1296);
#990=PLANE('',#1297);
#991=PLANE('',#1298);
#992=PLANE('',#1299);
#993=CYLINDRICAL_SURFACE('',#1237,20.);
#994=CYLINDRICAL_SURFACE('',#1238,5.00000000000002);
#995=CYLINDRICAL_SURFACE('',#1239,5.);
#996=CYLINDRICAL_SURFACE('',#1240,18.5);
#997=CYLINDRICAL_SURFACE('',#1241,4.99999999999999);
#998=CYLINDRICAL_SURFACE('',#1243,20.);
#999=CYLINDRICAL_SURFACE('',#1247,5.00000000000002);
#1000=CYLINDRICAL_SURFACE('',#1248,4.99999999999998);
#1001=CYLINDRICAL_SURFACE('',#1249,18.5);
#1002=CYLINDRICAL_SURFACE('',#1250,4.99999999999996);
#1003=CYLINDRICAL_SURFACE('',#1258,1.00000000000006);
#1004=CYLINDRICAL_SURFACE('',#1259,1.00000000000006);
#1005=CYLINDRICAL_SURFACE('',#1260,1.00000000000003);
#1006=CYLINDRICAL_SURFACE('',#1261,0.999999999999964);
#1007=CYLINDRICAL_SURFACE('',#1262,1.00000000000001);
#1008=CYLINDRICAL_SURFACE('',#1263,0.999999999999986);
#1009=CYLINDRICAL_SURFACE('',#1264,20.);
#1010=CYLINDRICAL_SURFACE('',#1266,20.);
#1011=CYLINDRICAL_SURFACE('',#1268,5.00000000000002);
#1012=CYLINDRICAL_SURFACE('',#1270,5.);
#1013=CYLINDRICAL_SURFACE('',#1272,4.99999999999999);
#1014=CYLINDRICAL_SURFACE('',#1274,20.);
#1015=CYLINDRICAL_SURFACE('',#1276,20.);
#1016=CYLINDRICAL_SURFACE('',#1278,5.00000000000002);
#1017=CYLINDRICAL_SURFACE('',#1280,5.00000000000001);
#1018=CYLINDRICAL_SURFACE('',#1282,4.99999999999999);
#1019=CYLINDRICAL_SURFACE('',#1284,20.);
#1020=CYLINDRICAL_SURFACE('',#1286,20.);
#1021=CYLINDRICAL_SURFACE('',#1288,5.00000000000006);
#1022=CYLINDRICAL_SURFACE('',#1290,4.99999999999999);
#1023=CYLINDRICAL_SURFACE('',#1292,4.99999999999999);
#1024=B_SPLINE_CURVE_WITH_KNOTS('',1,(#1619,#1620,#1621,#1622,#1623),
 .UNSPECIFIED.,.T.,.F.,(2,1,1,1,2),(0.,4.,44.,48.,88.),.UNSPECIFIED.);
#1025=B_SPLINE_CURVE_WITH_KNOTS('',1,(#1866,#1867),.UNSPECIFIED.,.F.,.F.,
(2,2),(239.,258.),.UNSPECIFIED.);
#1026=B_SPLINE_CURVE_WITH_KNOTS('',1,(#1868,#1869),.UNSPECIFIED.,.F.,.F.,
(2,2),(0.,10.),.UNSPECIFIED.);
#1027=B_SPLINE_CURVE_WITH_KNOTS('',1,(#1873,#1874),.UNSPECIFIED.,.F.,.F.,
(2,2),(0.,10.),.UNSPECIFIED.);
#1028=B_SPLINE_CURVE_WITH_KNOTS('',1,(#1875,#1876),.UNSPECIFIED.,.F.,.F.,
(2,2),(0.,10.),.UNSPECIFIED.);
#1029=B_SPLINE_CURVE_WITH_KNOTS('',1,(#1885,#1886),.UNSPECIFIED.,.F.,.F.,
(2,2),(0.,10.),.UNSPECIFIED.);
#1030=B_SPLINE_CURVE_WITH_KNOTS('',1,(#1895,#1896),.UNSPECIFIED.,.F.,.F.,
(2,2),(0.,10.),.UNSPECIFIED.);
#1031=B_SPLINE_CURVE_WITH_KNOTS('',1,(#1903,#1904),.UNSPECIFIED.,.F.,.F.,
(2,2),(0.,10.),.UNSPECIFIED.);
#1032=B_SPLINE_CURVE_WITH_KNOTS('',1,(#1911,#1912),.UNSPECIFIED.,.F.,.F.,
(2,2),(842.18583470577,902.18583470577),.UNSPECIFIED.);
#1033=B_SPLINE_CURVE_WITH_KNOTS('',1,(#1913,#1914),.UNSPECIFIED.,.F.,.F.,
(2,2),(910.039816339745,970.039816339745),.UNSPECIFIED.);
#1034=B_SPLINE_CURVE_WITH_KNOTS('',1,(#1915,#1916),.UNSPECIFIED.,.F.,.F.,
(2,2),(977.893797973719,1024.39379797372),.UNSPECIFIED.);
#1035=B_SPLINE_CURVE_WITH_KNOTS('',1,(#1917,#1918),.UNSPECIFIED.,.F.,.F.,
(2,2),(1055.80972450962,1102.30972450962),.UNSPECIFIED.);
#1036=B_SPLINE_CURVE_WITH_KNOTS('',1,(#1919,#1920),.UNSPECIFIED.,.F.,.F.,
(2,2),(1.38962035471393,31.9891252930761),.UNSPECIFIED.);
#1037=B_SPLINE_CURVE_WITH_KNOTS('',1,(#1921,#1922),.UNSPECIFIED.,.F.,.F.,
(2,2),(-36.,-5.00000000000001),.UNSPECIFIED.);
#1038=B_SPLINE_CURVE_WITH_KNOTS('',1,(#1923,#1924),.UNSPECIFIED.,.F.,.F.,
(2,2),(-3.,-3.5477612174862E-15),.UNSPECIFIED.);
#1039=B_SPLINE_CURVE_WITH_KNOTS('',1,(#1928,#1929),.UNSPECIFIED.,.F.,.F.,
(2,2),(-639.321703609706,-579.321703609706),.UNSPECIFIED.);
#1040=B_SPLINE_CURVE_WITH_KNOTS('',1,(#1933,#1934),.UNSPECIFIED.,.F.,.F.,
(2,2),(-707.175685243681,-647.175685243681),.UNSPECIFIED.);
#1041=B_SPLINE_CURVE_WITH_KNOTS('',1,(#1938,#1939),.UNSPECIFIED.,.F.,.F.,
(2,2),(-761.529666877655,-715.029666877655),.UNSPECIFIED.);
#1042=B_SPLINE_CURVE_WITH_KNOTS('',1,(#1943,#1944),.UNSPECIFIED.,.F.,.F.,
(2,2),(-809.944667621288,-779.387891221931),.UNSPECIFIED.);
#1043=B_SPLINE_CURVE_WITH_KNOTS('',1,(#1945,#1946),.UNSPECIFIED.,.F.,.F.,
(2,2),(-813.808982410976,-811.627164229158),.UNSPECIFIED.);
#1044=B_SPLINE_CURVE_WITH_KNOTS('',1,(#1947,#1948),.UNSPECIFIED.,.F.,.F.,
(2,2),(-838.808982410976,-813.808982410976),.UNSPECIFIED.);
#1045=B_SPLINE_CURVE_WITH_KNOTS('',1,(#1952,#1953),.UNSPECIFIED.,.F.,.F.,
(2,2),(2.,30.),.UNSPECIFIED.);
#1046=B_SPLINE_CURVE_WITH_KNOTS('',1,(#1954,#1955),.UNSPECIFIED.,.F.,.F.,
(2,2),(2.,30.),.UNSPECIFIED.);
#1047=B_SPLINE_CURVE_WITH_KNOTS('',1,(#1958,#1959),.UNSPECIFIED.,.F.,.F.,
(2,2),(2.,30.),.UNSPECIFIED.);
#1048=B_SPLINE_CURVE_WITH_KNOTS('',1,(#1962,#1963),.UNSPECIFIED.,.F.,.F.,
(2,2),(2.,30.),.UNSPECIFIED.);
#1049=B_SPLINE_CURVE_WITH_KNOTS('',1,(#1966,#1967),.UNSPECIFIED.,.F.,.F.,
(2,2),(2.,30.),.UNSPECIFIED.);
#1050=B_SPLINE_CURVE_WITH_KNOTS('',1,(#1968,#1969),.UNSPECIFIED.,.F.,.F.,
(2,2),(29.,30.),.UNSPECIFIED.);
#1051=B_SPLINE_CURVE_WITH_KNOTS('',1,(#1970,#1971,#1972),.UNSPECIFIED.,
 .F.,.F.,(2,1,2),(0.,2.,29.),.UNSPECIFIED.);
#1052=B_SPLINE_CURVE_WITH_KNOTS('',1,(#1973,#1974,#1975),.UNSPECIFIED.,
 .F.,.F.,(2,1,2),(0.,2.,29.),.UNSPECIFIED.);
#1053=B_SPLINE_CURVE_WITH_KNOTS('',1,(#1976,#1977,#1978),.UNSPECIFIED.,
 .F.,.F.,(2,1,2),(0.,2.,30.),.UNSPECIFIED.);
#1054=B_SPLINE_CURVE_WITH_KNOTS('',1,(#1979,#1980),.UNSPECIFIED.,.F.,.F.,
(2,2),(0.,1.00000000000002),.UNSPECIFIED.);
#1055=B_SPLINE_CURVE_WITH_KNOTS('',1,(#1984,#1985),.UNSPECIFIED.,.F.,.F.,
(2,2),(1055.80972450962,1076.30972450962),.UNSPECIFIED.);
#1056=B_SPLINE_CURVE_WITH_KNOTS('',1,(#1991,#1992),.UNSPECIFIED.,.F.,.F.,
(2,2),(1.00000000000001,4.),.UNSPECIFIED.);
#1057=B_SPLINE_CURVE_WITH_KNOTS('',1,(#1993,#1994,#1995),.UNSPECIFIED.,
 .F.,.F.,(2,1,2),(0.,2.,10.),.UNSPECIFIED.);
#1058=B_SPLINE_CURVE_WITH_KNOTS('',3,(#1999,#2000,#2001,#2002,#2003,#2004,
#2005,#2006,#2007,#2008,#2009,#2010,#2011,#2012,#2013,#2014,#2015,#2016,
#2017,#2018),.UNSPECIFIED.,.F.,.F.,(4,1,1,1,1,1,1,1,1,1,1,1,1,1,1,1,1,4),
(-2.17536100839638,-2.09066887150922,-2.00226913874306,-1.90924857886926,
-1.81069825899909,-1.70580552047813,-1.5939414816122,-1.47473193634937,
-1.3481043553643,-1.21430827191996,-1.07390961119858,-0.927761865146234,
-0.776958119789045,-0.622769774170017,-0.46657778513215,-0.309802740815844,
-0.153839391500811,0.),.UNSPECIFIED.);
#1059=B_SPLINE_CURVE_WITH_KNOTS('',1,(#2019,#2020),.UNSPECIFIED.,.F.,.F.,
(2,2),(1.00000000000001,30.),.UNSPECIFIED.);
#1060=B_SPLINE_CURVE_WITH_KNOTS('',1,(#2021,#2022),.UNSPECIFIED.,.F.,.F.,
(2,2),(0.,29.),.UNSPECIFIED.);
#1061=B_SPLINE_CURVE_WITH_KNOTS('',1,(#2023,#2024),.UNSPECIFIED.,.F.,.F.,
(2,2),(0.,31.),.UNSPECIFIED.);
#1062=B_SPLINE_CURVE_WITH_KNOTS('',1,(#2025,#2026),.UNSPECIFIED.,.F.,.F.,
(2,2),(0.,29.),.UNSPECIFIED.);
#1063=B_SPLINE_CURVE_WITH_KNOTS('',1,(#2027,#2028),.UNSPECIFIED.,.F.,.F.,
(2,2),(1.00000000000002,4.),.UNSPECIFIED.);
#1064=B_SPLINE_CURVE_WITH_KNOTS('',1,(#2029,#2030),.UNSPECIFIED.,.F.,.F.,
(2,2),(0.999999999999988,4.),.UNSPECIFIED.);
#1065=B_SPLINE_CURVE_WITH_KNOTS('',1,(#2031,#2032),.UNSPECIFIED.,.F.,.F.,
(2,2),(1.46434624714725,31.),.UNSPECIFIED.);
#1066=B_SPLINE_CURVE_WITH_KNOTS('',3,(#2042,#2043,#2044,#2045,#2046,#2047,
#2048,#2049,#2050,#2051),.UNSPECIFIED.,.F.,.F.,(4,2,2,2,4),(0.,0.53687236796834,
1.07374473593668,1.61061710390502,2.14748947187336),.UNSPECIFIED.);
#1067=B_SPLINE_CURVE_WITH_KNOTS('',1,(#2061,#2062),.UNSPECIFIED.,.F.,.F.,
(2,2),(3.59990498299187E-14,31.9891252930761),.UNSPECIFIED.);
#1068=B_SPLINE_CURVE_WITH_KNOTS('',1,(#2063,#2064),.UNSPECIFIED.,.F.,.F.,
(2,2),(3.5527136788005E-15,29.),.UNSPECIFIED.);
#1069=B_SPLINE_CURVE_WITH_KNOTS('',1,(#2065,#2066),.UNSPECIFIED.,.F.,.F.,
(2,2),(3.5527136788005E-15,29.),.UNSPECIFIED.);
#1070=B_SPLINE_CURVE_WITH_KNOTS('',1,(#2067,#2068),.UNSPECIFIED.,.F.,.F.,
(2,2),(1.00000000000004,4.00000000000003),.UNSPECIFIED.);
#1071=B_SPLINE_CURVE_WITH_KNOTS('',1,(#2102,#2103),.UNSPECIFIED.,.F.,.F.,
(2,2),(286.5,331.5),.UNSPECIFIED.);
#1072=B_SPLINE_CURVE_WITH_KNOTS('',1,(#2104,#2105),.UNSPECIFIED.,.F.,.F.,
(2,2),(362.915926535898,407.915926535898),.UNSPECIFIED.);
#1073=B_SPLINE_CURVE_WITH_KNOTS('',1,(#2106,#2107),.UNSPECIFIED.,.F.,.F.,
(2,2),(415.769908169872,475.769908169872),.UNSPECIFIED.);
#1074=B_SPLINE_CURVE_WITH_KNOTS('',1,(#2108,#2109),.UNSPECIFIED.,.F.,.F.,
(2,2),(483.623889803847,543.623889803847),.UNSPECIFIED.);
#1075=B_SPLINE_CURVE_WITH_KNOTS('',1,(#2110,#2111),.UNSPECIFIED.,.F.,.F.,
(2,2),(286.5,331.5),.UNSPECIFIED.);
#1076=B_SPLINE_CURVE_WITH_KNOTS('',1,(#2115,#2116),.UNSPECIFIED.,.F.,.F.,
(2,2),(362.915926535898,407.915926535898),.UNSPECIFIED.);
#1077=B_SPLINE_CURVE_WITH_KNOTS('',1,(#2120,#2121),.UNSPECIFIED.,.F.,.F.,
(2,2),(415.769908169872,475.769908169872),.UNSPECIFIED.);
#1078=B_SPLINE_CURVE_WITH_KNOTS('',1,(#2125,#2126),.UNSPECIFIED.,.F.,.F.,
(2,2),(483.623889803847,543.623889803847),.UNSPECIFIED.);
#1079=B_SPLINE_CURVE_WITH_KNOTS('',1,(#2130,#2131),.UNSPECIFIED.,.F.,.F.,
(2,2),(2.,40.),.UNSPECIFIED.);
#1080=B_SPLINE_CURVE_WITH_KNOTS('',1,(#2132,#2133),.UNSPECIFIED.,.F.,.F.,
(2,2),(2.,40.),.UNSPECIFIED.);
#1081=B_SPLINE_CURVE_WITH_KNOTS('',1,(#2136,#2137),.UNSPECIFIED.,.F.,.F.,
(2,2),(2.,40.),.UNSPECIFIED.);
#1082=B_SPLINE_CURVE_WITH_KNOTS('',1,(#2140,#2141),.UNSPECIFIED.,.F.,.F.,
(2,2),(2.,40.),.UNSPECIFIED.);
#1083=B_SPLINE_CURVE_WITH_KNOTS('',1,(#2144,#2145),.UNSPECIFIED.,.F.,.F.,
(2,2),(2.,40.),.UNSPECIFIED.);
#1084=B_SPLINE_CURVE_WITH_KNOTS('',1,(#2146,#2147,#2148),.UNSPECIFIED.,
 .F.,.F.,(2,1,2),(0.,2.,40.),.UNSPECIFIED.);
#1085=B_SPLINE_CURVE_WITH_KNOTS('',1,(#2149,#2150,#2151),.UNSPECIFIED.,
 .F.,.F.,(2,1,2),(0.,2.,40.),.UNSPECIFIED.);
#1086=B_SPLINE_CURVE_WITH_KNOTS('',1,(#2170,#2171),.UNSPECIFIED.,.F.,.F.,
(2,2),(286.5,331.5),.UNSPECIFIED.);
#1087=B_SPLINE_CURVE_WITH_KNOTS('',1,(#2172,#2173),.UNSPECIFIED.,.F.,.F.,
(2,2),(362.915926535898,407.915926535898),.UNSPECIFIED.);
#1088=B_SPLINE_CURVE_WITH_KNOTS('',1,(#2174,#2175),.UNSPECIFIED.,.F.,.F.,
(2,2),(415.769908169872,475.769908169872),.UNSPECIFIED.);
#1089=B_SPLINE_CURVE_WITH_KNOTS('',1,(#2176,#2177),.UNSPECIFIED.,.F.,.F.,
(2,2),(483.623889803847,543.623889803847),.UNSPECIFIED.);
#1090=B_SPLINE_CURVE_WITH_KNOTS('',1,(#2178,#2179),.UNSPECIFIED.,.F.,.F.,
(2,2),(286.5,331.5),.UNSPECIFIED.);
#1091=B_SPLINE_CURVE_WITH_KNOTS('',1,(#2183,#2184),.UNSPECIFIED.,.F.,.F.,
(2,2),(362.915926535898,407.915926535898),.UNSPECIFIED.);
#1092=B_SPLINE_CURVE_WITH_KNOTS('',1,(#2188,#2189),.UNSPECIFIED.,.F.,.F.,
(2,2),(415.769908169872,475.769908169872),.UNSPECIFIED.);
#1093=B_SPLINE_CURVE_WITH_KNOTS('',1,(#2193,#2194),.UNSPECIFIED.,.F.,.F.,
(2,2),(483.623889803847,543.623889803847),.UNSPECIFIED.);
#1094=B_SPLINE_CURVE_WITH_KNOTS('',1,(#2198,#2199),.UNSPECIFIED.,.F.,.F.,
(2,2),(2.,40.),.UNSPECIFIED.);
#1095=B_SPLINE_CURVE_WITH_KNOTS('',1,(#2200,#2201),.UNSPECIFIED.,.F.,.F.,
(2,2),(2.,40.),.UNSPECIFIED.);
#1096=B_SPLINE_CURVE_WITH_KNOTS('',1,(#2204,#2205),.UNSPECIFIED.,.F.,.F.,
(2,2),(2.,40.),.UNSPECIFIED.);
#1097=B_SPLINE_CURVE_WITH_KNOTS('',1,(#2208,#2209),.UNSPECIFIED.,.F.,.F.,
(2,2),(2.,40.),.UNSPECIFIED.);
#1098=B_SPLINE_CURVE_WITH_KNOTS('',1,(#2212,#2213),.UNSPECIFIED.,.F.,.F.,
(2,2),(2.,40.),.UNSPECIFIED.);
#1099=B_SPLINE_CURVE_WITH_KNOTS('',1,(#2214,#2215,#2216),.UNSPECIFIED.,
 .F.,.F.,(2,1,2),(0.,2.,40.),.UNSPECIFIED.);
#1100=B_SPLINE_CURVE_WITH_KNOTS('',1,(#2217,#2218,#2219),.UNSPECIFIED.,
 .F.,.F.,(2,1,2),(0.,2.,40.),.UNSPECIFIED.);
#1101=B_SPLINE_CURVE_WITH_KNOTS('',1,(#2238,#2239),.UNSPECIFIED.,.F.,.F.,
(2,2),(286.5,331.5),.UNSPECIFIED.);
#1102=B_SPLINE_CURVE_WITH_KNOTS('',1,(#2240,#2241),.UNSPECIFIED.,.F.,.F.,
(2,2),(362.915926535898,407.915926535898),.UNSPECIFIED.);
#1103=B_SPLINE_CURVE_WITH_KNOTS('',1,(#2242,#2243),.UNSPECIFIED.,.F.,.F.,
(2,2),(415.769908169872,475.769908169872),.UNSPECIFIED.);
#1104=B_SPLINE_CURVE_WITH_KNOTS('',1,(#2244,#2245),.UNSPECIFIED.,.F.,.F.,
(2,2),(483.623889803847,543.623889803847),.UNSPECIFIED.);
#1105=B_SPLINE_CURVE_WITH_KNOTS('',1,(#2246,#2247),.UNSPECIFIED.,.F.,.F.,
(2,2),(286.5,331.5),.UNSPECIFIED.);
#1106=B_SPLINE_CURVE_WITH_KNOTS('',1,(#2251,#2252),.UNSPECIFIED.,.F.,.F.,
(2,2),(362.915926535898,407.915926535898),.UNSPECIFIED.);
#1107=B_SPLINE_CURVE_WITH_KNOTS('',1,(#2256,#2257),.UNSPECIFIED.,.F.,.F.,
(2,2),(415.769908169872,475.769908169872),.UNSPECIFIED.);
#1108=B_SPLINE_CURVE_WITH_KNOTS('',1,(#2261,#2262),.UNSPECIFIED.,.F.,.F.,
(2,2),(483.623889803847,543.623889803847),.UNSPECIFIED.);
#1109=B_SPLINE_CURVE_WITH_KNOTS('',1,(#2266,#2267),.UNSPECIFIED.,.F.,.F.,
(2,2),(2.,40.),.UNSPECIFIED.);
#1110=B_SPLINE_CURVE_WITH_KNOTS('',1,(#2268,#2269),.UNSPECIFIED.,.F.,.F.,
(2,2),(2.,40.),.UNSPECIFIED.);
#1111=B_SPLINE_CURVE_WITH_KNOTS('',1,(#2272,#2273),.UNSPECIFIED.,.F.,.F.,
(2,2),(2.,40.),.UNSPECIFIED.);
#1112=B_SPLINE_CURVE_WITH_KNOTS('',1,(#2276,#2277),.UNSPECIFIED.,.F.,.F.,
(2,2),(2.,40.),.UNSPECIFIED.);
#1113=B_SPLINE_CURVE_WITH_KNOTS('',1,(#2280,#2281),.UNSPECIFIED.,.F.,.F.,
(2,2),(2.,40.),.UNSPECIFIED.);
#1114=B_SPLINE_CURVE_WITH_KNOTS('',1,(#2282,#2283,#2284),.UNSPECIFIED.,
 .F.,.F.,(2,1,2),(0.,2.,40.),.UNSPECIFIED.);
#1115=B_SPLINE_CURVE_WITH_KNOTS('',1,(#2285,#2286,#2287),.UNSPECIFIED.,
 .F.,.F.,(2,1,2),(0.,2.,40.),.UNSPECIFIED.);
#1116=B_SPLINE_CURVE_WITH_KNOTS('',1,(#2288,#2289),.UNSPECIFIED.,.F.,.F.,
(2,2),(0.,106.),.UNSPECIFIED.);
#1117=B_SPLINE_CURVE_WITH_KNOTS('',1,(#2290,#2291),.UNSPECIFIED.,.F.,.F.,
(2,2),(0.,106.),.UNSPECIFIED.);
#1118=B_SPLINE_CURVE_WITH_KNOTS('',1,(#2292,#2293),.UNSPECIFIED.,.F.,.F.,
(2,2),(0.,86.),.UNSPECIFIED.);
#1119=B_SPLINE_CURVE_WITH_KNOTS('',1,(#2294,#2295),.UNSPECIFIED.,.F.,.F.,
(2,2),(0.,106.),.UNSPECIFIED.);
#1120=B_SPLINE_CURVE_WITH_KNOTS('',1,(#2296,#2297),.UNSPECIFIED.,.F.,.F.,
(2,2),(0.,106.),.UNSPECIFIED.);
#1121=B_SPLINE_CURVE_WITH_KNOTS('',1,(#2298,#2299),.UNSPECIFIED.,.F.,.F.,
(2,2),(0.,106.),.UNSPECIFIED.);
#1122=B_SPLINE_CURVE_WITH_KNOTS('',1,(#2300,#2301),.UNSPECIFIED.,.F.,.F.,
(2,2),(0.,106.),.UNSPECIFIED.);
#1123=B_SPLINE_CURVE_WITH_KNOTS('',1,(#2302,#2303),.UNSPECIFIED.,.F.,.F.,
(2,2),(0.,106.),.UNSPECIFIED.);
#1124=GEOMETRIC_CURVE_SET('curve_set_0',(#1126,#1127,#1128,#1129,#1130,
#1024,#1131,#1132,#1133));
#1125=GEOMETRICALLY_BOUNDED_WIREFRAME_SHAPE_REPRESENTATION(
'wireframe_rep_0',(#1124,#1358),#1234);
#1126=(
BOUNDED_CURVE()
B_SPLINE_CURVE(2,(#1546,#1547,#1548,#1549,#1550,#1551,#1552,#1553,#1554,
#1555,#1556,#1557,#1558,#1559,#1560,#1561,#1562),.UNSPECIFIED.,.T.,.F.)
B_SPLINE_CURVE_WITH_KNOTS((3,2,2,2,2,2,2,2,3),(842.18583470577,902.18583470577,
910.039816339745,970.039816339745,977.893797973719,1024.39379797372,1055.80972450962,
1102.30972450962,1110.16370614359),.UNSPECIFIED.)
CURVE()
GEOMETRIC_REPRESENTATION_ITEM()
RATIONAL_B_SPLINE_CURVE((1.,1.,1.,0.707106781186549,1.,1.,1.,0.707106781186548,
1.,1.,1.,0.707106781186547,1.,1.,1.,0.707106781186548,1.))
REPRESENTATION_ITEM('')
);
#1127=(
BOUNDED_CURVE()
B_SPLINE_CURVE(2,(#1563,#1564,#1565,#1566,#1567,#1568,#1569,#1570,#1571,
#1572,#1573),.UNSPECIFIED.,.T.,.F.)
B_SPLINE_CURVE_WITH_KNOTS((3,2,2,2,2,3),(239.,292.,365.,438.,491.,522.415926535898),
 .UNSPECIFIED.)
CURVE()
GEOMETRIC_REPRESENTATION_ITEM()
RATIONAL_B_SPLINE_CURVE((1.,1.,1.,1.,1.,1.,1.,1.,1.,0.707106781186547,1.))
REPRESENTATION_ITEM('')
);
#1128=(
BOUNDED_CURVE()
B_SPLINE_CURVE(2,(#1574,#1575,#1576,#1577,#1578,#1579,#1580,#1581,#1582),
 .UNSPECIFIED.,.T.,.F.)
B_SPLINE_CURVE_WITH_KNOTS((3,2,2,2,3),(239.,261.,264.,300.282856857087,
316.18044623833),.UNSPECIFIED.)
CURVE()
GEOMETRIC_REPRESENTATION_ITEM()
RATIONAL_B_SPLINE_CURVE((1.,1.,1.,1.,1.,1.,1.,0.921954445729282,1.))
REPRESENTATION_ITEM('')
);
#1129=(
BOUNDED_CURVE()
B_SPLINE_CURVE(2,(#1583,#1584,#1585,#1586,#1587,#1588,#1589,#1590,#1591,
#1592,#1593,#1594,#1595,#1596,#1597,#1598,#1599,#1600,#1601,#1602,#1603),
 .UNSPECIFIED.,.T.,.F.)
B_SPLINE_CURVE_WITH_KNOTS((3,2,2,2,2,2,2,2,2,2,3),(579.321703609706,639.321703609706,
647.175685243681,707.175685243681,715.029666877655,761.529666877655,779.387891221931,
810.899891501885,813.808982410976,838.808982410976,846.66296404495),
 .UNSPECIFIED.)
CURVE()
GEOMETRIC_REPRESENTATION_ITEM()
RATIONAL_B_SPLINE_CURVE((1.,1.,1.,0.707106781186538,1.,1.,1.,0.707106781186549,
1.,1.,1.,0.900287120763629,1.,1.,1.,1.,1.,1.,1.,0.707106781186548,1.))
REPRESENTATION_ITEM('')
);
#1130=(
BOUNDED_CURVE()
B_SPLINE_CURVE(2,(#1604,#1605,#1606,#1607,#1608,#1609,#1610,#1611,#1612,
#1613,#1614,#1615,#1616,#1617,#1618),.UNSPECIFIED.,.T.,.F.)
B_SPLINE_CURVE_WITH_KNOTS((3,2,2,2,2,2,2,3),(-36.,-4.,-3.5477612174862E-15,
33.,106.,179.,232.,250.403023690212),.UNSPECIFIED.)
CURVE()
GEOMETRIC_REPRESENTATION_ITEM()
RATIONAL_B_SPLINE_CURVE((1.,1.,1.,1.,1.,1.,1.,1.,1.,1.,1.,1.,1.,0.894427190999916,
1.))
REPRESENTATION_ITEM('')
);
#1131=(
BOUNDED_CURVE()
B_SPLINE_CURVE(2,(#1624,#1625,#1626,#1627,#1628,#1629,#1630,#1631,#1632,
#1633,#1634,#1635,#1636,#1637,#1638),.UNSPECIFIED.,.T.,.F.)
B_SPLINE_CURVE_WITH_KNOTS((3,2,2,2,2,2,2,3),(-36.,-4.,-3.5477612174862E-15,
33.,106.,179.,232.,250.403023690212),.UNSPECIFIED.)
CURVE()
GEOMETRIC_REPRESENTATION_ITEM()
RATIONAL_B_SPLINE_CURVE((1.,1.,1.,1.,1.,1.,1.,1.,1.,1.,1.,1.,1.,0.894427190999916,
1.))
REPRESENTATION_ITEM('')
);
#1132=(
BOUNDED_CURVE()
B_SPLINE_CURVE(2,(#1639,#1640,#1641,#1642,#1643,#1644,#1645,#1646,#1647,
#1648,#1649),.UNSPECIFIED.,.T.,.F.)
B_SPLINE_CURVE_WITH_KNOTS((3,2,2,2,2,3),(239.,292.,365.,438.,491.,522.415926535898),
 .UNSPECIFIED.)
CURVE()
GEOMETRIC_REPRESENTATION_ITEM()
RATIONAL_B_SPLINE_CURVE((1.,1.,1.,1.,1.,1.,1.,1.,1.,0.707106781186548,1.))
REPRESENTATION_ITEM('')
);
#1133=(
BOUNDED_CURVE()
B_SPLINE_CURVE(2,(#1650,#1651,#1652,#1653,#1654,#1655,#1656,#1657,#1658,
#1659,#1660),.UNSPECIFIED.,.T.,.F.)
B_SPLINE_CURVE_WITH_KNOTS((3,2,2,2,2,3),(239.,292.,365.,438.,491.,522.415926535898),
 .UNSPECIFIED.)
CURVE()
GEOMETRIC_REPRESENTATION_ITEM()
RATIONAL_B_SPLINE_CURVE((1.,1.,1.,1.,1.,1.,1.,1.,1.,0.707106781186548,1.))
REPRESENTATION_ITEM('')
);
#1134=(
BOUNDED_CURVE()
B_SPLINE_CURVE(1,(#1880,#1881),.UNSPECIFIED.,.F.,.F.)
B_SPLINE_CURVE_WITH_KNOTS((2,2),(0.,10.),.UNSPECIFIED.)
CURVE()
GEOMETRIC_REPRESENTATION_ITEM()
RATIONAL_B_SPLINE_CURVE((1.,1.))
REPRESENTATION_ITEM('')
);
#1135=(
BOUNDED_CURVE()
B_SPLINE_CURVE(1,(#1890,#1891),.UNSPECIFIED.,.F.,.F.)
B_SPLINE_CURVE_WITH_KNOTS((2,2),(0.,10.),.UNSPECIFIED.)
CURVE()
GEOMETRIC_REPRESENTATION_ITEM()
RATIONAL_B_SPLINE_CURVE((1.,1.))
REPRESENTATION_ITEM('')
);
#1136=(
BOUNDED_CURVE()
B_SPLINE_CURVE(1,(#1956,#1957),.UNSPECIFIED.,.F.,.F.)
B_SPLINE_CURVE_WITH_KNOTS((2,2),(2.,30.),.UNSPECIFIED.)
CURVE()
GEOMETRIC_REPRESENTATION_ITEM()
RATIONAL_B_SPLINE_CURVE((1.,1.))
REPRESENTATION_ITEM('')
);
#1137=(
BOUNDED_CURVE()
B_SPLINE_CURVE(1,(#1960,#1961),.UNSPECIFIED.,.F.,.F.)
B_SPLINE_CURVE_WITH_KNOTS((2,2),(2.,30.),.UNSPECIFIED.)
CURVE()
GEOMETRIC_REPRESENTATION_ITEM()
RATIONAL_B_SPLINE_CURVE((1.,1.))
REPRESENTATION_ITEM('')
);
#1138=(
BOUNDED_CURVE()
B_SPLINE_CURVE(1,(#1964,#1965),.UNSPECIFIED.,.F.,.F.)
B_SPLINE_CURVE_WITH_KNOTS((2,2),(2.,30.),.UNSPECIFIED.)
CURVE()
GEOMETRIC_REPRESENTATION_ITEM()
RATIONAL_B_SPLINE_CURVE((1.,1.))
REPRESENTATION_ITEM('')
);
#1139=(
BOUNDED_CURVE()
B_SPLINE_CURVE(1,(#1989,#1990),.UNSPECIFIED.,.F.,.F.)
B_SPLINE_CURVE_WITH_KNOTS((2,2),(2.,10.),.UNSPECIFIED.)
CURVE()
GEOMETRIC_REPRESENTATION_ITEM()
RATIONAL_B_SPLINE_CURVE((1.,1.))
REPRESENTATION_ITEM('')
);
#1140=(
BOUNDED_CURVE()
B_SPLINE_CURVE(1,(#2134,#2135),.UNSPECIFIED.,.F.,.F.)
B_SPLINE_CURVE_WITH_KNOTS((2,2),(2.,40.),.UNSPECIFIED.)
CURVE()
GEOMETRIC_REPRESENTATION_ITEM()
RATIONAL_B_SPLINE_CURVE((1.,1.))
REPRESENTATION_ITEM('')
);
#1141=(
BOUNDED_CURVE()
B_SPLINE_CURVE(1,(#2138,#2139),.UNSPECIFIED.,.F.,.F.)
B_SPLINE_CURVE_WITH_KNOTS((2,2),(2.,40.),.UNSPECIFIED.)
CURVE()
GEOMETRIC_REPRESENTATION_ITEM()
RATIONAL_B_SPLINE_CURVE((1.,1.))
REPRESENTATION_ITEM('')
);
#1142=(
BOUNDED_CURVE()
B_SPLINE_CURVE(1,(#2142,#2143),.UNSPECIFIED.,.F.,.F.)
B_SPLINE_CURVE_WITH_KNOTS((2,2),(2.,40.),.UNSPECIFIED.)
CURVE()
GEOMETRIC_REPRESENTATION_ITEM()
RATIONAL_B_SPLINE_CURVE((1.,1.))
REPRESENTATION_ITEM('')
);
#1143=(
BOUNDED_CURVE()
B_SPLINE_CURVE(1,(#2202,#2203),.UNSPECIFIED.,.F.,.F.)
B_SPLINE_CURVE_WITH_KNOTS((2,2),(2.,40.),.UNSPECIFIED.)
CURVE()
GEOMETRIC_REPRESENTATION_ITEM()
RATIONAL_B_SPLINE_CURVE((1.,1.))
REPRESENTATION_ITEM('')
);
#1144=(
BOUNDED_CURVE()
B_SPLINE_CURVE(1,(#2206,#2207),.UNSPECIFIED.,.F.,.F.)
B_SPLINE_CURVE_WITH_KNOTS((2,2),(2.,40.),.UNSPECIFIED.)
CURVE()
GEOMETRIC_REPRESENTATION_ITEM()
RATIONAL_B_SPLINE_CURVE((1.,1.))
REPRESENTATION_ITEM('')
);
#1145=(
BOUNDED_CURVE()
B_SPLINE_CURVE(1,(#2210,#2211),.UNSPECIFIED.,.F.,.F.)
B_SPLINE_CURVE_WITH_KNOTS((2,2),(2.,40.),.UNSPECIFIED.)
CURVE()
GEOMETRIC_REPRESENTATION_ITEM()
RATIONAL_B_SPLINE_CURVE((1.,1.))
REPRESENTATION_ITEM('')
);
#1146=(
BOUNDED_CURVE()
B_SPLINE_CURVE(1,(#2270,#2271),.UNSPECIFIED.,.F.,.F.)
B_SPLINE_CURVE_WITH_KNOTS((2,2),(2.,40.),.UNSPECIFIED.)
CURVE()
GEOMETRIC_REPRESENTATION_ITEM()
RATIONAL_B_SPLINE_CURVE((1.,1.))
REPRESENTATION_ITEM('')
);
#1147=(
BOUNDED_CURVE()
B_SPLINE_CURVE(1,(#2274,#2275),.UNSPECIFIED.,.F.,.F.)
B_SPLINE_CURVE_WITH_KNOTS((2,2),(2.,40.),.UNSPECIFIED.)
CURVE()
GEOMETRIC_REPRESENTATION_ITEM()
RATIONAL_B_SPLINE_CURVE((1.,1.))
REPRESENTATION_ITEM('')
);
#1148=(
BOUNDED_CURVE()
B_SPLINE_CURVE(1,(#2278,#2279),.UNSPECIFIED.,.F.,.F.)
B_SPLINE_CURVE_WITH_KNOTS((2,2),(2.,40.),.UNSPECIFIED.)
CURVE()
GEOMETRIC_REPRESENTATION_ITEM()
RATIONAL_B_SPLINE_CURVE((1.,1.))
REPRESENTATION_ITEM('')
);
#1149=SHAPE_DEFINITION_REPRESENTATION(#1150,#1235);
#1150=PRODUCT_DEFINITION_SHAPE($,$,#1152);
#1151=PRODUCT_DEFINITION_CONTEXT('3D Mechanical Parts',#1224,'design');
#1152=PRODUCT_DEFINITION('A','First version',#1194,#1151);
#1153=DATE_TIME_ROLE('classification_date');
#1154=DATE_TIME_ROLE('creation_date');
#1155=APPLIED_DATE_AND_TIME_ASSIGNMENT(#1179,#1153,(#1158));
#1156=APPLIED_DATE_AND_TIME_ASSIGNMENT(#1181,#1154,(#1152));
#1157=SECURITY_CLASSIFICATION_LEVEL('unclassified');
#1158=SECURITY_CLASSIFICATION('A','Security for version',#1157);
#1159=APPLIED_SECURITY_CLASSIFICATION_ASSIGNMENT(#1158,(#1194));
#1160=APPROVAL_ROLE('Version approval');
#1161=APPROVAL_ROLE('Version Security approval');
#1162=APPROVAL_ROLE('Definition approval');
#1163=APPROVAL_PERSON_ORGANIZATION(#1212,#1188,#1160);
#1164=APPROVAL_PERSON_ORGANIZATION(#1213,#1189,#1161);
#1165=APPROVAL_PERSON_ORGANIZATION(#1216,#1190,#1162);
#1166=COORDINATED_UNIVERSAL_TIME_OFFSET(5,0,.BEHIND.);
#1167=LOCAL_TIME(0,0,0.,#1166);
#1168=LOCAL_TIME(0,0,0.,#1166);
#1169=LOCAL_TIME(0,0,0.,#1166);
#1170=LOCAL_TIME(0,0,0.,#1166);
#1171=LOCAL_TIME(0,0,0.,#1166);
#1172=CALENDAR_DATE(1999,1,1);
#1173=CALENDAR_DATE(1999,1,1);
#1174=CALENDAR_DATE(1999,1,1);
#1175=CALENDAR_DATE(1999,1,1);
#1176=CALENDAR_DATE(1999,1,1);
#1177=DATE_AND_TIME(#1172,#1167);
#1178=DATE_AND_TIME(#1173,#1168);
#1179=DATE_AND_TIME(#1174,#1169);
#1180=DATE_AND_TIME(#1175,#1170);
#1181=DATE_AND_TIME(#1176,#1171);
#1182=APPROVAL_DATE_TIME(#1177,#1188);
#1183=APPROVAL_DATE_TIME(#1178,#1189);
#1184=APPROVAL_DATE_TIME(#1180,#1190);
#1185=APPROVAL_STATUS('not_yet_approved');
#1186=APPROVAL_STATUS('not_yet_approved');
#1187=APPROVAL_STATUS('approved');
#1188=APPROVAL(#1185,'Version approval');
#1189=APPROVAL(#1186,'Version Security approval');
#1190=APPROVAL(#1187,'Definition approval');
#1191=APPLIED_APPROVAL_ASSIGNMENT(#1188,(#1194));
#1192=APPLIED_APPROVAL_ASSIGNMENT(#1189,(#1158));
#1193=APPLIED_APPROVAL_ASSIGNMENT(#1190,(#1152));
#1194=PRODUCT_DEFINITION_FORMATION_WITH_SPECIFIED_SOURCE('A',
'First version',#1226,.MADE.);
#1195=PERSON_AND_ORGANIZATION_ROLE('design_owner');
#1196=PERSON_AND_ORGANIZATION_ROLE('creator');
#1197=PERSON_AND_ORGANIZATION_ROLE('design_supplier');
#1198=PERSON_AND_ORGANIZATION_ROLE('classification_officer');
#1199=PERSON_AND_ORGANIZATION_ROLE('creator');
#1200=ORGANIZATION('STI','lab','lab');
#1201=ORGANIZATION('STI','unknown','unknown');
#1202=ORGANIZATION('STI','unknown','unknown');
#1203=ORGANIZATION('STI','unknown','unknown');
#1204=ORGANIZATION('STI','unknown','unknown');
#1205=ORGANIZATION('STI','unknown','unknown');
#1206=ORGANIZATION('STI','unknown','unknown');
#1207=PERSON('1','Box','vc60',$,$,$);
#1208=PERSON('2','last','first',$,$,$);
#1209=PERSON('3','President','Mr.',$,$,$);
#1210=PERSON_AND_ORGANIZATION(#1207,#1200);
#1211=PERSON_AND_ORGANIZATION(#1208,#1201);
#1212=PERSON_AND_ORGANIZATION(#1209,#1202);
#1213=PERSON_AND_ORGANIZATION(#1209,#1203);
#1214=PERSON_AND_ORGANIZATION(#1209,#1204);
#1215=PERSON_AND_ORGANIZATION(#1208,#1205);
#1216=PERSON_AND_ORGANIZATION(#1209,#1206);
#1217=APPLIED_PERSON_AND_ORGANIZATION_ASSIGNMENT(#1210,#1195,(#1226));
#1218=APPLIED_PERSON_AND_ORGANIZATION_ASSIGNMENT(#1211,#1196,(#1194));
#1219=APPLIED_PERSON_AND_ORGANIZATION_ASSIGNMENT(#1211,#1197,(#1194));
#1220=APPLIED_PERSON_AND_ORGANIZATION_ASSIGNMENT(#1214,#1198,(#1158));
#1221=APPLIED_PERSON_AND_ORGANIZATION_ASSIGNMENT(#1215,#1199,(#1152));
#1222=PRODUCT_RELATED_PRODUCT_CATEGORY('detail','detail',(#1226));
#1223=APPLICATION_PROTOCOL_DEFINITION('International Standard',
'config_control_design',1994,#1224);
#1224=APPLICATION_CONTEXT(
'configuration controlled 3d designs of mechanical parts and assemblie
s');
#1225=PRODUCT_CONTEXT('3D Mechanical Parts',#1224,'mechanical');
#1226=PRODUCT('Document','Document','',(#1225));
#1227=(
LENGTH_UNIT()
NAMED_UNIT(*)
SI_UNIT(.MILLI.,.METRE.)
);
#1228=(
NAMED_UNIT(*)
PLANE_ANGLE_UNIT()
SI_UNIT($,.RADIAN.)
);
#1229=DIMENSIONAL_EXPONENTS(0.,0.,0.,0.,0.,0.,0.);
#1230=PLANE_ANGLE_MEASURE_WITH_UNIT(PLANE_ANGLE_MEASURE(0.01745329252),
#1228);
#1231=(
CONVERSION_BASED_UNIT('DEGREES',#1230)
NAMED_UNIT(#1229)
PLANE_ANGLE_UNIT()
);
#1232=(
NAMED_UNIT(*)
SI_UNIT($,.STERADIAN.)
SOLID_ANGLE_UNIT()
);
#1233=UNCERTAINTY_MEASURE_WITH_UNIT(LENGTH_MEASURE(0.001),#1227,
'DISTANCE_ACCURACY_VALUE',
'Maximum model space distance between geometric entities at asserted c
onnectivities');
#1234=(
GEOMETRIC_REPRESENTATION_CONTEXT(3)
GLOBAL_UNCERTAINTY_ASSIGNED_CONTEXT((#1233))
GLOBAL_UNIT_ASSIGNED_CONTEXT((#1232,#1231,#1227))
REPRESENTATION_CONTEXT('ID1','3D')
);
#1235=SHAPE_REPRESENTATION('Document',(#1236,#1358,#1359),#1234);
#1236=AXIS2_PLACEMENT_3D($,#1545,#1360,#1361);
#1237=AXIS2_PLACEMENT_3D('',#1661,#1362,$);
#1238=AXIS2_PLACEMENT_3D('',#1662,#1363,$);
#1239=AXIS2_PLACEMENT_3D('',#1663,#1364,$);
#1240=AXIS2_PLACEMENT_3D('',#1664,#1365,$);
#1241=AXIS2_PLACEMENT_3D('',#1665,#1366,$);
#1242=AXIS2_PLACEMENT_3D('',#1666,#1367,$);
#1243=AXIS2_PLACEMENT_3D('',#1667,#1368,$);
#1244=AXIS2_PLACEMENT_3D('',#1668,#1369,$);
#1245=AXIS2_PLACEMENT_3D('',#1669,#1370,$);
#1246=AXIS2_PLACEMENT_3D('',#1670,#1371,$);
#1247=AXIS2_PLACEMENT_3D('',#1671,#1372,$);
#1248=AXIS2_PLACEMENT_3D('',#1672,#1373,$);
#1249=AXIS2_PLACEMENT_3D('',#1673,#1374,$);
#1250=AXIS2_PLACEMENT_3D('',#1674,#1375,$);
#1251=AXIS2_PLACEMENT_3D('',#1675,#1376,$);
#1252=AXIS2_PLACEMENT_3D('',#1676,#1377,$);
#1253=AXIS2_PLACEMENT_3D('',#1677,#1378,$);
#1254=AXIS2_PLACEMENT_3D('',#1678,#1379,$);
#1255=AXIS2_PLACEMENT_3D('',#1679,#1380,$);
#1256=AXIS2_PLACEMENT_3D('',#1680,#1381,$);
#1257=AXIS2_PLACEMENT_3D('',#1681,#1382,$);
#1258=AXIS2_PLACEMENT_3D('',#1682,#1383,$);
#1259=AXIS2_PLACEMENT_3D('',#1683,#1384,$);
#1260=AXIS2_PLACEMENT_3D('',#1684,#1385,$);
#1261=AXIS2_PLACEMENT_3D('',#1700,#1386,$);
#1262=AXIS2_PLACEMENT_3D('',#1701,#1387,$);
#1263=AXIS2_PLACEMENT_3D('',#1702,#1388,$);
#1264=AXIS2_PLACEMENT_3D('',#1718,#1389,$);
#1265=AXIS2_PLACEMENT_3D('',#1719,#1390,$);
#1266=AXIS2_PLACEMENT_3D('',#1720,#1391,$);
#1267=AXIS2_PLACEMENT_3D('',#1721,#1392,$);
#1268=AXIS2_PLACEMENT_3D('',#1722,#1393,$);
#1269=AXIS2_PLACEMENT_3D('',#1723,#1394,$);
#1270=AXIS2_PLACEMENT_3D('',#1724,#1395,$);
#1271=AXIS2_PLACEMENT_3D('',#1725,#1396,$);
#1272=AXIS2_PLACEMENT_3D('',#1726,#1397,$);
#1273=AXIS2_PLACEMENT_3D('',#1727,#1398,$);
#1274=AXIS2_PLACEMENT_3D('',#1728,#1399,$);
#1275=AXIS2_PLACEMENT_3D('',#1729,#1400,$);
#1276=AXIS2_PLACEMENT_3D('',#1730,#1401,$);
#1277=AXIS2_PLACEMENT_3D('',#1731,#1402,$);
#1278=AXIS2_PLACEMENT_3D('',#1732,#1403,$);
#1279=AXIS2_PLACEMENT_3D('',#1733,#1404,$);
#1280=AXIS2_PLACEMENT_3D('',#1734,#1405,$);
#1281=AXIS2_PLACEMENT_3D('',#1735,#1406,$);
#1282=AXIS2_PLACEMENT_3D('',#1736,#1407,$);
#1283=AXIS2_PLACEMENT_3D('',#1737,#1408,$);
#1284=AXIS2_PLACEMENT_3D('',#1738,#1409,$);
#1285=AXIS2_PLACEMENT_3D('',#1739,#1410,$);
#1286=AXIS2_PLACEMENT_3D('',#1740,#1411,$);
#1287=AXIS2_PLACEMENT_3D('',#1741,#1412,$);
#1288=AXIS2_PLACEMENT_3D('',#1742,#1413,$);
#1289=AXIS2_PLACEMENT_3D('',#1743,#1414,$);
#1290=AXIS2_PLACEMENT_3D('',#1744,#1415,$);
#1291=AXIS2_PLACEMENT_3D('',#1745,#1416,$);
#1292=AXIS2_PLACEMENT_3D('',#1746,#1417,$);
#1293=AXIS2_PLACEMENT_3D('',#1747,#1418,$);
#1294=AXIS2_PLACEMENT_3D('',#1748,#1419,$);
#1295=AXIS2_PLACEMENT_3D('',#1749,#1420,$);
#1296=AXIS2_PLACEMENT_3D('',#1750,#1421,$);
#1297=AXIS2_PLACEMENT_3D('',#1751,#1422,$);
#1298=AXIS2_PLACEMENT_3D('',#1752,#1423,$);
#1299=AXIS2_PLACEMENT_3D('',#1753,#1424,$);
#1300=AXIS2_PLACEMENT_3D($,#1870,#1425,#1426);
#1301=AXIS2_PLACEMENT_3D($,#1877,#1427,#1428);
#1302=AXIS2_PLACEMENT_3D($,#1882,#1429,#1430);
#1303=AXIS2_PLACEMENT_3D($,#1887,#1431,#1432);
#1304=AXIS2_PLACEMENT_3D($,#1892,#1433,#1434);
#1305=AXIS2_PLACEMENT_3D($,#1897,#1435,#1436);
#1306=AXIS2_PLACEMENT_3D($,#1900,#1437,#1438);
#1307=AXIS2_PLACEMENT_3D($,#1905,#1439,#1440);
#1308=AXIS2_PLACEMENT_3D($,#1908,#1441,#1442);
#1309=AXIS2_PLACEMENT_3D($,#1925,#1443,#1444);
#1310=AXIS2_PLACEMENT_3D($,#1930,#1445,#1446);
#1311=AXIS2_PLACEMENT_3D($,#1935,#1447,#1448);
#1312=AXIS2_PLACEMENT_3D($,#1940,#1449,#1450);
#1313=AXIS2_PLACEMENT_3D($,#1949,#1451,#1452);
#1314=AXIS2_PLACEMENT_3D($,#1981,#1453,#1454);
#1315=AXIS2_PLACEMENT_3D($,#1986,#1455,#1456);
#1316=AXIS2_PLACEMENT_3D($,#1996,#1457,#1458);
#1317=AXIS2_PLACEMENT_3D($,#2033,#1459,#1460);
#1318=AXIS2_PLACEMENT_3D($,#2036,#1461,#1462);
#1319=AXIS2_PLACEMENT_3D($,#2039,#1463,#1464);
#1320=AXIS2_PLACEMENT_3D($,#2052,#1465,#1466);
#1321=AXIS2_PLACEMENT_3D($,#2055,#1467,#1468);
#1322=AXIS2_PLACEMENT_3D($,#2058,#1469,#1470);
#1323=AXIS2_PLACEMENT_3D($,#2069,#1471,#1472);
#1324=AXIS2_PLACEMENT_3D($,#2072,#1473,#1474);
#1325=AXIS2_PLACEMENT_3D($,#2075,#1475,#1476);
#1326=AXIS2_PLACEMENT_3D($,#2078,#1477,#1478);
#1327=AXIS2_PLACEMENT_3D($,#2081,#1479,#1480);
#1328=AXIS2_PLACEMENT_3D($,#2084,#1481,#1482);
#1329=AXIS2_PLACEMENT_3D($,#2087,#1483,#1484);
#1330=AXIS2_PLACEMENT_3D($,#2090,#1485,#1486);
#1331=AXIS2_PLACEMENT_3D($,#2093,#1487,#1488);
#1332=AXIS2_PLACEMENT_3D($,#2096,#1489,#1490);
#1333=AXIS2_PLACEMENT_3D($,#2099,#1491,#1492);
#1334=AXIS2_PLACEMENT_3D($,#2112,#1493,#1494);
#1335=AXIS2_PLACEMENT_3D($,#2117,#1495,#1496);
#1336=AXIS2_PLACEMENT_3D($,#2122,#1497,#1498);
#1337=AXIS2_PLACEMENT_3D($,#2127,#1499,#1500);
#1338=AXIS2_PLACEMENT_3D($,#2152,#1501,#1502);
#1339=AXIS2_PLACEMENT_3D($,#2155,#1503,#1504);
#1340=AXIS2_PLACEMENT_3D($,#2158,#1505,#1506);
#1341=AXIS2_PLACEMENT_3D($,#2161,#1507,#1508);
#1342=AXIS2_PLACEMENT_3D($,#2164,#1509,#1510);
#1343=AXIS2_PLACEMENT_3D($,#2167,#1511,#1512);
#1344=AXIS2_PLACEMENT_3D($,#2180,#1513,#1514);
#1345=AXIS2_PLACEMENT_3D($,#2185,#1515,#1516);
#1346=AXIS2_PLACEMENT_3D($,#2190,#1517,#1518);
#1347=AXIS2_PLACEMENT_3D($,#2195,#1519,#1520);
#1348=AXIS2_PLACEMENT_3D($,#2220,#1521,#1522);
#1349=AXIS2_PLACEMENT_3D($,#2223,#1523,#1524);
#1350=AXIS2_PLACEMENT_3D($,#2226,#1525,#1526);
#1351=AXIS2_PLACEMENT_3D($,#2229,#1527,#1528);
#1352=AXIS2_PLACEMENT_3D($,#2232,#1529,#1530);
#1353=AXIS2_PLACEMENT_3D($,#2235,#1531,#1532);
#1354=AXIS2_PLACEMENT_3D($,#2248,#1533,#1534);
#1355=AXIS2_PLACEMENT_3D($,#2253,#1535,#1536);
#1356=AXIS2_PLACEMENT_3D($,#2258,#1537,#1538);
#1357=AXIS2_PLACEMENT_3D($,#2263,#1539,#1540);
#1358=AXIS2_PLACEMENT_3D($,#2304,#1541,#1542);
#1359=AXIS2_PLACEMENT_3D($,#2305,#1543,#1544);
#1360=DIRECTION('',(0.,0.,1.));
#1361=DIRECTION('',(1.,0.,0.));
#1362=DIRECTION('',(0.,0.,1.));
#1363=DIRECTION('',(0.,0.,1.));
#1364=DIRECTION('',(-3.43080381863544E-15,-3.43080381863544E-15,1.));
#1365=DIRECTION('',(-9.27244275306874E-16,9.27244275306875E-16,1.));
#1366=DIRECTION('',(0.,0.,1.));
#1367=DIRECTION('',(0.,0.,1.));
#1368=DIRECTION('',(0.,0.,1.));
#1369=DIRECTION('',(0.,0.,1.));
#1370=DIRECTION('',(-1.,0.,0.));
#1371=DIRECTION('',(0.,1.,0.));
#1372=DIRECTION('',(0.,0.,1.));
#1373=DIRECTION('',(0.,0.,1.));
#1374=DIRECTION('',(0.,0.,1.));
#1375=DIRECTION('',(0.,0.,1.));
#1376=DIRECTION('',(0.,1.,0.));
#1377=DIRECTION('',(-1.,0.,0.));
#1378=DIRECTION('',(0.,-1.,0.));
#1379=DIRECTION('',(1.,0.,0.));
#1380=DIRECTION('',(0.,-1.,0.));
#1381=DIRECTION('',(1.,0.,0.));
#1382=DIRECTION('',(0.,0.,-1.));
#1383=DIRECTION('',(1.11501124105657E-12,-1.11501124105657E-12,-1.));
#1384=DIRECTION('',(2.62334582265441E-13,-1.,2.69440009623045E-13));
#1385=DIRECTION('',(-1.,-1.00485917355758E-14,2.42594464507789E-14));
#1386=DIRECTION('',(-1.0292411455906E-13,1.,-1.02924114559057E-13));
#1387=DIRECTION('',(1.,9.3464155699081E-13,-8.4937642869962E-13));
#1388=DIRECTION('',(-2.05848229118121E-13,2.05848229118123E-13,-1.));
#1389=DIRECTION('',(0.,0.,-1.));
#1390=DIRECTION('',(0.,-1.,0.));
#1391=DIRECTION('',(0.,0.,-1.));
#1392=DIRECTION('',(-1.,0.,0.));
#1393=DIRECTION('',(-3.43080381863546E-15,3.43080381863546E-15,-1.));
#1394=DIRECTION('',(0.,1.,0.));
#1395=DIRECTION('',(3.43080381863543E-15,3.43080381863543E-15,-1.));
#1396=DIRECTION('',(1.,0.,0.));
#1397=DIRECTION('',(0.,0.,-1.));
#1398=DIRECTION('',(0.,0.,1.));
#1399=DIRECTION('',(0.,0.,1.));
#1400=DIRECTION('',(0.,1.,0.));
#1401=DIRECTION('',(0.,0.,1.));
#1402=DIRECTION('',(-1.,0.,0.));
#1403=DIRECTION('',(3.43080381863546E-15,3.43080381863546E-15,1.));
#1404=DIRECTION('',(0.,-1.,0.));
#1405=DIRECTION('',(-3.43080381863544E-15,3.43080381863544E-15,1.));
#1406=DIRECTION('',(1.,0.,0.));
#1407=DIRECTION('',(0.,0.,1.));
#1408=DIRECTION('',(0.,0.,1.));
#1409=DIRECTION('',(0.,0.,-1.));
#1410=DIRECTION('',(0.,1.,0.));
#1411=DIRECTION('',(0.,0.,-1.));
#1412=DIRECTION('',(1.,0.,0.));
#1413=DIRECTION('',(3.43080381863548E-15,-3.43080381863548E-15,-1.));
#1414=DIRECTION('',(0.,-1.,0.));
#1415=DIRECTION('',(-3.43080381863542E-15,-3.43080381863542E-15,-1.));
#1416=DIRECTION('',(-1.,0.,0.));
#1417=DIRECTION('',(0.,0.,-1.));
#1418=DIRECTION('',(0.,0.,1.));
#1419=DIRECTION('',(0.,1.,0.));
#1420=DIRECTION('',(-1.,0.,0.));
#1421=DIRECTION('',(0.,0.,-1.));
#1422=DIRECTION('',(0.,0.,1.));
#1423=DIRECTION('',(1.,0.,0.));
#1424=DIRECTION('',(0.,-1.,0.));
#1425=DIRECTION('',(0.,0.,1.));
#1426=DIRECTION('',(0.,1.,0.));
#1427=DIRECTION('',(0.,0.,1.));
#1428=DIRECTION('',(3.55271367880049E-15,-1.,0.));
#1429=DIRECTION('',(0.,0.,1.));
#1430=DIRECTION('',(3.55271367880049E-15,-1.,0.));
#1431=DIRECTION('',(-6.86160763727088E-15,-6.86160763727088E-15,1.));
#1432=DIRECTION('',(1.,0.,7.105427357601E-15));
#1433=DIRECTION('',(-6.86160763727088E-15,-6.86160763727088E-15,1.));
#1434=DIRECTION('',(1.,0.,7.105427357601E-15));
#1435=DIRECTION('',(7.94354338445279E-16,3.84077154464921E-16,1.));
#1436=DIRECTION('',(1.30586232518076E-14,1.,-3.84077154464928E-16));
#1437=DIRECTION('',(-9.27244275306874E-16,9.27244275306875E-16,1.));
#1438=DIRECTION('',(0.,1.,-7.68154308929838E-16));
#1439=DIRECTION('',(0.,0.,1.));
#1440=DIRECTION('',(-1.,1.4210854715202E-15,0.));
#1441=DIRECTION('',(0.,0.,1.));
#1442=DIRECTION('',(-1.,1.4210854715202E-15,0.));
#1443=DIRECTION('',(0.,0.,1.));
#1444=DIRECTION('',(7.10542735760101E-16,1.,0.));
#1445=DIRECTION('',(0.,0.,-1.));
#1446=DIRECTION('',(1.,6.75015598972093E-15,0.));
#1447=DIRECTION('',(0.,0.,-1.));
#1448=DIRECTION('',(2.13162820728027E-14,1.,0.));
#1449=DIRECTION('',(0.,0.,-1.));
#1450=DIRECTION('',(-0.783783783783794,0.62103379962572,0.));
#1451=DIRECTION('',(0.,0.,-1.));
#1452=DIRECTION('',(-2.8421709430404E-15,-1.,0.));
#1453=DIRECTION('',(1.81715340469498E-14,-3.99066564862567E-15,1.));
#1454=DIRECTION('',(-0.837837837837839,0.545919185857408,1.72834719509214E-14));
#1455=DIRECTION('',(4.64640285496303E-15,-6.48633807412061E-16,1.));
#1456=DIRECTION('',(-0.85,0.526782687642637,4.26325641456063E-15));
#1457=DIRECTION('',(-1.13939321308931E-15,1.39060800647848E-15,1.));
#1458=DIRECTION('',(1.46371803566624E-13,1.,-1.77635683940078E-15));
#1459=DIRECTION('',(-4.51954642660694E-15,-6.61818084860362E-15,1.));
#1460=DIRECTION('',(-0.800000000000051,0.599999999999933,0.));
#1461=DIRECTION('',(9.06650864004477E-13,-9.03098150325664E-13,-1.));
#1462=DIRECTION('',(1.,2.84217094304048E-14,9.05941988094153E-13));
#1463=DIRECTION('',(2.10872524985906E-13,-1.,2.17977952343504E-13));
#1464=DIRECTION('',(1.,2.06057393370438E-13,-4.26325641456078E-14));
#1465=DIRECTION('',(1.,1.00485917355762E-14,-2.42594464507784E-14));
#1466=DIRECTION('',(1.42108547152018E-14,7.1054273576009E-15,1.));
#1467=DIRECTION('',(1.,1.00485917355757E-14,-2.42594464507782E-14));
#1468=DIRECTION('',(1.42108547152022E-14,2.13162820728033E-14,1.));
#1469=DIRECTION('',(-7.10542735760158E-15,-7.10542735760048E-15,1.));
#1470=DIRECTION('',(4.26325641456045E-14,-1.,-7.10542735760075E-15));
#1471=DIRECTION('',(1.,9.16268439295989E-13,-9.02057584580787E-13));
#1472=DIRECTION('',(9.09494701772922E-13,-7.10542735760095E-15,1.));
#1473=DIRECTION('',(1.,8.96171255824806E-13,-8.53538691679218E-13));
#1474=DIRECTION('',(8.52651282912144E-13,3.90798504668066E-14,1.));
#1475=DIRECTION('',(1.83669914157166E-13,-1.76564486799565E-13,1.));
#1476=DIRECTION('',(0.,-1.,-1.84741111297623E-13));
#1477=DIRECTION('',(-1.51874023904703E-13,1.48321310225905E-13,-1.));
#1478=DIRECTION('',(1.,-3.55271367880035E-14,-1.52766688188415E-13));
#1479=DIRECTION('',(8.57700954658839E-15,-1.,8.57700954658845E-15));
#1480=DIRECTION('',(1.,1.06581410364014E-14,0.));
#1481=DIRECTION('',(0.,0.,-1.));
#1482=DIRECTION('',(5.32907051820075E-16,1.,0.));
#1483=DIRECTION('',(0.,0.,-1.));
#1484=DIRECTION('',(5.32907051820075E-16,1.,0.));
#1485=DIRECTION('',(-8.57700954658859E-16,-8.57700954658859E-16,-1.));
#1486=DIRECTION('',(5.32907051820075E-16,1.,-7.10542735760099E-16));
#1487=DIRECTION('',(-3.43080381863546E-15,3.43080381863546E-15,-1.));
#1488=DIRECTION('',(1.,-4.61852778244063E-15,-2.84217094304039E-15));
#1489=DIRECTION('',(3.43080381863543E-15,3.43080381863543E-15,-1.));
#1490=DIRECTION('',(7.105427357601E-16,-1.,-2.8421709430404E-15));
#1491=DIRECTION('',(0.,0.,-1.));
#1492=DIRECTION('',(-1.,-2.8421709430404E-15,0.));
#1493=DIRECTION('',(0.,0.,-1.));
#1494=DIRECTION('',(-5.32907051820076E-16,1.,0.));
#1495=DIRECTION('',(0.,0.,-1.));
#1496=DIRECTION('',(1.,-2.30926389122032E-15,0.));
#1497=DIRECTION('',(1.71540190931772E-15,1.71540190931772E-15,-1.));
#1498=DIRECTION('',(7.105427357601E-16,-1.,-1.4210854715202E-15));
#1499=DIRECTION('',(-1.71540190931772E-15,1.71540190931771E-15,-1.));
#1500=DIRECTION('',(-1.,-5.68434188608083E-15,2.13162820728031E-15));
#1501=DIRECTION('',(0.,0.,1.));
#1502=DIRECTION('',(5.32907051820075E-16,-1.,0.));
#1503=DIRECTION('',(0.,0.,1.));
#1504=DIRECTION('',(5.32907051820075E-16,-1.,0.));
#1505=DIRECTION('',(8.57700954658858E-16,-8.57700954658858E-16,1.));
#1506=DIRECTION('',(0.,-1.,-7.105427357601E-16));
#1507=DIRECTION('',(3.43080381863546E-15,3.43080381863546E-15,1.));
#1508=DIRECTION('',(1.,4.44089209850061E-15,-2.84217094304039E-15));
#1509=DIRECTION('',(-3.43080381863544E-15,3.43080381863544E-15,1.));
#1510=DIRECTION('',(-2.1316282072803E-15,1.,-2.84217094304039E-15));
#1511=DIRECTION('',(0.,0.,1.));
#1512=DIRECTION('',(-1.,2.84217094304041E-15,0.));
#1513=DIRECTION('',(0.,0.,1.));
#1514=DIRECTION('',(-2.13162820728031E-15,-1.,0.));
#1515=DIRECTION('',(0.,0.,1.));
#1516=DIRECTION('',(1.,4.08562073062056E-15,0.));
#1517=DIRECTION('',(-1.71540190931772E-15,1.71540190931772E-15,1.));
#1518=DIRECTION('',(-2.1316282072803E-15,1.,-1.4210854715202E-15));
#1519=DIRECTION('',(1.71540190931771E-15,1.71540190931771E-15,1.));
#1520=DIRECTION('',(-1.,5.68434188608083E-15,2.13162820728031E-15));
#1521=DIRECTION('',(0.,0.,-1.));
#1522=DIRECTION('',(-7.105427357601E-16,-1.,0.));
#1523=DIRECTION('',(0.,0.,-1.));
#1524=DIRECTION('',(-7.105427357601E-16,-1.,0.));
#1525=DIRECTION('',(8.5770095465886E-16,8.5770095465886E-16,-1.));
#1526=DIRECTION('',(-1.4210854715202E-15,-1.,-7.10542735760099E-16));
#1527=DIRECTION('',(3.43080381863548E-15,-3.43080381863548E-15,-1.));
#1528=DIRECTION('',(-1.,1.13686837721615E-14,-4.26325641456055E-15));
#1529=DIRECTION('',(-3.43080381863542E-15,-3.43080381863542E-15,-1.));
#1530=DIRECTION('',(-2.1316282072803E-15,1.,-2.84217094304041E-15));
#1531=DIRECTION('',(0.,0.,-1.));
#1532=DIRECTION('',(1.,2.84217094304041E-15,0.));
#1533=DIRECTION('',(0.,0.,-1.));
#1534=DIRECTION('',(1.4210854715202E-15,-1.,0.));
#1535=DIRECTION('',(0.,0.,-1.));
#1536=DIRECTION('',(-1.,8.34887714518108E-15,0.));
#1537=DIRECTION('',(-1.71540190931771E-15,-1.71540190931771E-15,-1.));
#1538=DIRECTION('',(-2.1316282072803E-15,1.,-1.4210854715202E-15));
#1539=DIRECTION('',(1.71540190931772E-15,-1.71540190931771E-15,-1.));
#1540=DIRECTION('',(1.,5.68434188608083E-15,1.42108547152021E-15));
#1541=DIRECTION('',(0.,0.,1.));
#1542=DIRECTION('',(1.,0.,0.));
#1543=DIRECTION('',(0.,0.,1.));
#1544=DIRECTION('',(1.,0.,0.));
#1545=CARTESIAN_POINT('',(0.,0.,0.));
#1546=CARTESIAN_POINT('',(294.5,-104.5,0.));
#1547=CARTESIAN_POINT('',(324.5,-104.5,0.));
#1548=CARTESIAN_POINT('',(354.5,-104.5,0.));
#1549=CARTESIAN_POINT('',(359.5,-104.5,0.));
#1550=CARTESIAN_POINT('',(359.5,-99.5,0.));
#1551=CARTESIAN_POINT('',(359.5,-69.5,0.));
#1552=CARTESIAN_POINT('',(359.5,-39.5,0.));
#1553=CARTESIAN_POINT('',(359.5,-34.5,0.));
#1554=CARTESIAN_POINT('',(354.5,-34.5,0.));
#1555=CARTESIAN_POINT('',(331.25,-34.5,0.));
#1556=CARTESIAN_POINT('',(308.,-34.5,0.));
#1557=CARTESIAN_POINT('',(289.5,-34.5,0.));
#1558=CARTESIAN_POINT('',(289.5,-53.,0.));
#1559=CARTESIAN_POINT('',(289.5,-76.25,0.));
#1560=CARTESIAN_POINT('',(289.5,-99.5,0.));
#1561=CARTESIAN_POINT('',(289.5,-104.5,0.));
#1562=CARTESIAN_POINT('',(294.5,-104.5,0.));
#1563=CARTESIAN_POINT('',(287.5,-52.5,0.));
#1564=CARTESIAN_POINT('',(287.5,-79.,0.));
#1565=CARTESIAN_POINT('',(287.5,-105.5,0.));
#1566=CARTESIAN_POINT('',(324.,-105.5,0.));
#1567=CARTESIAN_POINT('',(360.5,-105.5,0.));
#1568=CARTESIAN_POINT('',(360.5,-69.,0.));
#1569=CARTESIAN_POINT('',(360.5,-32.5,0.));
#1570=CARTESIAN_POINT('',(334.,-32.5,0.));
#1571=CARTESIAN_POINT('',(307.5,-32.5,0.));
#1572=CARTESIAN_POINT('',(287.5,-32.5,0.));
#1573=CARTESIAN_POINT('',(287.5,-52.5,0.));
#1574=CARTESIAN_POINT('',(366.,149.,0.));
#1575=CARTESIAN_POINT('',(366.,138.,0.));
#1576=CARTESIAN_POINT('',(366.,127.,0.));
#1577=CARTESIAN_POINT('',(369.,127.,0.));
#1578=CARTESIAN_POINT('',(372.,127.,0.));
#1579=CARTESIAN_POINT('',(372.,145.141428428543,0.));
#1580=CARTESIAN_POINT('',(372.,163.282856857087,0.));
#1581=CARTESIAN_POINT('',(366.,157.401680504169,0.));
#1582=CARTESIAN_POINT('',(366.,149.,0.));
#1583=CARTESIAN_POINT('',(281.,97.,0.));
#1584=CARTESIAN_POINT('',(311.,97.,0.));
#1585=CARTESIAN_POINT('',(341.,97.,0.));
#1586=CARTESIAN_POINT('',(346.,96.9999999999999,0.));
#1587=CARTESIAN_POINT('',(346.,102.,0.));
#1588=CARTESIAN_POINT('',(346.,132.,0.));
#1589=CARTESIAN_POINT('',(346.,162.,0.));
#1590=CARTESIAN_POINT('',(346.,167.,0.));
#1591=CARTESIAN_POINT('',(341.,167.,0.));
#1592=CARTESIAN_POINT('',(317.75,167.,0.));
#1593=CARTESIAN_POINT('',(294.5,167.,0.));
#1594=CARTESIAN_POINT('',(285.555090891166,167.,0.));
#1595=CARTESIAN_POINT('',(280.,159.989125293076,0.));
#1596=CARTESIAN_POINT('',(280.,143.494562646538,0.));
#1597=CARTESIAN_POINT('',(280.,127.,0.));
#1598=CARTESIAN_POINT('',(278.,127.,0.));
#1599=CARTESIAN_POINT('',(276.,127.,0.));
#1600=CARTESIAN_POINT('',(276.,114.5,0.));
#1601=CARTESIAN_POINT('',(276.,102.,0.));
#1602=CARTESIAN_POINT('',(276.,97.,0.));
#1603=CARTESIAN_POINT('',(281.,97.,0.));
#1604=CARTESIAN_POINT('',(278.,161.,0.));
#1605=CARTESIAN_POINT('',(278.,145.,0.));
#1606=CARTESIAN_POINT('',(278.,129.,0.));
#1607=CARTESIAN_POINT('',(276.,129.,0.));
#1608=CARTESIAN_POINT('',(274.,129.,0.));
#1609=CARTESIAN_POINT('',(274.,112.5,0.));
#1610=CARTESIAN_POINT('',(274.,96.,0.));
#1611=CARTESIAN_POINT('',(310.5,96.,0.));
#1612=CARTESIAN_POINT('',(347.,96.,0.));
#1613=CARTESIAN_POINT('',(347.,132.5,0.));
#1614=CARTESIAN_POINT('',(347.,169.,0.));
#1615=CARTESIAN_POINT('',(320.5,169.,0.));
#1616=CARTESIAN_POINT('',(294.,169.,0.));
#1617=CARTESIAN_POINT('',(284.,169.,0.));
#1618=CARTESIAN_POINT('',(278.,161.,0.));
#1619=CARTESIAN_POINT('',(381.,125.,0.));
#1620=CARTESIAN_POINT('',(389.,125.,0.));
#1621=CARTESIAN_POINT('',(389.,165.,0.));
#1622=CARTESIAN_POINT('',(381.,165.,0.));
#1623=CARTESIAN_POINT('',(381.,125.,0.));
#1624=CARTESIAN_POINT('',(326.,80.,0.));
#1625=CARTESIAN_POINT('',(326.,64.,0.));
#1626=CARTESIAN_POINT('',(326.,48.,0.));
#1627=CARTESIAN_POINT('',(324.,48.,0.));
#1628=CARTESIAN_POINT('',(322.,48.,0.));
#1629=CARTESIAN_POINT('',(322.,31.5,0.));
#1630=CARTESIAN_POINT('',(322.,15.,0.));
#1631=CARTESIAN_POINT('',(358.5,15.,0.));
#1632=CARTESIAN_POINT('',(395.,15.,0.));
#1633=CARTESIAN_POINT('',(395.,51.5,0.));
#1634=CARTESIAN_POINT('',(395.,88.,0.));
#1635=CARTESIAN_POINT('',(368.5,88.,0.));
#1636=CARTESIAN_POINT('',(342.,88.,0.));
#1637=CARTESIAN_POINT('',(332.,88.,0.));
#1638=CARTESIAN_POINT('',(326.,80.,0.));
#1639=CARTESIAN_POINT('',(383.,147.,0.));
#1640=CARTESIAN_POINT('',(383.,120.5,0.));
#1641=CARTESIAN_POINT('',(383.,94.,0.));
#1642=CARTESIAN_POINT('',(419.5,94.,0.));
#1643=CARTESIAN_POINT('',(456.,94.,0.));
#1644=CARTESIAN_POINT('',(456.,130.5,0.));
#1645=CARTESIAN_POINT('',(456.,167.,0.));
#1646=CARTESIAN_POINT('',(429.5,167.,0.));
#1647=CARTESIAN_POINT('',(403.,167.,0.));
#1648=CARTESIAN_POINT('',(383.,167.,0.));
#1649=CARTESIAN_POINT('',(383.,147.,0.));
#1650=CARTESIAN_POINT('',(383.,147.,0.));
#1651=CARTESIAN_POINT('',(383.,120.5,0.));
#1652=CARTESIAN_POINT('',(383.,94.,0.));
#1653=CARTESIAN_POINT('',(419.5,94.,0.));
#1654=CARTESIAN_POINT('',(456.,94.,0.));
#1655=CARTESIAN_POINT('',(456.,130.5,0.));
#1656=CARTESIAN_POINT('',(456.,167.,0.));
#1657=CARTESIAN_POINT('',(429.5,167.,0.));
#1658=CARTESIAN_POINT('',(403.,167.,0.));
#1659=CARTESIAN_POINT('',(383.,167.,0.));
#1660=CARTESIAN_POINT('',(383.,147.,0.));
#1661=CARTESIAN_POINT('',(-77.,53.,55.));
#1662=CARTESIAN_POINT('',(-30.,6.00000000000002,55.));
#1663=CARTESIAN_POINT('',(-30.,66.,55.));
#1664=CARTESIAN_POINT('',(-76.5,52.5,55.));
#1665=CARTESIAN_POINT('',(-90.,5.99999999999999,55.));
#1666=CARTESIAN_POINT('',(-97.7500000000001,26.4646428928641,52.));
#1667=CARTESIAN_POINT('',(-77.,53.,35.));
#1668=CARTESIAN_POINT('',(-106.125,-9.125,22.));
#1669=CARTESIAN_POINT('',(-93.,65.,20.));
#1670=CARTESIAN_POINT('',(-93.,33.,20.));
#1671=CARTESIAN_POINT('',(-30.,6.00000000000002,35.));
#1672=CARTESIAN_POINT('',(-30.,66.,35.));
#1673=CARTESIAN_POINT('',(-76.5,52.5,35.));
#1674=CARTESIAN_POINT('',(-90.,5.99999999999997,35.));
#1675=CARTESIAN_POINT('',(-90.,1.,20.));
#1676=CARTESIAN_POINT('',(-25.,5.99999999999999,20.));
#1677=CARTESIAN_POINT('',(-30.,71.,20.));
#1678=CARTESIAN_POINT('',(-91.,31.,20.));
#1679=CARTESIAN_POINT('',(-95.4,31.,20.));
#1680=CARTESIAN_POINT('',(-95.,52.5,20.));
#1681=CARTESIAN_POINT('',(-97.4,29.8,50.));
#1682=CARTESIAN_POINT('',(-94.0000000000001,34.,34.4999999999989));
#1683=CARTESIAN_POINT('',(-94.,49.4999999999997,49.));
#1684=CARTESIAN_POINT('',(-95.5,34.,49.));
#1685=CARTESIAN_POINT('',(-93.5078536586559,34.5078536586559,49.7070195471778));
#1686=CARTESIAN_POINT('',(-94.0157073173118,34.0157073173118,50.4140390943556));
#1687=CARTESIAN_POINT('',(-94.5078536586559,33.5078536586559,49.7070195471778));
#1688=CARTESIAN_POINT('',(-93.2984685742291,34.2984685742291,49.7116712968707));
#1689=CARTESIAN_POINT('',(-93.5969371484583,33.5969371484583,50.4233425937413));
#1690=CARTESIAN_POINT('',(-94.2984685742291,33.2984685742291,49.7116712968706));
#1691=CARTESIAN_POINT('',(-93.1492342871146,34.1492342871146,49.5039115292668));
#1692=CARTESIAN_POINT('',(-93.2984685742291,33.2984685742291,50.0078230585335));
#1693=CARTESIAN_POINT('',(-94.1492342871146,33.1492342871145,49.5039115292668));
#1694=CARTESIAN_POINT('',(-93.,34.,49.2961517616629));
#1695=CARTESIAN_POINT('',(-93.,32.9999999999999,49.5923035233257));
#1696=CARTESIAN_POINT('',(-94.,33.,49.2961517616628));
#1697=CARTESIAN_POINT('',(-93.,34.,49.));
#1698=CARTESIAN_POINT('',(-93.,32.9999999999999,49.));
#1699=CARTESIAN_POINT('',(-94.,33.,49.));
#1700=CARTESIAN_POINT('',(-92.,47.994562646538,51.));
#1701=CARTESIAN_POINT('',(-93.5000000000009,32.,51.));
#1702=CARTESIAN_POINT('',(-92.,32.,36.5000000000002));
#1703=CARTESIAN_POINT('',(-92.5078536586559,31.2929804528223,51.4921463413441));
#1704=CARTESIAN_POINT('',(-92.2984685742292,31.2883287031294,51.7015314257709));
#1705=CARTESIAN_POINT('',(-92.1492342871146,31.4960884707333,51.8507657128854));
#1706=CARTESIAN_POINT('',(-92.,31.7038482383371,52.));
#1707=CARTESIAN_POINT('',(-92.,32.,52.));
#1708=CARTESIAN_POINT('',(-92.0157073173119,30.5859609056445,50.9842926826882));
#1709=CARTESIAN_POINT('',(-91.5969371484583,30.5766574062587,51.4030628515417));
#1710=CARTESIAN_POINT('',(-91.2984685742291,30.9921769414665,51.7015314257709));
#1711=CARTESIAN_POINT('',(-91.,31.4076964766743,52.));
#1712=CARTESIAN_POINT('',(-91.,32.,52.));
#1713=CARTESIAN_POINT('',(-91.5078536586559,31.2929804528222,50.4921463413441));
#1714=CARTESIAN_POINT('',(-91.2984685742292,31.2883287031294,50.7015314257709));
#1715=CARTESIAN_POINT('',(-91.1492342871146,31.4960884707332,50.8507657128854));
#1716=CARTESIAN_POINT('',(-91.,31.7038482383371,51.));
#1717=CARTESIAN_POINT('',(-91.,32.,51.));
#1718=CARTESIAN_POINT('',(29.,53.,40.));
#1719=CARTESIAN_POINT('',(-18.,71.,20.));
#1720=CARTESIAN_POINT('',(27.,51.,40.));
#1721=CARTESIAN_POINT('',(47.,51.,20.));
#1722=CARTESIAN_POINT('',(42.,6.00000000000002,40.));
#1723=CARTESIAN_POINT('',(42.,1.,20.));
#1724=CARTESIAN_POINT('',(-18.,6.,40.));
#1725=CARTESIAN_POINT('',(-23.,6.,20.));
#1726=CARTESIAN_POINT('',(-18.,66.,40.));
#1727=CARTESIAN_POINT('',(-33.125,82.125,22.));
#1728=CARTESIAN_POINT('',(29.,-53.,40.));
#1729=CARTESIAN_POINT('',(-18.,-71.,20.));
#1730=CARTESIAN_POINT('',(27.,-51.,40.));
#1731=CARTESIAN_POINT('',(47.,-51.,20.));
#1732=CARTESIAN_POINT('',(42.,-6.00000000000002,40.));
#1733=CARTESIAN_POINT('',(42.,-1.,20.));
#1734=CARTESIAN_POINT('',(-18.,-6.00000000000001,40.));
#1735=CARTESIAN_POINT('',(-23.,-6.,20.));
#1736=CARTESIAN_POINT('',(-18.,-66.,40.));
#1737=CARTESIAN_POINT('',(-33.125,-82.125,22.));
#1738=CARTESIAN_POINT('',(-77.,-53.,40.));
#1739=CARTESIAN_POINT('',(-30.,-71.,20.));
#1740=CARTESIAN_POINT('',(-75.,-51.,40.));
#1741=CARTESIAN_POINT('',(-95.,-51.,20.));
#1742=CARTESIAN_POINT('',(-89.9999999999999,-6.00000000000006,40.));
#1743=CARTESIAN_POINT('',(-90.,-1.,20.));
#1744=CARTESIAN_POINT('',(-30.,-5.99999999999999,40.));
#1745=CARTESIAN_POINT('',(-25.,-6.,20.));
#1746=CARTESIAN_POINT('',(-30.,-66.,40.));
#1747=CARTESIAN_POINT('',(-14.875,-82.125,22.));
#1748=CARTESIAN_POINT('',(29.,73.,20.));
#1749=CARTESIAN_POINT('',(-97.,53.,20.));
#1750=CARTESIAN_POINT('',(-104.3,-80.3,20.));
#1751=CARTESIAN_POINT('',(-104.3,-80.3,60.));
#1752=CARTESIAN_POINT('',(49.,53.,20.));
#1753=CARTESIAN_POINT('',(-77.,-73.,20.));
#1754=CARTESIAN_POINT('',(-97.,53.,50.));
#1755=CARTESIAN_POINT('',(-97.,53.,60.));
#1756=CARTESIAN_POINT('',(-77.,73.,50.));
#1757=CARTESIAN_POINT('',(-77.,73.,60.));
#1758=CARTESIAN_POINT('',(-90.,1.,50.));
#1759=CARTESIAN_POINT('',(-30.,1.,50.));
#1760=CARTESIAN_POINT('',(-25.,5.99999999999999,50.));
#1761=CARTESIAN_POINT('',(-25.,66.,50.));
#1762=CARTESIAN_POINT('',(-30.,71.,50.));
#1763=CARTESIAN_POINT('',(-76.5,71.,50.));
#1764=CARTESIAN_POINT('',(-95.,6.,50.));
#1765=CARTESIAN_POINT('',(-90.,1.,60.));
#1766=CARTESIAN_POINT('',(-30.,1.,60.));
#1767=CARTESIAN_POINT('',(-25.,5.99999999999999,60.));
#1768=CARTESIAN_POINT('',(-25.,66.,60.));
#1769=CARTESIAN_POINT('',(-30.,71.,60.));
#1770=CARTESIAN_POINT('',(-76.5,71.,60.));
#1771=CARTESIAN_POINT('',(-95.,52.5,60.));
#1772=CARTESIAN_POINT('',(-95.,6.,60.));
#1773=CARTESIAN_POINT('',(-93.,65.,20.));
#1774=CARTESIAN_POINT('',(-97.,33.,20.));
#1775=CARTESIAN_POINT('',(-77.,73.,20.));
#1776=CARTESIAN_POINT('',(-30.0000000000001,1.00000000000001,22.));
#1777=CARTESIAN_POINT('',(-90.,1.,22.));
#1778=CARTESIAN_POINT('',(-25.,6.00000000000006,22.));
#1779=CARTESIAN_POINT('',(-25.,66.,22.));
#1780=CARTESIAN_POINT('',(-30.,71.,22.));
#1781=CARTESIAN_POINT('',(-76.5,71.,22.));
#1782=CARTESIAN_POINT('',(-91.,63.989125293076,22.));
#1783=CARTESIAN_POINT('',(-95.,31.,22.));
#1784=CARTESIAN_POINT('',(-95.,6.,22.));
#1785=CARTESIAN_POINT('',(-93.,65.,50.));
#1786=CARTESIAN_POINT('',(-91.,63.989125293076,50.));
#1787=CARTESIAN_POINT('',(-95.,52.5,52.));
#1788=CARTESIAN_POINT('',(-97.,34.,50.));
#1789=CARTESIAN_POINT('',(-93.,34.,20.));
#1790=CARTESIAN_POINT('',(-94.,33.,20.));
#1791=CARTESIAN_POINT('',(-97.,33.,49.));
#1792=CARTESIAN_POINT('',(-93.,34.,49.));
#1793=CARTESIAN_POINT('',(-93.,65.,49.));
#1794=CARTESIAN_POINT('',(-94.,33.,49.));
#1795=CARTESIAN_POINT('',(-94.,34.,50.));
#1796=CARTESIAN_POINT('',(-94.,63.5356537528527,50.));
#1797=CARTESIAN_POINT('',(-91.,32.,22.));
#1798=CARTESIAN_POINT('',(-92.,31.,22.));
#1799=CARTESIAN_POINT('',(-91.,63.9891252930761,51.));
#1800=CARTESIAN_POINT('',(-92.,62.5995049383621,52.));
#1801=CARTESIAN_POINT('',(-95.,32.,52.));
#1802=CARTESIAN_POINT('',(-95.,31.,51.));
#1803=CARTESIAN_POINT('',(-92.,32.,52.));
#1804=CARTESIAN_POINT('',(-91.,32.,51.));
#1805=CARTESIAN_POINT('',(-92.,31.,51.));
#1806=CARTESIAN_POINT('',(49.,53.,20.));
#1807=CARTESIAN_POINT('',(49.,53.,60.));
#1808=CARTESIAN_POINT('',(29.,73.,20.));
#1809=CARTESIAN_POINT('',(29.,73.,60.));
#1810=CARTESIAN_POINT('',(-18.,71.,60.));
#1811=CARTESIAN_POINT('',(27.,71.,60.));
#1812=CARTESIAN_POINT('',(47.,51.,60.));
#1813=CARTESIAN_POINT('',(47.,6.,60.));
#1814=CARTESIAN_POINT('',(42.,1.,60.));
#1815=CARTESIAN_POINT('',(-18.,1.,60.));
#1816=CARTESIAN_POINT('',(-23.,6.,60.));
#1817=CARTESIAN_POINT('',(-23.,66.,60.));
#1818=CARTESIAN_POINT('',(-18.,71.,22.));
#1819=CARTESIAN_POINT('',(27.,71.,22.));
#1820=CARTESIAN_POINT('',(47.,51.,22.));
#1821=CARTESIAN_POINT('',(47.,6.,22.));
#1822=CARTESIAN_POINT('',(42.,1.,22.));
#1823=CARTESIAN_POINT('',(-18.,1.,22.));
#1824=CARTESIAN_POINT('',(-23.,6.,22.));
#1825=CARTESIAN_POINT('',(-23.,66.,22.));
#1826=CARTESIAN_POINT('',(49.,-53.,20.));
#1827=CARTESIAN_POINT('',(49.,-53.,60.));
#1828=CARTESIAN_POINT('',(29.,-73.,20.));
#1829=CARTESIAN_POINT('',(29.,-73.,60.));
#1830=CARTESIAN_POINT('',(-18.,-71.,60.));
#1831=CARTESIAN_POINT('',(27.,-71.,60.));
#1832=CARTESIAN_POINT('',(47.,-51.,60.));
#1833=CARTESIAN_POINT('',(47.,-6.,60.));
#1834=CARTESIAN_POINT('',(42.,-1.,60.));
#1835=CARTESIAN_POINT('',(-18.,-1.,60.));
#1836=CARTESIAN_POINT('',(-23.,-6.,60.));
#1837=CARTESIAN_POINT('',(-23.,-66.,60.));
#1838=CARTESIAN_POINT('',(-18.,-71.,22.));
#1839=CARTESIAN_POINT('',(27.,-71.,22.));
#1840=CARTESIAN_POINT('',(47.,-51.,22.));
#1841=CARTESIAN_POINT('',(47.,-6.,22.));
#1842=CARTESIAN_POINT('',(42.,-1.,22.));
#1843=CARTESIAN_POINT('',(-18.,-1.,22.));
#1844=CARTESIAN_POINT('',(-23.,-6.,22.));
#1845=CARTESIAN_POINT('',(-23.,-66.,22.));
#1846=CARTESIAN_POINT('',(-97.,-53.,20.));
#1847=CARTESIAN_POINT('',(-97.,-53.,60.));
#1848=CARTESIAN_POINT('',(-77.,-73.,20.));
#1849=CARTESIAN_POINT('',(-77.,-73.,60.));
#1850=CARTESIAN_POINT('',(-30.,-71.,60.));
#1851=CARTESIAN_POINT('',(-75.,-71.,60.));
#1852=CARTESIAN_POINT('',(-95.,-51.,60.));
#1853=CARTESIAN_POINT('',(-95.,-6.,60.));
#1854=CARTESIAN_POINT('',(-90.,-1.,60.));
#1855=CARTESIAN_POINT('',(-30.,-1.,60.));
#1856=CARTESIAN_POINT('',(-25.,-6.,60.));
#1857=CARTESIAN_POINT('',(-25.,-66.,60.));
#1858=CARTESIAN_POINT('',(-30.,-71.,22.));
#1859=CARTESIAN_POINT('',(-75.,-71.,22.));
#1860=CARTESIAN_POINT('',(-95.,-51.,22.));
#1861=CARTESIAN_POINT('',(-95.,-6.,22.));
#1862=CARTESIAN_POINT('',(-90.,-1.,22.));
#1863=CARTESIAN_POINT('',(-30.,-1.,22.));
#1864=CARTESIAN_POINT('',(-25.,-6.,22.));
#1865=CARTESIAN_POINT('',(-25.,-66.,22.));
#1866=CARTESIAN_POINT('',(-97.,53.,50.));
#1867=CARTESIAN_POINT('',(-97.,34.,50.));
#1868=CARTESIAN_POINT('',(-77.,73.,50.));
#1869=CARTESIAN_POINT('',(-77.,73.,60.));
#1870=CARTESIAN_POINT('',(-77.,53.,60.));
#1871=CARTESIAN_POINT('',(-77.,73.,60.));
#1872=CARTESIAN_POINT('',(-97.,53.,60.));
#1873=CARTESIAN_POINT('',(-30.,1.,50.));
#1874=CARTESIAN_POINT('',(-30.,1.,60.));
#1875=CARTESIAN_POINT('',(-90.,1.,50.));
#1876=CARTESIAN_POINT('',(-90.,1.,60.));
#1877=CARTESIAN_POINT('',(-30.,6.00000000000002,50.));
#1878=CARTESIAN_POINT('',(-30.,1.,50.));
#1879=CARTESIAN_POINT('',(-25.,5.99999999999999,50.));
#1880=CARTESIAN_POINT('',(-25.,5.99999999999999,50.));
#1881=CARTESIAN_POINT('',(-25.,5.99999999999999,60.));
#1882=CARTESIAN_POINT('',(-30.,6.00000000000002,60.));
#1883=CARTESIAN_POINT('',(-30.,1.,60.));
#1884=CARTESIAN_POINT('',(-25.,5.99999999999999,60.));
#1885=CARTESIAN_POINT('',(-25.,66.,50.));
#1886=CARTESIAN_POINT('',(-25.,66.,60.));
#1887=CARTESIAN_POINT('',(-30.,66.,50.));
#1888=CARTESIAN_POINT('',(-25.,66.,50.));
#1889=CARTESIAN_POINT('',(-30.,71.,50.));
#1890=CARTESIAN_POINT('',(-30.,71.,50.));
#1891=CARTESIAN_POINT('',(-30.,71.,60.));
#1892=CARTESIAN_POINT('',(-30.,66.,60.));
#1893=CARTESIAN_POINT('',(-25.,66.,60.));
#1894=CARTESIAN_POINT('',(-30.,71.,60.));
#1895=CARTESIAN_POINT('',(-76.5,71.,50.));
#1896=CARTESIAN_POINT('',(-76.5,71.,60.));
#1897=CARTESIAN_POINT('',(-76.5000000000002,52.5000000000004,50.));
#1898=CARTESIAN_POINT('',(-76.5,71.,50.));
#1899=CARTESIAN_POINT('',(-91.,63.9891252930761,50.));
#1900=CARTESIAN_POINT('',(-76.5,52.5,60.));
#1901=CARTESIAN_POINT('',(-76.5,71.,60.));
#1902=CARTESIAN_POINT('',(-95.,52.5,60.));
#1903=CARTESIAN_POINT('',(-95.,6.,50.));
#1904=CARTESIAN_POINT('',(-95.,6.,60.));
#1905=CARTESIAN_POINT('',(-90.,5.99999999999999,50.));
#1906=CARTESIAN_POINT('',(-95.,6.,50.));
#1907=CARTESIAN_POINT('',(-90.,1.00000000000001,50.));
#1908=CARTESIAN_POINT('',(-90.,5.99999999999999,60.));
#1909=CARTESIAN_POINT('',(-95.,6.,60.));
#1910=CARTESIAN_POINT('',(-90.,1.00000000000001,60.));
#1911=CARTESIAN_POINT('',(-90.,1.,60.));
#1912=CARTESIAN_POINT('',(-30.,1.,60.));
#1913=CARTESIAN_POINT('',(-25.,5.99999999999999,60.));
#1914=CARTESIAN_POINT('',(-25.,66.,60.));
#1915=CARTESIAN_POINT('',(-30.,71.,60.));
#1916=CARTESIAN_POINT('',(-76.5,71.,60.));
#1917=CARTESIAN_POINT('',(-95.,52.5,60.));
#1918=CARTESIAN_POINT('',(-95.,6.,60.));
#1919=CARTESIAN_POINT('',(-92.,62.5995049383621,52.));
#1920=CARTESIAN_POINT('',(-92.,32.,52.));
#1921=CARTESIAN_POINT('',(-93.,65.,20.));
#1922=CARTESIAN_POINT('',(-93.,34.,20.));
#1923=CARTESIAN_POINT('',(-94.,33.,20.));
#1924=CARTESIAN_POINT('',(-97.,33.,20.));
#1925=CARTESIAN_POINT('',(-77.,53.,20.));
#1926=CARTESIAN_POINT('',(-77.,73.,20.));
#1927=CARTESIAN_POINT('',(-93.,65.,20.));
#1928=CARTESIAN_POINT('',(-30.0000000000001,1.00000000000001,22.));
#1929=CARTESIAN_POINT('',(-90.,1.,22.));
#1930=CARTESIAN_POINT('',(-30.,6.00000000000002,22.));
#1931=CARTESIAN_POINT('',(-25.,6.00000000000006,22.));
#1932=CARTESIAN_POINT('',(-30.0000000000001,1.00000000000001,22.));
#1933=CARTESIAN_POINT('',(-25.,66.,22.));
#1934=CARTESIAN_POINT('',(-25.,6.00000000000006,22.));
#1935=CARTESIAN_POINT('',(-30.0000000000001,65.9999999999999,22.));
#1936=CARTESIAN_POINT('',(-30.,71.,22.));
#1937=CARTESIAN_POINT('',(-25.,66.,22.));
#1938=CARTESIAN_POINT('',(-76.5,71.,22.));
#1939=CARTESIAN_POINT('',(-30.,71.,22.));
#1940=CARTESIAN_POINT('',(-76.5000000000003,52.5000000000006,22.));
#1941=CARTESIAN_POINT('',(-91.,63.989125293076,22.));
#1942=CARTESIAN_POINT('',(-76.5,71.,22.));
#1943=CARTESIAN_POINT('',(-91.,32.,22.));
#1944=CARTESIAN_POINT('',(-91.,63.989125293076,22.));
#1945=CARTESIAN_POINT('',(-95.,31.,22.));
#1946=CARTESIAN_POINT('',(-92.,31.,22.));
#1947=CARTESIAN_POINT('',(-95.,6.,22.));
#1948=CARTESIAN_POINT('',(-95.,31.,22.));
#1949=CARTESIAN_POINT('',(-90.,6.,22.));
#1950=CARTESIAN_POINT('',(-90.,1.,22.));
#1951=CARTESIAN_POINT('',(-95.,5.99999999999999,22.));
#1952=CARTESIAN_POINT('',(-30.0000000000001,1.00000000000001,22.));
#1953=CARTESIAN_POINT('',(-30.,1.,50.));
#1954=CARTESIAN_POINT('',(-90.,1.,22.));
#1955=CARTESIAN_POINT('',(-90.,1.,50.));
#1956=CARTESIAN_POINT('',(-25.,6.00000000000006,22.));
#1957=CARTESIAN_POINT('',(-25.,5.99999999999999,50.));
#1958=CARTESIAN_POINT('',(-25.,66.,22.));
#1959=CARTESIAN_POINT('',(-25.,66.,50.));
#1960=CARTESIAN_POINT('',(-30.,71.,22.));
#1961=CARTESIAN_POINT('',(-30.,71.,50.));
#1962=CARTESIAN_POINT('',(-76.5,71.,22.));
#1963=CARTESIAN_POINT('',(-76.5,71.,50.));
#1964=CARTESIAN_POINT('',(-91.,63.989125293076,22.));
#1965=CARTESIAN_POINT('',(-91.,63.989125293076,50.));
#1966=CARTESIAN_POINT('',(-95.,6.,22.));
#1967=CARTESIAN_POINT('',(-95.,6.,50.));
#1968=CARTESIAN_POINT('',(-93.,65.,49.));
#1969=CARTESIAN_POINT('',(-93.,65.,50.));
#1970=CARTESIAN_POINT('',(-93.,65.,20.));
#1971=CARTESIAN_POINT('',(-93.,65.,22.));
#1972=CARTESIAN_POINT('',(-93.,65.,49.));
#1973=CARTESIAN_POINT('',(-97.,33.,20.));
#1974=CARTESIAN_POINT('',(-97.,33.,22.));
#1975=CARTESIAN_POINT('',(-97.,33.,49.));
#1976=CARTESIAN_POINT('',(-77.,73.,20.));
#1977=CARTESIAN_POINT('',(-77.,73.,22.));
#1978=CARTESIAN_POINT('',(-77.,73.,50.));
#1979=CARTESIAN_POINT('',(-91.,63.989125293076,50.));
#1980=CARTESIAN_POINT('',(-91.,63.9891252930761,51.));
#1981=CARTESIAN_POINT('',(-76.5000000000001,52.5000000000001,51.9999999999997));
#1982=CARTESIAN_POINT('',(-92.,62.5995049383621,52.));
#1983=CARTESIAN_POINT('',(-95.,52.5,52.));
#1984=CARTESIAN_POINT('',(-95.,52.5,52.));
#1985=CARTESIAN_POINT('',(-95.,32.,52.));
#1986=CARTESIAN_POINT('',(-77.0000000000001,53.,49.9999999999999));
#1987=CARTESIAN_POINT('',(-94.,63.5356537528527,50.));
#1988=CARTESIAN_POINT('',(-97.,53.,50.));
#1989=CARTESIAN_POINT('',(-95.,52.5,52.));
#1990=CARTESIAN_POINT('',(-95.,52.5,60.));
#1991=CARTESIAN_POINT('',(-92.,32.,52.));
#1992=CARTESIAN_POINT('',(-95.,32.,52.));
#1993=CARTESIAN_POINT('',(-97.,53.,50.));
#1994=CARTESIAN_POINT('',(-97.,53.,52.));
#1995=CARTESIAN_POINT('',(-97.,53.,60.));
#1996=CARTESIAN_POINT('',(-77.0000000000029,53.0000000000059,50.));
#1997=CARTESIAN_POINT('',(-77.,73.,50.));
#1998=CARTESIAN_POINT('',(-92.9999999999999,65.,50.));
#1999=CARTESIAN_POINT('',(-91.,63.9891252930761,51.));
#2000=CARTESIAN_POINT('',(-91.,63.9891252930761,51.0282307122957));
#2001=CARTESIAN_POINT('',(-91.0024576602202,63.9860245549665,51.0860026554627));
#2002=CARTESIAN_POINT('',(-91.0137570787711,63.9717500354214,51.1730933151346));
#2003=CARTESIAN_POINT('',(-91.0332891919549,63.9470077177217,51.2612417507348));
#2004=CARTESIAN_POINT('',(-91.0614302729076,63.9112077065801,51.3492647090069));
#2005=CARTESIAN_POINT('',(-91.0983476175808,63.8639667496671,51.435917990947));
#2006=CARTESIAN_POINT('',(-91.1439774335705,63.8051375860816,51.5199094225416));
#2007=CARTESIAN_POINT('',(-91.1980133420529,63.7348317036416,51.599959179603));
#2008=CARTESIAN_POINT('',(-91.2599065112819,63.6534344417807,51.6748485763591));
#2009=CARTESIAN_POINT('',(-91.3288797457316,63.5616087376128,51.7434737068004));
#2010=CARTESIAN_POINT('',(-91.4039566949041,63.4602839777463,51.8048948534042));
#2011=CARTESIAN_POINT('',(-91.4840051281905,63.3506285206953,51.8583780563532));
#2012=CARTESIAN_POINT('',(-91.567790478222,63.2340067240012,51.9034231892325));
#2013=CARTESIAN_POINT('',(-91.654034698547,63.1119239557521,51.9397761853301));
#2014=CARTESIAN_POINT('',(-91.7414740752637,62.9859648480677,51.9674244422507));
#2015=CARTESIAN_POINT('',(-91.828912492429,62.8577278209005,51.9865772866635));
#2016=CARTESIAN_POINT('',(-91.9152599916537,62.7287706669782,51.9976348233776));
#2017=CARTESIAN_POINT('',(-91.9720053748797,62.6424690927452,52.));
#2018=CARTESIAN_POINT('',(-92.,62.5995049383621,52.));
#2019=CARTESIAN_POINT('',(-95.,31.,51.));
#2020=CARTESIAN_POINT('',(-95.,31.,22.));
#2021=CARTESIAN_POINT('',(-93.,34.,20.));
#2022=CARTESIAN_POINT('',(-93.,34.,49.));
#2023=CARTESIAN_POINT('',(-93.,65.,49.));
#2024=CARTESIAN_POINT('',(-93.,34.,49.));
#2025=CARTESIAN_POINT('',(-94.,33.,20.));
#2026=CARTESIAN_POINT('',(-94.,33.,49.));
#2027=CARTESIAN_POINT('',(-94.,33.,49.));
#2028=CARTESIAN_POINT('',(-97.,33.,49.));
#2029=CARTESIAN_POINT('',(-94.,34.,50.));
#2030=CARTESIAN_POINT('',(-97.,34.,50.));
#2031=CARTESIAN_POINT('',(-94.,63.5356537528527,50.));
#2032=CARTESIAN_POINT('',(-94.,34.,50.));
#2033=CARTESIAN_POINT('',(-76.9999999999659,52.9999999999766,50.));
#2034=CARTESIAN_POINT('',(-93.,65.,50.));
#2035=CARTESIAN_POINT('',(-94.,63.5356537528527,50.));
#2036=CARTESIAN_POINT('',(-94.,34.,19.9999999999991));
#2037=CARTESIAN_POINT('',(-93.,34.,20.));
#2038=CARTESIAN_POINT('',(-94.,33.,20.));
#2039=CARTESIAN_POINT('',(-94.,33.9999999999998,49.));
#2040=CARTESIAN_POINT('',(-93.,34.,49.));
#2041=CARTESIAN_POINT('',(-94.,34.,50.));
#2042=CARTESIAN_POINT('',(-94.,63.5356537528527,50.));
#2043=CARTESIAN_POINT('',(-93.8821488698023,63.6576826067817,50.));
#2044=CARTESIAN_POINT('',(-93.7550022408221,63.7797114607106,49.9785212611865));
#2045=CARTESIAN_POINT('',(-93.5088083400543,64.0237691685685,49.8810553409384));
#2046=CARTESIAN_POINT('',(-93.3905242917513,64.1457980224975,49.8047378541244));
#2047=CARTESIAN_POINT('',(-93.1952621458756,64.3898557303554,49.6094757082487));
#2048=CARTESIAN_POINT('',(-93.1189446590617,64.5118845842843,49.4911916599457));
#2049=CARTESIAN_POINT('',(-93.0214787388135,64.7559422921422,49.244997759178));
#2050=CARTESIAN_POINT('',(-93.,64.8779711460711,49.1178511301978));
#2051=CARTESIAN_POINT('',(-93.,65.,49.));
#2052=CARTESIAN_POINT('',(-94.,34.,49.));
#2053=CARTESIAN_POINT('',(-94.,34.,50.));
#2054=CARTESIAN_POINT('',(-94.,33.,49.));
#2055=CARTESIAN_POINT('',(-97.,34.,49.));
#2056=CARTESIAN_POINT('',(-97.,34.,50.));
#2057=CARTESIAN_POINT('',(-97.,33.,49.));
#2058=CARTESIAN_POINT('',(-94.,34.,49.));
#2059=CARTESIAN_POINT('',(-94.,33.,49.));
#2060=CARTESIAN_POINT('',(-93.,34.,49.));
#2061=CARTESIAN_POINT('',(-91.,63.9891252930761,51.));
#2062=CARTESIAN_POINT('',(-91.,32.,51.));
#2063=CARTESIAN_POINT('',(-91.,32.,22.));
#2064=CARTESIAN_POINT('',(-91.,32.,51.));
#2065=CARTESIAN_POINT('',(-92.,31.,22.));
#2066=CARTESIAN_POINT('',(-92.,31.,51.));
#2067=CARTESIAN_POINT('',(-92.,31.,51.));
#2068=CARTESIAN_POINT('',(-95.,31.,51.));
#2069=CARTESIAN_POINT('',(-92.0000000000009,32.,51.));
#2070=CARTESIAN_POINT('',(-92.,32.,52.));
#2071=CARTESIAN_POINT('',(-92.,31.,51.));
#2072=CARTESIAN_POINT('',(-95.0000000000009,32.,51.));
#2073=CARTESIAN_POINT('',(-95.,32.,52.));
#2074=CARTESIAN_POINT('',(-95.,31.,51.));
#2075=CARTESIAN_POINT('',(-92.,32.,51.0000000000002));
#2076=CARTESIAN_POINT('',(-92.,31.,51.));
#2077=CARTESIAN_POINT('',(-91.,32.,51.));
#2078=CARTESIAN_POINT('',(-92.,32.,22.0000000000001));
#2079=CARTESIAN_POINT('',(-91.,32.,22.));
#2080=CARTESIAN_POINT('',(-92.,31.,22.));
#2081=CARTESIAN_POINT('',(-92.,32.,51.));
#2082=CARTESIAN_POINT('',(-91.,32.,51.));
#2083=CARTESIAN_POINT('',(-92.,32.,52.));
#2084=CARTESIAN_POINT('',(29.,53.,20.));
#2085=CARTESIAN_POINT('',(29.,73.,20.));
#2086=CARTESIAN_POINT('',(49.,53.,20.));
#2087=CARTESIAN_POINT('',(29.,53.,60.));
#2088=CARTESIAN_POINT('',(29.,73.,60.));
#2089=CARTESIAN_POINT('',(49.,53.,60.));
#2090=CARTESIAN_POINT('',(27.,51.,60.));
#2091=CARTESIAN_POINT('',(27.,71.,60.));
#2092=CARTESIAN_POINT('',(47.,51.,60.));
#2093=CARTESIAN_POINT('',(42.,6.00000000000002,60.));
#2094=CARTESIAN_POINT('',(47.,6.,60.));
#2095=CARTESIAN_POINT('',(42.,1.,60.));
#2096=CARTESIAN_POINT('',(-18.,6.,60.));
#2097=CARTESIAN_POINT('',(-18.,1.,60.));
#2098=CARTESIAN_POINT('',(-23.,6.,60.));
#2099=CARTESIAN_POINT('',(-18.,66.,60.));
#2100=CARTESIAN_POINT('',(-23.,66.,60.));
#2101=CARTESIAN_POINT('',(-18.,71.,60.));
#2102=CARTESIAN_POINT('',(-18.,71.,60.));
#2103=CARTESIAN_POINT('',(27.,71.,60.));
#2104=CARTESIAN_POINT('',(47.,51.,60.));
#2105=CARTESIAN_POINT('',(47.,6.,60.));
#2106=CARTESIAN_POINT('',(42.,1.,60.));
#2107=CARTESIAN_POINT('',(-18.,1.,60.));
#2108=CARTESIAN_POINT('',(-23.,6.,60.));
#2109=CARTESIAN_POINT('',(-23.,66.,60.));
#2110=CARTESIAN_POINT('',(-18.,71.,22.));
#2111=CARTESIAN_POINT('',(27.,71.,22.));
#2112=CARTESIAN_POINT('',(27.,51.,22.));
#2113=CARTESIAN_POINT('',(27.,71.,22.));
#2114=CARTESIAN_POINT('',(47.,51.,22.));
#2115=CARTESIAN_POINT('',(47.,51.,22.));
#2116=CARTESIAN_POINT('',(47.,6.,22.));
#2117=CARTESIAN_POINT('',(42.,6.00000000000001,22.));
#2118=CARTESIAN_POINT('',(47.,6.,22.));
#2119=CARTESIAN_POINT('',(42.,0.999999999999997,22.));
#2120=CARTESIAN_POINT('',(42.,1.,22.));
#2121=CARTESIAN_POINT('',(-18.,1.,22.));
#2122=CARTESIAN_POINT('',(-18.,6.,22.));
#2123=CARTESIAN_POINT('',(-18.,1.,22.));
#2124=CARTESIAN_POINT('',(-23.,6.,22.));
#2125=CARTESIAN_POINT('',(-23.,6.,22.));
#2126=CARTESIAN_POINT('',(-23.,66.,22.));
#2127=CARTESIAN_POINT('',(-18.,66.,22.));
#2128=CARTESIAN_POINT('',(-23.,66.,22.));
#2129=CARTESIAN_POINT('',(-18.,71.,22.));
#2130=CARTESIAN_POINT('',(27.,71.,22.));
#2131=CARTESIAN_POINT('',(27.,71.,60.));
#2132=CARTESIAN_POINT('',(-18.,71.,22.));
#2133=CARTESIAN_POINT('',(-18.,71.,60.));
#2134=CARTESIAN_POINT('',(47.,51.,22.));
#2135=CARTESIAN_POINT('',(47.,51.,60.));
#2136=CARTESIAN_POINT('',(47.,6.,22.));
#2137=CARTESIAN_POINT('',(47.,6.,60.));
#2138=CARTESIAN_POINT('',(42.,1.,22.));
#2139=CARTESIAN_POINT('',(42.,1.,60.));
#2140=CARTESIAN_POINT('',(-18.,1.,22.));
#2141=CARTESIAN_POINT('',(-18.,1.,60.));
#2142=CARTESIAN_POINT('',(-23.,6.,22.));
#2143=CARTESIAN_POINT('',(-23.,6.,60.));
#2144=CARTESIAN_POINT('',(-23.,66.,22.));
#2145=CARTESIAN_POINT('',(-23.,66.,60.));
#2146=CARTESIAN_POINT('',(49.,53.,20.));
#2147=CARTESIAN_POINT('',(49.,53.,22.));
#2148=CARTESIAN_POINT('',(49.,53.,60.));
#2149=CARTESIAN_POINT('',(29.,73.,20.));
#2150=CARTESIAN_POINT('',(29.,73.,22.));
#2151=CARTESIAN_POINT('',(29.,73.,60.));
#2152=CARTESIAN_POINT('',(29.,-53.,20.));
#2153=CARTESIAN_POINT('',(29.,-73.,20.));
#2154=CARTESIAN_POINT('',(49.,-53.,20.));
#2155=CARTESIAN_POINT('',(29.,-53.,60.));
#2156=CARTESIAN_POINT('',(29.,-73.,60.));
#2157=CARTESIAN_POINT('',(49.,-53.,60.));
#2158=CARTESIAN_POINT('',(27.,-51.,60.));
#2159=CARTESIAN_POINT('',(27.,-71.,60.));
#2160=CARTESIAN_POINT('',(47.,-51.,60.));
#2161=CARTESIAN_POINT('',(42.,-6.00000000000002,60.));
#2162=CARTESIAN_POINT('',(47.,-6.,60.));
#2163=CARTESIAN_POINT('',(42.,-1.,60.));
#2164=CARTESIAN_POINT('',(-18.,-6.00000000000001,60.));
#2165=CARTESIAN_POINT('',(-18.,-1.,60.));
#2166=CARTESIAN_POINT('',(-23.,-6.,60.));
#2167=CARTESIAN_POINT('',(-18.,-66.,60.));
#2168=CARTESIAN_POINT('',(-23.,-66.,60.));
#2169=CARTESIAN_POINT('',(-18.,-71.,60.));
#2170=CARTESIAN_POINT('',(-18.,-71.,60.));
#2171=CARTESIAN_POINT('',(27.,-71.,60.));
#2172=CARTESIAN_POINT('',(47.,-51.,60.));
#2173=CARTESIAN_POINT('',(47.,-6.,60.));
#2174=CARTESIAN_POINT('',(42.,-1.,60.));
#2175=CARTESIAN_POINT('',(-18.,-1.,60.));
#2176=CARTESIAN_POINT('',(-23.,-6.,60.));
#2177=CARTESIAN_POINT('',(-23.,-66.,60.));
#2178=CARTESIAN_POINT('',(-18.,-71.,22.));
#2179=CARTESIAN_POINT('',(27.,-71.,22.));
#2180=CARTESIAN_POINT('',(27.,-51.,22.));
#2181=CARTESIAN_POINT('',(27.,-71.,22.));
#2182=CARTESIAN_POINT('',(47.,-51.,22.));
#2183=CARTESIAN_POINT('',(47.,-51.,22.));
#2184=CARTESIAN_POINT('',(47.,-6.,22.));
#2185=CARTESIAN_POINT('',(42.,-6.00000000000002,22.));
#2186=CARTESIAN_POINT('',(47.,-6.,22.));
#2187=CARTESIAN_POINT('',(42.,-0.999999999999999,22.));
#2188=CARTESIAN_POINT('',(42.,-1.,22.));
#2189=CARTESIAN_POINT('',(-18.,-1.,22.));
#2190=CARTESIAN_POINT('',(-18.,-6.00000000000001,22.));
#2191=CARTESIAN_POINT('',(-18.,-1.,22.));
#2192=CARTESIAN_POINT('',(-23.,-6.,22.));
#2193=CARTESIAN_POINT('',(-23.,-6.,22.));
#2194=CARTESIAN_POINT('',(-23.,-66.,22.));
#2195=CARTESIAN_POINT('',(-18.,-66.,22.));
#2196=CARTESIAN_POINT('',(-23.,-66.,22.));
#2197=CARTESIAN_POINT('',(-18.,-71.,22.));
#2198=CARTESIAN_POINT('',(27.,-71.,22.));
#2199=CARTESIAN_POINT('',(27.,-71.,60.));
#2200=CARTESIAN_POINT('',(-18.,-71.,22.));
#2201=CARTESIAN_POINT('',(-18.,-71.,60.));
#2202=CARTESIAN_POINT('',(47.,-51.,22.));
#2203=CARTESIAN_POINT('',(47.,-51.,60.));
#2204=CARTESIAN_POINT('',(47.,-6.,22.));
#2205=CARTESIAN_POINT('',(47.,-6.,60.));
#2206=CARTESIAN_POINT('',(42.,-1.,22.));
#2207=CARTESIAN_POINT('',(42.,-1.,60.));
#2208=CARTESIAN_POINT('',(-18.,-1.,22.));
#2209=CARTESIAN_POINT('',(-18.,-1.,60.));
#2210=CARTESIAN_POINT('',(-23.,-6.,22.));
#2211=CARTESIAN_POINT('',(-23.,-6.,60.));
#2212=CARTESIAN_POINT('',(-23.,-66.,22.));
#2213=CARTESIAN_POINT('',(-23.,-66.,60.));
#2214=CARTESIAN_POINT('',(49.,-53.,20.));
#2215=CARTESIAN_POINT('',(49.,-53.,22.));
#2216=CARTESIAN_POINT('',(49.,-53.,60.));
#2217=CARTESIAN_POINT('',(29.,-73.,20.));
#2218=CARTESIAN_POINT('',(29.,-73.,22.));
#2219=CARTESIAN_POINT('',(29.,-73.,60.));
#2220=CARTESIAN_POINT('',(-77.,-53.,20.));
#2221=CARTESIAN_POINT('',(-77.,-73.,20.));
#2222=CARTESIAN_POINT('',(-97.,-53.,20.));
#2223=CARTESIAN_POINT('',(-77.,-53.,60.));
#2224=CARTESIAN_POINT('',(-77.,-73.,60.));
#2225=CARTESIAN_POINT('',(-97.,-53.,60.));
#2226=CARTESIAN_POINT('',(-75.,-51.,60.));
#2227=CARTESIAN_POINT('',(-75.,-71.,60.));
#2228=CARTESIAN_POINT('',(-95.,-51.,60.));
#2229=CARTESIAN_POINT('',(-89.9999999999999,-6.00000000000006,60.));
#2230=CARTESIAN_POINT('',(-95.,-6.,60.));
#2231=CARTESIAN_POINT('',(-90.,-1.,60.));
#2232=CARTESIAN_POINT('',(-30.,-5.99999999999999,60.));
#2233=CARTESIAN_POINT('',(-30.,-1.,60.));
#2234=CARTESIAN_POINT('',(-25.,-6.,60.));
#2235=CARTESIAN_POINT('',(-30.,-66.,60.));
#2236=CARTESIAN_POINT('',(-25.,-66.,60.));
#2237=CARTESIAN_POINT('',(-30.,-71.,60.));
#2238=CARTESIAN_POINT('',(-30.,-71.,60.));
#2239=CARTESIAN_POINT('',(-75.,-71.,60.));
#2240=CARTESIAN_POINT('',(-95.,-51.,60.));
#2241=CARTESIAN_POINT('',(-95.,-6.,60.));
#2242=CARTESIAN_POINT('',(-90.,-1.,60.));
#2243=CARTESIAN_POINT('',(-30.,-1.,60.));
#2244=CARTESIAN_POINT('',(-25.,-6.,60.));
#2245=CARTESIAN_POINT('',(-25.,-66.,60.));
#2246=CARTESIAN_POINT('',(-30.,-71.,22.));
#2247=CARTESIAN_POINT('',(-75.,-71.,22.));
#2248=CARTESIAN_POINT('',(-75.,-51.,22.));
#2249=CARTESIAN_POINT('',(-75.,-71.,22.));
#2250=CARTESIAN_POINT('',(-95.,-51.,22.));
#2251=CARTESIAN_POINT('',(-95.,-51.,22.));
#2252=CARTESIAN_POINT('',(-95.,-6.,22.));
#2253=CARTESIAN_POINT('',(-89.9999999999999,-6.00000000000004,22.));
#2254=CARTESIAN_POINT('',(-95.,-6.,22.));
#2255=CARTESIAN_POINT('',(-90.,-0.999999999999985,22.));
#2256=CARTESIAN_POINT('',(-90.,-1.,22.));
#2257=CARTESIAN_POINT('',(-30.,-1.,22.));
#2258=CARTESIAN_POINT('',(-30.,-5.99999999999999,22.));
#2259=CARTESIAN_POINT('',(-30.,-1.,22.));
#2260=CARTESIAN_POINT('',(-25.,-6.,22.));
#2261=CARTESIAN_POINT('',(-25.,-6.,22.));
#2262=CARTESIAN_POINT('',(-25.,-66.,22.));
#2263=CARTESIAN_POINT('',(-30.,-66.,22.));
#2264=CARTESIAN_POINT('',(-25.,-66.,22.));
#2265=CARTESIAN_POINT('',(-30.,-71.,22.));
#2266=CARTESIAN_POINT('',(-75.,-71.,22.));
#2267=CARTESIAN_POINT('',(-75.,-71.,60.));
#2268=CARTESIAN_POINT('',(-30.,-71.,22.));
#2269=CARTESIAN_POINT('',(-30.,-71.,60.));
#2270=CARTESIAN_POINT('',(-95.,-51.,22.));
#2271=CARTESIAN_POINT('',(-95.,-51.,60.));
#2272=CARTESIAN_POINT('',(-95.,-6.,22.));
#2273=CARTESIAN_POINT('',(-95.,-6.,60.));
#2274=CARTESIAN_POINT('',(-90.,-1.,22.));
#2275=CARTESIAN_POINT('',(-90.,-1.,60.));
#2276=CARTESIAN_POINT('',(-30.,-1.,22.));
#2277=CARTESIAN_POINT('',(-30.,-1.,60.));
#2278=CARTESIAN_POINT('',(-25.,-6.,22.));
#2279=CARTESIAN_POINT('',(-25.,-6.,60.));
#2280=CARTESIAN_POINT('',(-25.,-66.,22.));
#2281=CARTESIAN_POINT('',(-25.,-66.,60.));
#2282=CARTESIAN_POINT('',(-97.,-53.,20.));
#2283=CARTESIAN_POINT('',(-97.,-53.,22.));
#2284=CARTESIAN_POINT('',(-97.,-53.,60.));
#2285=CARTESIAN_POINT('',(-77.,-73.,20.));
#2286=CARTESIAN_POINT('',(-77.,-73.,22.));
#2287=CARTESIAN_POINT('',(-77.,-73.,60.));
#2288=CARTESIAN_POINT('',(29.,73.,60.));
#2289=CARTESIAN_POINT('',(-77.,73.,60.));
#2290=CARTESIAN_POINT('',(-77.,73.,20.));
#2291=CARTESIAN_POINT('',(29.,73.,20.));
#2292=CARTESIAN_POINT('',(-97.,33.,20.));
#2293=CARTESIAN_POINT('',(-97.,-53.,20.));
#2294=CARTESIAN_POINT('',(-97.,-53.,60.));
#2295=CARTESIAN_POINT('',(-97.,53.,60.));
#2296=CARTESIAN_POINT('',(49.,53.,20.));
#2297=CARTESIAN_POINT('',(49.,-53.,20.));
#2298=CARTESIAN_POINT('',(49.,-53.,60.));
#2299=CARTESIAN_POINT('',(49.,53.,60.));
#2300=CARTESIAN_POINT('',(-77.,-73.,60.));
#2301=CARTESIAN_POINT('',(29.,-73.,60.));
#2302=CARTESIAN_POINT('',(29.,-73.,20.));
#2303=CARTESIAN_POINT('',(-77.,-73.,20.));
#2304=CARTESIAN_POINT('',(0.,0.,0.));
#2305=CARTESIAN_POINT('',(0.,0.,0.));
ENDSEC;
END-ISO-10303-21;
